cancer,program,program_label,comparison_layer,context_variable,linear_status,linear_reason,linear_n,linear_rho,linear_p_value,rank_status,rank_reason,rank_n,rank_rho,rank_p_value,linear_q_value_bh,rank_q_value_bh
brca,antigen_presentation_mhc_i,MHC-I,proteomics,estimate_tumor_purity,evaluable,,119,-0.4519797749608318,2.4709960053715723e-07,evaluable,,119,-0.48432559464463754,2.3933853912136797e-08,4.250113129239104e-05,4.116622872887529e-06
brca,antigen_presentation_mhc_i,MHC-I,proteomics,estimate_immune_score,evaluable,,119,0.3919883207520297,1.0398389640753804e-05,evaluable,,119,0.4395598917533115,5.691049565649951e-07,0.0010731138109257928,5.873163151750749e-05
brca,antigen_presentation_mhc_i,MHC-I,proteomics,cibersort_t_cell,evaluable,,119,0.36127332288847747,5.422292741039982e-05,evaluable,,119,0.38453923942458346,1.5760991192342384e-05,0.001867660262191651,0.0006255901119422054
brca,antigen_presentation_mhc_i,MHC-I,proteomics,cibersort_myeloid,evaluable,,119,0.37002563737359356,3.444466449178695e-05,evaluable,,119,0.39503631961259084,8.745643344544133e-06,0.0015513917104824691,0.0004512751965784773
brca,antigen_presentation_mhc_i,MHC-I,phosphoproteomics,estimate_tumor_purity,evaluable,,60,0.01105862739649903,0.9331674671912801,evaluable,,60,-0.06168380105584886,0.6396444892006871,0.9818142498112106,0.8398385659734212
brca,antigen_presentation_mhc_i,MHC-I,phosphoproteomics,estimate_immune_score,evaluable,,60,-0.03945540427896639,0.7647052205084749,evaluable,,60,0.024673520422339543,0.8515600440010263,0.9095986085807414,0.9270147314441552
brca,antigen_presentation_mhc_i,MHC-I,phosphoproteomics,cibersort_t_cell,evaluable,,60,0.004445679355376494,0.9731069399576658,evaluable,,60,0.04984717977215894,0.7052615535963136,0.9891767154197549,0.862357729041938
brca,antigen_presentation_mhc_i,MHC-I,phosphoproteomics,cibersort_myeloid,evaluable,,60,-0.0007779938871908864,0.9952928729199894,evaluable,,60,0.0656293414837455,0.6183385356733311,0.9991656078340749,0.8357554390781642
brca,antigen_presentation_mhc_ii,MHC-II,proteomics,estimate_tumor_purity,evaluable,,119,-0.022803019512889905,0.8055599812348372,evaluable,,119,-0.04813416892180602,0.6031744936042018,0.9370575180358394,0.8357554390781642
brca,antigen_presentation_mhc_ii,MHC-II,proteomics,estimate_immune_score,evaluable,,119,0.016571713431135168,0.8580317873566223,evaluable,,119,0.05051274747187011,0.5853676006614733,0.9521384995183164,0.8343913865782326
brca,antigen_presentation_mhc_ii,MHC-II,proteomics,cibersort_t_cell,evaluable,,119,0.030031334567725394,0.7457727130158799,evaluable,,119,0.05960689360489959,0.5196117870596557,0.9031364692597919,0.8027535392897676
brca,antigen_presentation_mhc_ii,MHC-II,proteomics,cibersort_myeloid,evaluable,,119,0.03906850875943599,0.6731347280550626,evaluable,,119,0.0760789061387267,0.4108745802560582,0.8771595765834669,0.7192224912451535
brca,antigen_presentation_mhc_ii,MHC-II,phosphoproteomics,estimate_tumor_purity,not_evaluable,complete_pair_n_below_20,0,,,not_evaluable,complete_pair_n_below_20,0,,,,
brca,antigen_presentation_mhc_ii,MHC-II,phosphoproteomics,estimate_immune_score,not_evaluable,complete_pair_n_below_20,0,,,not_evaluable,complete_pair_n_below_20,0,,,,
brca,antigen_presentation_mhc_ii,MHC-II,phosphoproteomics,cibersort_t_cell,not_evaluable,complete_pair_n_below_20,0,,,not_evaluable,complete_pair_n_below_20,0,,,,
brca,antigen_presentation_mhc_ii,MHC-II,phosphoproteomics,cibersort_myeloid,not_evaluable,complete_pair_n_below_20,0,,,not_evaluable,complete_pair_n_below_20,0,,,,
brca,ifn_gamma_response,IFN-gamma,proteomics,estimate_tumor_purity,evaluable,,119,-0.20308360632388553,0.026750901597305133,evaluable,,119,-0.23316479134026494,0.01071199904634624,0.18325418069897037,0.08915147593410741
brca,ifn_gamma_response,IFN-gamma,proteomics,estimate_immune_score,evaluable,,119,0.28300811850163793,0.0018166066845252094,evaluable,,119,0.32538099985757013,0.00030526099606593136,0.034717372193148445,0.008290245998422137
brca,ifn_gamma_response,IFN-gamma,proteomics,cibersort_t_cell,evaluable,,119,0.20197977496083183,0.027606147127070282,evaluable,,119,0.2741062526705598,0.0025564227183280004,0.18439278837911352,0.02997986642402837
brca,ifn_gamma_response,IFN-gamma,proteomics,cibersort_myeloid,evaluable,,119,0.2940677966101695,0.0011698685128274156,evaluable,,119,0.3195841048283721,0.0003958541456874435,0.02743873420995211,0.010213036958736042
brca,ifn_gamma_response,IFN-gamma,phosphoproteomics,estimate_tumor_purity,evaluable,,109,-0.05405430451302012,0.5766766468218297,evaluable,,109,-0.11193587248633122,0.24653052179766147,0.8462908125309632,0.5546885321826852
brca,ifn_gamma_response,IFN-gamma,phosphoproteomics,estimate_immune_score,evaluable,,109,0.06105087572977482,0.5282823914826376,evaluable,,109,0.12317672134185896,0.20194066174595987,0.8408861443492097,0.5158484230738382
brca,ifn_gamma_response,IFN-gamma,phosphoproteomics,cibersort_t_cell,evaluable,,109,0.08557130942452044,0.3763102871691635,evaluable,,109,0.14831804281345565,0.12376531063113652,0.7263250934775017,0.36493085877523684
brca,ifn_gamma_response,IFN-gamma,phosphoproteomics,cibersort_myeloid,evaluable,,109,0.13863404689092765,0.1505341350506242,evaluable,,109,0.16172736539709018,0.09293854155184401,0.45500866885928065,0.3074120989791763
brca,cytolytic_t_cell_context,Cytolytic,proteomics,estimate_tumor_purity,evaluable,,114,-0.09231485794131346,0.3286293781838908,evaluable,,114,-0.20492497114274724,0.02873130756157328,0.7007138807557342,0.15283870826568877
brca,cytolytic_t_cell_context,Cytolytic,proteomics,estimate_immune_score,evaluable,,114,0.059533018772402344,0.5292233732282776,evaluable,,114,0.18165286243696968,0.05307970299520791,0.8408861443492097,0.21911301396421826
brca,cytolytic_t_cell_context,Cytolytic,proteomics,cibersort_t_cell,evaluable,,114,0.004734614527854844,0.9601263630173783,evaluable,,114,0.11530345679512363,0.22185303170989995,0.9888726613113118,0.533125227733172
brca,cytolytic_t_cell_context,Cytolytic,proteomics,cibersort_myeloid,evaluable,,114,-0.009764889329904214,0.9178725562113303,evaluable,,114,0.11160972843806323,0.2371141768679562,0.972530264897426,0.5437818456171795
brca,cytolytic_t_cell_context,Cytolytic,phosphoproteomics,estimate_tumor_purity,not_evaluable,complete_pair_n_below_20,0,,,not_evaluable,complete_pair_n_below_20,0,,,,
brca,cytolytic_t_cell_context,Cytolytic,phosphoproteomics,estimate_immune_score,not_evaluable,complete_pair_n_below_20,0,,,not_evaluable,complete_pair_n_below_20,0,,,,
brca,cytolytic_t_cell_context,Cytolytic,phosphoproteomics,cibersort_t_cell,not_evaluable,complete_pair_n_below_20,0,,,not_evaluable,complete_pair_n_below_20,0,,,,
brca,cytolytic_t_cell_context,Cytolytic,phosphoproteomics,cibersort_myeloid,not_evaluable,complete_pair_n_below_20,0,,,not_evaluable,complete_pair_n_below_20,0,,,,
brca,checkpoint_exhaustion_context,Checkpoint,proteomics,estimate_tumor_purity,evaluable,,75,-0.24819345661450923,0.0317906017255061,evaluable,,75,-0.27115220483641533,0.018618959019337883,0.20106497300465526,0.12360808292584774
brca,checkpoint_exhaustion_context,Checkpoint,proteomics,estimate_immune_score,evaluable,,75,0.10603129445234707,0.36525841626828554,evaluable,,75,0.11809388335704123,0.3129353958980973,0.7263250934775017,0.6307604073571024
brca,checkpoint_exhaustion_context,Checkpoint,proteomics,cibersort_t_cell,evaluable,,75,0.09726884779516358,0.4064281921668327,evaluable,,75,0.10261735419630155,0.3809855596945448,0.7358489373967918,0.7002517478345945
brca,checkpoint_exhaustion_context,Checkpoint,proteomics,cibersort_myeloid,evaluable,,75,0.047624466571835,0.6849314260340029,evaluable,,75,0.04953058321479374,0.6730235294273545,0.8773178692399607,0.8557253210594399
brca,checkpoint_exhaustion_context,Checkpoint,phosphoproteomics,estimate_tumor_purity,evaluable,,33,0.15207219251336898,0.3982036993589423,evaluable,,33,0.17914438502673796,0.31850964132138815,0.7358489373967918,0.6345597487329587
brca,checkpoint_exhaustion_context,Checkpoint,phosphoproteomics,estimate_immune_score,evaluable,,33,0.09425133689839572,0.6018654309769457,evaluable,,33,0.06918449197860962,0.7020392231895696,0.8555442489920219,0.862357729041938
brca,checkpoint_exhaustion_context,Checkpoint,phosphoproteomics,cibersort_t_cell,evaluable,,33,0.09291443850267381,0.6070513287093597,evaluable,,33,0.05681818181818182,0.7534723249161993,0.8605452901484331,0.8838328861618966
brca,checkpoint_exhaustion_context,Checkpoint,phosphoproteomics,cibersort_myeloid,evaluable,,33,-0.13703208556149735,0.44699484440963677,evaluable,,33,-0.18850267379679145,0.29345760796543935,0.7688311323845752,0.6180576559598641
brca,myeloid_inflammatory_context,Myeloid,proteomics,estimate_tumor_purity,evaluable,,119,-0.2998718131320325,0.0009220877380045578,evaluable,,119,-0.3035393818544368,0.0007913194193039109,0.025041961726860622,0.015704646936954537
brca,myeloid_inflammatory_context,Myeloid,proteomics,estimate_immune_score,evaluable,,119,0.0997365047714001,0.28049584187456184,evaluable,,119,0.10724255804016523,0.24569024302355102,0.6432704640323285,0.5546885321826852
brca,myeloid_inflammatory_context,Myeloid,proteomics,cibersort_t_cell,evaluable,,119,0.015731377296681386,0.8651609955525976,evaluable,,119,0.011173621991169351,0.9040023266928309,0.955534975126474,0.9495066066594473
brca,myeloid_inflammatory_context,Myeloid,proteomics,cibersort_myeloid,evaluable,,119,0.20155248540094006,0.027943403535347505,evaluable,,119,0.20220766272610743,0.027427698323895352,0.18439278837911352,0.14897570879084213
brca,myeloid_inflammatory_context,Myeloid,phosphoproteomics,estimate_tumor_purity,evaluable,,38,0.15789473684210525,0.3437552490961845,evaluable,,38,0.11456395666921981,0.49341421086747755,0.7029199270337394,0.7809869104528172
brca,myeloid_inflammatory_context,Myeloid,phosphoproteomics,estimate_immune_score,evaluable,,38,-0.19947477842214684,0.2298750223250634,evaluable,,38,-0.12134806871648977,0.4679982024602077,0.574651240080553,0.7615259798996987
brca,myeloid_inflammatory_context,Myeloid,phosphoproteomics,cibersort_t_cell,evaluable,,38,-0.1911587701061385,0.25028478447953617,evaluable,,38,-0.2001313053944633,0.22831351163707075,0.603490414913274,0.5354989636578569
brca,myeloid_inflammatory_context,Myeloid,phosphoproteomics,cibersort_myeloid,evaluable,,38,-0.10165225954699639,0.5436714366995108,evaluable,,38,-0.015647226173541962,0.925713332801241,0.8424458298406834,0.9572506607724256
brca,tgfb_emt_exclusion_context,TGF/EMT,proteomics,estimate_tumor_purity,evaluable,,119,-0.044309927360774826,0.6322962905148243,evaluable,,119,-0.0573992308787922,0.5352222498831053,0.8677257603873653,0.8202934667765734
brca,tgfb_emt_exclusion_context,TGF/EMT,proteomics,estimate_immune_score,evaluable,,119,-0.06394388263780089,0.48963459786897734,evaluable,,119,-0.055804016521862995,0.546645471062216,0.8020681031758486,0.8202934667765734
brca,tgfb_emt_exclusion_context,TGF/EMT,proteomics,cibersort_t_cell,evaluable,,119,-0.10516308218202537,0.25501852498861727,evaluable,,119,-0.07810141005554765,0.3985110250580983,0.6064034972079562,0.7139989198957595
brca,tgfb_emt_exclusion_context,TGF/EMT,proteomics,cibersort_myeloid,evaluable,,119,0.03656174334140436,0.6930173075721365,evaluable,,119,0.03904714428144139,0.673303256492505,0.8773178692399607,0.8557253210594399
brca,tgfb_emt_exclusion_context,TGF/EMT,phosphoproteomics,estimate_tumor_purity,evaluable,,119,-0.19227318045862415,0.036179714312620716,evaluable,,119,-0.23853439680957134,0.008989283835771935,0.20769360737074608,0.07730784098763864
brca,tgfb_emt_exclusion_context,TGF/EMT,phosphoproteomics,estimate_immune_score,evaluable,,119,0.06479134026491955,0.4838862393566378,evaluable,,119,0.11435692921236291,0.215572856733495,0.8017328163265162,0.5271829103056086
brca,tgfb_emt_exclusion_context,TGF/EMT,phosphoproteomics,cibersort_t_cell,evaluable,,119,0.0974718701039738,0.29161622026616174,evaluable,,119,0.15395954992166358,0.09457249757583129,0.6570915705560676,0.310824259548592
brca,tgfb_emt_exclusion_context,TGF/EMT,phosphoproteomics,cibersort_myeloid,evaluable,,119,0.05722119356217063,0.5364912501324892,evaluable,,119,0.10510611024070647,0.255277469904152,0.841427006286822,0.5702301925131708
brca,proteasome_antigen_processing,Proteasome,proteomics,estimate_tumor_purity,evaluable,,119,-0.15544794188861988,0.09138901077830704,evaluable,,119,-0.15753453923942462,0.08706986811564944,0.3507416822169985,0.2942128107626813
brca,proteasome_antigen_processing,Proteasome,proteomics,estimate_immune_score,evaluable,,119,0.2317048853439681,0.011227833919155786,evaluable,,119,0.25031334567725394,0.006039548745366782,0.10345646968364974,0.05666194822925927
brca,proteasome_antigen_processing,Proteasome,proteomics,cibersort_t_cell,evaluable,,119,0.26184304230166644,0.0040200264142244745,evaluable,,119,0.28413331434268624,0.001738450466793955,0.05458772709841655,0.0249393772216367
brca,proteasome_antigen_processing,Proteasome,proteomics,cibersort_myeloid,evaluable,,119,0.15098276598775104,0.10120222947274289,evaluable,,119,0.16786070360347533,0.06803325291551701,0.3626413222773287,0.25254115760593127
brca,proteasome_antigen_processing,Proteasome,phosphoproteomics,estimate_tumor_purity,evaluable,,119,-0.1920381712006837,0.036412350729034815,evaluable,,119,-0.19247970374590517,0.03597630989348223,0.20769360737074608,0.175129961368272
brca,proteasome_antigen_processing,Proteasome,phosphoproteomics,estimate_immune_score,evaluable,,119,0.276064663153397,0.0023735785932197345,evaluable,,119,0.289225181598063,0.00142153799799757,0.03827395481566822,0.022922300217710818
brca,proteasome_antigen_processing,Proteasome,phosphoproteomics,cibersort_t_cell,evaluable,,119,0.22640649480131037,0.013287328829755644,evaluable,,119,0.2398162654892466,0.008616061930600724,0.11566297069683561,0.07535403315576228
brca,proteasome_antigen_processing,Proteasome,phosphoproteomics,cibersort_myeloid,evaluable,,119,0.27674120495655896,0.002313215393406405,evaluable,,119,0.28347101552485404,0.0017840758500353375,0.03827395481566822,0.0249393772216367
ccrcc,antigen_presentation_mhc_i,MHC-I,proteomics,estimate_tumor_purity,evaluable,,103,-0.08488555989983745,0.3939252133742337,evaluable,,103,-0.05366164389579581,0.590336931846084,0.7358489373967918,0.8357554390781642
ccrcc,antigen_presentation_mhc_i,MHC-I,proteomics,estimate_immune_score,evaluable,,103,0.08896015463691077,0.37153496507717504,evaluable,,103,0.1011949215832711,0.30910773111339857,0.7263250934775017,0.6254885853118183
ccrcc,antigen_presentation_mhc_i,MHC-I,proteomics,cibersort_t_cell,evaluable,,103,0.13608707112419277,0.17048001497643722,evaluable,,103,0.14952993893599262,0.1316744239260673,0.4998164075445546,0.3795754343343616
ccrcc,antigen_presentation_mhc_i,MHC-I,proteomics,cibersort_myeloid,evaluable,,103,0.09663708650002197,0.331515915288093,evaluable,,103,0.07486930545182972,0.4522778146354985,0.7010746405272786,0.7606808211744007
ccrcc,antigen_presentation_mhc_i,MHC-I,phosphoproteomics,estimate_tumor_purity,evaluable,,98,-0.024769045387602086,0.8087087999972778,evaluable,,98,-0.07495744314595565,0.463221288238548,0.9370575180358394,0.7615259798996987
ccrcc,antigen_presentation_mhc_i,MHC-I,phosphoproteomics,estimate_immune_score,evaluable,,98,0.042429342871169076,0.6782687423581459,evaluable,,98,0.10605741828127688,0.2986286576701966,0.8771595765834669,0.6188449291478774
ccrcc,antigen_presentation_mhc_i,MHC-I,phosphoproteomics,cibersort_t_cell,evaluable,,98,-0.05167390292574387,0.6133341564845292,evaluable,,98,-0.0033089149436719384,0.9742037940287909,0.862717039511177,0.9876014886421535
ccrcc,antigen_presentation_mhc_i,MHC-I,phosphoproteomics,cibersort_myeloid,evaluable,,98,0.1125477369954542,0.2698620189080018,evaluable,,98,0.16602592302150473,0.10229132060029353,0.632416602798375,0.3238179228819108
ccrcc,antigen_presentation_mhc_ii,MHC-II,proteomics,estimate_tumor_purity,evaluable,,103,-0.06565479066906824,0.509958158651634,evaluable,,103,-0.12868470763959058,0.19516093685270505,0.8279689592571219,0.5060454443014865
ccrcc,antigen_presentation_mhc_ii,MHC-II,proteomics,estimate_immune_score,evaluable,,103,0.01311338575758907,0.8954052939771026,evaluable,,103,0.07321091244563548,0.4623828619198129,0.9629599182729708,0.7615259798996987
ccrcc,antigen_presentation_mhc_ii,MHC-II,proteomics,cibersort_t_cell,evaluable,,103,0.02109783420463032,0.832473724777511,evaluable,,103,0.07426525501910997,0.4559441534215743,0.9370575180358394,0.7612937839887315
ccrcc,antigen_presentation_mhc_ii,MHC-II,proteomics,cibersort_myeloid,evaluable,,103,0.13068356543513598,0.18825548653716423,evaluable,,103,0.15565830514431314,0.11639979861529161,0.5139673600697182,0.3533076240322969
ccrcc,antigen_presentation_mhc_ii,MHC-II,phosphoproteomics,estimate_tumor_purity,not_evaluable,complete_pair_n_below_20,0,,,not_evaluable,complete_pair_n_below_20,0,,,,
ccrcc,antigen_presentation_mhc_ii,MHC-II,phosphoproteomics,estimate_immune_score,not_evaluable,complete_pair_n_below_20,0,,,not_evaluable,complete_pair_n_below_20,0,,,,
ccrcc,antigen_presentation_mhc_ii,MHC-II,phosphoproteomics,cibersort_t_cell,not_evaluable,complete_pair_n_below_20,0,,,not_evaluable,complete_pair_n_below_20,0,,,,
ccrcc,antigen_presentation_mhc_ii,MHC-II,phosphoproteomics,cibersort_myeloid,not_evaluable,complete_pair_n_below_20,0,,,not_evaluable,complete_pair_n_below_20,0,,,,
ccrcc,ifn_gamma_response,IFN-gamma,proteomics,estimate_tumor_purity,evaluable,,103,-0.041437859684575855,0.6777067787721952,evaluable,,103,-0.16935377586434128,0.08723751947032993,0.8771595765834669,0.2942128107626813
ccrcc,ifn_gamma_response,IFN-gamma,proteomics,estimate_immune_score,evaluable,,103,-0.01057637394016606,0.9155574050228584,evaluable,,103,0.10960769670078638,0.2703985427517477,0.9721182752915054,0.5887158145987418
ccrcc,ifn_gamma_response,IFN-gamma,proteomics,cibersort_t_cell,evaluable,,103,0.11917365900803936,0.23052869514859395,evaluable,,103,0.23353688002460135,0.017589721431715624,0.574651240080553,0.1210172834502035
ccrcc,ifn_gamma_response,IFN-gamma,proteomics,cibersort_myeloid,evaluable,,103,-0.01674867108904802,0.8666480006961044,evaluable,,103,0.08196415235250187,0.41046283669829703,0.955534975126474,0.7192224912451535
ccrcc,ifn_gamma_response,IFN-gamma,phosphoproteomics,estimate_tumor_purity,evaluable,,91,-0.11664277751234274,0.27086059926054434,evaluable,,91,-0.14193342888995064,0.17958079629629844,0.632416602798375,0.47764789117984535
ccrcc,ifn_gamma_response,IFN-gamma,phosphoproteomics,estimate_immune_score,evaluable,,91,0.15284280936454853,0.14806920941550766,evaluable,,91,0.20041407867494823,0.0568095670730638,0.45209297075977484,0.22640635689528232
ccrcc,ifn_gamma_response,IFN-gamma,phosphoproteomics,cibersort_t_cell,evaluable,,91,0.046121993948080905,0.6641978438026453,evaluable,,91,0.08856505813027553,0.4038191762717422,0.8729641496423814,0.7192224912451535
ccrcc,ifn_gamma_response,IFN-gamma,phosphoproteomics,cibersort_myeloid,evaluable,,91,0.25825768434464086,0.013449182639166932,evaluable,,91,0.263385889472846,0.011651817894484615,0.11566297069683561,0.09543393704054066
ccrcc,cytolytic_t_cell_context,Cytolytic,proteomics,estimate_tumor_purity,evaluable,,103,-0.005809866889250099,0.9535538058781176,evaluable,,103,-0.05651715503228925,0.5706871214268594,0.9840675276662173,0.830092972396869
ccrcc,cytolytic_t_cell_context,Cytolytic,proteomics,estimate_immune_score,evaluable,,103,-0.06165707507797742,0.5361118775540213,evaluable,,103,-0.03846153846153847,0.6997033542421703,0.841427006286822,0.8619047243608545
ccrcc,cytolytic_t_cell_context,Cytolytic,proteomics,cibersort_t_cell,evaluable,,103,0.03604533673065941,0.7177457602032199,evaluable,,103,0.1127597416860695,0.25677730270695287,0.8924260536502685,0.5705344202431233
ccrcc,cytolytic_t_cell_context,Cytolytic,proteomics,cibersort_myeloid,evaluable,,103,-0.12616966129244828,0.20410722029935774,evaluable,,103,-0.09520933093177525,0.33874292755846175,0.5428831220333432,0.6646058958941683
ccrcc,cytolytic_t_cell_context,Cytolytic,phosphoproteomics,estimate_tumor_purity,not_evaluable,complete_pair_n_below_20,0,,,not_evaluable,complete_pair_n_below_20,0,,,,
ccrcc,cytolytic_t_cell_context,Cytolytic,phosphoproteomics,estimate_immune_score,not_evaluable,complete_pair_n_below_20,0,,,not_evaluable,complete_pair_n_below_20,0,,,,
ccrcc,cytolytic_t_cell_context,Cytolytic,phosphoproteomics,cibersort_t_cell,not_evaluable,complete_pair_n_below_20,0,,,not_evaluable,complete_pair_n_below_20,0,,,,
ccrcc,cytolytic_t_cell_context,Cytolytic,phosphoproteomics,cibersort_myeloid,not_evaluable,complete_pair_n_below_20,0,,,not_evaluable,complete_pair_n_below_20,0,,,,
ccrcc,checkpoint_exhaustion_context,Checkpoint,proteomics,estimate_tumor_purity,evaluable,,35,-0.07787114845938375,0.6565820397955805,evaluable,,35,-0.18179271708683475,0.29593898223496923,0.8687085449603065,0.6183339404057198
ccrcc,checkpoint_exhaustion_context,Checkpoint,proteomics,estimate_immune_score,evaluable,,35,-0.06218487394957983,0.7226842655761514,evaluable,,35,0.052100840336134456,0.7662829449908739,0.8964064448011878,0.8838328861618966
ccrcc,checkpoint_exhaustion_context,Checkpoint,proteomics,cibersort_t_cell,evaluable,,35,-0.05378151260504201,0.7589632076802879,evaluable,,35,0.020448179271708684,0.9071836377579603,0.9095986085807414,0.9495066066594473
ccrcc,checkpoint_exhaustion_context,Checkpoint,proteomics,cibersort_myeloid,evaluable,,35,-0.14649859943977592,0.4010397253043627,evaluable,,35,-0.04061624649859944,0.8168038452917089,0.7358489373967918,0.904451742785605
ccrcc,checkpoint_exhaustion_context,Checkpoint,phosphoproteomics,estimate_tumor_purity,evaluable,,31,0.24798387096774194,0.17859360537136573,evaluable,,31,0.1709677419354839,0.357789140294189,0.5063423097342017,0.6833874233757722
ccrcc,checkpoint_exhaustion_context,Checkpoint,phosphoproteomics,estimate_immune_score,evaluable,,31,-0.04596774193548387,0.8060308843324241,evaluable,,31,-0.015725806451612905,0.9330846610247484,0.9370575180358394,0.9610213275224954
ccrcc,checkpoint_exhaustion_context,Checkpoint,phosphoproteomics,cibersort_t_cell,evaluable,,31,0.03951612903225807,0.8328425648949723,evaluable,,31,0.10403225806451614,0.577569052159681,0.9370575180358394,0.830092972396869
ccrcc,checkpoint_exhaustion_context,Checkpoint,phosphoproteomics,cibersort_myeloid,evaluable,,31,-0.35564516129032264,0.04958732291684793,evaluable,,31,-0.21935483870967742,0.23576677017623449,0.2558705862509353,0.5437818456171795
ccrcc,myeloid_inflammatory_context,Myeloid,proteomics,estimate_tumor_purity,evaluable,,103,-0.06273338312173264,0.5290056045748551,evaluable,,103,-0.22591486183719192,0.02175873833094815,0.8408861443492097,0.12979314847675735
ccrcc,myeloid_inflammatory_context,Myeloid,proteomics,estimate_immune_score,evaluable,,103,-0.1463229802750077,0.14025473223811522,evaluable,,103,0.010960769670078635,0.912500295323659,0.4394974387804202,0.9525533327032649
ccrcc,myeloid_inflammatory_context,Myeloid,proteomics,cibersort_t_cell,evaluable,,103,-0.18959495672802357,0.05509435086786073,evaluable,,103,-0.07105829635812504,0.4756823735369626,0.26568864530669284,0.7623051416521563
ccrcc,myeloid_inflammatory_context,Myeloid,proteomics,cibersort_myeloid,evaluable,,103,0.11828405746167026,0.23405259996330918,evaluable,,103,0.2653977946667838,0.006740706854151305,0.577852352062524,0.06211079887039417
ccrcc,myeloid_inflammatory_context,Myeloid,phosphoproteomics,estimate_tumor_purity,not_evaluable,complete_pair_n_below_20,0,,,not_evaluable,complete_pair_n_below_20,0,,,,
ccrcc,myeloid_inflammatory_context,Myeloid,phosphoproteomics,estimate_immune_score,not_evaluable,complete_pair_n_below_20,0,,,not_evaluable,complete_pair_n_below_20,0,,,,
ccrcc,myeloid_inflammatory_context,Myeloid,phosphoproteomics,cibersort_t_cell,not_evaluable,complete_pair_n_below_20,0,,,not_evaluable,complete_pair_n_below_20,0,,,,
ccrcc,myeloid_inflammatory_context,Myeloid,phosphoproteomics,cibersort_myeloid,not_evaluable,complete_pair_n_below_20,0,,,not_evaluable,complete_pair_n_below_20,0,,,,
ccrcc,tgfb_emt_exclusion_context,TGF/EMT,proteomics,estimate_tumor_purity,evaluable,,103,0.20587137020603613,0.036954116032300026,evaluable,,103,0.20224706760971753,0.040485907547001196,0.20769360737074608,0.1848737017190497
ccrcc,tgfb_emt_exclusion_context,TGF/EMT,proteomics,estimate_immune_score,evaluable,,103,-0.19663488995299389,0.04650817842206494,evaluable,,103,-0.23139524667223127,0.018684942767860705,0.2451712346521339,0.12360808292584774
ccrcc,tgfb_emt_exclusion_context,TGF/EMT,proteomics,cibersort_t_cell,evaluable,,103,-0.14982647278478234,0.1309017417437864,evaluable,,103,-0.20359794403198175,0.039137898048969666,0.4296702154592108,0.1819383368762914
ccrcc,tgfb_emt_exclusion_context,TGF/EMT,proteomics,cibersort_myeloid,evaluable,,103,-0.12077713833853183,0.22427114619750121,evaluable,,103,-0.07524271844660196,0.4500195848242284,0.5743090682006105,0.7606808211744007
ccrcc,tgfb_emt_exclusion_context,TGF/EMT,phosphoproteomics,estimate_tumor_purity,evaluable,,103,-0.055396916047972596,0.5783592574526714,evaluable,,103,-0.05542986425339367,0.5781329261696884,0.8462908125309632,0.830092972396869
ccrcc,tgfb_emt_exclusion_context,TGF/EMT,phosphoproteomics,estimate_immune_score,evaluable,,103,-0.0037780608882836183,0.9697870968856072,evaluable,,103,0.0016144620656328252,0.9870867681918156,0.9889528497884847,0.9918208842388176
ccrcc,tgfb_emt_exclusion_context,TGF/EMT,phosphoproteomics,cibersort_t_cell,evaluable,,103,-0.0672253217941396,0.49986648068830614,evaluable,,103,-0.09327636954707201,0.34868460702255666,0.8162376709973607,0.6789481404665632
ccrcc,tgfb_emt_exclusion_context,TGF/EMT,phosphoproteomics,cibersort_myeloid,evaluable,,103,0.06934498967622897,0.48641362418376044,evaluable,,103,0.08826824232306815,0.3752812530078141,0.8017328163265162,0.7000996167776187
ccrcc,proteasome_antigen_processing,Proteasome,proteomics,estimate_tumor_purity,evaluable,,103,-0.023008830119052852,0.817551917604924,evaluable,,103,-0.020340025479945525,0.8384078138508052,0.9370575180358394,0.9165644744640159
ccrcc,proteasome_antigen_processing,Proteasome,proteomics,estimate_immune_score,evaluable,,103,0.10837763036506613,0.27584416418455426,evaluable,,103,0.10774063172692527,0.2786929836621921,0.638276182597444,0.5956406068283546
ccrcc,proteasome_antigen_processing,Proteasome,proteomics,cibersort_t_cell,evaluable,,103,0.17332952598515136,0.07996095202024325,evaluable,,103,0.14865132012476387,0.13398429987233812,0.32234258783160563,0.38219046405591234
ccrcc,proteasome_antigen_processing,Proteasome,proteomics,cibersort_myeloid,evaluable,,103,-0.04499626587005228,0.6517605752569823,evaluable,,103,-0.0356938892061679,0.720383359732609,0.8686798117798894,0.8675437735754286
ccrcc,proteasome_antigen_processing,Proteasome,phosphoproteomics,estimate_tumor_purity,evaluable,,103,-0.18828801124632077,0.056823444848853176,evaluable,,103,-0.1983372138997496,0.04460764736146012,0.2689990600184242,0.1934247566261632
ccrcc,proteasome_antigen_processing,Proteasome,phosphoproteomics,estimate_immune_score,evaluable,,103,0.26179545754074596,0.007556566275527775,evaluable,,103,0.27830250845670607,0.0044209190431771,0.08313398768504025,0.043869119736141986
ccrcc,proteasome_antigen_processing,Proteasome,phosphoproteomics,cibersort_t_cell,evaluable,,103,0.17716250054913676,0.07341380772803346,evaluable,,103,0.17733822431138252,0.07312433026855536,0.31419030038428614,0.26022175461085906
ccrcc,proteasome_antigen_processing,Proteasome,phosphoproteomics,cibersort_myeloid,evaluable,,103,0.14379695119272506,0.1473063556073766,evaluable,,103,0.15323112067829373,0.12227663001878063,0.45209297075977484,0.3626134545384529
coad,antigen_presentation_mhc_i,MHC-I,proteomics,estimate_tumor_purity,evaluable,,96,-0.3526315789473684,0.00042554285542473484,evaluable,,96,-0.348534997287032,0.0005014360152427957,0.012916477258774303,0.0117609538120583
coad,antigen_presentation_mhc_i,MHC-I,proteomics,estimate_immune_score,evaluable,,96,0.3009902333152469,0.0028835605269141975,evaluable,,96,0.325244167118828,0.0012233865973133057,0.04251192091107788,0.020363467232698895
coad,antigen_presentation_mhc_i,MHC-I,proteomics,cibersort_t_cell,evaluable,,96,0.28959576776994034,0.004211452836262271,evaluable,,96,0.3191671188279978,0.0015267393242864803,0.05572076060285466,0.02387265125247951
coad,antigen_presentation_mhc_i,MHC-I,proteomics,cibersort_myeloid,evaluable,,96,0.4084508952794357,3.60788769879644e-05,evaluable,,96,0.3919696147585458,7.832988893625355e-05,0.0015513917104824691,0.0025261389181941768
coad,antigen_presentation_mhc_i,MHC-I,phosphoproteomics,estimate_tumor_purity,evaluable,,82,-0.21322144948357113,0.054437228013356743,evaluable,,82,-0.26002111426736757,0.01831544055052822,0.2649963174989819,0.12360808292584774
coad,antigen_presentation_mhc_i,MHC-I,phosphoproteomics,estimate_immune_score,evaluable,,82,0.15035752767166227,0.17755481746973834,evaluable,,82,0.2007705619224867,0.07051196656994166,0.5061783746651104,0.2580437925538291
coad,antigen_presentation_mhc_i,MHC-I,phosphoproteomics,cibersort_t_cell,evaluable,,82,0.0073464590067587425,0.947772245710741,evaluable,,82,0.013310695355949543,0.9055223168698898,0.9840049874984755,0.9495066066594473
coad,antigen_presentation_mhc_i,MHC-I,phosphoproteomics,cibersort_myeloid,evaluable,,82,0.32800034827657515,0.0026274388684162384,evaluable,,82,0.3597370511857729,0.0009020583029692076,0.03987524870890527,0.017239336456744855
coad,antigen_presentation_mhc_ii,MHC-II,proteomics,estimate_tumor_purity,evaluable,,96,0.003391209983722192,0.9738406423124719,evaluable,,96,-0.057514921323928374,0.5777953124857392,0.9891767154197549,0.830092972396869
coad,antigen_presentation_mhc_ii,MHC-II,proteomics,estimate_immune_score,evaluable,,96,0.02426749864351601,0.8144479437717754,evaluable,,96,0.08988062940857297,0.3838223447708705,0.9370575180358394,0.7002517478345945
coad,antigen_presentation_mhc_ii,MHC-II,proteomics,cibersort_t_cell,evaluable,,96,0.17177156809549649,0.09424332083287791,evaluable,,96,0.23587900162778078,0.020689298777572772,0.35496024488879563,0.12709140677651845
coad,antigen_presentation_mhc_ii,MHC-II,proteomics,cibersort_myeloid,evaluable,,96,0.06801410743353228,0.510259940007296,evaluable,,96,0.10637547476939771,0.30228780218340423,0.8279689592571219,0.620119675924563
coad,antigen_presentation_mhc_ii,MHC-II,phosphoproteomics,estimate_tumor_purity,not_evaluable,complete_pair_n_below_20,0,,,not_evaluable,complete_pair_n_below_20,0,,,,
coad,antigen_presentation_mhc_ii,MHC-II,phosphoproteomics,estimate_immune_score,not_evaluable,complete_pair_n_below_20,0,,,not_evaluable,complete_pair_n_below_20,0,,,,
coad,antigen_presentation_mhc_ii,MHC-II,phosphoproteomics,cibersort_t_cell,not_evaluable,complete_pair_n_below_20,0,,,not_evaluable,complete_pair_n_below_20,0,,,,
coad,antigen_presentation_mhc_ii,MHC-II,phosphoproteomics,cibersort_myeloid,not_evaluable,complete_pair_n_below_20,0,,,not_evaluable,complete_pair_n_below_20,0,,,,
coad,ifn_gamma_response,IFN-gamma,proteomics,estimate_tumor_purity,evaluable,,96,-0.2179869777536625,0.03287732262393118,evaluable,,96,-0.3268041237113402,0.0011549149300790198,0.20196069611843437,0.019864536797359143
coad,ifn_gamma_response,IFN-gamma,proteomics,estimate_immune_score,evaluable,,96,0.14514378730330982,0.15825416284015154,evaluable,,96,0.2627102550189908,0.009712613938513012,0.46930544842251837,0.0821591605290609
coad,ifn_gamma_response,IFN-gamma,proteomics,cibersort_t_cell,evaluable,,96,-0.031117742810634834,0.7634378686432365,evaluable,,96,0.04236299511665762,0.6819396641413275,0.9095986085807414,0.8617822682172687
coad,ifn_gamma_response,IFN-gamma,proteomics,cibersort_myeloid,evaluable,,96,0.23111774281063482,0.023476795938506014,evaluable,,96,0.3389446554530656,0.0007300471599399187,0.16668836041990842,0.015313903718746958
coad,ifn_gamma_response,IFN-gamma,phosphoproteomics,estimate_tumor_purity,evaluable,,68,0.08905599877848608,0.47017385038630893,evaluable,,68,0.010650074436004122,0.9313098471636976,0.7876938532445955,0.9610213275224954
coad,ifn_gamma_response,IFN-gamma,phosphoproteomics,estimate_immune_score,evaluable,,68,-0.15326182387296255,0.2121096858537516,evaluable,,68,-0.05141810130931022,0.6771032829958727,0.5555766390890143,0.8584405258620893
coad,ifn_gamma_response,IFN-gamma,phosphoproteomics,cibersort_t_cell,evaluable,,68,-0.11619651105088367,0.3453649354560851,evaluable,,68,-0.03431690651601328,0.7811506908900976,0.7029199270337394,0.8878276574874238
coad,ifn_gamma_response,IFN-gamma,phosphoproteomics,cibersort_myeloid,evaluable,,68,-0.01710119479329694,0.8899119216131618,evaluable,,68,0.04790624880711531,0.6980575845179555,0.9629599182729708,0.8619047243608545
coad,cytolytic_t_cell_context,Cytolytic,proteomics,estimate_tumor_purity,evaluable,,47,-0.14801110083256244,0.32077256992056485,evaluable,,47,-0.29532839962997226,0.043868001644808405,0.6925466363138555,0.1934247566261632
coad,cytolytic_t_cell_context,Cytolytic,proteomics,estimate_immune_score,evaluable,,47,0.08880666049953746,0.5527741298377703,evaluable,,47,0.2217853839037928,0.13406293409713205,0.8440155672177055,0.38219046405591234
coad,cytolytic_t_cell_context,Cytolytic,proteomics,cibersort_t_cell,evaluable,,47,-0.03411193339500462,0.8199350439821327,evaluable,,47,0.08545328399629973,0.567925573409795,0.9370575180358394,0.830092972396869
coad,cytolytic_t_cell_context,Cytolytic,proteomics,cibersort_myeloid,evaluable,,47,0.15945883441258096,0.2843374506122697,evaluable,,47,0.30908880666049954,0.0345138725801506,0.6491952412209344,0.1712419062630549
coad,cytolytic_t_cell_context,Cytolytic,phosphoproteomics,estimate_tumor_purity,not_evaluable,complete_pair_n_below_20,0,,,not_evaluable,complete_pair_n_below_20,0,,,,
coad,cytolytic_t_cell_context,Cytolytic,phosphoproteomics,estimate_immune_score,not_evaluable,complete_pair_n_below_20,0,,,not_evaluable,complete_pair_n_below_20,0,,,,
coad,cytolytic_t_cell_context,Cytolytic,phosphoproteomics,cibersort_t_cell,not_evaluable,complete_pair_n_below_20,0,,,not_evaluable,complete_pair_n_below_20,0,,,,
coad,cytolytic_t_cell_context,Cytolytic,phosphoproteomics,cibersort_myeloid,not_evaluable,complete_pair_n_below_20,0,,,not_evaluable,complete_pair_n_below_20,0,,,,
coad,checkpoint_exhaustion_context,Checkpoint,proteomics,estimate_tumor_purity,not_evaluable,complete_pair_n_below_20,0,,,not_evaluable,complete_pair_n_below_20,0,,,,
coad,checkpoint_exhaustion_context,Checkpoint,proteomics,estimate_immune_score,not_evaluable,complete_pair_n_below_20,0,,,not_evaluable,complete_pair_n_below_20,0,,,,
coad,checkpoint_exhaustion_context,Checkpoint,proteomics,cibersort_t_cell,not_evaluable,complete_pair_n_below_20,0,,,not_evaluable,complete_pair_n_below_20,0,,,,
coad,checkpoint_exhaustion_context,Checkpoint,proteomics,cibersort_myeloid,not_evaluable,complete_pair_n_below_20,0,,,not_evaluable,complete_pair_n_below_20,0,,,,
coad,checkpoint_exhaustion_context,Checkpoint,phosphoproteomics,estimate_tumor_purity,evaluable,,25,0.11153846153846154,0.5955562161058597,evaluable,,25,0.022307692307692306,0.915708552227811,0.8555442489920219,0.9525533327032649
coad,checkpoint_exhaustion_context,Checkpoint,phosphoproteomics,estimate_immune_score,evaluable,,25,0.026153846153846153,0.9012399090142549,evaluable,,25,0.10153846153846155,0.629129959336289,0.9648128486542645,0.8366779871585699
coad,checkpoint_exhaustion_context,Checkpoint,phosphoproteomics,cibersort_t_cell,evaluable,,25,-0.06538461538461539,0.7561668989895342,evaluable,,25,-0.03461538461538462,0.869522659769591,0.9095154309524467,0.938626743865619
coad,checkpoint_exhaustion_context,Checkpoint,phosphoproteomics,cibersort_myeloid,evaluable,,25,-0.12538461538461537,0.5503795193738265,evaluable,,25,-0.043076923076923075,0.8380001161641176,0.8440155672177055,0.9165644744640159
coad,myeloid_inflammatory_context,Myeloid,proteomics,estimate_tumor_purity,evaluable,,96,-0.0985485621269669,0.3394492405290539,evaluable,,96,-0.114148128052089,0.2681244565285024,0.7029199270337394,0.5862382185114714
coad,myeloid_inflammatory_context,Myeloid,proteomics,estimate_immune_score,evaluable,,96,0.015830168204015192,0.8783342923364054,evaluable,,96,0.038049376017362996,0.7128314971889972,0.9622515814131319,0.8675024824281192
coad,myeloid_inflammatory_context,Myeloid,proteomics,cibersort_t_cell,evaluable,,96,-0.12491861096039066,0.2252556732693732,evaluable,,96,-0.08568909386869236,0.4064774661747671,0.5743090682006105,0.7192224912451535
coad,myeloid_inflammatory_context,Myeloid,proteomics,cibersort_myeloid,evaluable,,96,0.062805208898535,0.5432521403565977,evaluable,,96,0.05766413456321215,0.5768072382308166,0.8424458298406834,0.830092972396869
coad,myeloid_inflammatory_context,Myeloid,phosphoproteomics,estimate_tumor_purity,not_evaluable,complete_pair_n_below_20,0,,,not_evaluable,complete_pair_n_below_20,0,,,,
coad,myeloid_inflammatory_context,Myeloid,phosphoproteomics,estimate_immune_score,not_evaluable,complete_pair_n_below_20,0,,,not_evaluable,complete_pair_n_below_20,0,,,,
coad,myeloid_inflammatory_context,Myeloid,phosphoproteomics,cibersort_t_cell,not_evaluable,complete_pair_n_below_20,0,,,not_evaluable,complete_pair_n_below_20,0,,,,
coad,myeloid_inflammatory_context,Myeloid,phosphoproteomics,cibersort_myeloid,not_evaluable,complete_pair_n_below_20,0,,,not_evaluable,complete_pair_n_below_20,0,,,,
coad,tgfb_emt_exclusion_context,TGF/EMT,proteomics,estimate_tumor_purity,evaluable,,96,-0.30423223005968525,0.002581811204579403,evaluable,,96,-0.3132664134563212,0.0018849529295423089,0.03987524870890527,0.0249393772216367
coad,tgfb_emt_exclusion_context,TGF/EMT,proteomics,estimate_immune_score,evaluable,,96,0.2365979381443299,0.020294109638438685,evaluable,,96,0.24237655995659252,0.017346492722606622,0.15399647902109354,0.12095662493060834
coad,tgfb_emt_exclusion_context,TGF/EMT,proteomics,cibersort_t_cell,evaluable,,96,-0.0019262072707542052,0.9851397100778688,evaluable,,96,-0.0021432447097124254,0.9834655351263518,0.995169840227036,0.9916089816299233
coad,tgfb_emt_exclusion_context,TGF/EMT,proteomics,cibersort_myeloid,evaluable,,96,0.32022517634291914,0.0014694578900234696,evaluable,,96,0.3274688008681497,0.001126813638615541,0.030329610850084412,0.019864536797359143
coad,tgfb_emt_exclusion_context,TGF/EMT,phosphoproteomics,estimate_tumor_purity,evaluable,,96,-0.2658979924036896,0.008833124661014432,evaluable,,96,-0.2786353771025502,0.005978458461534128,0.08704986634478225,0.05666194822925927
coad,tgfb_emt_exclusion_context,TGF/EMT,phosphoproteomics,estimate_immune_score,evaluable,,96,0.18170103092783504,0.07643470669428427,evaluable,,96,0.1961340206185567,0.055468853290564016,0.3155224692340055,0.22536951415693726
coad,tgfb_emt_exclusion_context,TGF/EMT,phosphoproteomics,cibersort_t_cell,evaluable,,96,0.007731958762886598,0.9404007859848225,evaluable,,96,0.025162778079218667,0.8077321160844038,0.9818142498112106,0.9022539886142951
coad,tgfb_emt_exclusion_context,TGF/EMT,phosphoproteomics,cibersort_myeloid,evaluable,,96,0.2921459576776994,0.0038741795406420482,evaluable,,96,0.30284861638632665,0.002706932604477415,0.0540290984586837,0.030789068280835535
coad,proteasome_antigen_processing,Proteasome,proteomics,estimate_tumor_purity,evaluable,,96,0.052183939229517085,0.6135991346910891,evaluable,,96,0.03714053174172545,0.7194017396697344,0.862717039511177,0.8675437735754286
coad,proteasome_antigen_processing,Proteasome,proteomics,estimate_immune_score,evaluable,,96,-0.05872219207813348,0.569823478452019,evaluable,,96,-0.032772653282691265,0.7512557753193034,0.8462908125309632,0.8838328861618966
coad,proteasome_antigen_processing,Proteasome,proteomics,cibersort_t_cell,evaluable,,96,0.05430005425935974,0.5992715920975872,evaluable,,96,0.08269126424308192,0.4231516944677935,0.8555442489920219,0.7351726408935402
coad,proteasome_antigen_processing,Proteasome,proteomics,cibersort_myeloid,evaluable,,96,0.007419967444384156,0.942801523457257,evaluable,,96,0.016196418882257188,0.8755417241870265,0.9818142498112106,0.9392505814563528
coad,proteasome_antigen_processing,Proteasome,phosphoproteomics,estimate_tumor_purity,evaluable,,96,-0.15816603364080303,0.12377761632985261,evaluable,,96,-0.17836408030385242,0.08209064800847354,0.4120596775884126,0.28428707632464667
coad,proteasome_antigen_processing,Proteasome,phosphoproteomics,estimate_immune_score,evaluable,,96,0.16287303309820944,0.11284697436512973,evaluable,,96,0.19134563212154096,0.06182718037727382,0.39079891793561705,0.23987086522310747
coad,proteasome_antigen_processing,Proteasome,phosphoproteomics,cibersort_t_cell,evaluable,,96,0.20366250678241996,0.04656352906183938,evaluable,,96,0.25396093326098756,0.012532589260732242,0.2451712346521339,0.09948947782365902
coad,proteasome_antigen_processing,Proteasome,phosphoproteomics,cibersort_myeloid,evaluable,,96,0.10113944655453067,0.3268413049224997,evaluable,,96,0.11275094953879543,0.27406471621443734,0.6997930014108292,0.5941907292716373
gbm,antigen_presentation_mhc_i,MHC-I,proteomics,estimate_tumor_purity,evaluable,,99,-0.1372418058132344,0.17554010392613556,evaluable,,99,-0.18158317872603585,0.07205519486123188,0.5060262213736645,0.2581977815860809
gbm,antigen_presentation_mhc_i,MHC-I,proteomics,estimate_immune_score,evaluable,,99,0.16064316635745204,0.11219271253709884,evaluable,,99,0.20873222016079157,0.03813693517387267,0.39079891793561705,0.17889689590652996
gbm,antigen_presentation_mhc_i,MHC-I,proteomics,cibersort_t_cell,evaluable,,99,0.22549165120593692,0.024825645351724622,evaluable,,99,0.24384662956091527,0.015004724098515389,0.1731085540741879,0.10904841739202734
gbm,antigen_presentation_mhc_i,MHC-I,proteomics,cibersort_myeloid,evaluable,,99,0.08478664192949906,0.4040521036108593,evaluable,,99,0.1200494743351886,0.23657417500030103,0.7358489373967918,0.5437818456171795
gbm,antigen_presentation_mhc_i,MHC-I,phosphoproteomics,estimate_tumor_purity,evaluable,,99,-0.23345701917130487,0.020039844665066517,evaluable,,99,-0.24859616573902285,0.013095234962619634,0.15399647902109354,0.10040552232207099
gbm,antigen_presentation_mhc_i,MHC-I,phosphoproteomics,estimate_immune_score,evaluable,,99,0.2508967223252937,0.012248955971951268,evaluable,,99,0.2670871985157699,0.007529581579296897,0.10897347037115265,0.0681625279810035
gbm,antigen_presentation_mhc_i,MHC-I,phosphoproteomics,cibersort_t_cell,evaluable,,99,0.1826468769325912,0.07037543230701367,evaluable,,99,0.2026468769325912,0.04425934650807452,0.31222909683170674,0.1934247566261632
gbm,antigen_presentation_mhc_i,MHC-I,phosphoproteomics,cibersort_myeloid,evaluable,,99,0.09100803957946814,0.37031724826404083,evaluable,,99,0.10717377860235001,0.29102888171490643,0.7263250934775017,0.6154545203479169
gbm,antigen_presentation_mhc_ii,MHC-II,proteomics,estimate_tumor_purity,evaluable,,99,0.03833024118738405,0.7064144482074072,evaluable,,99,-0.0533951762523191,0.599650854813853,0.8858274447795754,0.8357554390781642
gbm,antigen_presentation_mhc_ii,MHC-II,proteomics,estimate_immune_score,evaluable,,99,-0.050315398886827456,0.620891526452094,evaluable,,99,0.044168212739641305,0.6642167141661798,0.8635580260088423,0.8540598105997502
gbm,antigen_presentation_mhc_ii,MHC-II,proteomics,cibersort_t_cell,evaluable,,99,0.06042053184910327,0.5524554107604885,evaluable,,99,0.07668521954236239,0.4505911777919012,0.8440155672177055,0.7606808211744007
gbm,antigen_presentation_mhc_ii,MHC-II,proteomics,cibersort_myeloid,evaluable,,99,0.08824984539270252,0.3850552689995235,evaluable,,99,0.18686456400742113,0.06402372228748307,0.7358489373967918,0.244712894076602
gbm,antigen_presentation_mhc_ii,MHC-II,phosphoproteomics,estimate_tumor_purity,not_evaluable,complete_pair_n_below_20,0,,,not_evaluable,complete_pair_n_below_20,0,,,,
gbm,antigen_presentation_mhc_ii,MHC-II,phosphoproteomics,estimate_immune_score,not_evaluable,complete_pair_n_below_20,0,,,not_evaluable,complete_pair_n_below_20,0,,,,
gbm,antigen_presentation_mhc_ii,MHC-II,phosphoproteomics,cibersort_t_cell,not_evaluable,complete_pair_n_below_20,0,,,not_evaluable,complete_pair_n_below_20,0,,,,
gbm,antigen_presentation_mhc_ii,MHC-II,phosphoproteomics,cibersort_myeloid,not_evaluable,complete_pair_n_below_20,0,,,not_evaluable,complete_pair_n_below_20,0,,,,
gbm,ifn_gamma_response,IFN-gamma,proteomics,estimate_tumor_purity,evaluable,,99,0.24290661719233148,0.015410012861326847,evaluable,,99,0.08632034632034633,0.39557202465154545,0.12825107478136538,0.7139989198957595
gbm,ifn_gamma_response,IFN-gamma,proteomics,estimate_immune_score,evaluable,,99,-0.2061595547309833,0.04063277263709071,evaluable,,99,-0.05151515151515152,0.612578691590263,0.22070011242882956,0.8357554390781642
gbm,ifn_gamma_response,IFN-gamma,proteomics,cibersort_t_cell,evaluable,,99,-0.0707482993197279,0.4865107329749068,evaluable,,99,-0.0008163265306122448,0.9936016799254789,0.8017328163265162,0.9955310035758196
gbm,ifn_gamma_response,IFN-gamma,proteomics,cibersort_myeloid,evaluable,,99,-0.1813234384662956,0.07247024171444848,evaluable,,99,-0.052071737786023496,0.6087387391282072,0.31419030038428614,0.8357554390781642
gbm,ifn_gamma_response,IFN-gamma,phosphoproteomics,estimate_tumor_purity,evaluable,,99,0.06500927643784786,0.5226304111163396,evaluable,,99,-0.0330117501546073,0.745650626273152,0.8408861443492097,0.8838328861618966
gbm,ifn_gamma_response,IFN-gamma,phosphoproteomics,estimate_immune_score,evaluable,,99,-0.060358688930117504,0.5528629103092723,evaluable,,99,0.03652442795299938,0.7196565562594468,0.8440155672177055,0.8675437735754286
gbm,ifn_gamma_response,IFN-gamma,phosphoproteomics,cibersort_t_cell,evaluable,,99,-0.10047000618429189,0.3224310969312655,evaluable,,99,-0.04127396413110698,0.6850158985689017,0.6932268584022209,0.8617822682172687
gbm,ifn_gamma_response,IFN-gamma,phosphoproteomics,cibersort_myeloid,evaluable,,99,-0.09570810142238713,0.34601097183443763,evaluable,,99,-0.012306740878169449,0.9037702892975467,0.7029199270337394,0.9495066066594473
gbm,cytolytic_t_cell_context,Cytolytic,proteomics,estimate_tumor_purity,not_evaluable,complete_pair_n_below_20,0,,,not_evaluable,complete_pair_n_below_20,0,,,,
gbm,cytolytic_t_cell_context,Cytolytic,proteomics,estimate_immune_score,not_evaluable,complete_pair_n_below_20,0,,,not_evaluable,complete_pair_n_below_20,0,,,,
gbm,cytolytic_t_cell_context,Cytolytic,proteomics,cibersort_t_cell,not_evaluable,complete_pair_n_below_20,0,,,not_evaluable,complete_pair_n_below_20,0,,,,
gbm,cytolytic_t_cell_context,Cytolytic,proteomics,cibersort_myeloid,not_evaluable,complete_pair_n_below_20,0,,,not_evaluable,complete_pair_n_below_20,0,,,,
gbm,cytolytic_t_cell_context,Cytolytic,phosphoproteomics,estimate_tumor_purity,not_evaluable,complete_pair_n_below_20,0,,,not_evaluable,complete_pair_n_below_20,0,,,,
gbm,cytolytic_t_cell_context,Cytolytic,phosphoproteomics,estimate_immune_score,not_evaluable,complete_pair_n_below_20,0,,,not_evaluable,complete_pair_n_below_20,0,,,,
gbm,cytolytic_t_cell_context,Cytolytic,phosphoproteomics,cibersort_t_cell,not_evaluable,complete_pair_n_below_20,0,,,not_evaluable,complete_pair_n_below_20,0,,,,
gbm,cytolytic_t_cell_context,Cytolytic,phosphoproteomics,cibersort_myeloid,not_evaluable,complete_pair_n_below_20,0,,,not_evaluable,complete_pair_n_below_20,0,,,,
gbm,checkpoint_exhaustion_context,Checkpoint,proteomics,estimate_tumor_purity,evaluable,,90,-0.1512532411408816,0.15471938206782956,evaluable,,90,-0.20164629378112522,0.05666693540710345,0.46415814620348866,0.22640635689528232
gbm,checkpoint_exhaustion_context,Checkpoint,proteomics,estimate_immune_score,evaluable,,90,0.16832530765115034,0.11276417579320551,evaluable,,90,0.21904761904761905,0.03805303446510065,0.39079891793561705,0.17889689590652996
gbm,checkpoint_exhaustion_context,Checkpoint,proteomics,cibersort_t_cell,evaluable,,90,0.023961805984277895,0.8226201899974637,evaluable,,90,0.09424208750051445,0.3769499998526474,0.9370575180358394,0.7000996167776187
gbm,checkpoint_exhaustion_context,Checkpoint,proteomics,cibersort_myeloid,evaluable,,90,0.05845166069885171,0.5842152201893213,evaluable,,90,0.09009342717207885,0.39840512132246303,0.85156794807257,0.7139989198957595
gbm,checkpoint_exhaustion_context,Checkpoint,phosphoproteomics,estimate_tumor_purity,evaluable,,26,-0.045470085470085464,0.8254320783624893,evaluable,,26,-0.10495726495726496,0.6098612207028677,0.9370575180358394,0.8357554390781642
gbm,checkpoint_exhaustion_context,Checkpoint,phosphoproteomics,estimate_immune_score,evaluable,,26,0.10769230769230768,0.6005250068723843,evaluable,,26,0.15350427350427348,0.4540497924839446,0.8555442489920219,0.7606808211744007
gbm,checkpoint_exhaustion_context,Checkpoint,phosphoproteomics,cibersort_t_cell,evaluable,,26,-0.08923076923076922,0.6646667944021046,evaluable,,26,-0.013333333333333332,0.9484559205883564,0.8729641496423814,0.9709013094790437
gbm,checkpoint_exhaustion_context,Checkpoint,phosphoproteomics,cibersort_myeloid,evaluable,,26,0.007863247863247862,0.9695892871458933,evaluable,,26,0.06461538461538462,0.753825618259991,0.9889528497884847,0.8838328861618966
gbm,myeloid_inflammatory_context,Myeloid,proteomics,estimate_tumor_purity,evaluable,,99,-0.10165739022881878,0.31671614613700894,evaluable,,99,-0.1173778602350031,0.24724488837600309,0.6866618966667926,0.5546885321826852
gbm,myeloid_inflammatory_context,Myeloid,proteomics,estimate_immune_score,evaluable,,99,0.12659245516388373,0.21180691770880916,evaluable,,99,0.14021026592455163,0.16629572717318317,0.5555766390890143,0.4575695507302791
gbm,myeloid_inflammatory_context,Myeloid,proteomics,cibersort_t_cell,evaluable,,99,0.13429808286951142,0.18507470299065368,evaluable,,99,0.14007421150278293,0.1667113867001792,0.5134330470063295,0.4575695507302791
gbm,myeloid_inflammatory_context,Myeloid,proteomics,cibersort_myeloid,evaluable,,99,0.134582560296846,0.18413715949115403,evaluable,,99,0.146852195423624,0.1469246366241309,0.5134330470063295,0.40759737902178256
gbm,myeloid_inflammatory_context,Myeloid,phosphoproteomics,estimate_tumor_purity,evaluable,,99,-0.062164502164502165,0.5410240492676499,evaluable,,99,-0.051267779839208404,0.6142887131538385,0.8424458298406834,0.8357554390781642
gbm,myeloid_inflammatory_context,Myeloid,phosphoproteomics,estimate_immune_score,evaluable,,99,0.0800247371675943,0.4310549796601502,evaluable,,99,0.06791589363017934,0.5041692024513977,0.7591275409714592,0.7879447475781168
gbm,myeloid_inflammatory_context,Myeloid,phosphoproteomics,cibersort_t_cell,evaluable,,99,0.16842300556586268,0.09562743823981541,evaluable,,99,0.1647495361781076,0.10319148715500523,0.3549910656960054,0.32467565470721155
gbm,myeloid_inflammatory_context,Myeloid,phosphoproteomics,cibersort_myeloid,evaluable,,99,0.04700061842918985,0.6441053943749255,evaluable,,99,0.030550401978973404,0.7640381680995117,0.8686798117798894,0.8838328861618966
gbm,tgfb_emt_exclusion_context,TGF/EMT,proteomics,estimate_tumor_purity,evaluable,,99,-0.08270871985157699,0.4157104929985466,evaluable,,99,-0.12299319727891156,0.2251926479641535,0.7422374200250867,0.5354811352511668
gbm,tgfb_emt_exclusion_context,TGF/EMT,proteomics,estimate_immune_score,evaluable,,99,0.05871366728509585,0.5637553362322317,evaluable,,99,0.10567717996289423,0.29785741029150203,0.8462908125309632,0.6188449291478774
gbm,tgfb_emt_exclusion_context,TGF/EMT,proteomics,cibersort_t_cell,evaluable,,99,0.02680272108843537,0.7922853934498942,evaluable,,99,0.06077922077922077,0.5500947789461813,0.9333773128313821,0.8202934667765734
gbm,tgfb_emt_exclusion_context,TGF/EMT,proteomics,cibersort_myeloid,evaluable,,99,0.13170068027210882,0.1937960822317363,evaluable,,99,0.18384662956091527,0.06851891873029144,0.5263093601661891,0.25254115760593127
gbm,tgfb_emt_exclusion_context,TGF/EMT,phosphoproteomics,estimate_tumor_purity,evaluable,,99,-0.26254792826221396,0.008655520215407364,evaluable,,99,-0.30382189239332097,0.0022340809729244617,0.08704986634478225,0.027796330722499187
gbm,tgfb_emt_exclusion_context,TGF/EMT,phosphoproteomics,estimate_immune_score,evaluable,,99,0.3023252937538652,0.002354793175909118,evaluable,,99,0.3381076066790352,0.0006198246510385255,0.03827395481566822,0.013905631301559963
gbm,tgfb_emt_exclusion_context,TGF/EMT,phosphoproteomics,cibersort_t_cell,evaluable,,99,0.179839208410637,0.07487903835902678,evaluable,,99,0.18760667903525047,0.06295588462025012,0.31419030038428614,0.2424271377914109
gbm,tgfb_emt_exclusion_context,TGF/EMT,phosphoproteomics,cibersort_myeloid,evaluable,,99,0.2582312925170068,0.009861031870794118,evaluable,,99,0.3034755720470006,0.0022615069448523113,0.09251440809690482,0.027796330722499187
gbm,proteasome_antigen_processing,Proteasome,proteomics,estimate_tumor_purity,evaluable,,99,-0.00029684601113172545,0.9976733168518855,evaluable,,99,-0.01403834260977118,0.8903095223588465,0.9996105465933454,0.9472159042003399
gbm,proteasome_antigen_processing,Proteasome,proteomics,estimate_immune_score,evaluable,,99,0.04996907854050711,0.6233000608806841,evaluable,,99,0.06467532467532468,0.5247731651914355,0.8645775038022392,0.8083073231008379
gbm,proteasome_antigen_processing,Proteasome,proteomics,cibersort_t_cell,evaluable,,99,0.04547928262213976,0.6548768348495677,evaluable,,99,0.0526777983920841,0.6045695005450236,0.8686798117798894,0.8357554390781642
gbm,proteasome_antigen_processing,Proteasome,proteomics,cibersort_myeloid,evaluable,,99,-0.0847495361781076,0.404258584791313,evaluable,,99,-0.06897959183673469,0.49749886031441604,0.7358489373967918,0.7850440731566932
gbm,proteasome_antigen_processing,Proteasome,phosphoproteomics,estimate_tumor_purity,evaluable,,99,-0.39591836734693875,4.9843700612419754e-05,evaluable,,99,-0.4196907854050711,1.5304818070795792e-05,0.001867660262191651,0.0006255901119422054
gbm,proteasome_antigen_processing,Proteasome,phosphoproteomics,estimate_immune_score,evaluable,,99,0.39412492269635124,5.429244948231544e-05,evaluable,,99,0.41732838589981447,1.7279888837705953e-05,0.001867660262191651,0.0006368873314468766
gbm,proteasome_antigen_processing,Proteasome,phosphoproteomics,cibersort_t_cell,evaluable,,99,0.19558441558441556,0.05236677041172088,evaluable,,99,0.2306617192331478,0.021620225964082713,0.2623422673053201,0.12979314847675735
gbm,proteasome_antigen_processing,Proteasome,phosphoproteomics,cibersort_myeloid,evaluable,,99,0.28777983920841066,0.0038723889731035253,evaluable,,99,0.30346320346320343,0.0022624920355522595,0.0540290984586837,0.027796330722499187
hnscc,antigen_presentation_mhc_i,MHC-I,proteomics,estimate_tumor_purity,evaluable,,108,-0.39653414882772675,2.1523000395336427e-05,evaluable,,108,-0.45652443148799143,6.839808881589858e-07,0.0013584489111935602,5.8822356381672776e-05
hnscc,antigen_presentation_mhc_i,MHC-I,proteomics,estimate_immune_score,evaluable,,108,0.3926472129335886,2.6326529286696904e-05,evaluable,,108,0.4493316947231034,1.0717414334466683e-06,0.0013584489111935602,7.900265423692584e-05
hnscc,antigen_presentation_mhc_i,MHC-I,proteomics,cibersort_t_cell,evaluable,,108,0.3930854459020454,2.573855712553382e-05,evaluable,,108,0.4438918898320424,1.4950991766879526e-06,0.0013584489111935602,9.643389689637294e-05
hnscc,antigen_presentation_mhc_i,MHC-I,proteomics,cibersort_myeloid,evaluable,,108,0.3677632017681747,9.018847126419584e-05,evaluable,,108,0.4028027856373908,1.5469479878846462e-05,0.0029085781982703157,0.0006255901119422054
hnscc,antigen_presentation_mhc_i,MHC-I,phosphoproteomics,estimate_tumor_purity,evaluable,,108,-0.010860556174797793,0.9111753351697589,evaluable,,108,-0.09635409223851306,0.3211976467216749,0.9714183325363546,0.6374537911860932
hnscc,antigen_presentation_mhc_i,MHC-I,phosphoproteomics,estimate_immune_score,evaluable,,108,0.03708784665656826,0.7031480034645767,evaluable,,108,0.1216668095687216,0.20971426172744645,0.8849374872871258,0.5235601992638209
hnscc,antigen_presentation_mhc_i,MHC-I,phosphoproteomics,cibersort_t_cell,evaluable,,108,0.010317528366057904,0.9155997709140923,evaluable,,108,0.07620490249316451,0.4331163158751017,0.9721182752915054,0.7474515685336204
hnscc,antigen_presentation_mhc_i,MHC-I,phosphoproteomics,cibersort_myeloid,evaluable,,108,0.03880267131574685,0.6901090158374117,evaluable,,108,0.11276877494831707,0.24523483316771783,0.8773178692399607,0.5546885321826852
hnscc,antigen_presentation_mhc_ii,MHC-II,proteomics,estimate_tumor_purity,evaluable,,108,-0.007745291377290004,0.9365903899284236,evaluable,,108,-0.06935513066011223,0.47570204575967895,0.9818142498112106,0.7623051416521563
hnscc,antigen_presentation_mhc_ii,MHC-II,proteomics,estimate_immune_score,evaluable,,108,0.04358512675412272,0.654230951608222,evaluable,,108,0.09712576333514342,0.31731920524316154,0.8686798117798894,0.6345597487329587
hnscc,antigen_presentation_mhc_ii,MHC-II,proteomics,cibersort_t_cell,evaluable,,108,0.08580792058456468,0.37723861444180323,evaluable,,108,0.12078081682814598,0.21307682528178756,0.7263250934775017,0.5235601992638209
hnscc,antigen_presentation_mhc_ii,MHC-II,proteomics,cibersort_myeloid,evaluable,,108,0.060504730058018236,0.5339173799745579,evaluable,,108,0.1442548610515686,0.1363560979621084,0.841427006286822,0.3865920140024612
hnscc,antigen_presentation_mhc_ii,MHC-II,phosphoproteomics,estimate_tumor_purity,not_evaluable,complete_pair_n_below_20,0,,,not_evaluable,complete_pair_n_below_20,0,,,,
hnscc,antigen_presentation_mhc_ii,MHC-II,phosphoproteomics,estimate_immune_score,not_evaluable,complete_pair_n_below_20,0,,,not_evaluable,complete_pair_n_below_20,0,,,,
hnscc,antigen_presentation_mhc_ii,MHC-II,phosphoproteomics,cibersort_t_cell,not_evaluable,complete_pair_n_below_20,0,,,not_evaluable,complete_pair_n_below_20,0,,,,
hnscc,antigen_presentation_mhc_ii,MHC-II,phosphoproteomics,cibersort_myeloid,not_evaluable,complete_pair_n_below_20,0,,,not_evaluable,complete_pair_n_below_20,0,,,,
hnscc,ifn_gamma_response,IFN-gamma,proteomics,estimate_tumor_purity,evaluable,,108,-0.06745929673135366,0.48787617117543813,evaluable,,108,-0.05860889612925967,0.5468331103378314,0.8017328163265162,0.8202934667765734
hnscc,ifn_gamma_response,IFN-gamma,proteomics,estimate_immune_score,evaluable,,108,0.04215610620480722,0.6648738581578603,evaluable,,108,0.051330418131412724,0.5977893942178413,0.8729641496423814,0.8357554390781642
hnscc,ifn_gamma_response,IFN-gamma,proteomics,cibersort_t_cell,evaluable,,108,-0.018901178465613,0.8460517879255616,evaluable,,108,-0.013890079739346651,0.8865451773548745,0.9435130656482824,0.9470575744387602
hnscc,ifn_gamma_response,IFN-gamma,proteomics,cibersort_myeloid,evaluable,,108,0.15774481503710688,0.10299963918669079,evaluable,,108,0.1649661322129812,0.08798207056461653,0.3665366470367755,0.2947970676061177
hnscc,ifn_gamma_response,IFN-gamma,phosphoproteomics,estimate_tumor_purity,evaluable,,108,0.14274962607295624,0.14053697170304133,evaluable,,108,0.050787390322672835,0.6016748194263267,0.4394974387804202,0.8357554390781642
hnscc,ifn_gamma_response,IFN-gamma,phosphoproteomics,estimate_immune_score,evaluable,,108,-0.1277449103051435,0.1876639526259322,evaluable,,108,-0.02668457705755142,0.7839799557236866,0.5139673600697182,0.8890849607767523
hnscc,ifn_gamma_response,IFN-gamma,phosphoproteomics,cibersort_t_cell,evaluable,,108,-0.11274972134099287,0.24531510552309863,evaluable,,108,-0.028351767698419503,0.770844610980636,0.5970877096694287,0.8838328861618966
hnscc,ifn_gamma_response,IFN-gamma,phosphoproteomics,cibersort_myeloid,evaluable,,108,-0.057046500328674726,0.5575905927735627,evaluable,,108,0.0420894185791725,0.6653721780253867,0.8455774925742117,0.8540598105997502
hnscc,cytolytic_t_cell_context,Cytolytic,proteomics,estimate_tumor_purity,evaluable,,108,-0.05408366438976059,0.5782649324048811,evaluable,,108,-0.08914230186630083,0.35891083669541524,0.8462908125309632,0.6833874233757722
hnscc,cytolytic_t_cell_context,Cytolytic,proteomics,estimate_immune_score,evaluable,,108,0.06124782074366229,0.5288967008511861,evaluable,,108,0.08581744738822678,0.3771854524499573,0.8408861443492097,0.7000996167776187
hnscc,cytolytic_t_cell_context,Cytolytic,proteomics,cibersort_t_cell,evaluable,,108,0.05602713233682967,0.5646634879986525,evaluable,,108,0.0838453990301714,0.38828688165634234,0.8462908125309632,0.7054789821643404
hnscc,cytolytic_t_cell_context,Cytolytic,proteomics,cibersort_myeloid,evaluable,,108,0.05603665914049177,0.5645971896910045,evaluable,,108,0.10310859603494432,0.28828078390631584,0.8462908125309632,0.6121517880479793
hnscc,cytolytic_t_cell_context,Cytolytic,phosphoproteomics,estimate_tumor_purity,not_evaluable,complete_pair_n_below_20,0,,,not_evaluable,complete_pair_n_below_20,0,,,,
hnscc,cytolytic_t_cell_context,Cytolytic,phosphoproteomics,estimate_immune_score,not_evaluable,complete_pair_n_below_20,0,,,not_evaluable,complete_pair_n_below_20,0,,,,
hnscc,cytolytic_t_cell_context,Cytolytic,phosphoproteomics,cibersort_t_cell,not_evaluable,complete_pair_n_below_20,0,,,not_evaluable,complete_pair_n_below_20,0,,,,
hnscc,cytolytic_t_cell_context,Cytolytic,phosphoproteomics,cibersort_myeloid,not_evaluable,complete_pair_n_below_20,0,,,not_evaluable,complete_pair_n_below_20,0,,,,
hnscc,checkpoint_exhaustion_context,Checkpoint,proteomics,estimate_tumor_purity,evaluable,,62,-0.035984991564050266,0.7812659566106678,evaluable,,62,-0.03266097554833673,0.8010362226538487,0.9267430657726542,0.9022539886142951
hnscc,checkpoint_exhaustion_context,Checkpoint,proteomics,estimate_immune_score,evaluable,,62,0.04026592128125708,0.7560075180720492,evaluable,,62,0.050540152602553456,0.696459439971827,0.9095154309524467,0.8619047243608545
hnscc,checkpoint_exhaustion_context,Checkpoint,proteomics,cibersort_t_cell,evaluable,,62,0.05139633854599481,0.691572764967597,evaluable,,62,0.07582281987358666,0.5580613308534421,0.8773178692399607,0.8250992742704187
hnscc,checkpoint_exhaustion_context,Checkpoint,proteomics,cibersort_myeloid,evaluable,,62,0.04802195865125532,0.7109026936485705,evaluable,,62,0.04998614993326786,0.6996279776824798,0.8860526326634356,0.8619047243608545
hnscc,checkpoint_exhaustion_context,Checkpoint,phosphoproteomics,estimate_tumor_purity,evaluable,,76,0.11658236500341765,0.31589829706878525,evaluable,,76,0.06996582365003419,0.5481225615462272,0.6866618966667926,0.8202934667765734
hnscc,checkpoint_exhaustion_context,Checkpoint,phosphoproteomics,estimate_immune_score,evaluable,,76,-0.02515379357484621,0.8292328935242037,evaluable,,76,0.012084757347915243,0.917478694483571,0.9370575180358394,0.9525533327032649
hnscc,checkpoint_exhaustion_context,Checkpoint,phosphoproteomics,cibersort_t_cell,evaluable,,76,-0.022747778537252218,0.8453545120461299,evaluable,,76,-0.008913192071086807,0.9390872596670877,0.9435130656482824,0.9652769441996361
hnscc,checkpoint_exhaustion_context,Checkpoint,phosphoproteomics,cibersort_myeloid,evaluable,,76,-0.05667805878332194,0.6267473055997191,evaluable,,76,0.007382091592617908,0.9495357004080426,0.8668385551442818,0.9709013094790437
hnscc,myeloid_inflammatory_context,Myeloid,proteomics,estimate_tumor_purity,evaluable,,108,-0.04671944515895472,0.6311311139862602,evaluable,,108,-0.05799918069488506,0.5510190778248097,0.8677257603873653,0.8202934667765734
hnscc,myeloid_inflammatory_context,Myeloid,proteomics,estimate_immune_score,evaluable,,108,-0.038707403279125814,0.6908310726326484,evaluable,,108,-0.0375165528213629,0.6998799990449575,0.8773178692399607,0.8619047243608545
hnscc,myeloid_inflammatory_context,Myeloid,proteomics,cibersort_t_cell,evaluable,,108,-0.0750331056427258,0.4402434131764449,evaluable,,108,-0.05918050434898587,0.5429229148137341,0.7623006751645824,0.8202934667765734
hnscc,myeloid_inflammatory_context,Myeloid,proteomics,cibersort_myeloid,evaluable,,108,0.040460335152952824,0.6775902261851287,evaluable,,108,0.04791982242037974,0.6223760299055558,0.8771595765834669,0.8357554390781642
hnscc,myeloid_inflammatory_context,Myeloid,phosphoproteomics,estimate_tumor_purity,not_evaluable,complete_pair_n_below_20,0,,,not_evaluable,complete_pair_n_below_20,0,,,,
hnscc,myeloid_inflammatory_context,Myeloid,phosphoproteomics,estimate_immune_score,not_evaluable,complete_pair_n_below_20,0,,,not_evaluable,complete_pair_n_below_20,0,,,,
hnscc,myeloid_inflammatory_context,Myeloid,phosphoproteomics,cibersort_t_cell,not_evaluable,complete_pair_n_below_20,0,,,not_evaluable,complete_pair_n_below_20,0,,,,
hnscc,myeloid_inflammatory_context,Myeloid,phosphoproteomics,cibersort_myeloid,not_evaluable,complete_pair_n_below_20,0,,,not_evaluable,complete_pair_n_below_20,0,,,,
hnscc,tgfb_emt_exclusion_context,TGF/EMT,proteomics,estimate_tumor_purity,evaluable,,108,0.07919631884306495,0.415223374109484,evaluable,,108,0.0753093829489268,0.4385570928265335,0.7422374200250867,0.7543181996616376
hnscc,tgfb_emt_exclusion_context,TGF/EMT,proteomics,estimate_immune_score,evaluable,,108,-0.20914192079415433,0.029836157788143736,evaluable,,108,-0.20428325092648164,0.03394803476994319,0.1924432177335271,0.1712419062630549
hnscc,tgfb_emt_exclusion_context,TGF/EMT,proteomics,cibersort_t_cell,evaluable,,108,-0.17369268436746788,0.07221595438722325,evaluable,,108,-0.1708536968761611,0.07707319697442906,0.31419030038428614,0.2723116798209298
hnscc,tgfb_emt_exclusion_context,TGF/EMT,proteomics,cibersort_myeloid,evaluable,,108,-0.16373717454056988,0.09040707520109474,evaluable,,108,-0.11697962216696675,0.22793844117872028,0.3507416822169985,0.5354989636578569
hnscc,tgfb_emt_exclusion_context,TGF/EMT,phosphoproteomics,estimate_tumor_purity,evaluable,,108,-0.397105757047453,2.0890260791309665e-05,evaluable,,108,-0.3819486124210466,4.524927468459713e-05,0.0013584489111935602,0.0015565750491501411
hnscc,tgfb_emt_exclusion_context,TGF/EMT,phosphoproteomics,estimate_immune_score,evaluable,,108,0.30880181390341727,0.0011472715568605274,evaluable,,108,0.28161231625177435,0.003151646225928158,0.02743873420995211,0.0338801969287277
hnscc,tgfb_emt_exclusion_context,TGF/EMT,phosphoproteomics,cibersort_t_cell,evaluable,,108,0.250602570331628,0.00889884209354429,evaluable,,108,0.21656330084693282,0.024373516854701873,0.08704986634478225,0.14131162580928278
hnscc,tgfb_emt_exclusion_context,TGF/EMT,phosphoproteomics,cibersort_myeloid,evaluable,,108,0.2995798679585012,0.0016339857030974968,evaluable,,108,0.27982127716329896,0.00335727395259259,0.032428331646088784,0.0353541501946485
hnscc,proteasome_antigen_processing,Proteasome,proteomics,estimate_tumor_purity,evaluable,,108,-0.18410548077014682,0.056474660402606486,evaluable,,108,-0.19587108329284442,0.04219521595766179,0.2689990600184242,0.19098887222941655
hnscc,proteasome_antigen_processing,Proteasome,proteomics,estimate_immune_score,evaluable,,108,0.25648060819114576,0.00737575312517507,evaluable,,108,0.2854897253422504,0.0027447619010047184,0.08313398768504025,0.030789068280835535
hnscc,proteasome_antigen_processing,Proteasome,proteomics,cibersort_t_cell,evaluable,,108,0.21783989253765468,0.023525741288587247,evaluable,,108,0.2531081196947612,0.008218680754497023,0.16668836041990842,0.07311791843655972
hnscc,proteasome_antigen_processing,Proteasome,proteomics,cibersort_myeloid,evaluable,,108,0.25241266302742765,0.008402713583901614,evaluable,,108,0.2639877294768832,0.0057683020206713695,0.08704986634478225,0.05615931778615899
hnscc,proteasome_antigen_processing,Proteasome,phosphoproteomics,estimate_tumor_purity,evaluable,,108,-0.16247010965351014,0.09296246994505489,evaluable,,108,-0.15703030476244914,0.10458864675029812,0.35271054773270827,0.32480982324690383
hnscc,proteasome_antigen_processing,Proteasome,phosphoproteomics,estimate_immune_score,evaluable,,108,0.21284784741871254,0.026990925839383232,evaluable,,108,0.21453409166690482,0.025774787620195104,0.18325418069897037,0.14300849905398574
hnscc,proteasome_antigen_processing,Proteasome,phosphoproteomics,cibersort_t_cell,evaluable,,108,0.14968513913896747,0.12205686633472691,evaluable,,108,0.1506378195051778,0.11967196558049732,0.4120596775884126,0.3569406603441423
hnscc,proteasome_antigen_processing,Proteasome,phosphoproteomics,cibersort_myeloid,evaluable,,108,0.3029237760438995,0.0014392249112779977,evaluable,,108,0.2960263701925367,0.0018668904832249275,0.030329610850084412,0.0249393772216367
lscc,antigen_presentation_mhc_i,MHC-I,proteomics,estimate_tumor_purity,evaluable,,108,-0.4496079720293044,1.0536107513129627e-06,evaluable,,108,-0.4877628206960282,8.595114099465002e-08,0.00013591578691937218,1.1087697188309852e-05
lscc,antigen_presentation_mhc_i,MHC-I,proteomics,estimate_immune_score,evaluable,,108,0.5088361103966008,1.8787608261361214e-08,evaluable,,108,0.5488296321701106,7.765800606209512e-10,4.847202931431194e-06,2.1617476451131092e-07
lscc,antigen_presentation_mhc_i,MHC-I,proteomics,cibersort_t_cell,evaluable,,108,0.5411986624367658,1.4733115630502865e-09,evaluable,,108,0.5479341126258728,8.378866841523679e-10,7.602287665339479e-07,2.1617476451131092e-07
lscc,antigen_presentation_mhc_i,MHC-I,proteomics,cibersort_myeloid,evaluable,,108,0.40406985052445055,1.4458806911822202e-05,evaluable,,108,0.44098621471510097,1.7818845443851646e-06,0.0012434573944167095,0.00010216138054474944
lscc,antigen_presentation_mhc_i,MHC-I,phosphoproteomics,estimate_tumor_purity,evaluable,,103,-0.2036089267671221,0.039127094418453634,evaluable,,103,-0.22032464965074905,0.02533093936857583,0.21709226580561372,0.14300849905398574
lscc,antigen_presentation_mhc_i,MHC-I,phosphoproteomics,estimate_immune_score,evaluable,,103,0.19013311074990116,0.054395042568984316,evaluable,,103,0.20861705399112596,0.03445386274007231,0.2649963174989819,0.1712419062630549
lscc,antigen_presentation_mhc_i,MHC-I,phosphoproteomics,cibersort_t_cell,evaluable,,103,0.12800377806088828,0.19755461751599498,evaluable,,103,0.14618020471818302,0.14064635478463045,0.5337077625039446,0.3944212992873332
lscc,antigen_presentation_mhc_i,MHC-I,phosphoproteomics,cibersort_myeloid,evaluable,,103,0.18223652418398278,0.06541857425290018,evaluable,,103,0.19932566006238195,0.043534042735625306,0.2987255249070486,0.1934247566261632
lscc,antigen_presentation_mhc_ii,MHC-II,proteomics,estimate_tumor_purity,evaluable,,108,0.008536016081244581,0.9301324170445403,evaluable,,108,-0.022549944268198573,0.8168110700350619,0.9818142498112106,0.904451742785605
lscc,antigen_presentation_mhc_ii,MHC-II,proteomics,estimate_immune_score,evaluable,,108,0.08237827126620748,0.39667178831481253,evaluable,,108,0.12157154153210055,0.21007399953991865,0.7358489373967918,0.5235601992638209
lscc,antigen_presentation_mhc_ii,MHC-II,proteomics,cibersort_t_cell,evaluable,,108,0.20115845932531176,0.036837165322875044,evaluable,,108,0.2413996779940362,0.011841041209349881,0.20769360737074608,0.09546839475038342
lscc,antigen_presentation_mhc_ii,MHC-II,proteomics,cibersort_myeloid,evaluable,,108,0.011822763344670228,0.9033422933151767,evaluable,,108,0.04900587803785952,0.6144998346943671,0.9650613319888844,0.8357554390781642
lscc,antigen_presentation_mhc_ii,MHC-II,phosphoproteomics,estimate_tumor_purity,not_evaluable,complete_pair_n_below_20,0,,,not_evaluable,complete_pair_n_below_20,0,,,,
lscc,antigen_presentation_mhc_ii,MHC-II,phosphoproteomics,estimate_immune_score,not_evaluable,complete_pair_n_below_20,0,,,not_evaluable,complete_pair_n_below_20,0,,,,
lscc,antigen_presentation_mhc_ii,MHC-II,phosphoproteomics,cibersort_t_cell,not_evaluable,complete_pair_n_below_20,0,,,not_evaluable,complete_pair_n_below_20,0,,,,
lscc,antigen_presentation_mhc_ii,MHC-II,phosphoproteomics,cibersort_myeloid,not_evaluable,complete_pair_n_below_20,0,,,not_evaluable,complete_pair_n_below_20,0,,,,
lscc,ifn_gamma_response,IFN-gamma,proteomics,estimate_tumor_purity,evaluable,,108,0.0016100298188954623,0.9868057977703459,evaluable,,108,-0.01560490439852525,0.8726497825131886,0.995169840227036,0.938626743865619
lscc,ifn_gamma_response,IFN-gamma,proteomics,estimate_immune_score,evaluable,,108,0.06163841969380853,0.5262671566695407,evaluable,,108,0.08757990606571589,0.36742895266890635,0.8408861443492097,0.6919464948071375
lscc,ifn_gamma_response,IFN-gamma,proteomics,cibersort_t_cell,evaluable,,108,0.14923737936684864,0.12319034439575603,evaluable,,108,0.15679213467089653,0.10512255907409485,0.4120596775884126,0.32480982324690383
lscc,ifn_gamma_response,IFN-gamma,proteomics,cibersort_myeloid,evaluable,,108,0.07150818828774756,0.46207774926670164,evaluable,,108,0.0922289862528223,0.34244561130320644,0.7791899301360067,0.6693255130017217
lscc,ifn_gamma_response,IFN-gamma,phosphoproteomics,estimate_tumor_purity,evaluable,,108,0.21775415130469575,0.02358188044700255,evaluable,,108,0.11877066125544218,0.22084770766277004,0.16668836041990842,0.533125227733172
lscc,ifn_gamma_response,IFN-gamma,phosphoproteomics,estimate_immune_score,evaluable,,108,-0.19775739041794085,0.04021357155396504,evaluable,,108,-0.10511875160764811,0.27893388552962456,0.22070011242882956,0.5956406068283546
lscc,ifn_gamma_response,IFN-gamma,phosphoproteomics,cibersort_t_cell,evaluable,,108,-0.14571246201187038,0.13239838034498938,evaluable,,108,-0.07226080577705374,0.4573664206133852,0.4296702154592108,0.7612937839887315
lscc,ifn_gamma_response,IFN-gamma,phosphoproteomics,cibersort_myeloid,evaluable,,108,-0.11793230253317709,0.22414712148757077,evaluable,,108,-0.03702115903093353,0.7036568478241717,0.5743090682006105,0.862357729041938
lscc,cytolytic_t_cell_context,Cytolytic,proteomics,estimate_tumor_purity,evaluable,,108,0.11058713690969542,0.2545442949567411,evaluable,,108,0.038897939352367884,0.6893872370034452,0.6064034972079562,0.8617822682172687
lscc,cytolytic_t_cell_context,Cytolytic,proteomics,estimate_immune_score,evaluable,,108,-0.09332456867396419,0.3367178416521914,evaluable,,108,-0.016109824992616727,0.868565536227093,0.7029199270337394,0.938626743865619
lscc,cytolytic_t_cell_context,Cytolytic,proteomics,cibersort_t_cell,evaluable,,108,0.004229900825973877,0.9653451324306694,evaluable,,108,0.08502672268427221,0.3816133815605379,0.9889528497884847,0.7002517478345945
lscc,cytolytic_t_cell_context,Cytolytic,proteomics,cibersort_myeloid,evaluable,,108,-0.10184153114788456,0.2942781888631794,evaluable,,108,-0.029304448064629837,0.763367419652534,0.6573486816164528,0.8838328861618966
lscc,cytolytic_t_cell_context,Cytolytic,phosphoproteomics,estimate_tumor_purity,not_evaluable,complete_pair_n_below_20,0,,,not_evaluable,complete_pair_n_below_20,0,,,,
lscc,cytolytic_t_cell_context,Cytolytic,phosphoproteomics,estimate_immune_score,not_evaluable,complete_pair_n_below_20,0,,,not_evaluable,complete_pair_n_below_20,0,,,,
lscc,cytolytic_t_cell_context,Cytolytic,phosphoproteomics,cibersort_t_cell,not_evaluable,complete_pair_n_below_20,0,,,not_evaluable,complete_pair_n_below_20,0,,,,
lscc,cytolytic_t_cell_context,Cytolytic,phosphoproteomics,cibersort_myeloid,not_evaluable,complete_pair_n_below_20,0,,,not_evaluable,complete_pair_n_below_20,0,,,,
lscc,checkpoint_exhaustion_context,Checkpoint,proteomics,estimate_tumor_purity,evaluable,,108,0.03355340249792792,0.7302922625845727,evaluable,,108,-0.06314365467242085,0.5161957490993746,0.9029900491300843,0.7998708904963283
lscc,checkpoint_exhaustion_context,Checkpoint,proteomics,estimate_immune_score,evaluable,,108,-0.02483637714710337,0.7986125175335114,evaluable,,108,0.08785618337191689,0.36591373282164513,0.9370575180358394,0.6916171653332194
lscc,checkpoint_exhaustion_context,Checkpoint,proteomics,cibersort_t_cell,evaluable,,108,-0.07601436641992246,0.4342706930325514,evaluable,,108,0.02997132432097707,0.7581462569696767,0.7596056867959204,0.8838328861618966
lscc,checkpoint_exhaustion_context,Checkpoint,proteomics,cibersort_myeloid,evaluable,,108,-0.02073985157239894,0.8312881466950071,evaluable,,108,0.07017443577505311,0.47049214327279304,0.9370575180358394,0.7615259798996987
lscc,checkpoint_exhaustion_context,Checkpoint,phosphoproteomics,estimate_tumor_purity,evaluable,,103,0.1481241488380266,0.13538496901138752,evaluable,,103,0.04247023678776963,0.6701386166545091,0.4355627628429126,0.8557253210594399
lscc,checkpoint_exhaustion_context,Checkpoint,phosphoproteomics,estimate_immune_score,evaluable,,103,-0.08847691429073498,0.37414900658789024,evaluable,,103,0.022767209945964945,0.8194351077314941,0.7263250934775017,0.9054143802771969
lscc,checkpoint_exhaustion_context,Checkpoint,phosphoproteomics,cibersort_t_cell,evaluable,,103,0.13488995299389359,0.1743070622991558,evaluable,,103,0.22817730527610597,0.02044090236340206,0.505294630035755,0.12709140677651845
lscc,checkpoint_exhaustion_context,Checkpoint,phosphoproteomics,cibersort_myeloid,evaluable,,103,-0.14557615428546325,0.142312388976399,evaluable,,103,-0.04632517682203576,0.6421742532126544,0.44236863079410776,0.8408883923701701
lscc,myeloid_inflammatory_context,Myeloid,proteomics,estimate_tumor_purity,evaluable,,108,-0.04418531538483523,0.6497813561859113,evaluable,,108,-0.05843741366334181,0.5480088433686834,0.8686798117798894,0.8202934667765734
lscc,myeloid_inflammatory_context,Myeloid,proteomics,estimate_immune_score,evaluable,,108,0.040774719673802244,0.6752257149363016,evaluable,,108,0.04731010698600513,0.6268165793086231,0.8771595765834669,0.8357554390781642
lscc,myeloid_inflammatory_context,Myeloid,proteomics,cibersort_t_cell,evaluable,,108,0.07077462440576562,0.466695383924335,evaluable,,108,0.06744024312402946,0.4879993594519852,0.7844130882897618,0.7747928291606904
lscc,myeloid_inflammatory_context,Myeloid,proteomics,cibersort_myeloid,evaluable,,108,0.04450922670934675,0.6473850803302429,evaluable,,108,0.048319948174188075,0.6194692497928197,0.8686798117798894,0.8357554390781642
lscc,myeloid_inflammatory_context,Myeloid,phosphoproteomics,estimate_tumor_purity,evaluable,,89,-0.03619339462036092,0.736319492693338,evaluable,,89,-0.08060946544092613,0.4526881599159975,0.9029900491300843,0.7606808211744007
lscc,myeloid_inflammatory_context,Myeloid,phosphoproteomics,estimate_immune_score,evaluable,,89,0.032124616956077635,0.765049992488453,evaluable,,89,0.060095335376234266,0.5758684940410368,0.9095986085807414,0.830092972396869
lscc,myeloid_inflammatory_context,Myeloid,phosphoproteomics,cibersort_t_cell,evaluable,,89,0.12065032345931223,0.26006298117816556,evaluable,,89,0.11639427987742598,0.27737477119623427,0.6155619187519882,0.5956406068283546
lscc,myeloid_inflammatory_context,Myeloid,phosphoproteomics,cibersort_myeloid,evaluable,,89,0.015849506298944504,0.8828009712641263,evaluable,,89,0.026234252638747024,0.8072023739705727,0.9629599182729708,0.9022539886142951
lscc,tgfb_emt_exclusion_context,TGF/EMT,proteomics,estimate_tumor_purity,evaluable,,108,0.113683348099879,0.24140310606942972,evaluable,,108,0.10006001886307124,0.3028491440561819,0.5931619177705988,0.620119675924563
lscc,tgfb_emt_exclusion_context,TGF/EMT,proteomics,estimate_immune_score,evaluable,,108,-0.17252088751702915,0.07418996498906395,evaluable,,108,-0.15811636037992893,0.10218086764204219,0.31419030038428614,0.3238179228819108
lscc,tgfb_emt_exclusion_context,TGF/EMT,proteomics,cibersort_t_cell,evaluable,,108,-0.17621728733792524,0.06810700612316122,evaluable,,108,-0.18752560328484189,0.05196495730189676,0.3082738171890455,0.21624127393369938
lscc,tgfb_emt_exclusion_context,TGF/EMT,proteomics,cibersort_myeloid,evaluable,,108,-0.11840864271628225,0.22226821884235456,evaluable,,108,-0.11817999942839179,0.2231686999813278,0.5743090682006105,0.533125227733172
lscc,tgfb_emt_exclusion_context,TGF/EMT,phosphoproteomics,estimate_tumor_purity,evaluable,,108,-0.09834519420389264,0.3112522877019537,evaluable,,108,-0.10978688540207875,0.2580190920575634,0.6805346629415597,0.5705344202431233
lscc,tgfb_emt_exclusion_context,TGF/EMT,phosphoproteomics,estimate_immune_score,evaluable,,108,0.04961559347223413,0.6100971650661515,evaluable,,108,0.05877085179151543,0.5457238274754772,0.8624935265044772,0.8202934667765734
lscc,tgfb_emt_exclusion_context,TGF/EMT,phosphoproteomics,cibersort_t_cell,evaluable,,108,0.05144473977535797,0.5969728439644808,evaluable,,108,0.028732839844903633,0.7678511720991626,0.8555442489920219,0.8838328861618966
lscc,tgfb_emt_exclusion_context,TGF/EMT,phosphoproteomics,cibersort_myeloid,evaluable,,108,0.06752598435698838,0.48744514248776083,evaluable,,108,0.04456638753131936,0.6469625809514681,0.8017328163265162,0.8408883923701701
lscc,proteasome_antigen_processing,Proteasome,proteomics,estimate_tumor_purity,evaluable,,108,-0.220545504777692,0.021812029859395173,evaluable,,108,-0.2021873541208189,0.03586388536913888,0.16311604938330304,0.175129961368272
lscc,proteasome_antigen_processing,Proteasome,proteomics,estimate_immune_score,evaluable,,108,0.3107929158687968,0.0010613422986464078,evaluable,,108,0.29017691274400526,0.002316411438195805,0.027382631305077322,0.027796937258349665
lscc,proteasome_antigen_processing,Proteasome,proteomics,cibersort_t_cell,evaluable,,108,0.29387331256490135,0.002022237058799893,evaluable,,108,0.2823935141520668,0.0030655572352930646,0.03598187318416361,0.0336559049661962
lscc,proteasome_antigen_processing,Proteasome,proteomics,cibersort_myeloid,evaluable,,108,0.24985947964598396,0.009109869733756281,evaluable,,108,0.23561690817113948,0.014097260779150241,0.08704986634478225,0.1039169508863075
lscc,proteasome_antigen_processing,Proteasome,phosphoproteomics,estimate_tumor_purity,evaluable,,108,-0.15099983804433773,0.11877519724879208,evaluable,,108,-0.1231625177436718,0.20412392683335265,0.4085866785358448,0.516313461990245
lscc,proteasome_antigen_processing,Proteasome,phosphoproteomics,estimate_immune_score,evaluable,,108,0.18830680118513438,0.050977680496240955,evaluable,,108,0.17410233692493832,0.071535938653192,0.25788708956921896,0.2581977815860809
lscc,proteasome_antigen_processing,Proteasome,phosphoproteomics,cibersort_t_cell,evaluable,,108,0.23150132898911085,0.01592272407958915,evaluable,,108,0.21175226499757066,0.02780696626965977,0.13041469246139684,0.14946244369942127
lscc,proteasome_antigen_processing,Proteasome,phosphoproteomics,cibersort_myeloid,evaluable,,108,0.19109815465813065,0.04757566825845058,evaluable,,108,0.16538531157411374,0.08716686502183851,0.24797014971071213,0.2942128107626813
luad,antigen_presentation_mhc_i,MHC-I,proteomics,estimate_tumor_purity,evaluable,,105,-0.04928467758656438,0.6175850001641466,evaluable,,105,-0.04458843043748704,0.6515204697543525,0.8635580260088423,0.8425678255469823
luad,antigen_presentation_mhc_i,MHC-I,proteomics,estimate_immune_score,evaluable,,105,0.07944225585735018,0.4204904194615408,evaluable,,105,0.07172921418204438,0.46713729506020507,0.745611877808093,0.7615259798996987
luad,antigen_presentation_mhc_i,MHC-I,proteomics,cibersort_t_cell,evaluable,,105,0.08444951275139954,0.39170867192686754,evaluable,,105,0.048040638606676345,0.6265003613895097,0.7358489373967918,0.8357554390781642
luad,antigen_presentation_mhc_i,MHC-I,proteomics,cibersort_myeloid,evaluable,,105,-0.023864814430852168,0.809052376298954,evaluable,,105,-0.024020319303338172,0.8078320595732642,0.9370575180358394,0.9022539886142951
luad,antigen_presentation_mhc_i,MHC-I,phosphoproteomics,estimate_tumor_purity,evaluable,,97,-0.0016173995371344414,0.9874553453415551,evaluable,,97,-0.025733747107090255,0.8024297224691971,0.995169840227036,0.9022539886142951
luad,antigen_presentation_mhc_i,MHC-I,phosphoproteomics,estimate_immune_score,evaluable,,97,-0.014359351988217967,0.8889783835573378,evaluable,,97,0.021341784136334946,0.8356264550758445,0.9629599182729708,0.9165644744640159
luad,antigen_presentation_mhc_i,MHC-I,phosphoproteomics,cibersort_t_cell,evaluable,,97,0.02401115085209341,0.8154116955181079,evaluable,,97,0.035885230380812115,0.7271199137112568,0.9370575180358394,0.8705194326566323
luad,antigen_presentation_mhc_i,MHC-I,phosphoproteomics,cibersort_myeloid,evaluable,,97,-0.12407952871870395,0.225939420241713,evaluable,,97,-0.08393383126446453,0.413711511620372,0.5743090682006105,0.721199797284162
luad,antigen_presentation_mhc_ii,MHC-II,proteomics,estimate_tumor_purity,evaluable,,105,0.20709102218536182,0.03403257456103068,evaluable,,105,0.17919344806137258,0.06739348104192322,0.20419544736618409,0.25254115760593127
luad,antigen_presentation_mhc_ii,MHC-II,proteomics,estimate_immune_score,evaluable,,105,-0.17242380261248186,0.07860010001730153,evaluable,,105,-0.15818992328426293,0.10702152067091542,0.31935158747187076,0.3287089563463831
luad,antigen_presentation_mhc_ii,MHC-II,proteomics,cibersort_t_cell,evaluable,,105,-0.16194277420692516,0.09884699328255799,evaluable,,105,-0.13303960190752642,0.17607030123951964,0.35919048263239384,0.47073717844348256
luad,antigen_presentation_mhc_ii,MHC-II,proteomics,cibersort_myeloid,evaluable,,105,-0.12613518556914782,0.19978762679998285,evaluable,,105,-0.11703296703296703,0.23445286066968155,0.5369292470249539,0.5437818456171795
luad,antigen_presentation_mhc_ii,MHC-II,phosphoproteomics,estimate_tumor_purity,not_evaluable,complete_pair_n_below_20,0,,,not_evaluable,complete_pair_n_below_20,0,,,,
luad,antigen_presentation_mhc_ii,MHC-II,phosphoproteomics,estimate_immune_score,not_evaluable,complete_pair_n_below_20,0,,,not_evaluable,complete_pair_n_below_20,0,,,,
luad,antigen_presentation_mhc_ii,MHC-II,phosphoproteomics,cibersort_t_cell,not_evaluable,complete_pair_n_below_20,0,,,not_evaluable,complete_pair_n_below_20,0,,,,
luad,antigen_presentation_mhc_ii,MHC-II,phosphoproteomics,cibersort_myeloid,not_evaluable,complete_pair_n_below_20,0,,,not_evaluable,complete_pair_n_below_20,0,,,,
luad,ifn_gamma_response,IFN-gamma,proteomics,estimate_tumor_purity,evaluable,,105,-0.08873108024051421,0.3680583667491292,evaluable,,105,-0.046775865643790174,0.6356197681403082,0.7263250934775017,0.8383616271074572
luad,ifn_gamma_response,IFN-gamma,proteomics,estimate_immune_score,evaluable,,105,0.09453659547999169,0.33742454934577987,evaluable,,105,0.044972009122952517,0.6487206157089309,0.7029199270337394,0.8410548686075586
luad,ifn_gamma_response,IFN-gamma,proteomics,cibersort_t_cell,evaluable,,105,0.03893842007049555,0.6933053225939086,evaluable,,105,0.04818577648766327,0.6254574274379137,0.8773178692399607,0.8357554390781642
luad,ifn_gamma_response,IFN-gamma,proteomics,cibersort_myeloid,evaluable,,105,0.14555256064690025,0.13846851743756064,evaluable,,105,0.11459672403068628,0.24440380656882163,0.4383420552011122,0.5546885321826852
luad,ifn_gamma_response,IFN-gamma,phosphoproteomics,estimate_tumor_purity,evaluable,,105,0.05187642546133112,0.5991897406608632,evaluable,,105,0.0398299813394153,0.686646318702838,0.8555442489920219,0.8617822682172687
luad,ifn_gamma_response,IFN-gamma,phosphoproteomics,estimate_immune_score,evaluable,,105,-0.07361600663487457,0.45547216231063214,evaluable,,105,-0.06609993779805101,0.5028908367911015,0.7782239594446563,0.7879447475781168
luad,ifn_gamma_response,IFN-gamma,phosphoproteomics,cibersort_t_cell,evaluable,,105,-0.15801368442877878,0.10741800437575257,evaluable,,105,-0.12997097242380262,0.1863424721861135,0.3796417140951255,0.490575079836911
luad,ifn_gamma_response,IFN-gamma,phosphoproteomics,cibersort_myeloid,evaluable,,105,0.006116524984449513,0.9506217273601287,evaluable,,105,0.021594443292556494,0.8269196696853094,0.9840675276662173,0.9111358026489986
luad,cytolytic_t_cell_context,Cytolytic,proteomics,estimate_tumor_purity,evaluable,,105,0.0834542815674891,0.39733346600412106,evaluable,,105,0.009662036077130415,0.922072425450885,0.7358489373967918,0.9554003444430855
luad,cytolytic_t_cell_context,Cytolytic,proteomics,estimate_immune_score,evaluable,,105,-0.05307899647522289,0.5907382821956326,evaluable,,105,0.027762803234501345,0.7786084979532643,0.8555442489920219,0.8868917989931221
luad,cytolytic_t_cell_context,Cytolytic,proteomics,cibersort_t_cell,evaluable,,105,0.01910636533278043,0.8466018399130906,evaluable,,105,0.07540949616421314,0.44453530765973015,0.9435130656482824,0.7602645743456476
luad,cytolytic_t_cell_context,Cytolytic,proteomics,cibersort_myeloid,evaluable,,105,-0.11244038979888035,0.25345200504499965,evaluable,,105,-0.055867717188471895,0.5713507142661063,0.6064034972079562,0.830092972396869
luad,cytolytic_t_cell_context,Cytolytic,phosphoproteomics,estimate_tumor_purity,not_evaluable,complete_pair_n_below_20,0,,,not_evaluable,complete_pair_n_below_20,0,,,,
luad,cytolytic_t_cell_context,Cytolytic,phosphoproteomics,estimate_immune_score,not_evaluable,complete_pair_n_below_20,0,,,not_evaluable,complete_pair_n_below_20,0,,,,
luad,cytolytic_t_cell_context,Cytolytic,phosphoproteomics,cibersort_t_cell,not_evaluable,complete_pair_n_below_20,0,,,not_evaluable,complete_pair_n_below_20,0,,,,
luad,cytolytic_t_cell_context,Cytolytic,phosphoproteomics,cibersort_myeloid,not_evaluable,complete_pair_n_below_20,0,,,not_evaluable,complete_pair_n_below_20,0,,,,
luad,checkpoint_exhaustion_context,Checkpoint,proteomics,estimate_tumor_purity,evaluable,,105,-0.11463819199668254,0.2442320214751059,evaluable,,105,-0.22622848849263943,0.02030984125075586,0.5970877096694287,0.12709140677651845
luad,checkpoint_exhaustion_context,Checkpoint,proteomics,estimate_immune_score,evaluable,,105,0.04935724652705784,0.6170666302057893,evaluable,,105,0.1559713871034626,0.11209659589316318,0.8635580260088423,0.3422594288809006
luad,checkpoint_exhaustion_context,Checkpoint,proteomics,cibersort_t_cell,evaluable,,105,-0.04779183081069873,0.6282899605115531,evaluable,,105,0.06869168567281775,0.4862549946947883,0.8668385551442818,0.7744061026620702
luad,checkpoint_exhaustion_context,Checkpoint,proteomics,cibersort_myeloid,evaluable,,105,0.13658511300020731,0.16472703054397536,evaluable,,105,0.2262906904416338,0.020274475550598057,0.4857094157753788,0.12709140677651845
luad,checkpoint_exhaustion_context,Checkpoint,phosphoproteomics,estimate_tumor_purity,evaluable,,97,0.18923574584472963,0.06339572322007114,evaluable,,97,0.10719545550178833,0.2959854327135906,0.2959301155462099,0.6183339404057198
luad,checkpoint_exhaustion_context,Checkpoint,phosphoproteomics,estimate_immune_score,evaluable,,97,-0.06414369871660004,0.5324990239612368,evaluable,,97,0.022328003366294973,0.8281447508573263,0.841427006286822,0.9111358026489986
luad,checkpoint_exhaustion_context,Checkpoint,phosphoproteomics,cibersort_t_cell,evaluable,,97,-0.002195981485377656,0.9829684090408354,evaluable,,97,0.06338102251209761,0.5373937332308962,0.995169840227036,0.8202934667765734
luad,checkpoint_exhaustion_context,Checkpoint,phosphoproteomics,cibersort_myeloid,evaluable,,97,-0.11086419103723963,0.2796671360501814,evaluable,,97,-0.01642383757626762,0.8731411570842967,0.6432704640323285,0.938626743865619
luad,myeloid_inflammatory_context,Myeloid,proteomics,estimate_tumor_purity,evaluable,,105,-0.013155712212315986,0.8940367962771851,evaluable,,105,0.010325523533070702,0.9167397404813636,0.9629599182729708,0.9525533327032649
luad,myeloid_inflammatory_context,Myeloid,proteomics,estimate_immune_score,evaluable,,105,0.022776280323450134,0.8176072523507921,evaluable,,105,4.1467965996267875e-05,0.9996650212182883,0.9370575180358394,0.9996650212182882
luad,myeloid_inflammatory_context,Myeloid,proteomics,cibersort_t_cell,evaluable,,105,-0.08194070080862532,0.40597924792327833,evaluable,,105,-0.08103877254820652,0.4111834010025587,0.7358489373967918,0.7192224912451535
luad,myeloid_inflammatory_context,Myeloid,proteomics,cibersort_myeloid,evaluable,,105,0.07310802405142026,0.45859678361684236,evaluable,,105,0.043033381712626995,0.6629205683628324,0.7782354585511315,0.8540598105997502
luad,myeloid_inflammatory_context,Myeloid,phosphoproteomics,estimate_tumor_purity,evaluable,,90,0.094472568629872,0.3757789586418746,evaluable,,90,0.03183109025805655,0.7658324954367921,0.7263250934775017,0.8838328861618966
luad,myeloid_inflammatory_context,Myeloid,phosphoproteomics,estimate_immune_score,evaluable,,90,-0.024077046548956663,0.8217811631540782,evaluable,,90,0.05318352059925093,0.6185947022303643,0.9370575180358394,0.8357554390781642
luad,myeloid_inflammatory_context,Myeloid,phosphoproteomics,cibersort_t_cell,evaluable,,90,-0.09544388196073587,0.3708681591264047,evaluable,,90,-0.030234185290365062,0.7772673390464895,0.7263250934775017,0.8868917989931221
luad,myeloid_inflammatory_context,Myeloid,phosphoproteomics,cibersort_myeloid,evaluable,,90,-0.022463678643453923,0.8335453503458339,evaluable,,90,0.058501049512285457,0.5838970869259036,0.9370575180358394,0.8343913865782326
luad,tgfb_emt_exclusion_context,TGF/EMT,proteomics,estimate_tumor_purity,evaluable,,105,-0.013570391872278662,0.8907170854636511,evaluable,,105,-0.029784366576819404,0.7629474892311691,0.9629599182729708,0.8838328861618966
luad,tgfb_emt_exclusion_context,TGF/EMT,proteomics,estimate_immune_score,evaluable,,105,-0.08800539083557951,0.3720040131955683,evaluable,,105,-0.0716566452415509,0.467589190079055,0.7263250934775017,0.7615259798996987
luad,tgfb_emt_exclusion_context,TGF/EMT,proteomics,cibersort_t_cell,evaluable,,105,-0.08296703296703296,0.40010468151936385,evaluable,,105,-0.047128343354758455,0.633072739224815,0.7358489373967918,0.8383616271074572
luad,tgfb_emt_exclusion_context,TGF/EMT,proteomics,cibersort_myeloid,evaluable,,105,-0.015488285299606053,0.875388851479891,evaluable,,105,-0.02343976777939042,0.8123902359021623,0.9616396507597856,0.9034339692360253
luad,tgfb_emt_exclusion_context,TGF/EMT,phosphoproteomics,estimate_tumor_purity,evaluable,,105,-0.19165457184325105,0.05016401621746418,evaluable,,105,-0.1708687538876218,0.08137457709885557,0.25628348879417345,0.28371136339871267
luad,tgfb_emt_exclusion_context,TGF/EMT,phosphoproteomics,estimate_immune_score,evaluable,,105,0.13927016379846568,0.15650428220755097,evaluable,,105,0.11120671781049139,0.2587307254590908,0.46679889953234854,0.5705344202431233
luad,tgfb_emt_exclusion_context,TGF/EMT,phosphoproteomics,cibersort_t_cell,evaluable,,105,0.032168774621604806,0.7445981276232304,evaluable,,105,0.029597760729836203,0.7643892293895933,0.9031364692597919,0.8838328861618966
luad,tgfb_emt_exclusion_context,TGF/EMT,phosphoproteomics,cibersort_myeloid,evaluable,,105,0.12002902757619739,0.22260764517095363,evaluable,,105,0.0913020941322828,0.35428725169365827,0.5743090682006105,0.6814956589887277
luad,proteasome_antigen_processing,Proteasome,proteomics,estimate_tumor_purity,evaluable,,105,-0.10785817955629277,0.2734351624013126,evaluable,,105,-0.09897366784159238,0.3151342841786112,0.6355519990949429,0.6327209752379899
luad,proteasome_antigen_processing,Proteasome,proteomics,estimate_immune_score,evaluable,,105,0.19827907941115486,0.042599746949326445,evaluable,,105,0.18053078996475222,0.06534080517813326,0.22897363985262964,0.24791070199938794
luad,proteasome_antigen_processing,Proteasome,proteomics,cibersort_t_cell,evaluable,,105,0.22885133734190335,0.01886381685326678,evaluable,,105,0.225699771926187,0.020612596565297167,0.1474807499437221,0.12709140677651845
luad,proteasome_antigen_processing,Proteasome,proteomics,cibersort_myeloid,evaluable,,105,0.07329462989840349,0.45744758971698474,evaluable,,105,0.06570599212108647,0.5054451772254974,0.7782354585511315,0.7879447475781168
luad,proteasome_antigen_processing,Proteasome,phosphoproteomics,estimate_tumor_purity,evaluable,,105,-0.149533485382542,0.12788531246401344,evaluable,,105,-0.13444951275139952,0.1714926851240146,0.42300526430404445,0.4682022514496907
luad,proteasome_antigen_processing,Proteasome,phosphoproteomics,estimate_immune_score,evaluable,,105,0.14649595687331535,0.13590233491804057,evaluable,,105,0.1225378395189716,0.21301868812971553,0.4355627628429126,0.5235601992638209
luad,proteasome_antigen_processing,Proteasome,phosphoproteomics,cibersort_t_cell,evaluable,,105,0.0524466099937798,0.5951758504707606,evaluable,,105,0.039228695832469414,0.6911346809217853,0.8555442489920219,0.8617822682172687
luad,proteasome_antigen_processing,Proteasome,phosphoproteomics,cibersort_myeloid,evaluable,,105,0.16245075679037943,0.09777929187500792,evaluable,,105,0.15292349160273688,0.1193714688596973,0.358020893574584,0.3569406603441423
ov,antigen_presentation_mhc_i,MHC-I,proteomics,estimate_tumor_purity,evaluable,,82,-0.16211186208247627,0.1456434975524243,evaluable,,82,-0.24458810853168778,0.026788188584109383,0.4500122439344368,0.14705005648298342
ov,antigen_presentation_mhc_i,MHC-I,proteomics,estimate_immune_score,evaluable,,82,0.24238961265114656,0.02823067884098831,evaluable,,82,0.33944994068414586,0.0018094241745505587,0.18439278837911352,0.0249393772216367
ov,antigen_presentation_mhc_i,MHC-I,proteomics,cibersort_t_cell,evaluable,,82,0.17151532961112742,0.12338123385258208,evaluable,,82,0.23089648567168403,0.03688369207282463,0.4120596775884126,0.1762220843479399
ov,antigen_presentation_mhc_i,MHC-I,proteomics,cibersort_myeloid,evaluable,,82,0.2921713956095385,0.007733394203259558,evaluable,,82,0.39665436815010724,0.00022489636410548956,0.08313398768504025,0.006447029104357367
ov,antigen_presentation_mhc_i,MHC-I,phosphoproteomics,estimate_tumor_purity,evaluable,,73,-0.06954214488461065,0.558802180170167,evaluable,,73,-0.14908058743675184,0.20809947669846346,0.8455774925742117,0.5235601992638209
ov,antigen_presentation_mhc_i,MHC-I,phosphoproteomics,estimate_immune_score,evaluable,,73,0.09218807848944838,0.43791759746759895,evaluable,,73,0.19181167468838706,0.10401612330136441,0.7623006751645824,0.32480982324690383
ov,antigen_presentation_mhc_i,MHC-I,phosphoproteomics,cibersort_t_cell,evaluable,,73,-0.07475626311242752,0.5296279009951418,evaluable,,73,-0.017215845982969276,0.8850550033732006,0.8408861443492097,0.9470575744387602
ov,antigen_presentation_mhc_i,MHC-I,phosphoproteomics,cibersort_myeloid,evaluable,,73,0.2142107861285944,0.06878709287990428,evaluable,,73,0.28659138590645444,0.013964478048099032,0.30864469500896186,0.1039169508863075
ov,antigen_presentation_mhc_ii,MHC-II,proteomics,estimate_tumor_purity,evaluable,,82,0.020232692286762225,0.8568224117887348,evaluable,,82,-0.005735679846758307,0.9592124973165779,0.9521384995183164,0.9762399380973454
ov,antigen_presentation_mhc_ii,MHC-II,proteomics,estimate_immune_score,evaluable,,82,-0.052905388491635924,0.6368877378760853,evaluable,,82,-0.006410465711082814,0.9544188226983468,0.8686798117798894,0.973280854767484
ov,antigen_presentation_mhc_ii,MHC-II,proteomics,cibersort_t_cell,evaluable,,82,0.09639642581164767,0.3889546461680048,evaluable,,82,0.13936504826895657,0.21176230220370287,0.7358489373967918,0.5235601992638209
ov,antigen_presentation_mhc_ii,MHC-II,proteomics,cibersort_myeloid,evaluable,,82,0.059435574275421475,0.595821655550369,evaluable,,82,0.09210827048029518,0.4104950349341196,0.8555442489920219,0.7192224912451535
ov,antigen_presentation_mhc_ii,MHC-II,phosphoproteomics,estimate_tumor_purity,not_evaluable,complete_pair_n_below_20,0,,,not_evaluable,complete_pair_n_below_20,0,,,,
ov,antigen_presentation_mhc_ii,MHC-II,phosphoproteomics,estimate_immune_score,not_evaluable,complete_pair_n_below_20,0,,,not_evaluable,complete_pair_n_below_20,0,,,,
ov,antigen_presentation_mhc_ii,MHC-II,phosphoproteomics,cibersort_t_cell,not_evaluable,complete_pair_n_below_20,0,,,not_evaluable,complete_pair_n_below_20,0,,,,
ov,antigen_presentation_mhc_ii,MHC-II,phosphoproteomics,cibersort_myeloid,not_evaluable,complete_pair_n_below_20,0,,,not_evaluable,complete_pair_n_below_20,0,,,,
ov,ifn_gamma_response,IFN-gamma,proteomics,estimate_tumor_purity,evaluable,,82,-0.2371001621662803,0.031972353917062844,evaluable,,82,-0.273865108128993,0.012785872666794018,0.20106497300465526,0.09996227721311686
ov,ifn_gamma_response,IFN-gamma,proteomics,estimate_immune_score,evaluable,,82,0.1008151848586759,0.3674797840446104,evaluable,,82,0.13734069067598306,0.21853974334168358,0.7263250934775017,0.5319174885108902
ov,ifn_gamma_response,IFN-gamma,proteomics,cibersort_t_cell,evaluable,,82,0.2866642722652126,0.009026522476795973,evaluable,,82,0.317225541733329,0.0036854355498723295,0.08704986634478225,0.03728793615164945
ov,ifn_gamma_response,IFN-gamma,proteomics,cibersort_myeloid,evaluable,,82,0.2952623502138636,0.007081440815503462,evaluable,,82,0.34241029157279523,0.001639300849001493,0.08304598774544969,0.024878801120140306
ov,ifn_gamma_response,IFN-gamma,phosphoproteomics,estimate_tumor_purity,evaluable,,75,-0.044011379800853484,0.707712733586225,evaluable,,75,-0.0842674253200569,0.47226417358120854,0.8858274447795754,0.7615259798996987
ov,ifn_gamma_response,IFN-gamma,phosphoproteomics,estimate_immune_score,evaluable,,75,-0.039971550497866284,0.7334907482059694,evaluable,,75,-0.0034139402560455193,0.9768094925855634,0.9029900491300843,0.988301368968923
ov,ifn_gamma_response,IFN-gamma,phosphoproteomics,cibersort_t_cell,evaluable,,75,0.11123755334281649,0.3420522441353938,evaluable,,75,0.17004267425320055,0.14469614693269608,0.7029199270337394,0.40358492874200635
ov,ifn_gamma_response,IFN-gamma,phosphoproteomics,cibersort_myeloid,evaluable,,75,0.09852062588904692,0.4003862432144027,evaluable,,75,0.14088193456614506,0.22796992732586965,0.7358489373967918,0.5354989636578569
ov,cytolytic_t_cell_context,Cytolytic,proteomics,estimate_tumor_purity,evaluable,,77,-0.047163362952836636,0.6837770667951707,evaluable,,77,-0.11065250538934748,0.33804443850450067,0.8773178692399607,0.6646058958941683
ov,cytolytic_t_cell_context,Cytolytic,proteomics,estimate_immune_score,evaluable,,77,0.05368315894631684,0.6428645201901502,evaluable,,77,0.10770808139229192,0.3511340978287418,0.8686798117798894,0.6811473476677847
ov,cytolytic_t_cell_context,Cytolytic,proteomics,cibersort_t_cell,evaluable,,77,0.13833534886166463,0.2302125361539549,evaluable,,77,0.17022451232977548,0.1388444100010724,0.574651240080553,0.39149571344564676
ov,cytolytic_t_cell_context,Cytolytic,proteomics,cibersort_myeloid,evaluable,,77,0.1653083758346916,0.15078775654057555,evaluable,,77,0.2268258057731742,0.047281344396542115,0.45500866885928065,0.19997683367717814
ov,cytolytic_t_cell_context,Cytolytic,phosphoproteomics,estimate_tumor_purity,not_evaluable,complete_pair_n_below_20,0,,,not_evaluable,complete_pair_n_below_20,0,,,,
ov,cytolytic_t_cell_context,Cytolytic,phosphoproteomics,estimate_immune_score,not_evaluable,complete_pair_n_below_20,0,,,not_evaluable,complete_pair_n_below_20,0,,,,
ov,cytolytic_t_cell_context,Cytolytic,phosphoproteomics,cibersort_t_cell,not_evaluable,complete_pair_n_below_20,0,,,not_evaluable,complete_pair_n_below_20,0,,,,
ov,cytolytic_t_cell_context,Cytolytic,phosphoproteomics,cibersort_myeloid,not_evaluable,complete_pair_n_below_20,0,,,not_evaluable,complete_pair_n_below_20,0,,,,
ov,checkpoint_exhaustion_context,Checkpoint,proteomics,estimate_tumor_purity,not_evaluable,complete_pair_n_below_20,0,,,not_evaluable,complete_pair_n_below_20,0,,,,
ov,checkpoint_exhaustion_context,Checkpoint,proteomics,estimate_immune_score,not_evaluable,complete_pair_n_below_20,0,,,not_evaluable,complete_pair_n_below_20,0,,,,
ov,checkpoint_exhaustion_context,Checkpoint,proteomics,cibersort_t_cell,not_evaluable,complete_pair_n_below_20,0,,,not_evaluable,complete_pair_n_below_20,0,,,,
ov,checkpoint_exhaustion_context,Checkpoint,proteomics,cibersort_myeloid,not_evaluable,complete_pair_n_below_20,0,,,not_evaluable,complete_pair_n_below_20,0,,,,
ov,checkpoint_exhaustion_context,Checkpoint,phosphoproteomics,estimate_tumor_purity,not_evaluable,complete_pair_n_below_20,0,,,not_evaluable,complete_pair_n_below_20,0,,,,
ov,checkpoint_exhaustion_context,Checkpoint,phosphoproteomics,estimate_immune_score,not_evaluable,complete_pair_n_below_20,0,,,not_evaluable,complete_pair_n_below_20,0,,,,
ov,checkpoint_exhaustion_context,Checkpoint,phosphoproteomics,cibersort_t_cell,not_evaluable,complete_pair_n_below_20,0,,,not_evaluable,complete_pair_n_below_20,0,,,,
ov,checkpoint_exhaustion_context,Checkpoint,phosphoproteomics,cibersort_myeloid,not_evaluable,complete_pair_n_below_20,0,,,not_evaluable,complete_pair_n_below_20,0,,,,
ov,myeloid_inflammatory_context,Myeloid,proteomics,estimate_tumor_purity,evaluable,,82,-0.300051153121973,0.00616681770939175,evaluable,,82,-0.3527715196830683,0.0011515369058386082,0.074001812512701,0.019864536797359143
ov,myeloid_inflammatory_context,Myeloid,proteomics,estimate_immune_score,evaluable,,82,0.19149769810951123,0.08480665369888071,evaluable,,82,0.25660365037385313,0.01996087511627205,0.3366171792970957,0.12709140677651845
ov,myeloid_inflammatory_context,Myeloid,proteomics,cibersort_t_cell,evaluable,,82,0.3457624536084719,0.001464196080553534,evaluable,,82,0.36520063995820684,0.0007419526995516936,0.030329610850084412,0.015313903718746958
ov,myeloid_inflammatory_context,Myeloid,proteomics,cibersort_myeloid,evaluable,,82,0.3377520923803616,0.0019140261067780793,evaluable,,82,0.396763204579837,0.00022392230744110297,0.03527276682491032,0.006447029104357367
ov,myeloid_inflammatory_context,Myeloid,phosphoproteomics,estimate_tumor_purity,not_evaluable,complete_pair_n_below_20,0,,,not_evaluable,complete_pair_n_below_20,0,,,,
ov,myeloid_inflammatory_context,Myeloid,phosphoproteomics,estimate_immune_score,not_evaluable,complete_pair_n_below_20,0,,,not_evaluable,complete_pair_n_below_20,0,,,,
ov,myeloid_inflammatory_context,Myeloid,phosphoproteomics,cibersort_t_cell,not_evaluable,complete_pair_n_below_20,0,,,not_evaluable,complete_pair_n_below_20,0,,,,
ov,myeloid_inflammatory_context,Myeloid,phosphoproteomics,cibersort_myeloid,not_evaluable,complete_pair_n_below_20,0,,,not_evaluable,complete_pair_n_below_20,0,,,,
ov,tgfb_emt_exclusion_context,TGF/EMT,proteomics,estimate_tumor_purity,evaluable,,82,-0.066879986068937,0.5505103527391865,evaluable,,82,-0.16957804116193775,0.12774012424920092,0.8440155672177055,0.3745108188215209
ov,tgfb_emt_exclusion_context,TGF/EMT,proteomics,estimate_immune_score,evaluable,,82,0.05556099737704205,0.6200457369283575,evaluable,,82,0.14276074487652507,0.20073084825125048,0.8635580260088423,0.5158484230738382
ov,tgfb_emt_exclusion_context,TGF/EMT,proteomics,cibersort_t_cell,evaluable,,82,0.09465504293597153,0.397619356205596,evaluable,,82,0.20769255885329937,0.06116019113059817,0.7358489373967918,0.23908074714688377
ov,tgfb_emt_exclusion_context,TGF/EMT,proteomics,cibersort_myeloid,evaluable,,82,0.10331842274246035,0.35564244072431134,evaluable,,82,0.2127861037646521,0.05494365889519783,0.71965293887743,0.2250073649993816
ov,tgfb_emt_exclusion_context,TGF/EMT,phosphoproteomics,estimate_tumor_purity,evaluable,,82,-0.004364340832163341,0.968958760780432,evaluable,,82,-0.06052393857271906,0.5890940997027346,0.9889528497884847,0.8357554390781642
ov,tgfb_emt_exclusion_context,TGF/EMT,phosphoproteomics,estimate_immune_score,evaluable,,82,-0.017511781543518245,0.8759120849943783,evaluable,,82,0.020363296002437938,0.8559080804558032,0.9616396507597856,0.9297864621372516
ov,tgfb_emt_exclusion_context,TGF/EMT,phosphoproteomics,cibersort_t_cell,evaluable,,82,0.18407505360194165,0.09783129068607818,evaluable,,82,0.22719604706087224,0.04010262491658918,0.358020893574584,0.184758521937143
ov,tgfb_emt_exclusion_context,TGF/EMT,phosphoproteomics,cibersort_myeloid,evaluable,,82,-0.0009251096527029528,0.9934186300990062,evaluable,,82,0.05575690295055562,0.6188108639844038,0.9991656078340749,0.8357554390781642
ov,proteasome_antigen_processing,Proteasome,proteomics,estimate_tumor_purity,evaluable,,82,-0.11729302031976142,0.2939686052012571,evaluable,,82,-0.12397557710516866,0.2671286193244242,0.6573486816164528,0.5862382185114714
ov,proteasome_antigen_processing,Proteasome,proteomics,estimate_immune_score,evaluable,,82,0.18303022387653597,0.09978424018814161,evaluable,,82,0.20830204285978604,0.060387503488808364,0.3600606149446229,0.23786222748263447
ov,proteasome_antigen_processing,Proteasome,proteomics,cibersort_t_cell,evaluable,,82,0.19045286838410555,0.08655204756553883,evaluable,,82,0.2234085393062766,0.04363601800875933,0.34092256903677887,0.1934247566261632
ov,proteasome_antigen_processing,Proteasome,proteomics,cibersort_myeloid,evaluable,,82,0.18533755618680686,0.09551159679954432,evaluable,,82,0.19981280134086482,0.07189205144455725,0.3549910656960054,0.2581977815860809
ov,proteasome_antigen_processing,Proteasome,phosphoproteomics,estimate_tumor_purity,evaluable,,82,-0.167640752712748,0.1322155445194957,evaluable,,82,-0.17367029091977668,0.11866744004013911,0.4296702154592108,0.3569406603441423
ov,proteasome_antigen_processing,Proteasome,phosphoproteomics,estimate_immune_score,evaluable,,82,0.2323113592581709,0.035711368933107994,evaluable,,82,0.2529032117630413,0.021883728522243972,0.20769360737074608,0.12979314847675735
ov,proteasome_antigen_processing,Proteasome,phosphoproteomics,cibersort_t_cell,evaluable,,82,0.1521424451192303,0.17240516997181168,evaluable,,82,0.1683590731489644,0.13054242043581651,0.5026049022907052,0.3784263423869737
ov,proteasome_antigen_processing,Proteasome,phosphoproteomics,cibersort_myeloid,evaluable,,82,0.19737486531491824,0.07550309544118504,evaluable,,82,0.1835961733111307,0.09872264022048975,0.31419030038428614,0.320382907885363
pdac,antigen_presentation_mhc_i,MHC-I,proteomics,estimate_tumor_purity,evaluable,,105,-0.0862844702467344,0.3814636086120812,evaluable,,105,-0.05654157163591125,0.566711136105595,0.7317294499770777,0.830092972396869
pdac,antigen_presentation_mhc_i,MHC-I,proteomics,estimate_immune_score,evaluable,,105,0.088388969521045,0.36991524808580833,evaluable,,105,0.07162554426705368,0.46778293242830593,0.7263250934775017,0.7615259798996987
pdac,antigen_presentation_mhc_i,MHC-I,proteomics,cibersort_t_cell,evaluable,,105,0.15244660999377982,0.12054196496977884,evaluable,,105,0.09153016794526228,0.3530813075305887,0.41191823790997273,0.6814956589887277
pdac,antigen_presentation_mhc_i,MHC-I,proteomics,cibersort_myeloid,evaluable,,105,0.07557536802819821,0.44353132164800396,evaluable,,105,0.059050383578685466,0.549595948415309,0.7654252908708028,0.8202934667765734
pdac,antigen_presentation_mhc_i,MHC-I,phosphoproteomics,estimate_tumor_purity,evaluable,,105,0.17311839104291932,0.07738558979332356,evaluable,,105,0.1696765498652291,0.08355426679455386,0.316912415344087,0.28742667777326525
pdac,antigen_presentation_mhc_i,MHC-I,phosphoproteomics,estimate_immune_score,evaluable,,105,-0.093655401202571,0.3419673666136455,evaluable,,105,-0.06953141198424216,0.48092857778697995,0.7029199270337394,0.7682945700869401
pdac,antigen_presentation_mhc_i,MHC-I,phosphoproteomics,cibersort_t_cell,evaluable,,105,-0.07287995023844081,0.460003517166851,evaluable,,105,-0.07103462575160688,0.47147235215798733,0.7782354585511315,0.7615259798996987
pdac,antigen_presentation_mhc_i,MHC-I,phosphoproteomics,cibersort_myeloid,evaluable,,105,-0.0547688160895708,0.5789547612857171,evaluable,,105,-0.04659962678830603,0.6368948795079907,0.8462908125309632,0.8383616271074572
pdac,antigen_presentation_mhc_ii,MHC-II,proteomics,estimate_tumor_purity,evaluable,,105,0.18126684636118598,0.06423289329685176,evaluable,,105,0.1337134563549658,0.17387139477063077,0.2959301155462099,0.47036297211391226
pdac,antigen_presentation_mhc_ii,MHC-II,proteomics,estimate_immune_score,evaluable,,105,-0.0761455525606469,0.4400898717854285,evaluable,,105,-0.03499896330085009,0.723002961348494,0.7623006751645824,0.8676035536181927
pdac,antigen_presentation_mhc_ii,MHC-II,proteomics,cibersort_t_cell,evaluable,,105,0.07832262077545096,0.4270895103374493,evaluable,,105,0.08999585320340038,0.3612433128850497,0.7547198196374104,0.6852998141495795
pdac,antigen_presentation_mhc_ii,MHC-II,proteomics,cibersort_myeloid,evaluable,,105,-0.07948372382334647,0.42024714733230645,evaluable,,105,-0.03705162761766535,0.7074743134768822,0.745611877808093,0.8630183114753456
pdac,antigen_presentation_mhc_ii,MHC-II,phosphoproteomics,estimate_tumor_purity,not_evaluable,complete_pair_n_below_20,0,,,not_evaluable,complete_pair_n_below_20,0,,,,
pdac,antigen_presentation_mhc_ii,MHC-II,phosphoproteomics,estimate_immune_score,not_evaluable,complete_pair_n_below_20,0,,,not_evaluable,complete_pair_n_below_20,0,,,,
pdac,antigen_presentation_mhc_ii,MHC-II,phosphoproteomics,cibersort_t_cell,not_evaluable,complete_pair_n_below_20,0,,,not_evaluable,complete_pair_n_below_20,0,,,,
pdac,antigen_presentation_mhc_ii,MHC-II,phosphoproteomics,cibersort_myeloid,not_evaluable,complete_pair_n_below_20,0,,,not_evaluable,complete_pair_n_below_20,0,,,,
pdac,ifn_gamma_response,IFN-gamma,proteomics,estimate_tumor_purity,evaluable,,105,-0.02984656852581381,0.7624670889085429,evaluable,,105,-0.07293178519593614,0.4596835962103788,0.9095986085807414,0.7615259798996987
pdac,ifn_gamma_response,IFN-gamma,proteomics,estimate_immune_score,evaluable,,105,0.004177897574123989,0.9662608004594839,evaluable,,105,0.08372382334646486,0.39580536544597655,0.9889528497884847,0.7139989198957595
pdac,ifn_gamma_response,IFN-gamma,proteomics,cibersort_t_cell,evaluable,,105,-0.10191789342732739,0.3008823591914461,evaluable,,105,-0.07424839311631765,0.4515988810106694,0.6663317482523013,0.7606808211744007
pdac,ifn_gamma_response,IFN-gamma,proteomics,cibersort_myeloid,evaluable,,105,0.11844287787684014,0.22882496061368765,evaluable,,105,0.1250673854447439,0.2036517180750075,0.574651240080553,0.516313461990245
pdac,ifn_gamma_response,IFN-gamma,phosphoproteomics,estimate_tumor_purity,evaluable,,105,0.1000622019489944,0.30981498337585084,evaluable,,105,0.058449098071739584,0.5536749641602915,0.6802746017954853,0.8209663261687081
pdac,ifn_gamma_response,IFN-gamma,phosphoproteomics,estimate_immune_score,evaluable,,105,-0.1311320754716981,0.18240556876478875,evaluable,,105,-0.06524984449512751,0.5084112230084656,0.5115286602316902,0.7901812984107478
pdac,ifn_gamma_response,IFN-gamma,phosphoproteomics,cibersort_t_cell,evaluable,,105,-0.02196765498652291,0.8239762491185386,evaluable,,105,0.018525813808832677,0.8512084186977873,0.9370575180358394,0.9270147314441552
pdac,ifn_gamma_response,IFN-gamma,phosphoproteomics,cibersort_myeloid,evaluable,,105,-0.056116524984449516,0.5696355667543175,evaluable,,105,0.01314534522081692,0.8941198127300393,0.8462908125309632,0.9477149388499249
pdac,cytolytic_t_cell_context,Cytolytic,proteomics,estimate_tumor_purity,evaluable,,105,0.04584283640887414,0.6423823719095669,evaluable,,105,0.004799917064068008,0.9612412372600818,0.8686798117798894,0.9763788945397681
pdac,cytolytic_t_cell_context,Cytolytic,proteomics,estimate_immune_score,evaluable,,105,-0.012471490773377565,0.899518293009201,evaluable,,105,0.049492017416545714,0.6161044419431237,0.9648128486542645,0.8357554390781642
pdac,cytolytic_t_cell_context,Cytolytic,proteomics,cibersort_t_cell,evaluable,,105,0.04458843043748704,0.6515204697543525,evaluable,,105,0.1287165664524155,0.19066487016519684,0.8686798117798894,0.49940646195554095
pdac,cytolytic_t_cell_context,Cytolytic,proteomics,cibersort_myeloid,evaluable,,105,-0.03852374041053286,0.696410542896636,evaluable,,105,-0.01310387725482065,0.8944518899610725,0.8786010761238732,0.9477149388499249
pdac,cytolytic_t_cell_context,Cytolytic,phosphoproteomics,estimate_tumor_purity,not_evaluable,complete_pair_n_below_20,0,,,not_evaluable,complete_pair_n_below_20,0,,,,
pdac,cytolytic_t_cell_context,Cytolytic,phosphoproteomics,estimate_immune_score,not_evaluable,complete_pair_n_below_20,0,,,not_evaluable,complete_pair_n_below_20,0,,,,
pdac,cytolytic_t_cell_context,Cytolytic,phosphoproteomics,cibersort_t_cell,not_evaluable,complete_pair_n_below_20,0,,,not_evaluable,complete_pair_n_below_20,0,,,,
pdac,cytolytic_t_cell_context,Cytolytic,phosphoproteomics,cibersort_myeloid,not_evaluable,complete_pair_n_below_20,0,,,not_evaluable,complete_pair_n_below_20,0,,,,
pdac,checkpoint_exhaustion_context,Checkpoint,proteomics,estimate_tumor_purity,evaluable,,31,0.11491935483870967,0.5381618885371389,evaluable,,31,0.04637096774193549,0.8043619731869769,0.8414894984398897,0.9022539886142951
pdac,checkpoint_exhaustion_context,Checkpoint,proteomics,estimate_immune_score,evaluable,,31,-0.13225806451612906,0.47817196597755224,evaluable,,31,-0.05725806451612903,0.7596429762524394,0.798500758719796,0.8838328861618966
pdac,checkpoint_exhaustion_context,Checkpoint,proteomics,cibersort_t_cell,evaluable,,31,-0.4919354838709678,0.004940812906721146,evaluable,,31,-0.3834677419354839,0.033213971887373094,0.06218193804556369,0.1696872227117279
pdac,checkpoint_exhaustion_context,Checkpoint,proteomics,cibersort_myeloid,evaluable,,31,-0.08427419354838711,0.6521769610520184,evaluable,,31,-0.05080645161290323,0.7860611857054487,0.8686798117798894,0.8894902890877446
pdac,checkpoint_exhaustion_context,Checkpoint,phosphoproteomics,estimate_tumor_purity,not_evaluable,complete_pair_n_below_20,0,,,not_evaluable,complete_pair_n_below_20,0,,,,
pdac,checkpoint_exhaustion_context,Checkpoint,phosphoproteomics,estimate_immune_score,not_evaluable,complete_pair_n_below_20,0,,,not_evaluable,complete_pair_n_below_20,0,,,,
pdac,checkpoint_exhaustion_context,Checkpoint,phosphoproteomics,cibersort_t_cell,not_evaluable,complete_pair_n_below_20,0,,,not_evaluable,complete_pair_n_below_20,0,,,,
pdac,checkpoint_exhaustion_context,Checkpoint,phosphoproteomics,cibersort_myeloid,not_evaluable,complete_pair_n_below_20,0,,,not_evaluable,complete_pair_n_below_20,0,,,,
pdac,myeloid_inflammatory_context,Myeloid,proteomics,estimate_tumor_purity,evaluable,,105,-0.10478955007256893,0.2873957796253559,evaluable,,105,-0.1336408874144723,0.17410722417394814,0.6532234330891787,0.47036297211391226
pdac,myeloid_inflammatory_context,Myeloid,proteomics,estimate_immune_score,evaluable,,105,-0.08026124818577647,0.4157008996861571,evaluable,,105,-0.03522703711382957,0.7212718582632923,0.7422374200250867,0.8675437735754286
pdac,myeloid_inflammatory_context,Myeloid,proteomics,cibersort_t_cell,evaluable,,105,-0.1815985900891561,0.0637385732002401,evaluable,,105,-0.16125855276798673,0.10029959136462409,0.2959301155462099,0.32231784593790297
pdac,myeloid_inflammatory_context,Myeloid,proteomics,cibersort_myeloid,evaluable,,105,-0.09357246527057848,0.34239690176499044,evaluable,,105,-0.04524155090192826,0.6467560704189064,0.7029199270337394,0.8408883923701701
pdac,myeloid_inflammatory_context,Myeloid,phosphoproteomics,estimate_tumor_purity,not_evaluable,complete_pair_n_below_20,0,,,not_evaluable,complete_pair_n_below_20,0,,,,
pdac,myeloid_inflammatory_context,Myeloid,phosphoproteomics,estimate_immune_score,not_evaluable,complete_pair_n_below_20,0,,,not_evaluable,complete_pair_n_below_20,0,,,,
pdac,myeloid_inflammatory_context,Myeloid,phosphoproteomics,cibersort_t_cell,not_evaluable,complete_pair_n_below_20,0,,,not_evaluable,complete_pair_n_below_20,0,,,,
pdac,myeloid_inflammatory_context,Myeloid,phosphoproteomics,cibersort_myeloid,not_evaluable,complete_pair_n_below_20,0,,,not_evaluable,complete_pair_n_below_20,0,,,,
pdac,tgfb_emt_exclusion_context,TGF/EMT,proteomics,estimate_tumor_purity,evaluable,,105,-0.12968069666182874,0.18733629423491127,evaluable,,105,-0.19166493883475014,0.05015136436083058,0.5139673600697182,0.21039108951372829
pdac,tgfb_emt_exclusion_context,TGF/EMT,proteomics,estimate_immune_score,evaluable,,105,0.019728384822724446,0.8416719495731209,evaluable,,105,0.08581795562927638,0.38405279968447725,0.9435130656482824,0.7002517478345945
pdac,tgfb_emt_exclusion_context,TGF/EMT,proteomics,cibersort_t_cell,evaluable,,105,-0.033744557329462986,0.7325488007797128,evaluable,,105,-0.0019904623678208585,0.9839220902994588,0.9029900491300843,0.9916089816299233
pdac,tgfb_emt_exclusion_context,TGF/EMT,proteomics,cibersort_myeloid,evaluable,,105,0.04589467136636948,0.6420058976284483,evaluable,,105,0.0911154882852996,0.35527583772861965,0.8686798117798894,0.6814956589887277
pdac,tgfb_emt_exclusion_context,TGF/EMT,phosphoproteomics,estimate_tumor_purity,evaluable,,105,-0.3188057225793075,0.0009176914985063985,evaluable,,105,-0.3362015343147418,0.00045412765637841746,0.025041961726860622,0.011158565271012543
pdac,tgfb_emt_exclusion_context,TGF/EMT,phosphoproteomics,estimate_immune_score,evaluable,,105,0.23097657059921212,0.017758067348506514,evaluable,,105,0.21866058469832056,0.025027697157166028,0.14143120682206684,0.14300849905398574
pdac,tgfb_emt_exclusion_context,TGF/EMT,phosphoproteomics,cibersort_t_cell,evaluable,,105,0.02333609786439975,0.8132048602501126,evaluable,,105,-0.012803234501347707,0.8968599915088593,0.9370575180358394,0.9483191713495316
pdac,tgfb_emt_exclusion_context,TGF/EMT,phosphoproteomics,cibersort_myeloid,evaluable,,105,0.23086253369272233,0.01781594659580299,evaluable,,105,0.23600456147625956,0.015362421610521612,0.14143120682206684,0.1100973548754049
pdac,proteasome_antigen_processing,Proteasome,proteomics,estimate_tumor_purity,evaluable,,105,0.20381505287165663,0.037030643174629146,evaluable,,105,0.21971801783122535,0.02431694294878107,0.20769360737074608,0.14131162580928278
pdac,proteasome_antigen_processing,Proteasome,proteomics,estimate_immune_score,evaluable,,105,-0.093655401202571,0.3419673666136455,evaluable,,105,-0.09617458013684428,0.3290823200309772,0.7029199270337394,0.6505995292566445
pdac,proteasome_antigen_processing,Proteasome,proteomics,cibersort_t_cell,evaluable,,105,0.18846153846153846,0.054188159042134317,evaluable,,105,0.16223304996889903,0.09823576096782538,0.2649963174989819,0.320382907885363
pdac,proteasome_antigen_processing,Proteasome,proteomics,cibersort_myeloid,evaluable,,105,-0.0076093717603151565,0.9385912533003882,evaluable,,105,-0.006168359941944848,0.9502038009436378,0.9818142498112106,0.9709013094790437
pdac,proteasome_antigen_processing,Proteasome,phosphoproteomics,estimate_tumor_purity,evaluable,,105,0.1251710553597346,0.20327423106759102,evaluable,,105,0.13147418619116732,0.1812572636255872,0.5428831220333432,0.4796346052861692
pdac,proteasome_antigen_processing,Proteasome,phosphoproteomics,estimate_immune_score,evaluable,,105,0.0388865851130002,0.6936931989339223,evaluable,,105,0.03328840970350404,0.7360302377713513,0.8773178692399607,0.8783632735283143
pdac,proteasome_antigen_processing,Proteasome,phosphoproteomics,cibersort_t_cell,evaluable,,105,0.07393738337134563,0.45350147521883827,evaluable,,105,0.08678208583868961,0.3787134707849041,0.7774311003751513,0.7002517478345945
pdac,proteasome_antigen_processing,Proteasome,phosphoproteomics,cibersort_myeloid,evaluable,,105,0.17075471698113207,0.08158108223129412,evaluable,,105,0.16527057847812565,0.09201661661656932,0.3263243289251765,0.30632628499451464
ucec,antigen_presentation_mhc_i,MHC-I,proteomics,estimate_tumor_purity,evaluable,,95,-0.11636338185890259,0.26144798592510554,evaluable,,95,-0.16949888017917134,0.10056816510853174,0.6160144325906596,0.32231784593790297
ucec,antigen_presentation_mhc_i,MHC-I,proteomics,estimate_immune_score,evaluable,,95,0.15316349384098543,0.138380513567952,evaluable,,95,0.22098264277715568,0.03139423376690982,0.4383420552011122,0.16199424623725467
ucec,antigen_presentation_mhc_i,MHC-I,proteomics,cibersort_t_cell,evaluable,,95,0.17397816349384096,0.09176381220793565,evaluable,,95,0.18791993281075028,0.06820454992526323,0.3507416822169985,0.25254115760593127
ucec,antigen_presentation_mhc_i,MHC-I,proteomics,cibersort_myeloid,evaluable,,95,0.1398236282194849,0.17655457797675275,evaluable,,95,0.2222984322508399,0.030373677067563446,0.5061231235333579,0.15992670782512997
ucec,antigen_presentation_mhc_i,MHC-I,phosphoproteomics,estimate_tumor_purity,evaluable,,89,-0.03493360572012258,0.7451785637203513,evaluable,,89,-0.06394279877425946,0.5516314592470368,0.9031364692597919,0.8202934667765734
ucec,antigen_presentation_mhc_i,MHC-I,phosphoproteomics,estimate_immune_score,evaluable,,89,-3.4048348655090235e-05,0.999747333427552,evaluable,,89,0.049489274770173654,0.6451120323566444,0.9997473334275521,0.8408883923701701
ucec,antigen_presentation_mhc_i,MHC-I,phosphoproteomics,cibersort_t_cell,evaluable,,89,-0.09267960503915562,0.387676450133596,evaluable,,89,-0.05687776642832824,0.596509114757789,0.7358489373967918,0.8357554390781642
ucec,antigen_presentation_mhc_i,MHC-I,phosphoproteomics,cibersort_myeloid,evaluable,,89,-0.06028260129383726,0.5746774638381581,evaluable,,89,-0.013619339462036095,0.8991983323834292,0.8462908125309632,0.9488473200610419
ucec,antigen_presentation_mhc_ii,MHC-II,proteomics,estimate_tumor_purity,evaluable,,95,0.28506438969764836,0.005109819655124389,evaluable,,95,0.22144456886898098,0.031032705340053257,0.06277778433438534,0.1617462217723988
ucec,antigen_presentation_mhc_ii,MHC-II,proteomics,estimate_immune_score,evaluable,,95,-0.2565509518477044,0.012086788092232839,evaluable,,95,-0.20517917133258678,0.04608213705253909,0.10897347037115265,0.1967745794523496
ucec,antigen_presentation_mhc_ii,MHC-II,proteomics,cibersort_t_cell,evaluable,,95,-0.23302071668533034,0.0230552423900269,evaluable,,95,-0.15706886898096303,0.12848499347326636,0.16668836041990842,0.37456642165087817
ucec,antigen_presentation_mhc_ii,MHC-II,proteomics,cibersort_myeloid,evaluable,,95,-0.17502799552071668,0.08979114027804716,evaluable,,95,-0.1351343784994401,0.19165844935509274,0.3507416822169985,0.49947353468296896
ucec,antigen_presentation_mhc_ii,MHC-II,phosphoproteomics,estimate_tumor_purity,not_evaluable,complete_pair_n_below_20,0,,,not_evaluable,complete_pair_n_below_20,0,,,,
ucec,antigen_presentation_mhc_ii,MHC-II,phosphoproteomics,estimate_immune_score,not_evaluable,complete_pair_n_below_20,0,,,not_evaluable,complete_pair_n_below_20,0,,,,
ucec,antigen_presentation_mhc_ii,MHC-II,phosphoproteomics,cibersort_t_cell,not_evaluable,complete_pair_n_below_20,0,,,not_evaluable,complete_pair_n_below_20,0,,,,
ucec,antigen_presentation_mhc_ii,MHC-II,phosphoproteomics,cibersort_myeloid,not_evaluable,complete_pair_n_below_20,0,,,not_evaluable,complete_pair_n_below_20,0,,,,
ucec,ifn_gamma_response,IFN-gamma,proteomics,estimate_tumor_purity,evaluable,,95,-0.18621220604703245,0.07079613242114281,evaluable,,95,-0.19594064949608064,0.05704036123330756,0.31222909683170674,0.22640635689528232
ucec,ifn_gamma_response,IFN-gamma,proteomics,estimate_immune_score,evaluable,,95,0.09256718924972006,0.3722819880635174,evaluable,,95,0.12257838745800674,0.2366511611616523,0.7263250934775017,0.5437818456171795
ucec,ifn_gamma_response,IFN-gamma,proteomics,cibersort_t_cell,evaluable,,95,0.03878779395296753,0.7090052997945051,evaluable,,95,0.024846024636058228,0.8111055179224761,0.8858274447795754,0.9034339692360253
ucec,ifn_gamma_response,IFN-gamma,proteomics,cibersort_myeloid,evaluable,,95,0.13817189249720044,0.18177185016740877,evaluable,,95,0.2051231802911534,0.04614287618940756,0.5115286602316902,0.1967745794523496
ucec,ifn_gamma_response,IFN-gamma,phosphoproteomics,estimate_tumor_purity,evaluable,,95,0.10543113101903695,0.30922523120303,evaluable,,95,0.034896416573348264,0.7370761578251165,0.6802746017954853,0.8783632735283143
ucec,ifn_gamma_response,IFN-gamma,phosphoproteomics,estimate_immune_score,evaluable,,95,-0.12374020156774916,0.23220356617836369,evaluable,,95,-0.044274916013437846,0.6700825536427905,0.5760434622501714,0.8557253210594399
ucec,ifn_gamma_response,IFN-gamma,phosphoproteomics,cibersort_t_cell,evaluable,,95,-0.1308370660694289,0.20630164622099195,evaluable,,95,-0.0932110862262038,0.3689508699414747,0.545905894615548,0.6922859959629125
ucec,ifn_gamma_response,IFN-gamma,phosphoproteomics,cibersort_myeloid,evaluable,,95,-0.08132698768197089,0.4333436409404343,evaluable,,95,0.03029115341545353,0.7707453880409745,0.7596056867959204,0.8838328861618966
ucec,cytolytic_t_cell_context,Cytolytic,proteomics,estimate_tumor_purity,evaluable,,90,-0.0877227641272585,0.4109831147208839,evaluable,,90,-0.11035930361773057,0.3004390459665462,0.7414940111747416,0.6201061908749513
ucec,cytolytic_t_cell_context,Cytolytic,proteomics,estimate_immune_score,evaluable,,90,0.028489113882372307,0.7898175187726584,evaluable,,90,0.05509322138535621,0.6060316966143919,0.9333773128313821,0.8357554390781642
ucec,cytolytic_t_cell_context,Cytolytic,proteomics,cibersort_t_cell,evaluable,,90,-0.04282833271597316,0.6885602291896923,evaluable,,90,-0.03467917849940322,0.7455637998563958,0.8773178692399607,0.8838328861618966
ucec,cytolytic_t_cell_context,Cytolytic,proteomics,cibersort_myeloid,evaluable,,90,0.02832448450425978,0.791004323859201,evaluable,,90,0.05924188171379182,0.5791346319047923,0.9333773128313821,0.830092972396869
ucec,cytolytic_t_cell_context,Cytolytic,phosphoproteomics,estimate_tumor_purity,not_evaluable,complete_pair_n_below_20,0,,,not_evaluable,complete_pair_n_below_20,0,,,,
ucec,cytolytic_t_cell_context,Cytolytic,phosphoproteomics,estimate_immune_score,not_evaluable,complete_pair_n_below_20,0,,,not_evaluable,complete_pair_n_below_20,0,,,,
ucec,cytolytic_t_cell_context,Cytolytic,phosphoproteomics,cibersort_t_cell,not_evaluable,complete_pair_n_below_20,0,,,not_evaluable,complete_pair_n_below_20,0,,,,
ucec,cytolytic_t_cell_context,Cytolytic,phosphoproteomics,cibersort_myeloid,not_evaluable,complete_pair_n_below_20,0,,,not_evaluable,complete_pair_n_below_20,0,,,,
ucec,checkpoint_exhaustion_context,Checkpoint,proteomics,estimate_tumor_purity,evaluable,,43,-0.401087284808215,0.00768627500523122,evaluable,,43,-0.3657505285412262,0.015867859911935206,0.08313398768504025,0.112161859103542
ucec,checkpoint_exhaustion_context,Checkpoint,proteomics,estimate_immune_score,evaluable,,43,0.3716399879190577,0.014135893473396685,evaluable,,43,0.339927514346119,0.025730986044109897,0.11957575462742114,0.14300849905398574
ucec,checkpoint_exhaustion_context,Checkpoint,proteomics,cibersort_t_cell,evaluable,,43,0.08879492600422834,0.5712374614729447,evaluable,,43,0.0572334642102084,0.715451194967746,0.8462908125309632,0.8675437735754286
ucec,checkpoint_exhaustion_context,Checkpoint,proteomics,cibersort_myeloid,evaluable,,43,0.42283298097251576,0.0047305934168528465,evaluable,,43,0.37496224705527026,0.013231735499807806,0.06102465507740172,0.10040552232207099
ucec,checkpoint_exhaustion_context,Checkpoint,phosphoproteomics,estimate_tumor_purity,evaluable,,31,-0.06088709677419355,0.7448965841400211,evaluable,,31,-0.14233870967741935,0.44496104932632863,0.9031364692597919,0.7602645743456476
ucec,checkpoint_exhaustion_context,Checkpoint,phosphoproteomics,estimate_immune_score,evaluable,,31,0.011290322580645162,0.9519323200315776,evaluable,,31,0.09717741935483871,0.6030216655993793,0.9840675276662173,0.8357554390781642
ucec,checkpoint_exhaustion_context,Checkpoint,phosphoproteomics,cibersort_t_cell,evaluable,,31,-0.06290322580645162,0.7367418811700881,evaluable,,31,-0.0028225806451612906,0.9879766172456439,0.9029900491300843,0.9918208842388176
ucec,checkpoint_exhaustion_context,Checkpoint,phosphoproteomics,cibersort_myeloid,evaluable,,31,0.014516129032258067,0.9382218324805421,evaluable,,31,0.09233870967741936,0.6212704759638373,0.9818142498112106,0.8357554390781642
ucec,myeloid_inflammatory_context,Myeloid,proteomics,estimate_tumor_purity,evaluable,,95,-0.017987122060470324,0.8626436681026747,evaluable,,95,-0.05996640537513998,0.5637620747115702,0.9552020015900862,0.830092972396869
ucec,myeloid_inflammatory_context,Myeloid,proteomics,estimate_immune_score,evaluable,,95,0.015453527435610303,0.8818398893353764,evaluable,,95,0.04949608062709966,0.6338366268370422,0.9629599182729708,0.8383616271074572
ucec,myeloid_inflammatory_context,Myeloid,proteomics,cibersort_t_cell,evaluable,,95,-0.10730683090705487,0.3006484000953515,evaluable,,95,-0.10628499440089585,0.3053013230675484,0.6663317482523013,0.6226698921061462
ucec,myeloid_inflammatory_context,Myeloid,proteomics,cibersort_myeloid,evaluable,,95,0.007334826427771557,0.9437594339270551,evaluable,,95,0.0300531914893617,0.7724973481763864,0.9818142498112106,0.8838328861618966
ucec,myeloid_inflammatory_context,Myeloid,phosphoproteomics,estimate_tumor_purity,not_evaluable,complete_pair_n_below_20,0,,,not_evaluable,complete_pair_n_below_20,0,,,,
ucec,myeloid_inflammatory_context,Myeloid,phosphoproteomics,estimate_immune_score,not_evaluable,complete_pair_n_below_20,0,,,not_evaluable,complete_pair_n_below_20,0,,,,
ucec,myeloid_inflammatory_context,Myeloid,phosphoproteomics,cibersort_t_cell,not_evaluable,complete_pair_n_below_20,0,,,not_evaluable,complete_pair_n_below_20,0,,,,
ucec,myeloid_inflammatory_context,Myeloid,phosphoproteomics,cibersort_myeloid,not_evaluable,complete_pair_n_below_20,0,,,not_evaluable,complete_pair_n_below_20,0,,,,
ucec,tgfb_emt_exclusion_context,TGF/EMT,proteomics,estimate_tumor_purity,evaluable,,95,-0.18327267637178052,0.07544265513476425,evaluable,,95,-0.21494960806271,0.036451683060891624,0.31419030038428614,0.17578568653663626
ucec,tgfb_emt_exclusion_context,TGF/EMT,proteomics,estimate_immune_score,evaluable,,95,0.007796752519596865,0.9402238992303725,evaluable,,95,0.042427211646136616,0.6830983561095897,0.9818142498112106,0.8617822682172687
ucec,tgfb_emt_exclusion_context,TGF/EMT,proteomics,cibersort_t_cell,evaluable,,95,-0.014473684210526316,0.8892828223057648,evaluable,,95,0.014599664053751401,0.8883253217603874,0.9629599182729708,0.9470575744387602
ucec,tgfb_emt_exclusion_context,TGF/EMT,proteomics,cibersort_myeloid,evaluable,,95,0.04837625979843225,0.6415418118433353,evaluable,,95,0.08610022396416574,0.4067458706696318,0.8686798117798894,0.7192224912451535
ucec,tgfb_emt_exclusion_context,TGF/EMT,phosphoproteomics,estimate_tumor_purity,evaluable,,95,-0.2197928331466965,0.032341846432919354,evaluable,,95,-0.2960666293393057,0.003578506317154618,0.20106497300465526,0.03693018519303566
ucec,tgfb_emt_exclusion_context,TGF/EMT,phosphoproteomics,estimate_immune_score,evaluable,,95,0.06075027995520717,0.558667137339419,evaluable,,95,0.1321808510638298,0.2016392673593495,0.8455774925742117,0.5158484230738382
ucec,tgfb_emt_exclusion_context,TGF/EMT,phosphoproteomics,cibersort_t_cell,evaluable,,95,0.03465845464725644,0.738804411214754,evaluable,,95,0.12639977603583427,0.22224295471645947,0.9031364692597919,0.533125227733172
ucec,tgfb_emt_exclusion_context,TGF/EMT,phosphoproteomics,cibersort_myeloid,evaluable,,95,0.013619820828667414,0.8957766681609031,evaluable,,95,0.0823208286674132,0.42772557791478466,0.9629599182729708,0.740625497328956
ucec,proteasome_antigen_processing,Proteasome,proteomics,estimate_tumor_purity,evaluable,,95,0.10999440089585666,0.2886336099696371,evaluable,,95,0.14007558790593505,0.17576847426940742,0.6532234330891787,0.47073717844348256
ucec,proteasome_antigen_processing,Proteasome,proteomics,estimate_immune_score,evaluable,,95,0.03348264277715566,0.7473629309572308,evaluable,,95,0.01849104143337066,0.8588347636366721,0.9031364692597919,0.931005752177569
ucec,proteasome_antigen_processing,Proteasome,proteomics,cibersort_t_cell,evaluable,,95,0.2182810750279955,0.03358054276009661,evaluable,,95,0.18197088465845465,0.0775771646001486,0.20385364781423354,0.2723116798209298
ucec,proteasome_antigen_processing,Proteasome,proteomics,cibersort_myeloid,evaluable,,95,-0.023040313549832027,0.8246052723548921,evaluable,,95,-0.04125139977603584,0.6914299593836225,0.9370575180358394,0.8617822682172687
ucec,proteasome_antigen_processing,Proteasome,phosphoproteomics,estimate_tumor_purity,evaluable,,95,0.10090985442329228,0.33054652991362754,evaluable,,95,0.11212206047032475,0.27935082723345317,0.7010746405272786,0.5956406068283546
ucec,proteasome_antigen_processing,Proteasome,phosphoproteomics,estimate_immune_score,evaluable,,95,0.04372900335946249,0.6739182147400027,evaluable,,95,0.03030515117581187,0.7706423672901618,0.8771595765834669,0.8838328861618966
ucec,proteasome_antigen_processing,Proteasome,phosphoproteomics,cibersort_t_cell,evaluable,,95,0.11987681970884659,0.24722122231626856,evaluable,,95,0.10565509518477043,0.3081928514091852,0.5989021160337774,0.6254885853118183
ucec,proteasome_antigen_processing,Proteasome,phosphoproteomics,cibersort_myeloid,evaluable,,95,-0.058734602463605824,0.5718126158000997,evaluable,,95,-0.07011478163493841,0.4995620136435256,0.8462908125309632,0.7858963385367659
