cancer_type,program,program_label,correlated_program_or_gene,sample_size_n,spearman_rho,p_value,q_value_bh
BRCA,antigen_presentation_mhc_i,MHC-I,ICS5_score,1082,0.6400329262409167,9.563900084816804e-126,7.776923237877938e-125
BRCA,antigen_presentation_mhc_i,MHC-I,LIexpression_score,1082,0.5878936588003559,1.4576607235274822e-101,8.628590137094127e-101
BRCA,antigen_presentation_mhc_i,MHC-I,Chemokine12_score,1082,0.68526609062673,6.907267622370055e-151,7.668476707284304e-150
BRCA,antigen_presentation_mhc_i,MHC-I,NHI_5gene_score,1082,0.7468235159809132,1.4951501724253434e-193,2.884261325529741e-192
BRCA,antigen_presentation_mhc_i,MHC-I,CD68,1082,0.5568273739354322,3.960472762213679e-89,1.9857116890730333e-88
BRCA,antigen_presentation_mhc_i,MHC-I,CD8A,1082,0.5601379689187874,2.162117043060713e-90,1.102335212207149e-89
BRCA,antigen_presentation_mhc_i,MHC-I,PD1_data,1082,0.6309958772688029,3.205535537194302e-121,2.4699877227106234e-120
BRCA,antigen_presentation_mhc_i,MHC-I,PDL1_data,1082,0.5136543591954245,6.88787695194372e-74,2.9114258444890313e-73
BRCA,antigen_presentation_mhc_i,MHC-I,PD1_PDL1_score,1082,0.6591118521229484,8.108378790404133e-136,7.476200105050589e-135
BRCA,antigen_presentation_mhc_i,MHC-I,CTLA4_data,1082,0.6646385474576209,7.110572019497079e-139,6.798156728658015e-138
BRCA,antigen_presentation_mhc_i,MHC-I,Bcell_mg_IGJ,1082,0.5219290616723323,1.2170203144418632e-76,5.2922386175569426e-76
BRCA,antigen_presentation_mhc_i,MHC-I,Bcell_receptors_score,1082,0.5424230672006801,8.518331118966258e-84,4.054218835273529e-83
BRCA,antigen_presentation_mhc_i,MHC-I,STAT1_score,1082,0.7997889099928072,1.2739878015918167e-241,4.471286219780312e-240
BRCA,antigen_presentation_mhc_i,MHC-I,CSF1_response,1082,0.634817380802283,4.080682636797538e-123,3.212577936928887e-122
BRCA,antigen_presentation_mhc_i,MHC-I,TcClassII_score,1082,0.6765078738362507,1.1476483300314835e-145,1.1983122678255798e-144
BRCA,antigen_presentation_mhc_i,MHC-I,IL12_score_21050467,1082,0.6380005218492283,1.0270538151441323e-124,8.240667779327553e-124
BRCA,antigen_presentation_mhc_i,MHC-I,IL4_score_21050467,1082,0.3906199508211359,9.191429226694426e-41,2.4062259380759227e-40
BRCA,antigen_presentation_mhc_i,MHC-I,IL2_score_21050467,1082,0.5547114085887137,2.4974292851721707e-88,1.2395999371657489e-87
BRCA,antigen_presentation_mhc_i,MHC-I,IL13_score_21050467,1082,0.1940986479287626,1.2059384119651607e-10,1.8511018513234972e-10
BRCA,antigen_presentation_mhc_i,MHC-I,IFNG_score_21050467,1082,0.8067813085149185,4.717465107496264e-249,1.8200716443106157e-247
BRCA,antigen_presentation_mhc_i,MHC-I,TGFB_score_21050467,1082,0.0682702477064793,0.0247238421067424,0.0280905808397408
BRCA,antigen_presentation_mhc_i,MHC-I,TREM1_data,1082,0.1651809982673311,4.6362501228260655e-08,6.586889701795194e-08
BRCA,antigen_presentation_mhc_i,MHC-I,DAP12_data,1082,0.5776323719602972,2.6227232889768163e-97,1.4663530002090322e-96
BRCA,antigen_presentation_mhc_i,MHC-I,Tcell_receptors_score,1082,0.6218463375444979,8.6484559166019e-117,6.198629800568425e-116
BRCA,antigen_presentation_mhc_i,MHC-I,IL8_21978456,1082,0.2298116639712623,1.9589671596090362e-14,3.318835673706993e-14
BRCA,antigen_presentation_mhc_i,MHC-I,IFN_21978456,1082,0.6841480305385702,3.2809690588976465e-150,3.6130509474500403e-149
BRCA,antigen_presentation_mhc_i,MHC-I,MHC1_21978456,1082,0.8736532765134266,0,0
BRCA,antigen_presentation_mhc_i,MHC-I,MHC2_21978456,1082,0.6258534618680636,1.0340099802040885e-118,7.632312472605484e-118
BRCA,antigen_presentation_mhc_i,MHC-I,Bcell_21978456,1082,-0.0097760538208909,0.7480533556969482,0.7609218876199324
BRCA,antigen_presentation_mhc_i,MHC-I,Tcell_21978456,1082,0.6289400130261248,3.2695206953607224e-120,2.4841051093243483e-119
BRCA,antigen_presentation_mhc_i,MHC-I,CD103pos_mean_25446897,1082,0.4016372357028732,3.3368128704849335e-43,9.013039729611736e-43
BRCA,antigen_presentation_mhc_i,MHC-I,CD103neg_mean_25446897,1082,0.4584154500966262,2.5005469899260836e-57,8.304624923808237e-57
BRCA,antigen_presentation_mhc_i,MHC-I,IgG_19272155,1082,0.4245231460600183,1.4190559618914678e-48,4.145899265676469e-48
BRCA,antigen_presentation_mhc_i,MHC-I,Interferon_19272155,1082,0.6722707476459419,3.317952212885744e-143,3.33635120852097e-142
BRCA,antigen_presentation_mhc_i,MHC-I,LCK_19272155,1082,0.6219918511700998,7.372544932589216e-117,5.29111404133052e-116
BRCA,antigen_presentation_mhc_i,MHC-I,MHC.I_19272155,1082,0.894399438386683,0,0
BRCA,antigen_presentation_mhc_i,MHC-I,MHC.II_19272155,1082,0.6428128052524059,3.6125474906546606e-127,3.0003447861315037e-126
BRCA,antigen_presentation_mhc_i,MHC-I,STAT1_19272155,1082,0.8159768096278825,2.6545427160802955e-259,1.0939933617785458e-257
BRCA,antigen_presentation_mhc_i,MHC-I,Troester_WoundSig_19887484,1082,0.1993543308492328,3.679090388409447e-11,5.72817736489622e-11
BRCA,antigen_presentation_mhc_i,MHC-I,MDACC.FNA.1_20805453,1082,0.6176582709946465,8.25109446463111e-115,5.710681156182346e-114
BRCA,antigen_presentation_mhc_i,MHC-I,IGG_Cluster_21214954,1082,0.5313837899350077,7.005446065393277e-80,3.1811040564056285e-79
BRCA,antigen_presentation_mhc_i,MHC-I,Minterferon_Cluster_21214954,1082,0.8236310599365253,2.774028624176991e-268,1.2268874565465716e-266
BRCA,antigen_presentation_mhc_i,MHC-I,Immune_cell_Cluster_21214954,1082,0.7288263316965631,7.270224442382912e-180,1.1701189635077822e-178
BRCA,antigen_presentation_mhc_i,MHC-I,MCD3_CD8_21214954,1082,-0.0027381488384696,0.9283157476659296,0.933636100444196
BRCA,antigen_presentation_mhc_i,MHC-I,Interferon_Cluster_21214954,1082,0.729097870901336,4.605383371377279e-180,7.456334982229879e-179
BRCA,antigen_presentation_mhc_i,MHC-I,B_cell_PCA_16704732,1082,0.5764211470790707,8.149044867096392e-97,4.5328020528634345e-96
BRCA,antigen_presentation_mhc_i,MHC-I,CD8_PCA_16704732,1082,0.6678102922828775,1.1686952243084286e-140,1.1580513698065304e-139
BRCA,antigen_presentation_mhc_i,MHC-I,GRANS_PCA_16704732,1082,0.5708952865991004,1.3534014162768515e-94,7.296832214614542e-94
BRCA,antigen_presentation_mhc_i,MHC-I,LYMPHS_PCA_16704732,1082,0.0425694857141834,0.161727064341881,0.1746318439896452
BRCA,antigen_presentation_mhc_i,MHC-I,T_cell_PCA_16704732,1082,0.6208929177058017,2.4560296674973557e-116,1.7419558528273289e-115
BRCA,antigen_presentation_mhc_i,MHC-I,TGFB_PCA_17349583,1082,0.1062026025409973,0.0004665403453959,0.0005756360805066
BRCA,antigen_presentation_mhc_i,MHC-I,Rotterdam_ERneg_PCA_15721472,1082,0.3853797327598451,1.2355178175678574e-39,3.173379097058142e-39
BRCA,antigen_presentation_mhc_i,MHC-I,HER2_Immune_PCA_18006808,1082,0.663516234882742,3.006027277787001e-138,2.8439631984628327e-137
BRCA,antigen_presentation_mhc_i,MHC-I,IR7_score,1082,0.6288383035441789,3.6659326273229315e-120,2.781404950158542e-119
BRCA,antigen_presentation_mhc_i,MHC-I,Buck14_score,1082,0.1995338241930093,3.5308510966720216e-11,5.5005240452164366e-11
BRCA,antigen_presentation_mhc_i,MHC-I,TAMsurr_score,1082,0.7401497593027193,2.414026050240089e-188,4.3484442759291674e-187
BRCA,antigen_presentation_mhc_i,MHC-I,Immune_NSCLC_score,1082,0.5784078166144085,1.2660657241193392e-97,7.137199522496586e-97
BRCA,antigen_presentation_mhc_i,MHC-I,Module3_IFN_score,1082,0.7169945965397911,1.8776190180629882e-171,2.6809048446883607e-170
BRCA,antigen_presentation_mhc_i,MHC-I,Module4_TcellBcell_score,1082,0.6037291536665306,1.9502380794257712e-108,1.2630113276281186e-107
BRCA,antigen_presentation_mhc_i,MHC-I,Module5_TcellBcell_score,1082,0.7290418024742609,5.060897689548759e-180,8.169520305977819e-179
BRCA,antigen_presentation_mhc_i,MHC-I,Module11_Prolif_score,1082,0.1936983876024831,1.3182751321659748e-10,2.0195484987279364e-10
BRCA,antigen_presentation_mhc_i,MHC-I,GP11_Immune_IFN,1082,0.7578783493984068,1.5043557834346774e-202,3.326705472310832e-201
BRCA,antigen_presentation_mhc_i,MHC-I,GP2_ImmuneTcellBcell_score,1082,0.5478453555135825,8.982631208330943e-86,4.3668913112886793e-85
BRCA,antigen_presentation_mhc_i,MHC-I,CD8_CD68_ratio,1082,0.059433377245094,0.0506473289827713,0.0566916604251597
BRCA,antigen_presentation_mhc_i,MHC-I,TAMsurr_TcClassII_ratio,1082,0.1027043643908804,0.0007159973852191,0.0008760741735475
BRCA,antigen_presentation_mhc_i,MHC-I,CHANG_CORE_SERUM_RESPONSE_UP,1082,0.2645219727696846,8.817998026460592e-19,1.6255475860367882e-18
BRCA,antigen_presentation_mhc_i,MHC-I,CSR_Activated_15701700,1082,0.1688677820404796,2.2909565692045527e-08,3.2935527844801184e-08
BRCA,antigen_presentation_mhc_i,MHC-I,CD103pos_CD103neg_ratio_25446897,1082,0.0744727146626009,0.0142753152627523,0.0163834841834119
COAD,antigen_presentation_mhc_i,MHC-I,ICS5_score,439,0.6004378017520114,2.3638147381465426e-44,6.487967797940058e-44
COAD,antigen_presentation_mhc_i,MHC-I,LIexpression_score,439,0.4662023839778326,4.513873106784647e-25,9.217518656497175e-25
COAD,antigen_presentation_mhc_i,MHC-I,Chemokine12_score,439,0.5517580908069007,2.4433789541081232e-36,5.987379058715401e-36
COAD,antigen_presentation_mhc_i,MHC-I,NHI_5gene_score,439,0.6609447624005276,1.8694914388696094e-56,6.15992333582718e-56
COAD,antigen_presentation_mhc_i,MHC-I,CD68,439,0.3943761607627054,8.6834235554436e-18,1.5740694482376935e-17
COAD,antigen_presentation_mhc_i,MHC-I,CD8A,439,0.5650896930817512,2.1106011486576223e-38,5.327921229093952e-38
COAD,antigen_presentation_mhc_i,MHC-I,PD1_data,439,0.5776680666017189,1.948125850970087e-40,5.075576929730495e-40
COAD,antigen_presentation_mhc_i,MHC-I,PDL1_data,439,0.5842864212443155,1.5245280168589589e-41,4.0337706282649503e-41
COAD,antigen_presentation_mhc_i,MHC-I,PD1_PDL1_score,439,0.6410971760779525,3.486680051557232e-52,1.0740396081807102e-51
COAD,antigen_presentation_mhc_i,MHC-I,CTLA4_data,439,0.477885580424038,1.982285496863852e-26,4.1395904425870845e-26
COAD,antigen_presentation_mhc_i,MHC-I,Bcell_mg_IGJ,439,0.4048458816633511,9.608447294531197e-19,1.7676683558420596e-18
COAD,antigen_presentation_mhc_i,MHC-I,Bcell_receptors_score,439,0.3750880055231447,4.103036719443704e-16,7.223469175978561e-16
COAD,antigen_presentation_mhc_i,MHC-I,STAT1_score,439,0.6233984589321137,1.2395685201819976e-48,3.629307185032328e-48
COAD,antigen_presentation_mhc_i,MHC-I,CSF1_response,439,0.4558977234995412,6.4444253410368856e-24,1.2884113875501897e-23
COAD,antigen_presentation_mhc_i,MHC-I,TcClassII_score,439,0.6462779787511679,2.8725911986310203e-53,8.965516994006168e-53
COAD,antigen_presentation_mhc_i,MHC-I,IL12_score_21050467,439,0.5836945984934047,1.91916374305549e-41,5.068082894282459e-41
COAD,antigen_presentation_mhc_i,MHC-I,IL4_score_21050467,439,0.2774906756217455,3.338256511724245e-09,4.916111376226284e-09
COAD,antigen_presentation_mhc_i,MHC-I,IL2_score_21050467,439,0.4560227504059766,6.2432209360265225e-24,1.2495629835167137e-23
COAD,antigen_presentation_mhc_i,MHC-I,IL13_score_21050467,439,0.3361189571717106,4.692373574479613e-13,7.684537211550125e-13
COAD,antigen_presentation_mhc_i,MHC-I,IFNG_score_21050467,439,0.7338780069835246,2.0925782766565912e-75,8.984708622740216e-75
COAD,antigen_presentation_mhc_i,MHC-I,TGFB_score_21050467,439,0.2025970316103044,1.8924814269755678e-05,2.469440864175363e-05
COAD,antigen_presentation_mhc_i,MHC-I,TREM1_data,439,0.3175548767305736,9.648982400356679e-12,1.524113364051694e-11
COAD,antigen_presentation_mhc_i,MHC-I,DAP12_data,439,0.4257416168558729,9.350188357326154e-21,1.7841117033972036e-20
COAD,antigen_presentation_mhc_i,MHC-I,Tcell_receptors_score,439,0.5671602447103228,9.895624993773726e-39,2.512001864961692e-38
COAD,antigen_presentation_mhc_i,MHC-I,IL8_21978456,439,0.2833768495700935,1.495725189458772e-09,2.224978132528225e-09
COAD,antigen_presentation_mhc_i,MHC-I,IFN_21978456,439,0.5438244691558667,3.738107994239056e-35,8.966184959726837e-35
COAD,antigen_presentation_mhc_i,MHC-I,MHC1_21978456,439,0.7726658636791909,2.811864794623804e-88,1.3931279128190796e-87
COAD,antigen_presentation_mhc_i,MHC-I,MHC2_21978456,439,0.6077138707595524,1.1348467754726109e-45,3.169181960252054e-45
COAD,antigen_presentation_mhc_i,MHC-I,Bcell_21978456,439,-0.0653963599228554,0.1713860320654838,0.1848047600468249
COAD,antigen_presentation_mhc_i,MHC-I,Tcell_21978456,439,0.4970452308376535,9.01554772886381e-29,1.947759318706081e-28
COAD,antigen_presentation_mhc_i,MHC-I,CD103pos_mean_25446897,439,0.3332346383085086,7.60866627840929e-13,1.23962697078606e-12
COAD,antigen_presentation_mhc_i,MHC-I,CD103neg_mean_25446897,439,0.3501406226757598,4.1614436192974e-14,6.991430910740537e-14
COAD,antigen_presentation_mhc_i,MHC-I,IgG_19272155,439,0.2878592890306202,8.013353396460521e-10,1.2018925414046106e-09
COAD,antigen_presentation_mhc_i,MHC-I,Interferon_19272155,439,0.5497359063159996,4.931245286220933e-36,1.2034981766281685e-35
COAD,antigen_presentation_mhc_i,MHC-I,LCK_19272155,439,0.5019563423074218,2.1401672340998138e-29,4.6813469053088005e-29
COAD,antigen_presentation_mhc_i,MHC-I,MHC.I_19272155,439,0.7863987792641967,1.8234680787926e-93,9.706131456586836e-93
COAD,antigen_presentation_mhc_i,MHC-I,MHC.II_19272155,439,0.5944707765116035,2.692086433901111e-43,7.27880228649207e-43
COAD,antigen_presentation_mhc_i,MHC-I,STAT1_19272155,439,0.7240761499526464,1.6626691056273752e-72,6.899252429147917e-72
COAD,antigen_presentation_mhc_i,MHC-I,Troester_WoundSig_19887484,439,0.2440404811769022,2.2534009376812206e-07,3.137573867669782e-07
COAD,antigen_presentation_mhc_i,MHC-I,MDACC.FNA.1_20805453,439,0.4789625349194335,1.4770510711283134e-26,3.0916344082100907e-26
COAD,antigen_presentation_mhc_i,MHC-I,IGG_Cluster_21214954,439,0.3891651167411989,2.5235818741395767e-17,4.532283062172102e-17
COAD,antigen_presentation_mhc_i,MHC-I,Minterferon_Cluster_21214954,439,0.6885675040389053,5.691256667237276e-63,2.0667847977150053e-62
COAD,antigen_presentation_mhc_i,MHC-I,Immune_cell_Cluster_21214954,439,0.5976948767995471,7.277870805649363e-44,1.9815624215581844e-43
COAD,antigen_presentation_mhc_i,MHC-I,MCD3_CD8_21214954,439,0.1140862122343977,0.0167856764109858,0.0191957283320922
COAD,antigen_presentation_mhc_i,MHC-I,Interferon_Cluster_21214954,439,0.6152127741960988,4.567992043481972e-47,1.303087399923541e-46
COAD,antigen_presentation_mhc_i,MHC-I,B_cell_PCA_16704732,439,0.4288286604131776,4.586753449143829e-21,8.792085540289791e-21
COAD,antigen_presentation_mhc_i,MHC-I,CD8_PCA_16704732,439,0.6175205901446786,1.6701494939119962e-47,4.786940593720369e-47
COAD,antigen_presentation_mhc_i,MHC-I,GRANS_PCA_16704732,439,0.4754515077207096,3.8395776908255517e-26,7.966171868074371e-26
COAD,antigen_presentation_mhc_i,MHC-I,LYMPHS_PCA_16704732,439,0.1374800045047541,0.0039013638150091,0.0046208184527867
COAD,antigen_presentation_mhc_i,MHC-I,T_cell_PCA_16704732,439,0.5453754261098532,2.2056604027589788e-35,5.3162572401457e-35
COAD,antigen_presentation_mhc_i,MHC-I,TGFB_PCA_17349583,439,0.1813044025258945,0.0001336575496994,0.000168465493597
COAD,antigen_presentation_mhc_i,MHC-I,Rotterdam_ERneg_PCA_15721472,439,0.3209634745802954,5.624216449959802e-12,8.956597625228725e-12
COAD,antigen_presentation_mhc_i,MHC-I,HER2_Immune_PCA_18006808,439,0.5270778320458758,9.381035416341131e-33,2.1569244575188404e-32
COAD,antigen_presentation_mhc_i,MHC-I,IR7_score,439,0.4913460712328386,4.647201050685315e-28,9.953060518003194e-28
COAD,antigen_presentation_mhc_i,MHC-I,Buck14_score,439,0.2149768693623958,5.50220549168388e-06,7.309401190417658e-06
COAD,antigen_presentation_mhc_i,MHC-I,TAMsurr_score,439,0.5953063239880734,1.9207979017292177e-43,5.206348074442922e-43
COAD,antigen_presentation_mhc_i,MHC-I,Immune_NSCLC_score,439,0.4693203983470479,1.9832712320734545e-25,4.074394071933381e-25
COAD,antigen_presentation_mhc_i,MHC-I,Module3_IFN_score,439,0.5811391571590577,5.157752406104446e-41,1.352853090125756e-40
COAD,antigen_presentation_mhc_i,MHC-I,Module4_TcellBcell_score,439,0.5041967133918578,1.1019512574385408e-29,2.4230456105358373e-29
COAD,antigen_presentation_mhc_i,MHC-I,Module5_TcellBcell_score,439,0.5978973069311074,6.700719468960544e-44,1.82533369610142e-43
COAD,antigen_presentation_mhc_i,MHC-I,Module11_Prolif_score,439,0.0597545216545925,0.2114663678802925,0.2260961166015706
COAD,antigen_presentation_mhc_i,MHC-I,GP11_Immune_IFN,439,0.6673803267749631,6.547168697090621e-58,2.1904426637252752e-57
COAD,antigen_presentation_mhc_i,MHC-I,GP2_ImmuneTcellBcell_score,439,0.470976761527218,1.2768795993883442e-25,2.6291540577867497e-25
COAD,antigen_presentation_mhc_i,MHC-I,CD8_CD68_ratio,439,0.2640130495852779,1.9558350487068844e-08,2.81623680914914e-08
COAD,antigen_presentation_mhc_i,MHC-I,TAMsurr_TcClassII_ratio,439,-0.2484484075016781,1.3374195361466364e-07,1.8722496851872626e-07
COAD,antigen_presentation_mhc_i,MHC-I,CHANG_CORE_SERUM_RESPONSE_UP,439,0.0799336369122262,0.094386757158947,0.1035418348345779
COAD,antigen_presentation_mhc_i,MHC-I,CSR_Activated_15701700,439,-0.0262988968430144,0.5826300450538655,0.5986980440296615
COAD,antigen_presentation_mhc_i,MHC-I,CD103pos_CD103neg_ratio_25446897,439,-0.1185908139600939,0.0129024991302123,0.0148455150736792
GBM,antigen_presentation_mhc_i,MHC-I,ICS5_score,153,0.4469864500824253,6.955712478487953e-09,1.0125522045216608e-08
GBM,antigen_presentation_mhc_i,MHC-I,LIexpression_score,153,0.4666004917065675,1.2081900439607731e-09,1.8036646100841402e-09
GBM,antigen_presentation_mhc_i,MHC-I,Chemokine12_score,153,0.5387755307183034,6.772567601106889e-13,1.104068557087848e-12
GBM,antigen_presentation_mhc_i,MHC-I,NHI_5gene_score,153,0.78360674413306,5.010157328580516e-33,1.1553732881508268e-32
GBM,antigen_presentation_mhc_i,MHC-I,CD68,153,0.4484383965569672,6.133357497157189e-09,8.940371056949385e-09
GBM,antigen_presentation_mhc_i,MHC-I,CD8A,153,0.1599122134692037,0.0483238934738642,0.0541466489181918
GBM,antigen_presentation_mhc_i,MHC-I,PD1_data,153,0.2400963642286413,0.0027959404189094,0.0033356897213823
GBM,antigen_presentation_mhc_i,MHC-I,PDL1_data,153,0.5242698765727871,3.5227629149406706e-12,5.636420663905073e-12
GBM,antigen_presentation_mhc_i,MHC-I,PD1_PDL1_score,153,0.5419109486072203,4.69265305455322e-13,7.684537211550125e-13
GBM,antigen_presentation_mhc_i,MHC-I,CTLA4_data,153,0.3207897570090725,5.282077550662747e-05,6.775407185947971e-05
GBM,antigen_presentation_mhc_i,MHC-I,Bcell_mg_IGJ,153,0.4511747282645115,4.830810414660791e-09,7.072015246435603e-09
GBM,antigen_presentation_mhc_i,MHC-I,Bcell_receptors_score,153,0.2048840390449091,0.0110693381748566,0.012787683090087
GBM,antigen_presentation_mhc_i,MHC-I,STAT1_score,153,0.6798251308630999,4.367832790884698e-22,8.473969465910398e-22
GBM,antigen_presentation_mhc_i,MHC-I,CSF1_response,153,0.5134179980517914,1.1503706467088684e-11,1.8133921524474777e-11
GBM,antigen_presentation_mhc_i,MHC-I,TcClassII_score,153,0.5329806241714308,1.3211125241431817e-12,2.1408555648909467e-12
GBM,antigen_presentation_mhc_i,MHC-I,IL12_score_21050467,153,0.4873748542479191,1.6704084750826547e-10,2.548954306998497e-10
GBM,antigen_presentation_mhc_i,MHC-I,IL4_score_21050467,153,0.3541105437390267,7.103484152400075e-06,9.393036895735636e-06
GBM,antigen_presentation_mhc_i,MHC-I,IL2_score_21050467,153,0.4416040448750802,1.1032869353016566e-08,1.597094445992819e-08
GBM,antigen_presentation_mhc_i,MHC-I,IL13_score_21050467,153,0.274637587682136,0.000591407901893,0.0007267357095771
GBM,antigen_presentation_mhc_i,MHC-I,IFNG_score_21050467,153,0.8688499323174246,5.851450532582673e-48,1.697700847853319e-47
GBM,antigen_presentation_mhc_i,MHC-I,TGFB_score_21050467,153,0.2695008489647932,0.000755083589256,0.0009228610931369
GBM,antigen_presentation_mhc_i,MHC-I,TREM1_data,153,0.3053123327306071,0.0001242545297391,0.0001569045129481
GBM,antigen_presentation_mhc_i,MHC-I,DAP12_data,153,0.4984360943074796,5.511107269476256e-11,8.536567068892605e-11
GBM,antigen_presentation_mhc_i,MHC-I,Tcell_receptors_score,153,0.4491744066047471,5.7530883662623075e-09,8.408597719631099e-09
GBM,antigen_presentation_mhc_i,MHC-I,IL8_21978456,153,0.2589428115743905,0.0012293309533209,0.0014891027357082
GBM,antigen_presentation_mhc_i,MHC-I,IFN_21978456,153,0.5825191320547356,2.8181748011112464e-15,4.873131251762613e-15
GBM,antigen_presentation_mhc_i,MHC-I,MHC1_21978456,153,0.8722120679586643,9.397468770307806e-49,2.754430501641943e-48
GBM,antigen_presentation_mhc_i,MHC-I,MHC2_21978456,153,0.5433106021326961,3.9788436754925466e-13,6.527415438685e-13
GBM,antigen_presentation_mhc_i,MHC-I,Bcell_21978456,153,-0.3055680041038592,0.0001225576202932,0.000154833593682
GBM,antigen_presentation_mhc_i,MHC-I,Tcell_21978456,153,0.5433730438621605,3.949591312985132e-13,6.48138061618073e-13
GBM,antigen_presentation_mhc_i,MHC-I,CD103pos_mean_25446897,153,0.1226027322674865,0.1311003056237861,0.1423808469940899
GBM,antigen_presentation_mhc_i,MHC-I,CD103neg_mean_25446897,153,0.501497728277914,4.025958497291338e-11,6.261067531522262e-11
GBM,antigen_presentation_mhc_i,MHC-I,IgG_19272155,153,-0.016520285976405,0.8393830532547126,0.8490598381750905
GBM,antigen_presentation_mhc_i,MHC-I,Interferon_19272155,153,0.5839118048396805,2.3347861480880865e-15,4.042405043156967e-15
GBM,antigen_presentation_mhc_i,MHC-I,LCK_19272155,153,0.5108899512234507,1.5065436403909432e-11,2.3666177891212044e-11
GBM,antigen_presentation_mhc_i,MHC-I,MHC.I_19272155,153,0.8831109216149426,1.7178388913583378e-51,5.211959603451956e-51
GBM,antigen_presentation_mhc_i,MHC-I,MHC.II_19272155,153,0.5518106764236793,1.4366465813981856e-13,2.383457579385828e-13
GBM,antigen_presentation_mhc_i,MHC-I,STAT1_19272155,153,0.8141232209229307,1.8007355623323245e-37,4.483295862282767e-37
GBM,antigen_presentation_mhc_i,MHC-I,Troester_WoundSig_19887484,153,0.229309905780494,0.0043549041942887,0.005146790966094
GBM,antigen_presentation_mhc_i,MHC-I,MDACC.FNA.1_20805453,153,0.5156499464744388,9.049208625850115e-12,1.4322867304225964e-11
GBM,antigen_presentation_mhc_i,MHC-I,IGG_Cluster_21214954,153,0.4704248428980823,8.476827761736294e-10,1.271056863942818e-09
GBM,antigen_presentation_mhc_i,MHC-I,Minterferon_Cluster_21214954,153,0.758269336442711,7.504637833488129e-30,1.6561959356663458e-29
GBM,antigen_presentation_mhc_i,MHC-I,Immune_cell_Cluster_21214954,153,0.6463954002653692,1.814654924822901e-19,3.384203905051965e-19
GBM,antigen_presentation_mhc_i,MHC-I,MCD3_CD8_21214954,153,0.0570578469199313,0.4835840534593514,0.5011806536138067
GBM,antigen_presentation_mhc_i,MHC-I,Interferon_Cluster_21214954,153,0.70096698966668,6.2730374349334856e-24,1.2550689093798512e-23
GBM,antigen_presentation_mhc_i,MHC-I,B_cell_PCA_16704732,153,0.4323697214040302,2.3900570866205788e-08,3.43330091133244e-08
GBM,antigen_presentation_mhc_i,MHC-I,CD8_PCA_16704732,153,0.4703369386031924,8.546576472224631e-10,1.2808092564435806e-09
GBM,antigen_presentation_mhc_i,MHC-I,GRANS_PCA_16704732,153,0.5043382258095913,3.0000905368225155e-11,4.6857572553300266e-11
GBM,antigen_presentation_mhc_i,MHC-I,LYMPHS_PCA_16704732,153,0.5253005508423465,3.141350538436293e-12,5.033563160263161e-12
GBM,antigen_presentation_mhc_i,MHC-I,T_cell_PCA_16704732,153,0.5421240266441504,4.576466977399308e-13,7.498789264172362e-13
GBM,antigen_presentation_mhc_i,MHC-I,TGFB_PCA_17349583,153,0.2246912608152692,0.0052337865947499,0.0061534037336156
GBM,antigen_presentation_mhc_i,MHC-I,Rotterdam_ERneg_PCA_15721472,153,0.1515873168779069,0.0614173429916952,0.0681997031791839
GBM,antigen_presentation_mhc_i,MHC-I,HER2_Immune_PCA_18006808,153,0.5427438918150992,4.2541432361977677e-13,6.976948810646926e-13
GBM,antigen_presentation_mhc_i,MHC-I,IR7_score,153,0.5266776567086164,2.693761872010909e-12,4.324008434269503e-12
GBM,antigen_presentation_mhc_i,MHC-I,Buck14_score,153,-0.0518995548691219,0.5240421110652626,0.5410493612061166
GBM,antigen_presentation_mhc_i,MHC-I,TAMsurr_score,153,0.6957567716081646,1.846836197798339e-23,3.657367643255538e-23
GBM,antigen_presentation_mhc_i,MHC-I,Immune_NSCLC_score,153,0.5252737458619812,3.150741906791379e-12,5.047124844801267e-12
GBM,antigen_presentation_mhc_i,MHC-I,Module3_IFN_score,153,0.6415057040210593,4.11882447555224e-19,7.639415324583764e-19
GBM,antigen_presentation_mhc_i,MHC-I,Module4_TcellBcell_score,153,0.4854641373898383,2.0150355913646251e-10,3.0679523137485484e-10
GBM,antigen_presentation_mhc_i,MHC-I,Module5_TcellBcell_score,153,0.618541675043223,1.5995783890195706e-17,2.883269196907377e-17
GBM,antigen_presentation_mhc_i,MHC-I,Module11_Prolif_score,153,-0.312221060673073,8.531063283172853e-05,0.0001083815606269
GBM,antigen_presentation_mhc_i,MHC-I,GP11_Immune_IFN,153,0.7337740187173778,3.927448771729163e-27,8.300435632558914e-27
GBM,antigen_presentation_mhc_i,MHC-I,GP2_ImmuneTcellBcell_score,153,0.4143531999981444,1.0120868802844597e-07,1.4208393880638606e-07
GBM,antigen_presentation_mhc_i,MHC-I,CD8_CD68_ratio,153,-0.1849831547171901,0.0220710020229724,0.0251192685762901
GBM,antigen_presentation_mhc_i,MHC-I,TAMsurr_TcClassII_ratio,153,0.1361543365050272,0.0933180203623204,0.1024107385053506
GBM,antigen_presentation_mhc_i,MHC-I,CHANG_CORE_SERUM_RESPONSE_UP,153,-0.0746792382993565,0.3589133169101074,0.3775113000755963
GBM,antigen_presentation_mhc_i,MHC-I,CSR_Activated_15701700,153,-0.1380277985575888,0.08885624441813,0.0976915864257533
GBM,antigen_presentation_mhc_i,MHC-I,CD103pos_CD103neg_ratio_25446897,153,-0.4430414631512342,9.761668519545777e-09,1.4157151891849916e-08
HNSC,antigen_presentation_mhc_i,MHC-I,ICS5_score,514,0.507843793385091,4.748433222640692e-35,1.136948799787208e-34
HNSC,antigen_presentation_mhc_i,MHC-I,LIexpression_score,514,0.4455970096546364,1.933048241759338e-26,4.0383189075156676e-26
HNSC,antigen_presentation_mhc_i,MHC-I,Chemokine12_score,514,0.6801590159160424,4.638082596256733e-71,1.8899752302349532e-70
HNSC,antigen_presentation_mhc_i,MHC-I,NHI_5gene_score,514,0.7952349998427685,2.4133935058159428e-113,1.6411075839548411e-112
HNSC,antigen_presentation_mhc_i,MHC-I,CD68,514,0.2528765118612585,6.103216213386085e-09,8.898819673229778e-09
HNSC,antigen_presentation_mhc_i,MHC-I,CD8A,514,0.5853749490727368,1.354129986578634e-48,3.962596625598585e-48
HNSC,antigen_presentation_mhc_i,MHC-I,PD1_data,514,0.6125788823734303,2.8762422631198077e-54,9.112846774240973e-54
HNSC,antigen_presentation_mhc_i,MHC-I,PDL1_data,514,0.4767178295982904,1.594296902767451e-30,3.554498012727432e-30
HNSC,antigen_presentation_mhc_i,MHC-I,PD1_PDL1_score,514,0.6213017358008125,3.3165782267461168e-56,1.0868786478011372e-55
HNSC,antigen_presentation_mhc_i,MHC-I,CTLA4_data,514,0.6055382962230293,9.541924237146124e-53,2.956040310368731e-52
HNSC,antigen_presentation_mhc_i,MHC-I,Bcell_mg_IGJ,514,0.2353668286940699,6.69474496147135e-08,9.435080981969985e-08
HNSC,antigen_presentation_mhc_i,MHC-I,Bcell_receptors_score,514,0.2727754994006798,3.1984874416608477e-10,4.842686246210692e-10
HNSC,antigen_presentation_mhc_i,MHC-I,STAT1_score,514,0.7270059130582475,1.222512254602412e-85,5.932619683351581e-85
HNSC,antigen_presentation_mhc_i,MHC-I,CSF1_response,514,0.4897243053619302,2.3316555543801515e-32,5.318325457370241e-32
HNSC,antigen_presentation_mhc_i,MHC-I,TcClassII_score,514,0.6560325843573239,1.4425098070088033e-64,5.385897975379472e-64
HNSC,antigen_presentation_mhc_i,MHC-I,IL12_score_21050467,514,0.6019799623142693,5.418921707815442e-52,1.6645360864210053e-51
HNSC,antigen_presentation_mhc_i,MHC-I,IL4_score_21050467,514,0.4427087500884507,4.409231650507506e-26,9.137607687146984e-26
HNSC,antigen_presentation_mhc_i,MHC-I,IL2_score_21050467,514,0.4404655495276514,8.320394482550707e-26,1.71580538230007e-25
HNSC,antigen_presentation_mhc_i,MHC-I,IL13_score_21050467,514,0.3593779389173331,4.085066071465417e-17,7.29811475493329e-17
HNSC,antigen_presentation_mhc_i,MHC-I,IFNG_score_21050467,514,0.8551468956356691,3.289324939838124e-148,3.557440889208627e-147
HNSC,antigen_presentation_mhc_i,MHC-I,TGFB_score_21050467,514,0.0344664128790117,0.4355457701999432,0.4545116036615559
HNSC,antigen_presentation_mhc_i,MHC-I,TREM1_data,514,0.1261112771566448,0.004188296366084,0.0049520391722445
HNSC,antigen_presentation_mhc_i,MHC-I,DAP12_data,514,0.5047085878620878,1.424928019628145e-34,3.3731977488151047e-34
HNSC,antigen_presentation_mhc_i,MHC-I,Tcell_receptors_score,514,0.5673841012748813,3.968256107889086e-45,1.1008318830656109e-44
HNSC,antigen_presentation_mhc_i,MHC-I,IL8_21978456,514,0.0388867834055612,0.3789618476030784,0.3979062827563687
HNSC,antigen_presentation_mhc_i,MHC-I,IFN_21978456,514,0.6861792563539918,8.862794224403435e-73,3.694528780134459e-72
HNSC,antigen_presentation_mhc_i,MHC-I,MHC1_21978456,514,0.8739272380228821,1.5456050345849878e-162,1.969108053429118e-161
HNSC,antigen_presentation_mhc_i,MHC-I,MHC2_21978456,514,0.6223345758716801,1.9370508984452288e-56,6.378666396817219e-56
HNSC,antigen_presentation_mhc_i,MHC-I,Bcell_21978456,514,-0.1038750281838273,0.0184902442056927,0.0211272691617241
HNSC,antigen_presentation_mhc_i,MHC-I,Tcell_21978456,514,0.4451088959683245,2.2233394049625848e-26,4.635862921807766e-26
HNSC,antigen_presentation_mhc_i,MHC-I,CD103pos_mean_25446897,514,0.2964674170822649,6.894148064064846e-12,1.0959721060348555e-11
HNSC,antigen_presentation_mhc_i,MHC-I,CD103neg_mean_25446897,514,0.3624804619015036,2.0954603930372926e-17,3.769611289061796e-17
HNSC,antigen_presentation_mhc_i,MHC-I,IgG_19272155,514,0.0177837826588872,0.6875100262412817,0.7026215560309171
HNSC,antigen_presentation_mhc_i,MHC-I,Interferon_19272155,514,0.6868276405164713,5.753898891702865e-73,2.402241747572032e-72
HNSC,antigen_presentation_mhc_i,MHC-I,LCK_19272155,514,0.5024679662123457,3.1034363470383437e-34,7.3053629285541285e-34
HNSC,antigen_presentation_mhc_i,MHC-I,MHC.I_19272155,514,0.8783789665014843,2.8437357365044235e-166,3.838690423469991e-165
HNSC,antigen_presentation_mhc_i,MHC-I,MHC.II_19272155,514,0.5871121977785885,6.100126537798984e-49,1.7918298253578008e-48
HNSC,antigen_presentation_mhc_i,MHC-I,STAT1_19272155,514,0.8422585299573582,1.679561461118772e-139,1.6200025440578226e-138
HNSC,antigen_presentation_mhc_i,MHC-I,Troester_WoundSig_19887484,514,0.0615036276608246,0.1638293891605158,0.1768317216335726
HNSC,antigen_presentation_mhc_i,MHC-I,MDACC.FNA.1_20805453,514,0.4884979923518706,3.499833559241721e-32,7.956161538769311e-32
HNSC,antigen_presentation_mhc_i,MHC-I,IGG_Cluster_21214954,514,0.20857636384447,1.8440937481089384e-06,2.491770986019033e-06
HNSC,antigen_presentation_mhc_i,MHC-I,Minterferon_Cluster_21214954,514,0.8276029297257326,1.6683425432845364e-130,1.4383175016589348e-129
HNSC,antigen_presentation_mhc_i,MHC-I,Immune_cell_Cluster_21214954,514,0.6457028731520553,5.753940790568325e-62,2.0674661757392133e-61
HNSC,antigen_presentation_mhc_i,MHC-I,MCD3_CD8_21214954,514,-0.0335913538195345,0.4472970239765367,0.4662379403012761
HNSC,antigen_presentation_mhc_i,MHC-I,Interferon_Cluster_21214954,514,0.7455217675733171,2.84048582399926e-92,1.4843653105241088e-91
HNSC,antigen_presentation_mhc_i,MHC-I,B_cell_PCA_16704732,514,0.3447026342678868,8.712652010572353e-16,1.5245039220814922e-15
HNSC,antigen_presentation_mhc_i,MHC-I,CD8_PCA_16704732,514,0.6632883105792403,1.862551596500908e-66,7.145472979523933e-66
HNSC,antigen_presentation_mhc_i,MHC-I,GRANS_PCA_16704732,514,0.2715950470857765,3.836190704320787e-10,5.796910397640301e-10
HNSC,antigen_presentation_mhc_i,MHC-I,LYMPHS_PCA_16704732,514,0.1212107341066781,0.0059323284616929,0.0069506497591233
HNSC,antigen_presentation_mhc_i,MHC-I,T_cell_PCA_16704732,514,0.5704907438802541,1.0354641728913208e-45,2.893130508746166e-45
HNSC,antigen_presentation_mhc_i,MHC-I,TGFB_PCA_17349583,514,0.1057497662950332,0.0164666738132384,0.018834883419684
HNSC,antigen_presentation_mhc_i,MHC-I,Rotterdam_ERneg_PCA_15721472,514,0.1452040695632507,0.0009616843410665,0.0011708958852735
HNSC,antigen_presentation_mhc_i,MHC-I,HER2_Immune_PCA_18006808,514,0.5408366057919984,2.1943757789637573e-40,5.711676668690355e-40
HNSC,antigen_presentation_mhc_i,MHC-I,IR7_score,514,0.5580800716273634,2.039333008825367e-43,5.524886239048803e-43
HNSC,antigen_presentation_mhc_i,MHC-I,Buck14_score,514,0.0005459800040622,0.9901479021255752,0.9906942408613444
HNSC,antigen_presentation_mhc_i,MHC-I,TAMsurr_score,514,0.7813063054206513,6.932662158927166e-107,4.416122030979365e-106
HNSC,antigen_presentation_mhc_i,MHC-I,Immune_NSCLC_score,514,0.4312814930133232,1.0667153658570943e-24,2.1612408157402585e-24
HNSC,antigen_presentation_mhc_i,MHC-I,Module3_IFN_score,514,0.7291142982151647,2.2890794136797737e-86,1.1188312677823872e-85
HNSC,antigen_presentation_mhc_i,MHC-I,Module4_TcellBcell_score,514,0.4613878183877511,1.8476526488891949e-28,3.977534788269577e-28
HNSC,antigen_presentation_mhc_i,MHC-I,Module5_TcellBcell_score,514,0.6413523103558468,6.690777648867927e-61,2.3589002209877853e-60
HNSC,antigen_presentation_mhc_i,MHC-I,Module11_Prolif_score,514,-0.02645914864514,0.5494965414857638,0.5660407471468576
HNSC,antigen_presentation_mhc_i,MHC-I,GP11_Immune_IFN,514,0.7750241979348571,3.9836394724882433e-104,2.4240490749816597e-103
HNSC,antigen_presentation_mhc_i,MHC-I,GP2_ImmuneTcellBcell_score,514,0.4222254799984399,1.2240763048344837e-23,2.4329466928387253e-23
HNSC,antigen_presentation_mhc_i,MHC-I,CD8_CD68_ratio,514,0.4170344751590015,4.796871279726942e-23,9.437605700439264e-23
HNSC,antigen_presentation_mhc_i,MHC-I,TAMsurr_TcClassII_ratio,514,0.0294638743704417,0.505084770505813,0.5221704963039953
HNSC,antigen_presentation_mhc_i,MHC-I,CHANG_CORE_SERUM_RESPONSE_UP,514,0.0746728984996548,0.0908001847928334,0.0997280446745434
HNSC,antigen_presentation_mhc_i,MHC-I,CSR_Activated_15701700,514,0.0774832672364816,0.0792542557165199,0.0874529718251254
HNSC,antigen_presentation_mhc_i,MHC-I,CD103pos_CD103neg_ratio_25446897,514,-0.0599725110158633,0.1745961178117906,0.1881170292921649
KIRC,antigen_presentation_mhc_i,MHC-I,ICS5_score,515,0.7403377075008813,1.5664889014002731e-90,8.001595890720647e-90
KIRC,antigen_presentation_mhc_i,MHC-I,LIexpression_score,515,0.7039527004907803,2.9597355589894267e-78,1.318670060679974e-77
KIRC,antigen_presentation_mhc_i,MHC-I,Chemokine12_score,515,0.651184562129926,1.8715460195186894e-63,6.851420152208392e-63
KIRC,antigen_presentation_mhc_i,MHC-I,NHI_5gene_score,515,0.6855561849076864,9.75246258541989e-73,4.062281505718545e-72
KIRC,antigen_presentation_mhc_i,MHC-I,CD68,515,0.4202169174133422,1.8877103470592077e-23,3.735592683885809e-23
KIRC,antigen_presentation_mhc_i,MHC-I,CD8A,515,0.7585708446249562,1.7183903030430902e-97,9.6272330057203e-97
KIRC,antigen_presentation_mhc_i,MHC-I,PD1_data,515,0.7689928300786107,9.372051107819892e-102,5.559864561236664e-101
KIRC,antigen_presentation_mhc_i,MHC-I,PDL1_data,515,0.218406940961197,5.587748511695938e-07,7.689691855205136e-07
KIRC,antigen_presentation_mhc_i,MHC-I,PD1_PDL1_score,515,0.6976317031914084,2.5975236986546894e-76,1.1223613122066332e-75
KIRC,antigen_presentation_mhc_i,MHC-I,CTLA4_data,515,0.590907775095668,8.466035160625611e-50,2.518055291077273e-49
KIRC,antigen_presentation_mhc_i,MHC-I,Bcell_mg_IGJ,515,0.186515537357106,2.045519654771317e-05,2.6652998615463387e-05
KIRC,antigen_presentation_mhc_i,MHC-I,Bcell_receptors_score,515,0.5534197993314951,1.1655329364137396e-42,3.1295652389391617e-42
KIRC,antigen_presentation_mhc_i,MHC-I,STAT1_score,515,0.7829419886802899,7.957968506637983e-108,5.129306715178985e-107
KIRC,antigen_presentation_mhc_i,MHC-I,CSF1_response,515,0.6058208686154873,6.600915678268702e-53,2.050769919462121e-52
KIRC,antigen_presentation_mhc_i,MHC-I,TcClassII_score,515,0.8053008083968819,1.4693531131770906e-118,1.0816347680221072e-117
KIRC,antigen_presentation_mhc_i,MHC-I,IL12_score_21050467,515,0.724551918519342,5.800974944902097e-85,2.797633306761295e-84
KIRC,antigen_presentation_mhc_i,MHC-I,IL4_score_21050467,515,0.3651146067284098,1.0993895398433118e-17,1.989580537840192e-17
KIRC,antigen_presentation_mhc_i,MHC-I,IL2_score_21050467,515,0.5128113039232557,6.974348909563954e-36,1.6952840959797994e-35
KIRC,antigen_presentation_mhc_i,MHC-I,IL13_score_21050467,515,0.181461303053481,3.436216317448227e-05,4.438038168784035e-05
KIRC,antigen_presentation_mhc_i,MHC-I,IFNG_score_21050467,515,0.6622333214965171,2.6441714522607585e-66,1.0122654961504945e-65
KIRC,antigen_presentation_mhc_i,MHC-I,TGFB_score_21050467,515,-0.0155157549812977,0.725382744268333,0.7389666907902119
KIRC,antigen_presentation_mhc_i,MHC-I,TREM1_data,515,0.1619773244897832,0.0002230911506905,0.0002791204829246
KIRC,antigen_presentation_mhc_i,MHC-I,DAP12_data,515,0.6300579116359608,2.525812161572425e-58,8.518548145662737e-58
KIRC,antigen_presentation_mhc_i,MHC-I,Tcell_receptors_score,515,0.757686253879642,3.863537138909488e-97,2.157868792162999e-96
KIRC,antigen_presentation_mhc_i,MHC-I,IL8_21978456,515,0.0174731410696418,0.6924035669163172,0.7069585968514951
KIRC,antigen_presentation_mhc_i,MHC-I,IFN_21978456,515,0.5038091277973862,1.6819010261428427e-34,3.976332717173866e-34
KIRC,antigen_presentation_mhc_i,MHC-I,MHC1_21978456,515,0.8017488557518062,9.195347321340944e-117,6.573283761904697e-116
KIRC,antigen_presentation_mhc_i,MHC-I,MHC2_21978456,515,0.7424119505260267,2.7100434390285573e-91,1.4000604281401095e-90
KIRC,antigen_presentation_mhc_i,MHC-I,Bcell_21978456,515,0.0253302787969182,0.5662853904695284,0.5824527366523415
KIRC,antigen_presentation_mhc_i,MHC-I,Tcell_21978456,515,0.7454756535630865,1.968007039834316e-92,1.0304098456880344e-91
KIRC,antigen_presentation_mhc_i,MHC-I,CD103pos_mean_25446897,515,0.4726245475110293,5.112502188812023e-30,1.1319500165705088e-29
KIRC,antigen_presentation_mhc_i,MHC-I,CD103neg_mean_25446897,515,0.4222874835512783,1.0904221971012775e-23,2.170470820428448e-23
KIRC,antigen_presentation_mhc_i,MHC-I,IgG_19272155,515,0.360591278115406,2.9345008477765424e-17,5.2581306363321436e-17
KIRC,antigen_presentation_mhc_i,MHC-I,Interferon_19272155,515,0.4500832965261997,4.715932744395866e-27,9.955248013004855e-27
KIRC,antigen_presentation_mhc_i,MHC-I,LCK_19272155,515,0.720682359811361,1.1738445200789117e-83,5.577042960025572e-83
KIRC,antigen_presentation_mhc_i,MHC-I,MHC.I_19272155,515,0.8319356757964518,2.4954652283804288e-133,2.2218217417986143e-132
KIRC,antigen_presentation_mhc_i,MHC-I,MHC.II_19272155,515,0.7173791991247723,1.4694898511881578e-82,6.903302927861467e-82
KIRC,antigen_presentation_mhc_i,MHC-I,STAT1_19272155,515,0.7849398062179421,9.871995164986037e-109,6.423882021234934e-108
KIRC,antigen_presentation_mhc_i,MHC-I,Troester_WoundSig_19887484,515,0.0534384816237335,0.2260370414828227,0.2411534625743392
KIRC,antigen_presentation_mhc_i,MHC-I,MDACC.FNA.1_20805453,515,0.6133154386555426,1.565394400204842e-54,4.988720291221055e-54
KIRC,antigen_presentation_mhc_i,MHC-I,IGG_Cluster_21214954,515,0.5685791041819279,1.948412497050281e-45,5.421669557009476e-45
KIRC,antigen_presentation_mhc_i,MHC-I,Minterferon_Cluster_21214954,515,0.7761732253342045,7.972197999173157e-105,4.9338745296361746e-104
KIRC,antigen_presentation_mhc_i,MHC-I,Immune_cell_Cluster_21214954,515,0.7633728137958844,1.986934073822231e-99,1.149885251233291e-98
KIRC,antigen_presentation_mhc_i,MHC-I,MCD3_CD8_21214954,515,-0.0942219033319362,0.0325331901384137,0.0366951180495481
KIRC,antigen_presentation_mhc_i,MHC-I,Interferon_Cluster_21214954,515,0.6068348137200978,4.002092924320993e-53,1.2469292960083736e-52
KIRC,antigen_presentation_mhc_i,MHC-I,B_cell_PCA_16704732,515,0.5782358335796023,2.782060969937596e-47,7.957103930841493e-47
KIRC,antigen_presentation_mhc_i,MHC-I,CD8_PCA_16704732,515,0.7387033003564877,6.168608717583843e-90,3.124509443543399e-89
KIRC,antigen_presentation_mhc_i,MHC-I,GRANS_PCA_16704732,515,0.3628940216878153,1.783683734951575e-17,3.211929665056792e-17
KIRC,antigen_presentation_mhc_i,MHC-I,LYMPHS_PCA_16704732,515,0.1198957709593223,0.0064479078039712,0.0075401157466903
KIRC,antigen_presentation_mhc_i,MHC-I,T_cell_PCA_16704732,515,0.7310820423397674,3.2205461241186838e-87,1.5812067613001478e-86
KIRC,antigen_presentation_mhc_i,MHC-I,TGFB_PCA_17349583,515,0.0039284769620493,0.9291335327272028,0.9342858443689432
KIRC,antigen_presentation_mhc_i,MHC-I,Rotterdam_ERneg_PCA_15721472,515,0.2781140266279436,1.3341662778982404e-10,2.0433177229072151e-10
KIRC,antigen_presentation_mhc_i,MHC-I,HER2_Immune_PCA_18006808,515,0.7172173845816158,1.6616103564882508e-82,7.799102967468582e-82
KIRC,antigen_presentation_mhc_i,MHC-I,IR7_score,515,0.7084012938604081,1.1813238107355032e-79,5.346423902164008e-79
KIRC,antigen_presentation_mhc_i,MHC-I,Buck14_score,515,0.114968551685472,0.0090178695655749,0.0104443709680068
KIRC,antigen_presentation_mhc_i,MHC-I,TAMsurr_score,515,0.6565576507646086,7.966795775580253e-65,2.9868620964270555e-64
KIRC,antigen_presentation_mhc_i,MHC-I,Immune_NSCLC_score,515,0.562507661139497,2.624472069229267e-44,7.19613309304799e-44
KIRC,antigen_presentation_mhc_i,MHC-I,Module3_IFN_score,515,0.581650804088682,5.983863859803209e-48,1.7351929316273695e-47
KIRC,antigen_presentation_mhc_i,MHC-I,Module4_TcellBcell_score,515,0.7049246416355458,1.471831292962952e-78,6.579097973474493e-78
KIRC,antigen_presentation_mhc_i,MHC-I,Module5_TcellBcell_score,515,0.757602567004283,4.1705632859279937e-97,2.326960438507517e-96
KIRC,antigen_presentation_mhc_i,MHC-I,Module11_Prolif_score,515,0.3196440474070588,1.0687752013499615e-13,1.780746430426888e-13
KIRC,antigen_presentation_mhc_i,MHC-I,GP11_Immune_IFN,515,0.6508096109946798,2.3271716138348057e-63,8.507939233374559e-63
KIRC,antigen_presentation_mhc_i,MHC-I,GP2_ImmuneTcellBcell_score,515,0.5275472867826285,3.088840674475338e-38,7.761336382977293e-38
KIRC,antigen_presentation_mhc_i,MHC-I,CD8_CD68_ratio,515,0.4326699906791397,6.565805534351335e-25,1.3357510137199424e-24
KIRC,antigen_presentation_mhc_i,MHC-I,TAMsurr_TcClassII_ratio,515,-0.2154718570542558,7.972033095355703e-07,1.0915645617602571e-06
KIRC,antigen_presentation_mhc_i,MHC-I,CHANG_CORE_SERUM_RESPONSE_UP,515,0.2961419199286053,6.951992171313666e-12,1.1048447973107315e-11
KIRC,antigen_presentation_mhc_i,MHC-I,CSR_Activated_15701700,515,0.302149225681164,2.477459024753543e-12,3.981499880253848e-12
KIRC,antigen_presentation_mhc_i,MHC-I,CD103pos_CD103neg_ratio_25446897,515,0.166050686018553,0.0001534341920026,0.000193258162652
LUAD,antigen_presentation_mhc_i,MHC-I,ICS5_score,510,0.6552689826014146,6.980406674749451e-64,2.5832253272542186e-63
LUAD,antigen_presentation_mhc_i,MHC-I,LIexpression_score,510,0.623887128937914,2.3140210096608107e-56,7.610806706502305e-56
LUAD,antigen_presentation_mhc_i,MHC-I,Chemokine12_score,510,0.7088410190274655,4.928293828346007e-79,2.2193641081293274e-78
LUAD,antigen_presentation_mhc_i,MHC-I,NHI_5gene_score,510,0.7285783393239651,1.6006469701921307e-85,7.746903485627393e-85
LUAD,antigen_presentation_mhc_i,MHC-I,CD68,510,0.4730610055135144,8.436537211781015e-30,1.8588401147059017e-29
LUAD,antigen_presentation_mhc_i,MHC-I,CD8A,510,0.6207168799608854,1.1937213703278276e-55,3.888529493762504e-55
LUAD,antigen_presentation_mhc_i,MHC-I,PD1_data,510,0.6233844983952601,3.005272081009925e-56,9.866433386055516e-56
LUAD,antigen_presentation_mhc_i,MHC-I,PDL1_data,510,0.5258861098061597,1.3017326859109107e-37,3.245383048283847e-37
LUAD,antigen_presentation_mhc_i,MHC-I,PD1_PDL1_score,510,0.653477006900323,1.983828377617252e-63,7.257583304800168e-63
LUAD,antigen_presentation_mhc_i,MHC-I,CTLA4_data,510,0.5757320829004472,2.333489175969115e-46,6.57388975519005e-46
LUAD,antigen_presentation_mhc_i,MHC-I,Bcell_mg_IGJ,510,0.3198464131836338,1.354550680190697e-13,2.2500017405305013e-13
LUAD,antigen_presentation_mhc_i,MHC-I,Bcell_receptors_score,510,0.5091741550682204,5.431137057637473e-35,1.2992693752659567e-34
LUAD,antigen_presentation_mhc_i,MHC-I,STAT1_score,510,0.7830123035744929,7.983811980988737e-107,5.079758734102775e-106
LUAD,antigen_presentation_mhc_i,MHC-I,CSF1_response,510,0.5914107027916417,1.9720983603282256e-49,5.8337221751960564e-49
LUAD,antigen_presentation_mhc_i,MHC-I,TcClassII_score,510,0.715631556186329,3.3333122196623427e-81,1.5341132381525503e-80
LUAD,antigen_presentation_mhc_i,MHC-I,IL12_score_21050467,510,0.6770241571398317,1.2005131511501337e-69,4.809124847022626e-69
LUAD,antigen_presentation_mhc_i,MHC-I,IL4_score_21050467,510,0.4685938066102568,3.36055785358615e-29,7.321359520828456e-29
LUAD,antigen_presentation_mhc_i,MHC-I,IL2_score_21050467,510,0.5786548469088456,6.422403137007676e-47,1.8282508145118663e-46
LUAD,antigen_presentation_mhc_i,MHC-I,IL13_score_21050467,510,0.4107142764256591,3.5600795805937266e-22,6.9216700923623575e-22
LUAD,antigen_presentation_mhc_i,MHC-I,IFNG_score_21050467,510,0.7939135458251244,7.632487483128791e-112,5.11339062909121e-111
LUAD,antigen_presentation_mhc_i,MHC-I,TGFB_score_21050467,510,0.182133890533024,3.507612619801704e-05,4.527025540147395e-05
LUAD,antigen_presentation_mhc_i,MHC-I,TREM1_data,510,-0.019726845458589,0.6567208766454645,0.6725454760827047
LUAD,antigen_presentation_mhc_i,MHC-I,DAP12_data,510,0.5076729255590913,9.18858872649547e-35,2.1875677318221167e-34
LUAD,antigen_presentation_mhc_i,MHC-I,Tcell_receptors_score,510,0.6697341869179604,1.1631483477252672e-67,4.526128048373e-67
LUAD,antigen_presentation_mhc_i,MHC-I,IL8_21978456,510,0.1183908908498098,0.0074395297819997,0.008668032129809
LUAD,antigen_presentation_mhc_i,MHC-I,IFN_21978456,510,0.5307581354444783,2.102801098590036e-38,5.310695439336023e-38
LUAD,antigen_presentation_mhc_i,MHC-I,MHC1_21978456,510,0.8647394423778495,4.635668715215232e-154,5.388469617686081e-153
LUAD,antigen_presentation_mhc_i,MHC-I,MHC2_21978456,510,0.5882248615696629,8.569837278685713e-49,2.5145585111138228e-48
LUAD,antigen_presentation_mhc_i,MHC-I,Bcell_21978456,510,-0.0694991590751925,0.1169846327048419,0.1276878816040008
LUAD,antigen_presentation_mhc_i,MHC-I,Tcell_21978456,510,0.6498195799861217,1.6361974945590362e-62,5.910301706773677e-62
LUAD,antigen_presentation_mhc_i,MHC-I,CD103pos_mean_25446897,510,0.3924090886218111,3.1954949595701355e-20,6.033839840354578e-20
LUAD,antigen_presentation_mhc_i,MHC-I,CD103neg_mean_25446897,510,0.4432311805709771,5.908720201750265e-26,1.2226488359650605e-25
LUAD,antigen_presentation_mhc_i,MHC-I,IgG_19272155,510,0.2435518936810071,2.5359901685576296e-08,3.636211522655114e-08
LUAD,antigen_presentation_mhc_i,MHC-I,Interferon_19272155,510,0.5154810290778892,5.794651244751875e-36,1.4110520488563207e-35
LUAD,antigen_presentation_mhc_i,MHC-I,LCK_19272155,510,0.6490107928149762,2.598748923137195e-62,9.36858458705523e-62
LUAD,antigen_presentation_mhc_i,MHC-I,MHC.I_19272155,510,0.8806788511395196,5.832784081283892e-167,7.893120746812034e-166
LUAD,antigen_presentation_mhc_i,MHC-I,MHC.II_19272155,510,0.6342998742492271,9.231783001531277e-59,3.127079671751565e-58
LUAD,antigen_presentation_mhc_i,MHC-I,STAT1_19272155,510,0.7970660853374655,2.3667791886933187e-113,1.6114241284720468e-112
LUAD,antigen_presentation_mhc_i,MHC-I,Troester_WoundSig_19887484,510,0.2711796221971568,4.781536040153988e-10,7.211410052242224e-10
LUAD,antigen_presentation_mhc_i,MHC-I,MDACC.FNA.1_20805453,510,0.611014214860847,1.6133685937134443e-53,5.0586312102600225e-53
LUAD,antigen_presentation_mhc_i,MHC-I,IGG_Cluster_21214954,510,0.4571373414656024,1.0615927993241098e-27,2.2611843493825982e-27
LUAD,antigen_presentation_mhc_i,MHC-I,Minterferon_Cluster_21214954,510,0.7814265073466208,4.056740244450281e-106,2.5454056435766467e-105
LUAD,antigen_presentation_mhc_i,MHC-I,Immune_cell_Cluster_21214954,510,0.7360367414867488,3.991953845205789e-88,1.9706196840217324e-87
LUAD,antigen_presentation_mhc_i,MHC-I,MCD3_CD8_21214954,510,0.101173564534606,0.022308108638157,0.0253829974883025
LUAD,antigen_presentation_mhc_i,MHC-I,Interferon_Cluster_21214954,510,0.617547561820434,6.0410825983471675e-55,1.937705739092488e-54
LUAD,antigen_presentation_mhc_i,MHC-I,B_cell_PCA_16704732,510,0.5640988342311162,3.493799794455376e-44,9.560498431507668e-44
LUAD,antigen_presentation_mhc_i,MHC-I,CD8_PCA_16704732,510,0.7001685896714701,2.3684612286398128e-76,1.024199450222622e-75
LUAD,antigen_presentation_mhc_i,MHC-I,GRANS_PCA_16704732,510,0.3980162842560101,8.30066181558786e-21,1.5855196726403774e-20
LUAD,antigen_presentation_mhc_i,MHC-I,LYMPHS_PCA_16704732,510,0.176560721618576,6.096169816985385e-05,7.799427047130877e-05
LUAD,antigen_presentation_mhc_i,MHC-I,T_cell_PCA_16704732,510,0.6729347330357933,1.5871148401625819e-68,6.247398502521307e-68
LUAD,antigen_presentation_mhc_i,MHC-I,TGFB_PCA_17349583,510,0.2026454455435352,3.967139419342131e-06,5.2999112085513726e-06
LUAD,antigen_presentation_mhc_i,MHC-I,Rotterdam_ERneg_PCA_15721472,510,0.2956663031021672,9.517222205963842e-12,1.5041745729355984e-11
LUAD,antigen_presentation_mhc_i,MHC-I,HER2_Immune_PCA_18006808,510,0.6840542866669999,1.2845582153321577e-71,5.2660110711431336e-71
LUAD,antigen_presentation_mhc_i,MHC-I,IR7_score,510,0.6425725161860595,9.832041376347667e-61,3.4596575088830095e-60
LUAD,antigen_presentation_mhc_i,MHC-I,Buck14_score,510,0.1657791838390603,0.0001694468910807,0.0002129831532993
LUAD,antigen_presentation_mhc_i,MHC-I,TAMsurr_score,510,0.6990754311283137,5.0774072176831104e-76,2.185213232926908e-75
LUAD,antigen_presentation_mhc_i,MHC-I,Immune_NSCLC_score,510,0.4786507448796117,1.4538661286861444e-30,3.2440655209403715e-30
LUAD,antigen_presentation_mhc_i,MHC-I,Module3_IFN_score,510,0.6041378277191563,4.717945172560361e-52,1.4508548184696646e-51
LUAD,antigen_presentation_mhc_i,MHC-I,Module4_TcellBcell_score,510,0.6357334792807983,4.2437533270809025e-59,1.4528645751617437e-58
LUAD,antigen_presentation_mhc_i,MHC-I,Module5_TcellBcell_score,510,0.747584799287487,2.4610498122629086e-92,1.2873183633375214e-91
LUAD,antigen_presentation_mhc_i,MHC-I,Module11_Prolif_score,510,0.0722577887489665,0.1031146611679143,0.1128432421551909
LUAD,antigen_presentation_mhc_i,MHC-I,GP11_Immune_IFN,510,0.6526238823981205,3.2537373862335523e-63,1.1863492882781852e-62
LUAD,antigen_presentation_mhc_i,MHC-I,GP2_ImmuneTcellBcell_score,510,0.5610783921829575,1.2419437642262965e-43,3.3696628814917967e-43
LUAD,antigen_presentation_mhc_i,MHC-I,CD8_CD68_ratio,510,0.1396813059354379,0.0015656936054223,0.0018898098987126
LUAD,antigen_presentation_mhc_i,MHC-I,TAMsurr_TcClassII_ratio,510,-0.1259957579040866,0.0043751182377529,0.0051695576049904
LUAD,antigen_presentation_mhc_i,MHC-I,CHANG_CORE_SERUM_RESPONSE_UP,510,0.0942228210106029,0.0333898185212176,0.0376535266905936
LUAD,antigen_presentation_mhc_i,MHC-I,CSR_Activated_15701700,510,0.0269548134572801,0.5436239093649622,0.5602034603041095
LUAD,antigen_presentation_mhc_i,MHC-I,CD103pos_CD103neg_ratio_25446897,510,-0.0596231904680992,0.1788276340267734,0.1923714315020066
LUSC,antigen_presentation_mhc_i,MHC-I,ICS5_score,486,0.7148609871391705,3.24583606792701e-77,1.4205428969849503e-76
LUSC,antigen_presentation_mhc_i,MHC-I,LIexpression_score,486,0.6668388582428473,8.218056156131175e-64,3.032986803891017e-63
LUSC,antigen_presentation_mhc_i,MHC-I,Chemokine12_score,486,0.7411831825459344,8.263821947492568e-86,4.0210367973488e-85
LUSC,antigen_presentation_mhc_i,MHC-I,NHI_5gene_score,486,0.7886393149955697,2.68066389263946e-104,1.6385181546020972e-103
LUSC,antigen_presentation_mhc_i,MHC-I,CD68,486,0.4676472348479608,8.891350351525273e-28,1.894592476000685e-27
LUSC,antigen_presentation_mhc_i,MHC-I,CD8A,486,0.6932849670251322,7.244006985042215e-71,2.9452464871920514e-70
LUSC,antigen_presentation_mhc_i,MHC-I,PD1_data,486,0.696862703693874,7.021582406187611e-72,2.8850006261072967e-71
LUSC,antigen_presentation_mhc_i,MHC-I,PDL1_data,486,0.296872235457141,2.4061981109230956e-11,3.766825244150112e-11
LUSC,antigen_presentation_mhc_i,MHC-I,PD1_PDL1_score,486,0.5953726855012591,6.065827898388496e-48,1.7580236423672578e-47
LUSC,antigen_presentation_mhc_i,MHC-I,CTLA4_data,486,0.6605748990583118,3.0255967512063863e-62,1.0900163130174e-61
LUSC,antigen_presentation_mhc_i,MHC-I,Bcell_mg_IGJ,486,0.5340420280546707,3.4836545227233398e-37,8.641623622259447e-37
LUSC,antigen_presentation_mhc_i,MHC-I,Bcell_receptors_score,486,0.5501862410435452,8.386273902708245e-40,2.1590785627417343e-39
LUSC,antigen_presentation_mhc_i,MHC-I,STAT1_score,486,0.794733102394894,5.101520444030492e-107,3.257308828113366e-106
LUSC,antigen_presentation_mhc_i,MHC-I,CSF1_response,486,0.6569655539054045,2.3236721576795317e-61,8.235033575098795e-61
LUSC,antigen_presentation_mhc_i,MHC-I,TcClassII_score,486,0.7490664753202511,1.3690114842450483e-88,6.832497682837671e-88
LUSC,antigen_presentation_mhc_i,MHC-I,IL12_score_21050467,486,0.7363110575318911,3.8511203869383073e-84,1.839341080328744e-83
LUSC,antigen_presentation_mhc_i,MHC-I,IL4_score_21050467,486,0.5589833212379116,2.7270841111672525e-41,7.177231526245698e-41
LUSC,antigen_presentation_mhc_i,MHC-I,IL2_score_21050467,486,0.6450789092602538,1.575877413768488e-58,5.3247038080127794e-58
LUSC,antigen_presentation_mhc_i,MHC-I,IL13_score_21050467,486,0.4820546704245937,1.1998982323387313e-29,2.636286907884773e-29
LUSC,antigen_presentation_mhc_i,MHC-I,IFNG_score_21050467,486,0.8954099378788278,3.372061240999042e-172,4.865785981706841e-171
LUSC,antigen_presentation_mhc_i,MHC-I,TGFB_score_21050467,486,0.2433096114752467,5.57613633051983e-08,7.895414273302414e-08
LUSC,antigen_presentation_mhc_i,MHC-I,TREM1_data,486,0.3449382488131842,5.02850291556272e-15,8.632078214156264e-15
LUSC,antigen_presentation_mhc_i,MHC-I,DAP12_data,486,0.6033384450722643,1.625365617566481e-49,4.81852259376657e-49
LUSC,antigen_presentation_mhc_i,MHC-I,Tcell_receptors_score,486,0.7173332033577156,5.572360769834647e-78,2.472564648278996e-77
LUSC,antigen_presentation_mhc_i,MHC-I,IL8_21978456,486,0.2259094131714343,4.837585076561577e-07,6.669149218574501e-07
LUSC,antigen_presentation_mhc_i,MHC-I,IFN_21978456,486,0.6254535709699244,4.035838432966433e-54,1.2764512253103135e-53
LUSC,antigen_presentation_mhc_i,MHC-I,MHC1_21978456,486,0.8997655551494111,1.979098477988312e-176,3.007345173255982e-175
LUSC,antigen_presentation_mhc_i,MHC-I,MHC2_21978456,486,0.6786116346433594,7.343159875062483e-67,2.8270905676107505e-66
LUSC,antigen_presentation_mhc_i,MHC-I,Bcell_21978456,486,-0.0834306213017252,0.0661020731498958,0.0733119832692014
LUSC,antigen_presentation_mhc_i,MHC-I,Tcell_21978456,486,0.6625293301051327,9.913971727091526e-63,3.5859046672458707e-62
LUSC,antigen_presentation_mhc_i,MHC-I,CD103pos_mean_25446897,486,0.4920608715603113,5.33688207493348e-31,1.1947587854995116e-30
LUSC,antigen_presentation_mhc_i,MHC-I,CD103neg_mean_25446897,486,0.4439661887405517,6.849620872261962e-25,1.39244908613995e-24
LUSC,antigen_presentation_mhc_i,MHC-I,IgG_19272155,486,0.3550837544452616,6.895766721074981e-16,1.2089259092055398e-15
LUSC,antigen_presentation_mhc_i,MHC-I,Interferon_19272155,486,0.6213551280490265,3.070570093345045e-53,9.577925061810232e-53
LUSC,antigen_presentation_mhc_i,MHC-I,LCK_19272155,486,0.689877838423198,6.478368916500161e-70,2.6028306429660914e-69
LUSC,antigen_presentation_mhc_i,MHC-I,MHC.I_19272155,486,0.9120213144685444,1.8184255476778947e-189,3.3195419393851506e-188
LUSC,antigen_presentation_mhc_i,MHC-I,MHC.II_19272155,486,0.690799984570188,3.591275928096054e-70,1.4482239472826192e-69
LUSC,antigen_presentation_mhc_i,MHC-I,STAT1_19272155,486,0.8481123098022079,1.280025197139855e-135,1.1782296230864317e-134
LUSC,antigen_presentation_mhc_i,MHC-I,Troester_WoundSig_19887484,486,0.2820440588732451,2.4398737727340726e-10,3.703379833614218e-10
LUSC,antigen_presentation_mhc_i,MHC-I,MDACC.FNA.1_20805453,486,0.6475527550624843,4.1560803517640605e-59,1.423745410176101e-58
LUSC,antigen_presentation_mhc_i,MHC-I,IGG_Cluster_21214954,486,0.5875860821718664,1.8950789468370096e-46,5.3443387614273374e-46
LUSC,antigen_presentation_mhc_i,MHC-I,Minterferon_Cluster_21214954,486,0.8262661869973565,9.82378269738302e-123,7.700486725326172e-122
LUSC,antigen_presentation_mhc_i,MHC-I,Immune_cell_Cluster_21214954,486,0.7547068123418404,1.2084648076776562e-90,6.18442949554699e-90
LUSC,antigen_presentation_mhc_i,MHC-I,MCD3_CD8_21214954,486,0.260118118568397,5.880297991004082e-09,8.589908987932924e-09
LUSC,antigen_presentation_mhc_i,MHC-I,Interferon_Cluster_21214954,486,0.7088513345299143,2.178092148107296e-75,9.344496282100705e-75
LUSC,antigen_presentation_mhc_i,MHC-I,B_cell_PCA_16704732,486,0.6134885367647332,1.3888582958958866e-51,4.220887781940572e-51
LUSC,antigen_presentation_mhc_i,MHC-I,CD8_PCA_16704732,486,0.7558225073741225,4.669556298766945e-91,2.403253194445807e-90
LUSC,antigen_presentation_mhc_i,MHC-I,GRANS_PCA_16704732,486,0.3896364827195168,4.5530420815419655e-19,8.433281894309938e-19
LUSC,antigen_presentation_mhc_i,MHC-I,LYMPHS_PCA_16704732,486,0.0057975229345355,0.8985599381627278,0.9053961983337308
LUSC,antigen_presentation_mhc_i,MHC-I,T_cell_PCA_16704732,486,0.7294012451054336,7.747504967449367e-82,3.6053402072647177e-81
LUSC,antigen_presentation_mhc_i,MHC-I,TGFB_PCA_17349583,486,0.3867958411942784,8.59679398756313e-19,1.5853070946557097e-18
LUSC,antigen_presentation_mhc_i,MHC-I,Rotterdam_ERneg_PCA_15721472,486,0.2308075319041108,2.6784899997078857e-07,3.722786305163745e-07
LUSC,antigen_presentation_mhc_i,MHC-I,HER2_Immune_PCA_18006808,486,0.7152468817090554,2.468361800543593e-77,1.0828942092707375e-76
LUSC,antigen_presentation_mhc_i,MHC-I,IR7_score,486,0.6733802402577773,1.7303671278740721e-65,6.532406089961799e-65
LUSC,antigen_presentation_mhc_i,MHC-I,Buck14_score,486,0.142739765286458,0.0016059597521961,0.0019379815998107
LUSC,antigen_presentation_mhc_i,MHC-I,TAMsurr_score,486,0.7369896414314316,2.266955959097209e-84,1.0865410059461512e-83
LUSC,antigen_presentation_mhc_i,MHC-I,Immune_NSCLC_score,486,0.4956267025330112,1.716555162683245e-31,3.874713728214462e-31
LUSC,antigen_presentation_mhc_i,MHC-I,Module3_IFN_score,486,0.6759029328824575,3.8014691115026434e-66,1.4461532843758308e-65
LUSC,antigen_presentation_mhc_i,MHC-I,Module4_TcellBcell_score,486,0.6819233827169294,9.601075510923691e-68,3.7440753246899554e-67
LUSC,antigen_presentation_mhc_i,MHC-I,Module5_TcellBcell_score,486,0.7701514719662326,1.4438701940527398e-96,8.014952913925413e-96
LUSC,antigen_presentation_mhc_i,MHC-I,Module11_Prolif_score,486,-0.2340330997265145,1.8016636624169239e-07,2.5130898265507856e-07
LUSC,antigen_presentation_mhc_i,MHC-I,GP11_Immune_IFN,486,0.719865073591807,8.98940457070217e-79,4.0248856678699423e-78
LUSC,antigen_presentation_mhc_i,MHC-I,GP2_ImmuneTcellBcell_score,486,0.6792761321479314,4.8925092253437424e-67,1.8849327327103373e-66
LUSC,antigen_presentation_mhc_i,MHC-I,CD8_CD68_ratio,486,0.1713136871175648,0.0001476157903514,0.0001859726492616
LUSC,antigen_presentation_mhc_i,MHC-I,TAMsurr_TcClassII_ratio,486,-0.2635968128545072,3.617135366201752e-09,5.318166592469603e-09
LUSC,antigen_presentation_mhc_i,MHC-I,CHANG_CORE_SERUM_RESPONSE_UP,486,-0.1282203620024379,0.0046390291202059,0.0054695098426355
LUSC,antigen_presentation_mhc_i,MHC-I,CSR_Activated_15701700,486,-0.2274734070856467,4.011201234562675e-07,5.549576479150802e-07
LUSC,antigen_presentation_mhc_i,MHC-I,CD103pos_CD103neg_ratio_25446897,486,0.1026454210892463,0.023634862237546,0.0268645320878082
OV,antigen_presentation_mhc_i,MHC-I,ICS5_score,269,0.6942341249866627,5.157497301328809e-40,1.3334974011040268e-39
OV,antigen_presentation_mhc_i,MHC-I,LIexpression_score,269,0.5863889967757248,3.0676104434209576e-26,6.37669117776462e-26
OV,antigen_presentation_mhc_i,MHC-I,Chemokine12_score,269,0.6521997589807791,5.631608255850606e-34,1.3216543965412985e-33
OV,antigen_presentation_mhc_i,MHC-I,NHI_5gene_score,269,0.6985401811984057,1.0830795947541183e-40,2.829948604929108e-40
OV,antigen_presentation_mhc_i,MHC-I,CD68,269,0.5338209006856474,3.233220800082691e-21,6.206323624717657e-21
OV,antigen_presentation_mhc_i,MHC-I,CD8A,269,0.5804080685264309,1.272145860688733e-25,2.6203988951710363e-25
OV,antigen_presentation_mhc_i,MHC-I,PD1_data,269,0.579481401796146,1.5816643397628112e-25,3.2505681935435184e-25
OV,antigen_presentation_mhc_i,MHC-I,PDL1_data,269,0.6703514713028867,1.83948418471232e-36,4.515701247669233e-36
OV,antigen_presentation_mhc_i,MHC-I,PD1_PDL1_score,269,0.7096390474142708,1.700809092961532e-42,4.55558910177781e-42
OV,antigen_presentation_mhc_i,MHC-I,CTLA4_data,269,0.6328228494991419,1.6706124089932102e-31,3.772574306734356e-31
OV,antigen_presentation_mhc_i,MHC-I,Bcell_mg_IGJ,269,0.3744345188555364,2.2257861174348017e-10,3.382200133755677e-10
OV,antigen_presentation_mhc_i,MHC-I,Bcell_receptors_score,269,0.5177384562556585,7.548962857632696e-20,1.4160813084662713e-19
OV,antigen_presentation_mhc_i,MHC-I,STAT1_score,269,0.8087406242457937,1.7218242916273788e-63,6.307558347779757e-63
OV,antigen_presentation_mhc_i,MHC-I,CSF1_response,269,0.6060074192270799,2.3335245336940273e-28,5.015556484905376e-28
OV,antigen_presentation_mhc_i,MHC-I,TcClassII_score,269,0.7518801210613874,3.2066397899397685e-50,9.600506580777292e-50
OV,antigen_presentation_mhc_i,MHC-I,IL12_score_21050467,269,0.6847478838767748,1.459463233588902e-38,3.699664487755651e-38
OV,antigen_presentation_mhc_i,MHC-I,IL4_score_21050467,269,0.4654449146599673,7.222317233250204e-16,1.2653592833778137e-15
OV,antigen_presentation_mhc_i,MHC-I,IL2_score_21050467,269,0.57210764210356,8.731452760784458e-25,1.7730161634441005e-24
OV,antigen_presentation_mhc_i,MHC-I,IL13_score_21050467,269,0.3799313746931987,1.1512210845685452e-10,1.7691081073595722e-10
OV,antigen_presentation_mhc_i,MHC-I,IFNG_score_21050467,269,0.840936045116536,3.5920930431850925e-73,1.5043099426425636e-72
OV,antigen_presentation_mhc_i,MHC-I,TGFB_score_21050467,269,0.028613451614353,0.6403526725815798,0.6562770419826288
OV,antigen_presentation_mhc_i,MHC-I,TREM1_data,269,0.1841984194566899,0.0024213215609094,0.0028968527141735
OV,antigen_presentation_mhc_i,MHC-I,DAP12_data,269,0.5419357424050062,6.180914660566799e-22,1.1953137487907357e-21
OV,antigen_presentation_mhc_i,MHC-I,Tcell_receptors_score,269,0.6569254101241006,1.3181870348598711e-34,3.1232306052429e-34
OV,antigen_presentation_mhc_i,MHC-I,IL8_21978456,269,0.2343940873063811,0.0001041799025778,0.0001319531245689
OV,antigen_presentation_mhc_i,MHC-I,IFN_21978456,269,0.5973564642709625,2.0904741004840003e-27,4.4405228842768286e-27
OV,antigen_presentation_mhc_i,MHC-I,MHC1_21978456,269,0.871624663489358,1.1774337938287503e-84,5.658339079883747e-84
OV,antigen_presentation_mhc_i,MHC-I,MHC2_21978456,269,0.6844290580644373,1.6293905873976952e-38,4.124655558605613e-38
OV,antigen_presentation_mhc_i,MHC-I,Bcell_21978456,269,-0.0418614027658019,0.4941769061121577,0.5114768586853382
OV,antigen_presentation_mhc_i,MHC-I,Tcell_21978456,269,0.6452181471823041,4.592178449636553e-33,1.0612195119139883e-32
OV,antigen_presentation_mhc_i,MHC-I,CD103pos_mean_25446897,269,0.4452367793118817,1.6734551831729714e-14,2.8386642333835252e-14
OV,antigen_presentation_mhc_i,MHC-I,CD103neg_mean_25446897,269,0.4270322572491702,2.3886056042286944e-13,3.934003780503813e-13
OV,antigen_presentation_mhc_i,MHC-I,IgG_19272155,269,0.321143194102259,7.206356256622064e-08,1.0153477864808089e-07
OV,antigen_presentation_mhc_i,MHC-I,Interferon_19272155,269,0.5824824398708225,7.793403297289138e-26,1.608960680730661e-25
OV,antigen_presentation_mhc_i,MHC-I,LCK_19272155,269,0.6391784323701322,2.700834341065928e-32,6.147505780501525e-32
OV,antigen_presentation_mhc_i,MHC-I,MHC.I_19272155,269,0.8738187738227761,1.3749561712863715e-85,6.66645416381271e-85
OV,antigen_presentation_mhc_i,MHC-I,MHC.II_19272155,269,0.7192825709252106,3.91476878049776e-44,1.0707059912472505e-43
OV,antigen_presentation_mhc_i,MHC-I,STAT1_19272155,269,0.8685124563058313,2.316268330549536e-83,1.0995200452172318e-82
OV,antigen_presentation_mhc_i,MHC-I,Troester_WoundSig_19887484,269,0.0785595433979838,0.1989817043802572,0.2132506839693852
OV,antigen_presentation_mhc_i,MHC-I,MDACC.FNA.1_20805453,269,0.5801240329098382,1.3600602395494871e-25,2.7983085110246635e-25
OV,antigen_presentation_mhc_i,MHC-I,IGG_Cluster_21214954,269,0.4790361941951543,7.737932449300591e-17,1.3760821354754891e-16
OV,antigen_presentation_mhc_i,MHC-I,Minterferon_Cluster_21214954,269,0.8030625079663765,5.661418781717948e-62,2.0355663035390377e-61
OV,antigen_presentation_mhc_i,MHC-I,Immune_cell_Cluster_21214954,269,0.7375713556047118,1.9474867436191672e-47,5.578898307155487e-47
OV,antigen_presentation_mhc_i,MHC-I,MCD3_CD8_21214954,269,0.0029446945792559,0.9616590379013916,0.9643180029831466
OV,antigen_presentation_mhc_i,MHC-I,Interferon_Cluster_21214954,269,0.666833017944084,5.7574836763093976e-36,1.4026292520879138e-35
OV,antigen_presentation_mhc_i,MHC-I,B_cell_PCA_16704732,269,0.6154060267753664,1.9950031677978854e-29,4.36733087839859e-29
OV,antigen_presentation_mhc_i,MHC-I,CD8_PCA_16704732,269,0.7172743342263881,8.698373191830165e-44,2.3659575081778047e-43
OV,antigen_presentation_mhc_i,MHC-I,GRANS_PCA_16704732,269,0.5671144590998427,2.7103005264668512e-24,5.4526756153770985e-24
OV,antigen_presentation_mhc_i,MHC-I,LYMPHS_PCA_16704732,269,0.3645699630718773,7.047203574512449e-10,1.0587348093164242e-09
OV,antigen_presentation_mhc_i,MHC-I,T_cell_PCA_16704732,269,0.6677486180075948,4.284813151064655e-36,1.0476127434513134e-35
OV,antigen_presentation_mhc_i,MHC-I,TGFB_PCA_17349583,269,0.1665665373771055,0.0061752500596073,0.0072305984339784
OV,antigen_presentation_mhc_i,MHC-I,Rotterdam_ERneg_PCA_15721472,269,0.5079044892519164,4.780474684894749e-19,8.842496526972946e-19
OV,antigen_presentation_mhc_i,MHC-I,HER2_Immune_PCA_18006808,269,0.681874913497882,3.917549697042856e-38,9.830013999959934e-38
OV,antigen_presentation_mhc_i,MHC-I,IR7_score,269,0.6698416235928991,2.1723201238059052e-36,5.327962792382383e-36
OV,antigen_presentation_mhc_i,MHC-I,Buck14_score,269,0.0270389237449259,0.6588605462271209,0.6746097066582981
OV,antigen_presentation_mhc_i,MHC-I,TAMsurr_score,269,0.7760978256178832,2.157323010745316e-55,6.981461736141889e-55
OV,antigen_presentation_mhc_i,MHC-I,Immune_NSCLC_score,269,0.6146259213737371,2.4544934375394166e-29,5.36242742980499e-29
OV,antigen_presentation_mhc_i,MHC-I,Module3_IFN_score,269,0.6456403378523854,4.0511712313224906e-33,9.37005590918127e-33
OV,antigen_presentation_mhc_i,MHC-I,Module4_TcellBcell_score,269,0.6420227370035929,1.178351734523476e-32,2.702459289969523e-32
OV,antigen_presentation_mhc_i,MHC-I,Module5_TcellBcell_score,269,0.7391476229675169,9.813805805945132e-48,2.8262098244754634e-47
OV,antigen_presentation_mhc_i,MHC-I,Module11_Prolif_score,269,-0.0361313069305439,0.5551701477111006,0.5715839280338968
OV,antigen_presentation_mhc_i,MHC-I,GP11_Immune_IFN,269,0.6748430780689009,4.189156449115208e-37,1.0382237395529262e-36
OV,antigen_presentation_mhc_i,MHC-I,GP2_ImmuneTcellBcell_score,269,0.586562790959071,2.942108498543803e-26,6.120485748404701e-26
OV,antigen_presentation_mhc_i,MHC-I,CD8_CD68_ratio,269,0.0489251388657702,0.4241895898874476,0.4431709946202641
OV,antigen_presentation_mhc_i,MHC-I,TAMsurr_TcClassII_ratio,269,-0.2138993470685069,0.0004111083539795,0.0005093212128555
OV,antigen_presentation_mhc_i,MHC-I,CHANG_CORE_SERUM_RESPONSE_UP,269,0.0187031179422598,0.7600979525016462,0.7727402096073547
OV,antigen_presentation_mhc_i,MHC-I,CSR_Activated_15701700,269,-0.0675837985189616,0.2693510700396254,0.2857947768705993
OV,antigen_presentation_mhc_i,MHC-I,CD103pos_CD103neg_ratio_25446897,269,-0.1228661714454648,0.0440719766786833,0.0494537032038031
PAAD,antigen_presentation_mhc_i,MHC-I,ICS5_score,156,0.2498968720220472,0.001654182219576,0.0019939621702844
PAAD,antigen_presentation_mhc_i,MHC-I,LIexpression_score,156,0.062357260604874,0.4393264653141479,0.4582811066747774
PAAD,antigen_presentation_mhc_i,MHC-I,Chemokine12_score,156,0.2275481658263659,0.0042794501157228,0.0050587154779513
PAAD,antigen_presentation_mhc_i,MHC-I,NHI_5gene_score,156,0.4159530020550373,6.656495053968461e-08,9.383605362422501e-08
PAAD,antigen_presentation_mhc_i,MHC-I,CD68,156,0.2393461744562685,0.0026188974128782,0.003128415003526
PAAD,antigen_presentation_mhc_i,MHC-I,CD8A,156,0.0683964258424244,0.3962182074611871,0.4149041479478071
PAAD,antigen_presentation_mhc_i,MHC-I,PD1_data,156,0.1866203471770144,0.0196653372190742,0.0224463773545455
PAAD,antigen_presentation_mhc_i,MHC-I,PDL1_data,156,0.1144021754179979,0.1550076101231103,0.1676091033730312
PAAD,antigen_presentation_mhc_i,MHC-I,PD1_PDL1_score,156,0.193784188307979,0.0153539601693777,0.017595437817867
PAAD,antigen_presentation_mhc_i,MHC-I,CTLA4_data,156,0.1779081520167918,0.0262861652874646,0.0298282726666265
PAAD,antigen_presentation_mhc_i,MHC-I,Bcell_mg_IGJ,156,0.2264246071855167,0.0044788205215743,0.0052909410721747
PAAD,antigen_presentation_mhc_i,MHC-I,Bcell_receptors_score,156,0.0478987213731409,0.5526563685338393,0.5691879297281495
PAAD,antigen_presentation_mhc_i,MHC-I,STAT1_score,156,0.3656799571371499,2.6761506071986957e-06,3.5928576760021973e-06
PAAD,antigen_presentation_mhc_i,MHC-I,CSF1_response,156,0.1505129921394095,0.0607258715434242,0.067486974708116
PAAD,antigen_presentation_mhc_i,MHC-I,TcClassII_score,156,0.2829131829748225,0.0003454934063621,0.0004294000755334
PAAD,antigen_presentation_mhc_i,MHC-I,IL12_score_21050467,156,0.1388172613182312,0.0839415373429508,0.0925125533115179
PAAD,antigen_presentation_mhc_i,MHC-I,IL4_score_21050467,156,0.2107821908931421,0.0082603690142304,0.0095997452333718
PAAD,antigen_presentation_mhc_i,MHC-I,IL2_score_21050467,156,0.1133809856854233,0.1587501658682723,0.1715536158767186
PAAD,antigen_presentation_mhc_i,MHC-I,IL13_score_21050467,156,0.0679443472434463,0.3993548451656499,0.4181082289648067
PAAD,antigen_presentation_mhc_i,MHC-I,IFNG_score_21050467,156,0.637722367058067,3.4799252957640644e-19,6.458817335024397e-19
PAAD,antigen_presentation_mhc_i,MHC-I,TGFB_score_21050467,156,-0.0428759169887736,0.5951017169259804,0.610936655987419
PAAD,antigen_presentation_mhc_i,MHC-I,TREM1_data,156,0.1487874343306396,0.0637762835938338,0.070746937754987
PAAD,antigen_presentation_mhc_i,MHC-I,DAP12_data,156,0.2852819035674605,0.0003064043247937,0.0003812533227077
PAAD,antigen_presentation_mhc_i,MHC-I,Tcell_receptors_score,156,0.0840385010510344,0.2969273677121096,0.3143189103626924
PAAD,antigen_presentation_mhc_i,MHC-I,IL8_21978456,156,0.0048995590396864,0.9515952092049832,0.954754322772982
PAAD,antigen_presentation_mhc_i,MHC-I,IFN_21978456,156,0.5114855146907745,8.887455294336402e-12,1.4075038370069875e-11
PAAD,antigen_presentation_mhc_i,MHC-I,MHC1_21978456,156,0.7970561529424759,1.4913931662493235e-35,3.602654895380249e-35
PAAD,antigen_presentation_mhc_i,MHC-I,MHC2_21978456,156,0.3228398476395188,3.948834984854664e-05,5.088029918903215e-05
PAAD,antigen_presentation_mhc_i,MHC-I,Bcell_21978456,156,-0.0930728763722401,0.2478280444011821,0.2636777941604598
PAAD,antigen_presentation_mhc_i,MHC-I,Tcell_21978456,156,0.1020024971946073,0.2051294921448787,0.219666227808689
PAAD,antigen_presentation_mhc_i,MHC-I,CD103pos_mean_25446897,156,-0.0162064769009498,0.8408517872928033,0.8502293165191172
PAAD,antigen_presentation_mhc_i,MHC-I,CD103neg_mean_25446897,156,0.1521708207551642,0.0579089691222673,0.0644749881344932
PAAD,antigen_presentation_mhc_i,MHC-I,IgG_19272155,156,0.0580804129545271,0.4714029965787224,0.4893954773641698
PAAD,antigen_presentation_mhc_i,MHC-I,Interferon_19272155,156,0.5108458147065927,9.525804541642467e-12,1.5050937178778688e-11
PAAD,antigen_presentation_mhc_i,MHC-I,LCK_19272155,156,0.0864440264892288,0.2832656719275339,0.3003245479021212
PAAD,antigen_presentation_mhc_i,MHC-I,MHC.I_19272155,156,0.8122463784725225,7.004723412917964e-38,1.7544058640089193e-37
PAAD,antigen_presentation_mhc_i,MHC-I,MHC.II_19272155,156,0.2573975438984685,0.0011791576719089,0.0014311953893762
PAAD,antigen_presentation_mhc_i,MHC-I,STAT1_19272155,156,0.5120691249303214,8.34141639275927e-12,1.3225679153777449e-11
PAAD,antigen_presentation_mhc_i,MHC-I,Troester_WoundSig_19887484,156,-0.0787502005264905,0.3284712679040317,0.3464967417874603
PAAD,antigen_presentation_mhc_i,MHC-I,MDACC.FNA.1_20805453,156,0.1749760356056524,0.0289066808554808,0.0326995932322345
PAAD,antigen_presentation_mhc_i,MHC-I,IGG_Cluster_21214954,156,0.1371023059537544,0.0878770518154421,0.0966931961723311
PAAD,antigen_presentation_mhc_i,MHC-I,Minterferon_Cluster_21214954,156,0.5907892958776764,4.732463304993194e-16,8.32350481059262e-16
PAAD,antigen_presentation_mhc_i,MHC-I,Immune_cell_Cluster_21214954,156,0.2572521376301939,0.0011870336603774,0.0014397994207831
PAAD,antigen_presentation_mhc_i,MHC-I,MCD3_CD8_21214954,156,-0.1122441560904679,0.1629957429250299,0.1759668270514313
PAAD,antigen_presentation_mhc_i,MHC-I,Interferon_Cluster_21214954,156,0.5723506819870082,5.9202032731518666e-15,1.0153185941344944e-14
PAAD,antigen_presentation_mhc_i,MHC-I,B_cell_PCA_16704732,156,0.0783897836291507,0.3306966909098118,0.3487766573379946
PAAD,antigen_presentation_mhc_i,MHC-I,CD8_PCA_16704732,156,0.1979314345143761,0.0132552999108712,0.0152385527293194
PAAD,antigen_presentation_mhc_i,MHC-I,GRANS_PCA_16704732,156,0.3445496356940778,1.0605626263625586e-05,1.392916631437064e-05
PAAD,antigen_presentation_mhc_i,MHC-I,LYMPHS_PCA_16704732,156,0.0590855210127862,0.4637516958338402,0.4820648302509284
PAAD,antigen_presentation_mhc_i,MHC-I,T_cell_PCA_16704732,156,0.0964391269301891,0.2310608542595436,0.2462717568910496
PAAD,antigen_presentation_mhc_i,MHC-I,TGFB_PCA_17349583,156,-0.020274707428929,0.8016438485398478,0.8128504261056425
PAAD,antigen_presentation_mhc_i,MHC-I,Rotterdam_ERneg_PCA_15721472,156,0.2780565172485239,0.0004404790688583,0.0005445923033157
PAAD,antigen_presentation_mhc_i,MHC-I,HER2_Immune_PCA_18006808,156,0.1515986786995622,0.0588687190637171,0.0655033405004338
PAAD,antigen_presentation_mhc_i,MHC-I,IR7_score,156,0.2574769759877028,0.0011748754225911,0.0014263160675955
PAAD,antigen_presentation_mhc_i,MHC-I,Buck14_score,156,0.0068293584970691,0.9325685639201824,0.9372202083365584
PAAD,antigen_presentation_mhc_i,MHC-I,TAMsurr_score,156,0.4165956098337108,6.323794614256134e-08,8.923850246836152e-08
PAAD,antigen_presentation_mhc_i,MHC-I,Immune_NSCLC_score,156,0.3332701131171887,2.125845778000549e-05,2.7673130012737464e-05
PAAD,antigen_presentation_mhc_i,MHC-I,Module3_IFN_score,156,0.5283716078456164,1.3503448557666737e-12,2.187574751450478e-12
PAAD,antigen_presentation_mhc_i,MHC-I,Module4_TcellBcell_score,156,0.0650851100820281,0.4195332549956361,0.4384747179973603
PAAD,antigen_presentation_mhc_i,MHC-I,Module5_TcellBcell_score,156,0.2504547904331974,0.001613603823683,0.0019467741851487
PAAD,antigen_presentation_mhc_i,MHC-I,Module11_Prolif_score,156,0.2673914864498707,0.0007394494425656,0.0009041593543621
PAAD,antigen_presentation_mhc_i,MHC-I,GP11_Immune_IFN,156,0.6068182016066938,4.601442470763178e-17,8.207162964246455e-17
PAAD,antigen_presentation_mhc_i,MHC-I,GP2_ImmuneTcellBcell_score,156,0.0608225705370843,0.4506915202240655,0.4694164024543206
PAAD,antigen_presentation_mhc_i,MHC-I,CD8_CD68_ratio,156,-0.1168118095177885,0.146440007336262,0.1586287614315543
PAAD,antigen_presentation_mhc_i,MHC-I,TAMsurr_TcClassII_ratio,156,0.2262842999586734,0.0045042939307673,0.0053198781987352
PAAD,antigen_presentation_mhc_i,MHC-I,CHANG_CORE_SERUM_RESPONSE_UP,156,0.25675987508741,0.0012140558721849,0.0014715828753757
PAAD,antigen_presentation_mhc_i,MHC-I,CSR_Activated_15701700,156,0.2024690655580369,0.0112508590872825,0.0129835964011067
PAAD,antigen_presentation_mhc_i,MHC-I,CD103pos_CD103neg_ratio_25446897,156,-0.1529200999827412,0.05667158864579,0.0632007876656617
UCEC,antigen_presentation_mhc_i,MHC-I,ICS5_score,528,0.5055712125350107,1.3177210023931305e-35,3.1873731671937e-35
UCEC,antigen_presentation_mhc_i,MHC-I,LIexpression_score,528,0.4900916536457186,2.977427942377507e-33,6.904180735947841e-33
UCEC,antigen_presentation_mhc_i,MHC-I,Chemokine12_score,528,0.4589132993724117,7.335300054827124e-29,1.588536317605874e-28
UCEC,antigen_presentation_mhc_i,MHC-I,NHI_5gene_score,528,0.5594493628085148,8.204327677710037e-45,2.2690158905308893e-44
UCEC,antigen_presentation_mhc_i,MHC-I,CD68,528,0.4811098592312328,6.103724550906607e-32,1.3846647855267702e-31
UCEC,antigen_presentation_mhc_i,MHC-I,CD8A,528,0.3752373345100014,4.250485473942115e-19,7.880927395448232e-19
UCEC,antigen_presentation_mhc_i,MHC-I,PD1_data,528,0.3560968990467189,3.13644458081055e-17,5.614431891941228e-17
UCEC,antigen_presentation_mhc_i,MHC-I,PDL1_data,528,0.4420409561671322,1.1480815823484473e-26,2.4076961480245004e-26
UCEC,antigen_presentation_mhc_i,MHC-I,PD1_PDL1_score,528,0.4522346584764027,5.607620071846189e-28,1.198642561526258e-27
UCEC,antigen_presentation_mhc_i,MHC-I,CTLA4_data,528,0.3988613308056263,1.3971674744601646e-21,2.690474711880813e-21
UCEC,antigen_presentation_mhc_i,MHC-I,Bcell_mg_IGJ,528,0.5200586893602472,6.378961913725648e-38,1.5991498991091026e-37
UCEC,antigen_presentation_mhc_i,MHC-I,Bcell_receptors_score,528,0.5103758730190132,2.3138244359217133e-36,5.672467296716593e-36
UCEC,antigen_presentation_mhc_i,MHC-I,STAT1_score,528,0.7046314948497825,2.0751662826264284e-80,9.486474434863672e-80
UCEC,antigen_presentation_mhc_i,MHC-I,CSF1_response,528,0.5553182461103328,4.789706572830203e-44,1.3080323170781277e-43
UCEC,antigen_presentation_mhc_i,MHC-I,TcClassII_score,528,0.6794069450079757,9.774645840077962e-73,4.0684065317539494e-72
UCEC,antigen_presentation_mhc_i,MHC-I,IL12_score_21050467,528,0.4772796122757666,2.1541530793036277e-31,4.854429474487047e-31
UCEC,antigen_presentation_mhc_i,MHC-I,IL4_score_21050467,528,0.4568554773848096,1.3793696545689843e-28,2.974146223089684e-28
UCEC,antigen_presentation_mhc_i,MHC-I,IL2_score_21050467,528,0.4460442604593069,3.5506784522015935e-27,7.512909677159343e-27
UCEC,antigen_presentation_mhc_i,MHC-I,IL13_score_21050467,528,0.3328052600719357,4.024935561443491e-15,6.9333912141395155e-15
UCEC,antigen_presentation_mhc_i,MHC-I,IFNG_score_21050467,528,0.8025918911007004,4.152449131815323e-120,3.133054546057609e-119
UCEC,antigen_presentation_mhc_i,MHC-I,TGFB_score_21050467,528,-0.0124339983166281,0.775609352041662,0.7882149962836992
UCEC,antigen_presentation_mhc_i,MHC-I,TREM1_data,528,0.2109439957451966,1.004396698506107e-06,1.3694030175120856e-06
UCEC,antigen_presentation_mhc_i,MHC-I,DAP12_data,528,0.5257061287330809,7.442351079992021e-39,1.8927718501709487e-38
UCEC,antigen_presentation_mhc_i,MHC-I,Tcell_receptors_score,528,0.4647010246505552,1.2133043020136529e-29,2.664665079916945e-29
UCEC,antigen_presentation_mhc_i,MHC-I,IL8_21978456,528,0.2074243524527421,1.52956335415235e-06,2.072950833729144e-06
UCEC,antigen_presentation_mhc_i,MHC-I,IFN_21978456,528,0.6373669124019675,1.5703314827644188e-61,5.594370180902712e-61
UCEC,antigen_presentation_mhc_i,MHC-I,MHC1_21978456,528,0.9164215332408212,2.4263863439753e-211,6.0827381157721816e-210
UCEC,antigen_presentation_mhc_i,MHC-I,MHC2_21978456,528,0.6921671150033558,1.6127361445041164e-76,6.990665040719038e-76
UCEC,antigen_presentation_mhc_i,MHC-I,Bcell_21978456,528,-0.0317764450815452,0.466233755856711,0.4843062119267726
UCEC,antigen_presentation_mhc_i,MHC-I,Tcell_21978456,528,0.4905058105645953,2.5847170289903104e-33,6.001220929452535e-33
UCEC,antigen_presentation_mhc_i,MHC-I,CD103pos_mean_25446897,528,0.4125712494766537,4.0715787368330804e-23,8.019329590286734e-23
UCEC,antigen_presentation_mhc_i,MHC-I,CD103neg_mean_25446897,528,0.4661427307819357,7.708663047356497e-30,1.7005323186382536e-29
UCEC,antigen_presentation_mhc_i,MHC-I,IgG_19272155,528,0.3127937649604007,1.8979673084104867e-13,3.131617275630284e-13
UCEC,antigen_presentation_mhc_i,MHC-I,Interferon_19272155,528,0.6427929317126875,7.051214268068929e-63,2.5589463387788508e-62
UCEC,antigen_presentation_mhc_i,MHC-I,LCK_19272155,528,0.4976762533499664,2.16503564631131e-34,5.107456164758686e-34
UCEC,antigen_presentation_mhc_i,MHC-I,MHC.I_19272155,528,0.9217827144950108,1.3468331283931072e-218,3.77668671054562e-217
UCEC,antigen_presentation_mhc_i,MHC-I,MHC.II_19272155,528,0.676935122913943,5.020029078523866e-72,2.064169175145112e-71
UCEC,antigen_presentation_mhc_i,MHC-I,STAT1_19272155,528,0.710616612360688,2.3741867093657327e-82,1.1105396129793283e-81
UCEC,antigen_presentation_mhc_i,MHC-I,Troester_WoundSig_19887484,528,0.1447984047056162,0.0008470913460363,0.0010332235252102
UCEC,antigen_presentation_mhc_i,MHC-I,MDACC.FNA.1_20805453,528,0.6036741435511483,9.825160576218567e-54,3.0913171506436673e-53
UCEC,antigen_presentation_mhc_i,MHC-I,IGG_Cluster_21214954,528,0.4520948288236451,5.848784864367825e-28,1.249701086494932e-27
UCEC,antigen_presentation_mhc_i,MHC-I,Minterferon_Cluster_21214954,528,0.7606652233939838,8.93249161376817e-101,5.247597665107866e-100
UCEC,antigen_presentation_mhc_i,MHC-I,Immune_cell_Cluster_21214954,528,0.6287742197962227,1.886853130248357e-59,6.4801016594388035e-59
UCEC,antigen_presentation_mhc_i,MHC-I,MCD3_CD8_21214954,528,0.0841483511589903,0.0533067273773566,0.0595459131278891
UCEC,antigen_presentation_mhc_i,MHC-I,Interferon_Cluster_21214954,528,0.6856027212437268,1.5058729541232476e-74,6.384995222471136e-74
UCEC,antigen_presentation_mhc_i,MHC-I,B_cell_PCA_16704732,528,0.5359518631734624,1.3598319597617482e-40,3.549657322986521e-40
UCEC,antigen_presentation_mhc_i,MHC-I,CD8_PCA_16704732,528,0.4903012289373691,2.7718344579282588e-33,6.430183134810118e-33
UCEC,antigen_presentation_mhc_i,MHC-I,GRANS_PCA_16704732,528,0.3941411656563031,4.545603128888864e-21,8.716278118137264e-21
UCEC,antigen_presentation_mhc_i,MHC-I,LYMPHS_PCA_16704732,528,0.0218769883374782,0.6159745578352362,0.631887911488532
UCEC,antigen_presentation_mhc_i,MHC-I,T_cell_PCA_16704732,528,0.5058137739715072,1.2077301372813302e-35,2.9239216496708654e-35
UCEC,antigen_presentation_mhc_i,MHC-I,TGFB_PCA_17349583,528,-0.0033630761177533,0.9385482288917292,0.9428813232079422
UCEC,antigen_presentation_mhc_i,MHC-I,Rotterdam_ERneg_PCA_15721472,528,0.3077055175822891,4.832642654530343e-13,7.911398146447508e-13
UCEC,antigen_presentation_mhc_i,MHC-I,HER2_Immune_PCA_18006808,528,0.5649045984304306,7.683492854175909e-46,2.15011322668297e-45
UCEC,antigen_presentation_mhc_i,MHC-I,IR7_score,528,0.5280339054901856,3.033848894432656e-39,7.75570394065491e-39
UCEC,antigen_presentation_mhc_i,MHC-I,Buck14_score,528,0.2737605475455567,1.5715808206973447e-10,2.4021915326197125e-10
UCEC,antigen_presentation_mhc_i,MHC-I,TAMsurr_score,528,0.5602029519543219,5.930628395354333e-45,1.6418635354059834e-44
UCEC,antigen_presentation_mhc_i,MHC-I,Immune_NSCLC_score,528,0.3923759595126654,7.03210067975936e-21,1.3441541706918803e-20
UCEC,antigen_presentation_mhc_i,MHC-I,Module3_IFN_score,528,0.6673028599430668,2.5387275612582715e-69,1.0110305954059295e-68
UCEC,antigen_presentation_mhc_i,MHC-I,Module4_TcellBcell_score,528,0.4658915103909952,8.343967059451619e-30,1.8391888494091085e-29
UCEC,antigen_presentation_mhc_i,MHC-I,Module5_TcellBcell_score,528,0.5723323431596575,2.8449106219495957e-47,8.132587379614188e-47
UCEC,antigen_presentation_mhc_i,MHC-I,Module11_Prolif_score,528,-0.2048587041250499,2.0689525466597845e-06,2.787986587522722e-06
UCEC,antigen_presentation_mhc_i,MHC-I,GP11_Immune_IFN,528,0.6996398650148712,7.930528083105619e-79,3.556642437930302e-78
UCEC,antigen_presentation_mhc_i,MHC-I,GP2_ImmuneTcellBcell_score,528,0.5404699606151027,2.2276968203290166e-41,5.865765102899251e-41
UCEC,antigen_presentation_mhc_i,MHC-I,CD8_CD68_ratio,528,-0.1255574223229398,0.0038561499307422,0.0045682612419943
UCEC,antigen_presentation_mhc_i,MHC-I,TAMsurr_TcClassII_ratio,528,-0.2105777054250551,1.049690025511369e-06,1.4307977295870328e-06
UCEC,antigen_presentation_mhc_i,MHC-I,CHANG_CORE_SERUM_RESPONSE_UP,528,-0.0999960298064738,0.0215589086971219,0.0245562109112946
UCEC,antigen_presentation_mhc_i,MHC-I,CSR_Activated_15701700,528,-0.12680668457015,0.0035151632515324,0.0041688441439581
UCEC,antigen_presentation_mhc_i,MHC-I,CD103pos_CD103neg_ratio_25446897,528,-0.0819904665983046,0.0597405993435538,0.0664463014575614
BRCA,antigen_presentation_mhc_ii,MHC-II,ICS5_score,1082,0.7433433434998109,8.142584738794402e-191,1.5169746910630667e-189
BRCA,antigen_presentation_mhc_ii,MHC-II,LIexpression_score,1082,0.795518223204373,3.163995015248664e-237,1.0624773384538723e-235
BRCA,antigen_presentation_mhc_ii,MHC-II,Chemokine12_score,1082,0.7846602308137738,1.649232927148498e-226,4.902637772507011e-225
BRCA,antigen_presentation_mhc_ii,MHC-II,NHI_5gene_score,1082,0.6380396850116,9.812976673403703e-125,7.88516884834803e-124
BRCA,antigen_presentation_mhc_ii,MHC-II,CD68,1082,0.7621698056224199,3.5706706071095315e-206,8.301046197724722e-205
BRCA,antigen_presentation_mhc_ii,MHC-II,CD8A,1082,0.7453164257127483,2.3175385149656025e-192,4.3928256172170296e-191
BRCA,antigen_presentation_mhc_ii,MHC-II,PD1_data,1082,0.7571927687159791,5.6153397414748945e-202,1.2170298085108932e-200
BRCA,antigen_presentation_mhc_ii,MHC-II,PDL1_data,1082,0.5925830286216349,1.471931470598418e-103,8.906904560684531e-103
BRCA,antigen_presentation_mhc_ii,MHC-II,PD1_PDL1_score,1082,0.7846096997059726,1.8437192658234818e-226,5.421531246529592e-225
BRCA,antigen_presentation_mhc_ii,MHC-II,CTLA4_data,1082,0.7455136050367975,1.6209441766883333e-192,3.0940127442752744e-191
BRCA,antigen_presentation_mhc_ii,MHC-II,Bcell_mg_IGJ,1082,0.5036479810173944,1.1674824265682415e-70,4.729042740529587e-70
BRCA,antigen_presentation_mhc_ii,MHC-II,Bcell_receptors_score,1082,0.810731654994594,2.184559616066765e-253,8.61159732710377e-252
BRCA,antigen_presentation_mhc_ii,MHC-II,STAT1_score,1082,0.8357244953267622,2.1294157781843432e-283,1.072594614196558e-281
BRCA,antigen_presentation_mhc_ii,MHC-II,CSF1_response,1082,0.9168589106699166,0,0
BRCA,antigen_presentation_mhc_ii,MHC-II,TcClassII_score,1082,0.9513629010323824,0,0
BRCA,antigen_presentation_mhc_ii,MHC-II,IL12_score_21050467,1082,0.8309524510038232,2.7276064090277e-277,1.3131131739036005e-275
BRCA,antigen_presentation_mhc_ii,MHC-II,IL4_score_21050467,1082,0.6648208268589364,5.6229151394205885e-139,5.385327175783099e-138
BRCA,antigen_presentation_mhc_ii,MHC-II,IL2_score_21050467,1082,0.7932009986938321,6.939194987248063e-235,2.2878315594320877e-233
BRCA,antigen_presentation_mhc_ii,MHC-II,IL13_score_21050467,1082,0.4547016672564031,2.5483084287025027e-56,8.371254741631409e-56
BRCA,antigen_presentation_mhc_ii,MHC-II,IFNG_score_21050467,1082,0.6981424471519292,6.605283488445168e-159,8.222595463876821e-158
BRCA,antigen_presentation_mhc_ii,MHC-II,TGFB_score_21050467,1082,0.3418220789661822,5.1167731254908125e-31,1.1464269276223235e-30
BRCA,antigen_presentation_mhc_ii,MHC-II,TREM1_data,1082,0.1683033413919522,2.554619344534225e-08,3.659065095910001e-08
BRCA,antigen_presentation_mhc_ii,MHC-II,DAP12_data,1082,0.7920085776713655,1.0822670239839159e-233,3.525468629025451e-232
BRCA,antigen_presentation_mhc_ii,MHC-II,Tcell_receptors_score,1082,0.8256949742797688,8.845261746750838e-271,3.9441167133052914e-269
BRCA,antigen_presentation_mhc_ii,MHC-II,IL8_21978456,1082,0.3195189100639999,4.190604803992073e-27,8.853161216977428e-27
BRCA,antigen_presentation_mhc_ii,MHC-II,IFN_21978456,1082,0.3840125762947763,2.4149500074102452e-39,6.182272018970229e-39
BRCA,antigen_presentation_mhc_ii,MHC-II,MHC1_21978456,1082,0.6445835006667929,4.403348964831788e-128,3.6909427378559207e-127
BRCA,antigen_presentation_mhc_ii,MHC-II,MHC2_21978456,1082,0.9865738466333948,0,0
BRCA,antigen_presentation_mhc_ii,MHC-II,Bcell_21978456,1082,0.1202567498763322,7.323474219968144e-05,9.343269173692942e-05
BRCA,antigen_presentation_mhc_ii,MHC-II,Tcell_21978456,1082,0.8703616933824232,0,0
BRCA,antigen_presentation_mhc_ii,MHC-II,CD103pos_mean_25446897,1082,0.6958399236003615,1.9284405190638424e-157,2.346916425885302e-156
BRCA,antigen_presentation_mhc_ii,MHC-II,CD103neg_mean_25446897,1082,0.8055141720401349,1.103628429435166e-247,4.1692629556439614e-246
BRCA,antigen_presentation_mhc_ii,MHC-II,IgG_19272155,1082,0.5801082121123177,2.5462724250160928e-98,1.4474108664668282e-97
BRCA,antigen_presentation_mhc_ii,MHC-II,Interferon_19272155,1082,0.3677049395891322,5.619376596177474e-36,1.3695971632260508e-35
BRCA,antigen_presentation_mhc_ii,MHC-II,LCK_19272155,1082,0.880299614098824,0,0
BRCA,antigen_presentation_mhc_ii,MHC-II,MHC.I_19272155,1082,0.6287004125538064,4.2809032942063685e-120,3.225500543003136e-119
BRCA,antigen_presentation_mhc_ii,MHC-II,MHC.II_19272155,1082,0.9877333105065468,0,0
BRCA,antigen_presentation_mhc_ii,MHC-II,STAT1_19272155,1082,0.7189348673586683,8.392984151675898e-173,1.2175422342697837e-171
BRCA,antigen_presentation_mhc_ii,MHC-II,Troester_WoundSig_19887484,1082,0.444645070923281,1.1875925509001516e-53,3.73008283885498e-53
BRCA,antigen_presentation_mhc_ii,MHC-II,MDACC.FNA.1_20805453,1082,0.9443760148121034,0,0
BRCA,antigen_presentation_mhc_ii,MHC-II,IGG_Cluster_21214954,1082,0.706415408744893,2.7377725883064978e-164,3.606170188955774e-163
BRCA,antigen_presentation_mhc_ii,MHC-II,Minterferon_Cluster_21214954,1082,0.6326464556013116,4.904725380169758e-122,3.819146999870772e-121
BRCA,antigen_presentation_mhc_ii,MHC-II,Immune_cell_Cluster_21214954,1082,0.910887316403141,0,0
BRCA,antigen_presentation_mhc_ii,MHC-II,MCD3_CD8_21214954,1082,0.3109476197563439,1.0991562372534835e-25,2.2649280040374816e-25
BRCA,antigen_presentation_mhc_ii,MHC-II,Interferon_Cluster_21214954,1082,0.4364527997158555,1.52473950922848e-51,4.6312579174779073e-51
BRCA,antigen_presentation_mhc_ii,MHC-II,B_cell_PCA_16704732,1082,0.8231148484334811,1.1545048528468994e-267,5.064924515715429e-266
BRCA,antigen_presentation_mhc_ii,MHC-II,CD8_PCA_16704732,1082,0.8347848693882335,3.5177213295836126e-282,1.7556333975169593e-280
BRCA,antigen_presentation_mhc_ii,MHC-II,GRANS_PCA_16704732,1082,0.5756625956129383,1.6535057003096696e-96,9.159950111695114e-96
BRCA,antigen_presentation_mhc_ii,MHC-II,LYMPHS_PCA_16704732,1082,-0.0099600485470003,0.743476573159106,0.7566908434023455
BRCA,antigen_presentation_mhc_ii,MHC-II,T_cell_PCA_16704732,1082,0.8503136367122962,2.3242973374962398e-303,1.2644177515979544e-301
BRCA,antigen_presentation_mhc_ii,MHC-II,TGFB_PCA_17349583,1082,0.3275478358286086,1.7816616477504571e-28,3.8369910387024886e-28
BRCA,antigen_presentation_mhc_ii,MHC-II,Rotterdam_ERneg_PCA_15721472,1082,0.3567233219297919,8.132009247781786e-34,1.902715282061631e-33
BRCA,antigen_presentation_mhc_ii,MHC-II,HER2_Immune_PCA_18006808,1082,0.8972083902106415,0,0
BRCA,antigen_presentation_mhc_ii,MHC-II,IR7_score,1082,0.7428421585819566,2.0004746928226824e-190,3.70155861529095e-189
BRCA,antigen_presentation_mhc_ii,MHC-II,Buck14_score,1082,0.309205709874936,2.1073804322090333e-25,4.327727274902658e-25
BRCA,antigen_presentation_mhc_ii,MHC-II,TAMsurr_score,1082,0.6600533542063547,2.470278831290524e-136,2.297148178157342e-135
BRCA,antigen_presentation_mhc_ii,MHC-II,Immune_NSCLC_score,1082,0.5753618431314348,2.1878721966555404e-96,1.207101901603057e-95
BRCA,antigen_presentation_mhc_ii,MHC-II,Module3_IFN_score,1082,0.421334125525972,8.426563556133345e-48,2.429279583750154e-47
BRCA,antigen_presentation_mhc_ii,MHC-II,Module4_TcellBcell_score,1082,0.8324847546271478,3.1312381203739613e-279,1.534588772507599e-277
BRCA,antigen_presentation_mhc_ii,MHC-II,Module5_TcellBcell_score,1082,0.8452950874367062,2.9222772849792983e-296,1.5434163524550857e-294
BRCA,antigen_presentation_mhc_ii,MHC-II,Module11_Prolif_score,1082,-0.0178835898982336,0.5567835578545509,0.5731130661738424
BRCA,antigen_presentation_mhc_ii,MHC-II,GP11_Immune_IFN,1082,0.4858684739816244,3.522130554932488e-65,1.324145834058931e-64
BRCA,antigen_presentation_mhc_ii,MHC-II,GP2_ImmuneTcellBcell_score,1082,0.8801150726243494,0,0
BRCA,antigen_presentation_mhc_ii,MHC-II,CD8_CD68_ratio,1082,0.057203360206472,0.05997198850388,0.0666900280991634
BRCA,antigen_presentation_mhc_ii,MHC-II,TAMsurr_TcClassII_ratio,1082,-0.3442075692498571,1.8665859238281647e-31,4.2098787005079675e-31
BRCA,antigen_presentation_mhc_ii,MHC-II,CHANG_CORE_SERUM_RESPONSE_UP,1082,0.0356665736564202,0.2411067785781068,0.2567777751497457
BRCA,antigen_presentation_mhc_ii,MHC-II,CSR_Activated_15701700,1082,-0.1219426053048781,5.782086058894764e-05,7.401070155385297e-05
BRCA,antigen_presentation_mhc_ii,MHC-II,CD103pos_CD103neg_ratio_25446897,1082,0.0934839735904404,0.0020823490608514,0.0024990026232146
COAD,antigen_presentation_mhc_ii,MHC-II,ICS5_score,439,0.7967479853535271,1.2320412251254947e-97,6.952597784940551e-97
COAD,antigen_presentation_mhc_ii,MHC-II,LIexpression_score,439,0.7822903390486506,7.120781505672449e-92,3.69981388642389e-91
COAD,antigen_presentation_mhc_ii,MHC-II,Chemokine12_score,439,0.8425323758333778,1.7177496991837652e-119,1.280076488158861e-118
COAD,antigen_presentation_mhc_ii,MHC-II,NHI_5gene_score,439,0.7841999247272983,1.3094475480388024e-92,6.869233038892078e-92
COAD,antigen_presentation_mhc_ii,MHC-II,CD68,439,0.6132811447312542,1.0536503900314961e-46,2.98378871513344e-46
COAD,antigen_presentation_mhc_ii,MHC-II,CD8A,439,0.7757829512990878,2.0130006202961548e-89,1.0130178884746608e-88
COAD,antigen_presentation_mhc_ii,MHC-II,PD1_data,439,0.7391486639639906,5.0974954275167805e-77,2.2273393675254046e-76
COAD,antigen_presentation_mhc_ii,MHC-II,PDL1_data,439,0.7448807708131624,8.086856282496572e-79,3.623764264973752e-78
COAD,antigen_presentation_mhc_ii,MHC-II,PD1_PDL1_score,439,0.8188755117487917,2.007754068475575e-107,1.284962603824368e-106
COAD,antigen_presentation_mhc_ii,MHC-II,CTLA4_data,439,0.733403689358647,2.910573257953961e-75,1.2467337419897284e-74
COAD,antigen_presentation_mhc_ii,MHC-II,Bcell_mg_IGJ,439,0.6203642953392523,4.7786456422514855e-48,1.3879248421702128e-47
COAD,antigen_presentation_mhc_ii,MHC-II,Bcell_receptors_score,439,0.7663087819716584,5.355196552364862e-86,2.6127595735304803e-85
COAD,antigen_presentation_mhc_ii,MHC-II,STAT1_score,439,0.892548382341825,3.057495365609919e-153,3.516442872921344e-152
COAD,antigen_presentation_mhc_ii,MHC-II,CSF1_response,439,0.8603001217388356,5.965885692471851e-130,5.11093199481053e-129
COAD,antigen_presentation_mhc_ii,MHC-II,TcClassII_score,439,0.960766958838192,1.6098423361445673e-245,5.917258316639489e-244
COAD,antigen_presentation_mhc_ii,MHC-II,IL12_score_21050467,439,0.8321738027188528,5.634717851797446e-114,3.8703112517396603e-113
COAD,antigen_presentation_mhc_ii,MHC-II,IL4_score_21050467,439,0.4737299045039183,6.10907323305935e-26,1.2636257942145577e-25
COAD,antigen_presentation_mhc_ii,MHC-II,IL2_score_21050467,439,0.7110038695676174,7.922574484597206e-69,3.132180610189593e-68
COAD,antigen_presentation_mhc_ii,MHC-II,IL13_score_21050467,439,0.4203595552170034,3.1807986905601745e-20,6.00817530439144e-20
COAD,antigen_presentation_mhc_ii,MHC-II,IFNG_score_21050467,439,0.8144272657566533,2.371580566322881e-105,1.4795181514674857e-104
COAD,antigen_presentation_mhc_ii,MHC-II,TGFB_score_21050467,439,0.4674258336063641,3.272206204011823e-25,6.6945474801896645e-25
COAD,antigen_presentation_mhc_ii,MHC-II,TREM1_data,439,0.5482920441059423,8.117792467837685e-36,1.9705841599748775e-35
COAD,antigen_presentation_mhc_ii,MHC-II,DAP12_data,439,0.7897967616489064,8.272993798500956e-95,4.464790303952897e-94
COAD,antigen_presentation_mhc_ii,MHC-II,Tcell_receptors_score,439,0.8082716184960418,1.4205642599643556e-102,8.492164367259445e-102
COAD,antigen_presentation_mhc_ii,MHC-II,IL8_21978456,439,0.2755655925845679,4.3229481863556675e-09,6.338770386462218e-09
COAD,antigen_presentation_mhc_ii,MHC-II,IFN_21978456,439,0.5760917107641341,3.543696379515899e-40,9.188612156609384e-40
COAD,antigen_presentation_mhc_ii,MHC-II,MHC1_21978456,439,0.4998565317010534,3.969339614935367e-29,8.637283002099357e-29
COAD,antigen_presentation_mhc_ii,MHC-II,MHC2_21978456,439,0.9858315313513184,0,0
COAD,antigen_presentation_mhc_ii,MHC-II,Bcell_21978456,439,-0.100517121092792,0.0352566974877832,0.0397094066943148
COAD,antigen_presentation_mhc_ii,MHC-II,Tcell_21978456,439,0.8546144073847275,1.8778192359824547e-126,1.5384543138169508e-125
COAD,antigen_presentation_mhc_ii,MHC-II,CD103pos_mean_25446897,439,0.6916459401204793,9.626476699668408e-64,3.545567586066089e-63
COAD,antigen_presentation_mhc_ii,MHC-II,CD103neg_mean_25446897,439,0.7631980094573589,6.577995271494182e-85,3.169556623288605e-84
COAD,antigen_presentation_mhc_ii,MHC-II,IgG_19272155,439,0.4919863602298619,3.8711719719008108e-28,8.307367071850261e-28
COAD,antigen_presentation_mhc_ii,MHC-II,Interferon_19272155,439,0.5927258958753674,5.4308997942562174e-43,1.464754332213873e-42
COAD,antigen_presentation_mhc_ii,MHC-II,LCK_19272155,439,0.8644794453656444,1.2715331536122423e-132,1.1247382692114796e-131
COAD,antigen_presentation_mhc_ii,MHC-II,MHC.I_19272155,439,0.5037676386496776,1.2518139857518938e-29,2.7481307838943916e-29
COAD,antigen_presentation_mhc_ii,MHC-II,MHC.II_19272155,439,0.9783612532674058,3.8185210064580995e-301,2.0567083440724808e-299
COAD,antigen_presentation_mhc_ii,MHC-II,STAT1_19272155,439,0.7932999819831409,3.2099878708352437e-96,1.7674427143060447e-95
COAD,antigen_presentation_mhc_ii,MHC-II,Troester_WoundSig_19887484,439,0.5672228361801481,9.670806253856104e-39,2.456077778757105e-38
COAD,antigen_presentation_mhc_ii,MHC-II,MDACC.FNA.1_20805453,439,0.8953670096833143,1.2670461924582479e-155,1.4984198449941022e-154
COAD,antigen_presentation_mhc_ii,MHC-II,IGG_Cluster_21214954,439,0.6462872920011428,2.8596043682778673e-53,8.93010778612606e-53
COAD,antigen_presentation_mhc_ii,MHC-II,Minterferon_Cluster_21214954,439,0.776987362700317,7.184690347782157e-90,3.63240850296793e-89
COAD,antigen_presentation_mhc_ii,MHC-II,Immune_cell_Cluster_21214954,439,0.91778210948439,2.139480404505434e-177,3.3444751150889545e-176
COAD,antigen_presentation_mhc_ii,MHC-II,MCD3_CD8_21214954,439,0.4912104052297936,4.8303950251363605e-28,1.0341341572901144e-27
COAD,antigen_presentation_mhc_ii,MHC-II,Interferon_Cluster_21214954,439,0.6480911269786191,1.185382801151163e-53,3.725293147465239e-53
COAD,antigen_presentation_mhc_ii,MHC-II,B_cell_PCA_16704732,439,0.7876111046023926,6.088290960387854e-94,3.250275056379777e-93
COAD,antigen_presentation_mhc_ii,MHC-II,CD8_PCA_16704732,439,0.8371600287589092,1.3935424353901678e-116,9.922605822673447e-116
COAD,antigen_presentation_mhc_ii,MHC-II,GRANS_PCA_16704732,439,0.4736639334046617,6.218438816539939e-26,1.2857585390337235e-25
COAD,antigen_presentation_mhc_ii,MHC-II,LYMPHS_PCA_16704732,439,0.1092897957516406,0.0220090985352925,0.0250584964487215
COAD,antigen_presentation_mhc_ii,MHC-II,T_cell_PCA_16704732,439,0.8437397422925379,3.682259936385103e-120,2.7899016788210253e-119
COAD,antigen_presentation_mhc_ii,MHC-II,TGFB_PCA_17349583,439,0.4634702671743915,9.215347866395431e-25,1.8691831615656652e-24
COAD,antigen_presentation_mhc_ii,MHC-II,Rotterdam_ERneg_PCA_15721472,439,0.1436808725370944,0.0025483799489682,0.0030455155804893
COAD,antigen_presentation_mhc_ii,MHC-II,HER2_Immune_PCA_18006808,439,0.8832867699645746,7.414053637994749e-146,7.771185316125516e-145
COAD,antigen_presentation_mhc_ii,MHC-II,IR7_score,439,0.6329423981892128,1.6113158470389338e-50,4.842849838614254e-50
COAD,antigen_presentation_mhc_ii,MHC-II,Buck14_score,439,0.2483362759239565,1.3554543536337169e-07,1.897008408481456e-07
COAD,antigen_presentation_mhc_ii,MHC-II,TAMsurr_score,439,0.7134283287857235,1.7073650646602216e-69,6.819431682637008e-69
COAD,antigen_presentation_mhc_ii,MHC-II,Immune_NSCLC_score,439,0.5244377005579017,2.180084349945051e-32,4.976776694796926e-32
COAD,antigen_presentation_mhc_ii,MHC-II,Module3_IFN_score,439,0.639637260034171,6.984792220158769e-52,2.137079284458026e-51
COAD,antigen_presentation_mhc_ii,MHC-II,Module4_TcellBcell_score,439,0.8342468237518146,4.760641561042514e-115,3.307521084555718e-114
COAD,antigen_presentation_mhc_ii,MHC-II,Module5_TcellBcell_score,439,0.8904666931287515,1.5949715191984525e-151,1.781651963950633e-150
COAD,antigen_presentation_mhc_ii,MHC-II,Module11_Prolif_score,439,-0.0722640659682041,0.1305948064219732,0.1418601731101306
COAD,antigen_presentation_mhc_ii,MHC-II,GP11_Immune_IFN,439,0.6388689576609022,1.005295506646852e-51,3.063757734542787e-51
COAD,antigen_presentation_mhc_ii,MHC-II,GP2_ImmuneTcellBcell_score,439,0.837174028468759,1.3698643251180881e-116,9.766791518535254e-116
COAD,antigen_presentation_mhc_ii,MHC-II,CD8_CD68_ratio,439,0.2862783619340885,9.99897099145076e-10,1.4964072130259187e-09
COAD,antigen_presentation_mhc_ii,MHC-II,TAMsurr_TcClassII_ratio,439,-0.5649738445127318,2.2016251255547363e-38,5.552545518320708e-38
COAD,antigen_presentation_mhc_ii,MHC-II,CHANG_CORE_SERUM_RESPONSE_UP,439,-0.0566719474083718,0.2360268394165176,0.2514661195506964
COAD,antigen_presentation_mhc_ii,MHC-II,CSR_Activated_15701700,439,-0.3426698062344849,1.5361016198673678e-13,2.546128218183572e-13
COAD,antigen_presentation_mhc_ii,MHC-II,CD103pos_CD103neg_ratio_25446897,439,-0.284955426614563,1.202119845707371e-09,1.7950952403645615e-09
GBM,antigen_presentation_mhc_ii,MHC-II,ICS5_score,153,0.584753997292697,2.082757407779177e-15,3.609493564293955e-15
GBM,antigen_presentation_mhc_ii,MHC-II,LIexpression_score,153,0.8106215001638086,6.3958832209480195e-37,1.5793737958219347e-36
GBM,antigen_presentation_mhc_ii,MHC-II,Chemokine12_score,153,0.789182841112785,8.773717969440048e-34,2.051096938279066e-33
GBM,antigen_presentation_mhc_ii,MHC-II,NHI_5gene_score,153,0.4485511908112527,6.0735498944841e-09,8.865068802252081e-09
GBM,antigen_presentation_mhc_ii,MHC-II,CD68,153,0.8077315809558886,1.7849644093408916e-36,4.383840355220971e-36
GBM,antigen_presentation_mhc_ii,MHC-II,CD8A,153,0.4201657724683543,6.411835048670766e-08,9.045742392315605e-08
GBM,antigen_presentation_mhc_ii,MHC-II,PD1_data,153,0.5413853530425663,4.991639440156677e-13,8.164317063876224e-13
GBM,antigen_presentation_mhc_ii,MHC-II,PDL1_data,153,0.2762930294319771,0.0005460726882664,0.0006713300393603
GBM,antigen_presentation_mhc_ii,MHC-II,PD1_PDL1_score,153,0.5280091807305131,2.3201969123555164e-12,3.729867376836292e-12
GBM,antigen_presentation_mhc_ii,MHC-II,CTLA4_data,153,0.6546237389019306,4.414784047768885e-20,8.315936710478786e-20
GBM,antigen_presentation_mhc_ii,MHC-II,Bcell_mg_IGJ,153,0.715887311862544,2.492711502974381e-25,5.11518316717489e-25
GBM,antigen_presentation_mhc_ii,MHC-II,Bcell_receptors_score,153,0.7733343831962151,1.0883958228023502e-31,2.4629256555926726e-31
GBM,antigen_presentation_mhc_ii,MHC-II,STAT1_score,153,0.8507589585254202,4.946844922222218e-44,1.349590590616292e-43
GBM,antigen_presentation_mhc_ii,MHC-II,CSF1_response,153,0.908031197672974,6.195736098323119e-59,2.109186756875955e-58
GBM,antigen_presentation_mhc_ii,MHC-II,TcClassII_score,153,0.9352734571001776,5.323008532074424e-70,2.1418022495920759e-69
GBM,antigen_presentation_mhc_ii,MHC-II,IL12_score_21050467,153,0.8236165279508932,5.0433938795642925e-39,1.2868697328719395e-38
GBM,antigen_presentation_mhc_ii,MHC-II,IL4_score_21050467,153,0.6207329821880904,1.1428243243228193e-17,2.0668099482433964e-17
GBM,antigen_presentation_mhc_ii,MHC-II,IL2_score_21050467,153,0.7937597953440819,2.0173548724639195e-34,4.7631990044287e-34
GBM,antigen_presentation_mhc_ii,MHC-II,IL13_score_21050467,153,0.4857774211227065,1.9541631623802158e-10,2.9769385615649325e-10
GBM,antigen_presentation_mhc_ii,MHC-II,IFNG_score_21050467,153,0.6948856097462908,2.2073071088308578e-23,4.3648675652634923e-23
GBM,antigen_presentation_mhc_ii,MHC-II,TGFB_score_21050467,153,0.2634931777080469,0.0009988301325088,0.0012150348660214
GBM,antigen_presentation_mhc_ii,MHC-II,TREM1_data,153,0.4619993013947761,1.8399444838095723e-09,2.7291520108659753e-09
GBM,antigen_presentation_mhc_ii,MHC-II,DAP12_data,153,0.8615185381891558,2.664050022073734e-46,7.501258861325631e-46
GBM,antigen_presentation_mhc_ii,MHC-II,Tcell_receptors_score,153,0.7445820433436532,2.708635521310767e-28,5.819501278013655e-28
GBM,antigen_presentation_mhc_ii,MHC-II,IL8_21978456,153,0.4074155978180745,1.7257006329463422e-07,2.408984204061612e-07
GBM,antigen_presentation_mhc_ii,MHC-II,IFN_21978456,153,0.4397759103641456,1.2880972727804681e-08,1.8621443433233444e-08
GBM,antigen_presentation_mhc_ii,MHC-II,MHC1_21978456,153,0.5694040740295776,1.5879483397595362e-14,2.694460064969393e-14
GBM,antigen_presentation_mhc_ii,MHC-II,MHC2_21978456,153,0.974152438376059,1.8275660242197328e-99,1.0587815944361395e-98
GBM,antigen_presentation_mhc_ii,MHC-II,Bcell_21978456,153,-0.2045329086977848,0.0112109500309784,0.0129402860531557
GBM,antigen_presentation_mhc_ii,MHC-II,Tcell_21978456,153,0.8934366220319689,2.3811675180952663e-54,7.561909689689579e-54
GBM,antigen_presentation_mhc_ii,MHC-II,CD103pos_mean_25446897,153,0.6268031599749896,4.4404603384107795e-18,8.095209196030374e-18
GBM,antigen_presentation_mhc_ii,MHC-II,CD103neg_mean_25446897,153,0.8848424537279026,5.955609730303832e-52,1.824240818291264e-51
GBM,antigen_presentation_mhc_ii,MHC-II,IgG_19272155,153,0.2819137128769461,0.0004149852293842,0.0005136563476337
GBM,antigen_presentation_mhc_ii,MHC-II,Interferon_19272155,153,0.4300527639728868,2.8912269279378224e-08,4.1335806801528926e-08
GBM,antigen_presentation_mhc_ii,MHC-II,LCK_19272155,153,0.9161162566481716,8.123893613076262e-62,2.9170944722861297e-61
GBM,antigen_presentation_mhc_ii,MHC-II,MHC.I_19272155,153,0.5801842341352019,3.855744277339033e-15,6.644044621072012e-15
GBM,antigen_presentation_mhc_ii,MHC-II,MHC.II_19272155,153,0.9887687132269176,1.4693138882565899e-126,1.209238661439614e-125
GBM,antigen_presentation_mhc_ii,MHC-II,STAT1_19272155,153,0.5618579887705762,4.14968766857324e-14,6.973834080024227e-14
GBM,antigen_presentation_mhc_ii,MHC-II,Troester_WoundSig_19887484,153,0.5513181349094662,1.525202638973333e-13,2.528833391043868e-13
GBM,antigen_presentation_mhc_ii,MHC-II,MDACC.FNA.1_20805453,153,0.9400823919477492,1.879228194337097e-72,7.768238128566724e-72
GBM,antigen_presentation_mhc_ii,MHC-II,IGG_Cluster_21214954,153,0.7961745878319709,9.149956492115299e-35,2.1793241382271115e-34
GBM,antigen_presentation_mhc_ii,MHC-II,Minterferon_Cluster_21214954,153,0.5561296288850467,8.46693088493207e-14,1.4141880262213836e-13
GBM,antigen_presentation_mhc_ii,MHC-II,Immune_cell_Cluster_21214954,153,0.9329071341455242,7.319236212132082e-69,2.8957559995635294e-68
GBM,antigen_presentation_mhc_ii,MHC-II,MCD3_CD8_21214954,153,0.4827668817218281,2.62074065171943e-10,3.9734752356058245e-10
GBM,antigen_presentation_mhc_ii,MHC-II,Interferon_Cluster_21214954,153,0.4987234128101001,5.351785229147109e-11,8.294504742609764e-11
GBM,antigen_presentation_mhc_ii,MHC-II,B_cell_PCA_16704732,153,0.8952703410185859,6.894659231069984e-55,2.208889647645508e-54
GBM,antigen_presentation_mhc_ii,MHC-II,CD8_PCA_16704732,153,0.783888196426896,4.594066085583534e-33,1.0612195119139883e-32
GBM,antigen_presentation_mhc_ii,MHC-II,GRANS_PCA_16704732,153,0.7118828352355346,6.044532839054668e-25,1.2301630618951516e-24
GBM,antigen_presentation_mhc_ii,MHC-II,LYMPHS_PCA_16704732,153,0.2783630198490879,0.000493896681213,0.0006085612561266
GBM,antigen_presentation_mhc_ii,MHC-II,T_cell_PCA_16704732,153,0.8536448072051787,1.2697590553006062e-44,3.502783600829259e-44
GBM,antigen_presentation_mhc_ii,MHC-II,TGFB_PCA_17349583,153,0.3314689895436522,2.8470456312432176e-05,3.6876019604674055e-05
GBM,antigen_presentation_mhc_ii,MHC-II,Rotterdam_ERneg_PCA_15721472,153,0.0192794982773665,0.8130132627739045,0.8237646022518235
GBM,antigen_presentation_mhc_ii,MHC-II,HER2_Immune_PCA_18006808,153,0.9175143741707208,2.4094286765428764e-62,8.691838196547246e-62
GBM,antigen_presentation_mhc_ii,MHC-II,IR7_score,153,0.6633897578170023,9.32363772204076e-21,1.7796697967684815e-20
GBM,antigen_presentation_mhc_ii,MHC-II,Buck14_score,153,0.063315145006899,0.4368502381179743,0.4557854421484043
GBM,antigen_presentation_mhc_ii,MHC-II,TAMsurr_score,153,0.5851962794687252,1.961232931761656e-15,3.403223970903798e-15
GBM,antigen_presentation_mhc_ii,MHC-II,Immune_NSCLC_score,153,0.7897484352592711,7.330865552882095e-34,1.716741653365415e-33
GBM,antigen_presentation_mhc_ii,MHC-II,Module3_IFN_score,153,0.4621718586004217,1.8113519837988134e-09,2.687876375304295e-09
GBM,antigen_presentation_mhc_ii,MHC-II,Module4_TcellBcell_score,153,0.8790389728326652,1.944366240262821e-50,5.834171178725729e-50
GBM,antigen_presentation_mhc_ii,MHC-II,Module5_TcellBcell_score,153,0.8843599640813262,8.01417182918813e-52,2.4465260802908772e-51
GBM,antigen_presentation_mhc_ii,MHC-II,Module11_Prolif_score,153,-0.3505454813504349,8.902854426783864e-06,1.1721086176598311e-05
GBM,antigen_presentation_mhc_ii,MHC-II,GP11_Immune_IFN,153,0.5286019094220877,2.1705645865633438e-12,3.490355114071709e-12
GBM,antigen_presentation_mhc_ii,MHC-II,GP2_ImmuneTcellBcell_score,153,0.7652440469894376,1.0996631906630043e-30,2.4567424054237142e-30
GBM,antigen_presentation_mhc_ii,MHC-II,CD8_CD68_ratio,153,-0.2222605683003539,0.0057573312970819,0.0067543416554077
GBM,antigen_presentation_mhc_ii,MHC-II,TAMsurr_TcClassII_ratio,153,-0.3987763516214656,3.298478269508217e-07,4.576312620791814e-07
GBM,antigen_presentation_mhc_ii,MHC-II,CHANG_CORE_SERUM_RESPONSE_UP,153,-0.1327459647767366,0.1018900724300102,0.1115704496818148
GBM,antigen_presentation_mhc_ii,MHC-II,CSR_Activated_15701700,153,-0.2692956878168506,0.0007624128727886,0.000931191295009
GBM,antigen_presentation_mhc_ii,MHC-II,CD103pos_CD103neg_ratio_25446897,153,-0.4330633008519647,2.2570396236343067e-08,3.245650423624274e-08
HNSC,antigen_presentation_mhc_ii,MHC-II,ICS5_score,514,0.7724750602595947,4.949707235933501e-103,2.975293631323563e-102
HNSC,antigen_presentation_mhc_ii,MHC-II,LIexpression_score,514,0.8009683862999417,3.7723688526794535e-116,2.668619838566479e-115
HNSC,antigen_presentation_mhc_ii,MHC-II,Chemokine12_score,514,0.8299078992023213,7.323296786625706e-132,6.404941241035989e-131
HNSC,antigen_presentation_mhc_ii,MHC-II,NHI_5gene_score,514,0.6174012587807085,2.4823370505876904e-55,8.018951042278523e-55
HNSC,antigen_presentation_mhc_ii,MHC-II,CD68,514,0.4196931130096981,2.3903321904284792e-23,4.723358923331248e-23
HNSC,antigen_presentation_mhc_ii,MHC-II,CD8A,514,0.8110523509650359,2.578486900684748e-121,1.9896409559893656e-120
HNSC,antigen_presentation_mhc_ii,MHC-II,PD1_data,514,0.8439113713965921,1.422165436309984e-140,1.4066509042775114e-139
HNSC,antigen_presentation_mhc_ii,MHC-II,PDL1_data,514,0.4986404071331946,1.1576066395257249e-33,2.703898720060088e-33
HNSC,antigen_presentation_mhc_ii,MHC-II,PD1_PDL1_score,514,0.7689282524921317,1.5618315739963586e-101,9.235178002761076e-101
HNSC,antigen_presentation_mhc_ii,MHC-II,CTLA4_data,514,0.7934517704655147,1.726388438286358e-112,1.162320928747251e-111
HNSC,antigen_presentation_mhc_ii,MHC-II,Bcell_mg_IGJ,514,0.3952020918055712,1.16186789743148e-20,2.212307092064141e-20
HNSC,antigen_presentation_mhc_ii,MHC-II,Bcell_receptors_score,514,0.7424206303944219,4.019409891710964e-91,2.0706050957298903e-90
HNSC,antigen_presentation_mhc_ii,MHC-II,STAT1_score,514,0.8883204833076843,3.5883987534832166e-175,5.290213880473902e-174
HNSC,antigen_presentation_mhc_ii,MHC-II,CSF1_response,514,0.8945565871085637,3.3899686304824733e-181,5.5883119241892895e-180
HNSC,antigen_presentation_mhc_ii,MHC-II,TcClassII_score,514,0.9631526295326726,3.627748503796563e-294,1.8975915250628177e-292
HNSC,antigen_presentation_mhc_ii,MHC-II,IL12_score_21050467,514,0.8752504092142614,1.2413467175068948e-163,1.6078395579136924e-162
HNSC,antigen_presentation_mhc_ii,MHC-II,IL4_score_21050467,514,0.5915640102459215,7.731302300632957e-50,2.3007814286347534e-49
HNSC,antigen_presentation_mhc_ii,MHC-II,IL2_score_21050467,514,0.7805878964299208,1.4490208674800502e-106,9.187265173766287e-106
HNSC,antigen_presentation_mhc_ii,MHC-II,IL13_score_21050467,514,0.4443649822202201,2.750574193792265e-26,5.726415466601576e-26
HNSC,antigen_presentation_mhc_ii,MHC-II,IFNG_score_21050467,514,0.6011827311287422,7.972756327097186e-52,2.4352495462890905e-51
HNSC,antigen_presentation_mhc_ii,MHC-II,TGFB_score_21050467,514,0.1379792482121195,0.0017150285165251,0.0020650188423852
HNSC,antigen_presentation_mhc_ii,MHC-II,TREM1_data,514,0.0382272338725802,0.3871060491612159,0.4059091957280291
HNSC,antigen_presentation_mhc_ii,MHC-II,DAP12_data,514,0.8254119881829886,3.1196741881100684e-129,2.643462240392332e-128
HNSC,antigen_presentation_mhc_ii,MHC-II,Tcell_receptors_score,514,0.8603917212445998,5.346714645347278e-152,6.0095305104729736e-151
HNSC,antigen_presentation_mhc_ii,MHC-II,IL8_21978456,514,-0.053963507009382,0.2219539970796005,0.2369367629735139
HNSC,antigen_presentation_mhc_ii,MHC-II,IFN_21978456,514,0.3686849790462513,5.394190303116377e-18,9.810897776313304e-18
HNSC,antigen_presentation_mhc_ii,MHC-II,MHC1_21978456,514,0.541421969097823,1.7428062570068824e-40,4.544998100727441e-40
HNSC,antigen_presentation_mhc_ii,MHC-II,MHC2_21978456,514,0.9919553131570502,0,0
HNSC,antigen_presentation_mhc_ii,MHC-II,Bcell_21978456,514,0.0305035809491033,0.4901684713090635,0.5074246401372607
HNSC,antigen_presentation_mhc_ii,MHC-II,Tcell_21978456,514,0.8577313923896569,4.666496825687282e-150,5.118093292689277e-149
HNSC,antigen_presentation_mhc_ii,MHC-II,CD103pos_mean_25446897,514,0.7405144670523918,2.010517464034162e-90,1.0260051598823492e-89
HNSC,antigen_presentation_mhc_ii,MHC-II,CD103neg_mean_25446897,514,0.7631789378768007,3.692680643732552e-99,2.1279854557102843e-98
HNSC,antigen_presentation_mhc_ii,MHC-II,IgG_19272155,514,0.3783738298291468,6.105327248697322e-19,1.12815829595494e-18
HNSC,antigen_presentation_mhc_ii,MHC-II,Interferon_19272155,514,0.3616205717894161,2.5231941998235204e-17,4.532283062172102e-17
HNSC,antigen_presentation_mhc_ii,MHC-II,LCK_19272155,514,0.8827207106424247,4.6438737203162735e-170,6.47760847141552e-169
HNSC,antigen_presentation_mhc_ii,MHC-II,MHC.I_19272155,514,0.5259309573225296,6.673609141305815e-38,1.6722447594980949e-37
HNSC,antigen_presentation_mhc_ii,MHC-II,MHC.II_19272155,514,0.9875325099260166,0,0
HNSC,antigen_presentation_mhc_ii,MHC-II,STAT1_19272155,514,0.7170487892211208,2.7118319297436907e-82,1.2673853692272922e-81
HNSC,antigen_presentation_mhc_ii,MHC-II,Troester_WoundSig_19887484,514,0.2454311069195488,1.7282937388581185e-08,2.4899147085244083e-08
HNSC,antigen_presentation_mhc_ii,MHC-II,MDACC.FNA.1_20805453,514,0.9315209439651206,4.686099534482829e-227,1.4006803004168455e-225
HNSC,antigen_presentation_mhc_ii,MHC-II,IGG_Cluster_21214954,514,0.5889574791628419,2.601255618777859e-49,7.673986207240538e-49
HNSC,antigen_presentation_mhc_ii,MHC-II,Minterferon_Cluster_21214954,514,0.6341897623434352,3.487884987236833e-59,1.1955951058959274e-58
HNSC,antigen_presentation_mhc_ii,MHC-II,Immune_cell_Cluster_21214954,514,0.9306454058693128,1.0796484788656555e-225,3.1407955748819074e-224
HNSC,antigen_presentation_mhc_ii,MHC-II,MCD3_CD8_21214954,514,0.3195893251618047,1.1405206474640336e-13,1.8991222290187765e-13
HNSC,antigen_presentation_mhc_ii,MHC-II,Interferon_Cluster_21214954,514,0.4248315556843405,6.111052658520236e-24,1.2244613798287325e-23
HNSC,antigen_presentation_mhc_ii,MHC-II,B_cell_PCA_16704732,514,0.7857121080814901,7.086484251631984e-109,4.622359032239568e-108
HNSC,antigen_presentation_mhc_ii,MHC-II,CD8_PCA_16704732,514,0.8452840190902519,1.7903696618177542e-141,1.7870845798694647e-140
HNSC,antigen_presentation_mhc_ii,MHC-II,GRANS_PCA_16704732,514,0.19293477438427,1.0581437444757385e-05,1.3900753368625978e-05
HNSC,antigen_presentation_mhc_ii,MHC-II,LYMPHS_PCA_16704732,514,0.0687173913442121,0.1197133889514845,0.1305353449380789
HNSC,antigen_presentation_mhc_ii,MHC-II,T_cell_PCA_16704732,514,0.8630776829032688,5.336867012968849e-154,6.190310565149369e-153
HNSC,antigen_presentation_mhc_ii,MHC-II,TGFB_PCA_17349583,514,0.1619582548747778,0.0002266644628496,0.000283526023891
HNSC,antigen_presentation_mhc_ii,MHC-II,Rotterdam_ERneg_PCA_15721472,514,0.3349178549142665,6.1396347941154004e-15,1.0526193911121266e-14
HNSC,antigen_presentation_mhc_ii,MHC-II,HER2_Immune_PCA_18006808,514,0.9042285162366328,2.484153064886315e-191,4.64391500789744e-190
HNSC,antigen_presentation_mhc_ii,MHC-II,IR7_score,514,0.717519830876582,1.8977369963318293e-82,8.899732120728578e-82
HNSC,antigen_presentation_mhc_ii,MHC-II,Buck14_score,514,0.3419528392926607,1.5187905391332117e-15,2.646451163640189e-15
HNSC,antigen_presentation_mhc_ii,MHC-II,TAMsurr_score,514,0.6395152748229311,1.8630610567848799e-60,6.513529658682356e-60
HNSC,antigen_presentation_mhc_ii,MHC-II,Immune_NSCLC_score,514,0.6235285200304587,1.0376986036398005e-56,3.4233355996364546e-56
HNSC,antigen_presentation_mhc_ii,MHC-II,Module3_IFN_score,514,0.424229541302019,7.178636161362588e-24,1.4325671576600326e-23
HNSC,antigen_presentation_mhc_ii,MHC-II,Module4_TcellBcell_score,514,0.8438792681492546,1.4924339663205833e-140,1.4734738251876539e-139
HNSC,antigen_presentation_mhc_ii,MHC-II,Module5_TcellBcell_score,514,0.8931446724174019,8.449539243480077e-180,1.3559142620805787e-178
HNSC,antigen_presentation_mhc_ii,MHC-II,Module11_Prolif_score,514,-0.0783006411828631,0.0761293103660757,0.0840900402825283
HNSC,antigen_presentation_mhc_ii,MHC-II,GP11_Immune_IFN,514,0.4841404011683414,1.4624099262761635e-31,3.3065295091198383e-31
HNSC,antigen_presentation_mhc_ii,MHC-II,GP2_ImmuneTcellBcell_score,514,0.8381174480706955,7.214324034039203e-137,6.720192250885834e-136
HNSC,antigen_presentation_mhc_ii,MHC-II,CD8_CD68_ratio,514,0.5042846408705466,1.6517617310910231e-34,3.906775572667464e-34
HNSC,antigen_presentation_mhc_ii,MHC-II,TAMsurr_TcClassII_ratio,514,-0.5288444829315505,2.2319205851791123e-38,5.626342902397762e-38
HNSC,antigen_presentation_mhc_ii,MHC-II,CHANG_CORE_SERUM_RESPONSE_UP,514,-0.2193894028747505,5.083980641904976e-07,7.001735365053942e-07
HNSC,antigen_presentation_mhc_ii,MHC-II,CSR_Activated_15701700,514,-0.3859401972182996,1.057774429617814e-19,1.9801420843499341e-19
HNSC,antigen_presentation_mhc_ii,MHC-II,CD103pos_CD103neg_ratio_25446897,514,0.0152626492571977,0.7299396219524433,0.7434696767311911
KIRC,antigen_presentation_mhc_ii,MHC-II,ICS5_score,515,0.6525674404791277,8.356697259235249e-64,3.07997514161516e-63
KIRC,antigen_presentation_mhc_ii,MHC-II,LIexpression_score,515,0.740984367862219,9.081719868889943e-91,4.660807177996348e-90
KIRC,antigen_presentation_mhc_ii,MHC-II,Chemokine12_score,515,0.681808556820034,1.1569864008191713e-71,4.7466108751555744e-71
KIRC,antigen_presentation_mhc_ii,MHC-II,NHI_5gene_score,515,0.6846977634547755,1.7242570170097786e-72,7.143913307336784e-72
KIRC,antigen_presentation_mhc_ii,MHC-II,CD68,515,0.5999583088511881,1.1506214791173564e-51,3.4988154535485865e-51
KIRC,antigen_presentation_mhc_ii,MHC-II,CD8A,515,0.6984736091291309,1.4410165169757402e-76,6.256288788785338e-76
KIRC,antigen_presentation_mhc_ii,MHC-II,PD1_data,515,0.6870160491546984,3.683439262099505e-73,1.5413776604477928e-72
KIRC,antigen_presentation_mhc_ii,MHC-II,PDL1_data,515,0.3555135788961826,8.672480956545775e-17,1.540767354788015e-16
KIRC,antigen_presentation_mhc_ii,MHC-II,PD1_PDL1_score,515,0.7153529014561884,6.803003787117298e-82,3.1685223118080564e-81
KIRC,antigen_presentation_mhc_ii,MHC-II,CTLA4_data,515,0.6323849827061584,7.1910700170403945e-59,2.4434366578825574e-58
KIRC,antigen_presentation_mhc_ii,MHC-II,Bcell_mg_IGJ,515,0.2978035302137066,5.238481739103961e-12,8.352092807950043e-12
KIRC,antigen_presentation_mhc_ii,MHC-II,Bcell_receptors_score,515,0.7646106215462372,6.185894035280287e-100,3.6029190098420513e-99
KIRC,antigen_presentation_mhc_ii,MHC-II,STAT1_score,515,0.8669137968773885,3.103937698155554e-157,3.769067204903173e-156
KIRC,antigen_presentation_mhc_ii,MHC-II,CSF1_response,515,0.8931896323909907,3.4288092190145508e-180,5.584647350730286e-179
KIRC,antigen_presentation_mhc_ii,MHC-II,TcClassII_score,515,0.9178966219103668,4.591811436796721e-208,1.0955900972006211e-206
KIRC,antigen_presentation_mhc_ii,MHC-II,IL12_score_21050467,515,0.800406684701337,4.2943499190177566e-116,3.0339303323969605e-115
KIRC,antigen_presentation_mhc_ii,MHC-II,IL4_score_21050467,515,0.4537910344264755,1.58824838818247e-27,3.376346710321468e-27
KIRC,antigen_presentation_mhc_ii,MHC-II,IL2_score_21050467,515,0.6928570160964699,7.064515893980924e-75,3.014193448098527e-74
KIRC,antigen_presentation_mhc_ii,MHC-II,IL13_score_21050467,515,0.2363877315105773,5.6804448537845e-08,8.034742590896432e-08
KIRC,antigen_presentation_mhc_ii,MHC-II,IFNG_score_21050467,515,0.531995578134447,5.7057997329147376e-39,1.4538431169581347e-38
KIRC,antigen_presentation_mhc_ii,MHC-II,TGFB_score_21050467,515,0.110462597628808,0.012128461677788,0.0139696869631943
KIRC,antigen_presentation_mhc_ii,MHC-II,TREM1_data,515,0.2424378744351358,2.5218344493253975e-08,3.616867757534976e-08
KIRC,antigen_presentation_mhc_ii,MHC-II,DAP12_data,515,0.7740276005817963,6.774787791289154e-104,4.1086784375265323e-103
KIRC,antigen_presentation_mhc_ii,MHC-II,Tcell_receptors_score,515,0.7781010949413115,1.1421245919615267e-105,7.141560666977823e-105
KIRC,antigen_presentation_mhc_ii,MHC-II,IL8_21978456,515,0.0557286620097648,0.2067355218452645,0.2212554079949319
KIRC,antigen_presentation_mhc_ii,MHC-II,IFN_21978456,515,0.4280875415450514,2.2966877271547993e-24,4.6239752907927855e-24
KIRC,antigen_presentation_mhc_ii,MHC-II,MHC1_21978456,515,0.5462547391437463,2.1389747011852492e-41,5.637607739558021e-41
KIRC,antigen_presentation_mhc_ii,MHC-II,MHC2_21978456,515,0.9771999467693068,0,0
KIRC,antigen_presentation_mhc_ii,MHC-II,Bcell_21978456,515,-0.0010661519594898,0.9807440846587596,0.9821884794815268
KIRC,antigen_presentation_mhc_ii,MHC-II,Tcell_21978456,515,0.8496956475749632,1.050768347849004e-144,1.0867262000567646e-143
KIRC,antigen_presentation_mhc_ii,MHC-II,CD103pos_mean_25446897,515,0.7414012022592124,6.385256777495139e-91,3.2831566039294474e-90
KIRC,antigen_presentation_mhc_ii,MHC-II,CD103neg_mean_25446897,515,0.7450331935276999,2.880863202254089e-92,1.5040207121172978e-91
KIRC,antigen_presentation_mhc_ii,MHC-II,IgG_19272155,515,0.4232363222284083,8.46879715276465e-24,1.6881735621487613e-23
KIRC,antigen_presentation_mhc_ii,MHC-II,Interferon_19272155,515,0.3926768900843954,1.9630238067952268e-20,3.727347123548354e-20
KIRC,antigen_presentation_mhc_ii,MHC-II,LCK_19272155,515,0.851042235475192,1.2571390580286693e-145,1.3076169169552508e-144
KIRC,antigen_presentation_mhc_ii,MHC-II,MHC.I_19272155,515,0.5640305846840988,1.373891140597771e-44,3.788123570629434e-44
KIRC,antigen_presentation_mhc_ii,MHC-II,MHC.II_19272155,515,0.9816941152770812,0,0
KIRC,antigen_presentation_mhc_ii,MHC-II,STAT1_19272155,515,0.7180940756621811,8.530374236527982e-83,4.0108241872698546e-82
KIRC,antigen_presentation_mhc_ii,MHC-II,Troester_WoundSig_19887484,515,0.1814653603633903,3.4348049402827875e-05,4.4372687901064746e-05
KIRC,antigen_presentation_mhc_ii,MHC-II,MDACC.FNA.1_20805453,515,0.8879642748949326,3.55140836710392e-175,5.24990802093623e-174
KIRC,antigen_presentation_mhc_ii,MHC-II,IGG_Cluster_21214954,515,0.6330455787339911,5.024099686443364e-59,1.714623732387196e-58
KIRC,antigen_presentation_mhc_ii,MHC-II,Minterferon_Cluster_21214954,515,0.7018393345748408,1.3387271402888066e-77,5.892132397387628e-77
KIRC,antigen_presentation_mhc_ii,MHC-II,Immune_cell_Cluster_21214954,515,0.9022610199864473,1.5007880867174489e-189,2.7489182463780884e-188
KIRC,antigen_presentation_mhc_ii,MHC-II,MCD3_CD8_21214954,515,-0.0016468221450093,0.9702605113725236,0.9722264103640684
KIRC,antigen_presentation_mhc_ii,MHC-II,Interferon_Cluster_21214954,515,0.5054217421452785,9.576318275621891e-35,2.2768868627352743e-34
KIRC,antigen_presentation_mhc_ii,MHC-II,B_cell_PCA_16704732,515,0.7824542942621651,1.320096217022669e-107,8.478540047937802e-107
KIRC,antigen_presentation_mhc_ii,MHC-II,CD8_PCA_16704732,515,0.667238112658288,1.2331026866663004e-67,4.791484725331911e-67
KIRC,antigen_presentation_mhc_ii,MHC-II,GRANS_PCA_16704732,515,0.4243874405042191,6.2255556665784676e-24,1.2464859339781695e-23
KIRC,antigen_presentation_mhc_ii,MHC-II,LYMPHS_PCA_16704732,515,0.2406394203326517,3.2176529088719974e-08,4.590619413654252e-08
KIRC,antigen_presentation_mhc_ii,MHC-II,T_cell_PCA_16704732,515,0.7892335342985076,1.0307093782625393e-110,6.821239680958896e-110
KIRC,antigen_presentation_mhc_ii,MHC-II,TGFB_PCA_17349583,515,0.1465436292679545,0.0008513162467054,0.001038143999569
KIRC,antigen_presentation_mhc_ii,MHC-II,Rotterdam_ERneg_PCA_15721472,515,0.2651542489406446,9.8125193473263e-10,1.4689076843548452e-09
KIRC,antigen_presentation_mhc_ii,MHC-II,HER2_Immune_PCA_18006808,515,0.8609007027546544,1.1435876752916784e-152,1.296066031997235e-151
KIRC,antigen_presentation_mhc_ii,MHC-II,IR7_score,515,0.7342398895359827,2.4731404630444539e-88,1.2286652163435462e-87
KIRC,antigen_presentation_mhc_ii,MHC-II,Buck14_score,515,0.0760729664942827,0.0845860080343539,0.09316620443549
KIRC,antigen_presentation_mhc_ii,MHC-II,TAMsurr_score,515,0.6749828618929966,9.527755387843476e-70,3.822344344385584e-69
KIRC,antigen_presentation_mhc_ii,MHC-II,Immune_NSCLC_score,515,0.6594791881337161,1.3931500259990257e-65,5.270331113654171e-65
KIRC,antigen_presentation_mhc_ii,MHC-II,Module3_IFN_score,515,0.5306952991443168,9.372304540788757e-39,2.3813795750532857e-38
KIRC,antigen_presentation_mhc_ii,MHC-II,Module4_TcellBcell_score,515,0.788535500075065,2.179582780306459e-110,1.4372036757414714e-109
KIRC,antigen_presentation_mhc_ii,MHC-II,Module5_TcellBcell_score,515,0.8312915089276675,6.087789700740335e-133,5.4113686228802974e-132
KIRC,antigen_presentation_mhc_ii,MHC-II,Module11_Prolif_score,515,0.2920408183525605,1.386982246087682e-11,2.182581260838007e-11
KIRC,antigen_presentation_mhc_ii,MHC-II,GP11_Immune_IFN,515,0.5689603332744222,1.651900081615898e-45,4.606015604300607e-45
KIRC,antigen_presentation_mhc_ii,MHC-II,GP2_ImmuneTcellBcell_score,515,0.7726127664579335,2.74219065023376e-103,1.6538267336221346e-102
KIRC,antigen_presentation_mhc_ii,MHC-II,CD8_CD68_ratio,515,0.2310918000337115,1.135919163424387e-07,1.5926289301620265e-07
KIRC,antigen_presentation_mhc_ii,MHC-II,TAMsurr_TcClassII_ratio,515,-0.3325006463304885,9.27206913329696e-15,1.5816888079377697e-14
KIRC,antigen_presentation_mhc_ii,MHC-II,CHANG_CORE_SERUM_RESPONSE_UP,515,0.0947369530802913,0.0315919319436413,0.035670425440724
KIRC,antigen_presentation_mhc_ii,MHC-II,CSR_Activated_15701700,515,0.0720384540573936,0.1024769059682108,0.112167880979289
KIRC,antigen_presentation_mhc_ii,MHC-II,CD103pos_CD103neg_ratio_25446897,515,0.1557316685595569,0.0003893621676127,0.0004827097064296
LUAD,antigen_presentation_mhc_ii,MHC-II,ICS5_score,510,0.620336392810185,1.4516836284991307e-55,4.7175381953615715e-55
LUAD,antigen_presentation_mhc_ii,MHC-II,LIexpression_score,510,0.6134774262964421,4.7183065019009914e-54,1.4905683722614052e-53
LUAD,antigen_presentation_mhc_ii,MHC-II,Chemokine12_score,510,0.5707777849093036,2.0183935587770668e-45,5.613528098030288e-45
LUAD,antigen_presentation_mhc_ii,MHC-II,NHI_5gene_score,510,0.4167545781796987,7.586254670712054e-23,1.4882519079939985e-22
LUAD,antigen_presentation_mhc_ii,MHC-II,CD68,510,0.6036710335035279,5.915352925507118e-52,1.8129306994230272e-51
LUAD,antigen_presentation_mhc_ii,MHC-II,CD8A,510,0.4683565204839405,3.614500724747747e-29,7.87145073764121e-29
LUAD,antigen_presentation_mhc_ii,MHC-II,PD1_data,510,0.4767892773338972,2.6205492733208903e-30,5.828204434532152e-30
LUAD,antigen_presentation_mhc_ii,MHC-II,PDL1_data,510,0.4497851415380271,9.095518966257558e-27,1.9126255576513768e-26
LUAD,antigen_presentation_mhc_ii,MHC-II,PD1_PDL1_score,510,0.5161575092404922,4.5454101902810624e-36,1.1108280069689569e-35
LUAD,antigen_presentation_mhc_ii,MHC-II,CTLA4_data,510,0.5236571489986233,2.968082314689213e-37,7.369405655823512e-37
LUAD,antigen_presentation_mhc_ii,MHC-II,Bcell_mg_IGJ,510,0.2621067061907076,1.8544705296430662e-09,2.748860948571739e-09
LUAD,antigen_presentation_mhc_ii,MHC-II,Bcell_receptors_score,510,0.6748439462771066,4.779598808236328e-69,1.896500183574444e-68
LUAD,antigen_presentation_mhc_ii,MHC-II,STAT1_score,510,0.7455647030287728,1.3931964143186774e-91,7.21808427989867e-91
LUAD,antigen_presentation_mhc_ii,MHC-II,CSF1_response,510,0.8194133549046376,7.17126498564522e-125,5.788083311856082e-124
LUAD,antigen_presentation_mhc_ii,MHC-II,TcClassII_score,510,0.9119353343001184,1.1547296543282096e-198,2.352707610316652e-197
LUAD,antigen_presentation_mhc_ii,MHC-II,IL12_score_21050467,510,0.6420764186952972,1.2961519943418308e-60,4.5490753865932645e-60
LUAD,antigen_presentation_mhc_ii,MHC-II,IL4_score_21050467,510,0.4375806310811246,2.8714560867213607e-25,5.881295599308812e-25
LUAD,antigen_presentation_mhc_ii,MHC-II,IL2_score_21050467,510,0.6053458717319635,2.6229396584484935e-52,8.093472343709476e-52
LUAD,antigen_presentation_mhc_ii,MHC-II,IL13_score_21050467,510,0.5298525219488552,2.957593891054719e-38,7.438423840655419e-38
LUAD,antigen_presentation_mhc_ii,MHC-II,IFNG_score_21050467,510,0.4383208359752758,2.338244828542124e-25,4.800019572554396e-25
LUAD,antigen_presentation_mhc_ii,MHC-II,TGFB_score_21050467,510,0.1758083343075122,6.560095568290772e-05,8.385084560973167e-05
LUAD,antigen_presentation_mhc_ii,MHC-II,TREM1_data,510,0.0909128636420546,0.0401390233862011,0.0451056160340702
LUAD,antigen_presentation_mhc_ii,MHC-II,DAP12_data,510,0.7372082702018149,1.5284162828217106e-88,7.614088441895702e-88
LUAD,antigen_presentation_mhc_ii,MHC-II,Tcell_receptors_score,510,0.6351704644180418,5.761322001047612e-59,1.963758877550063e-58
LUAD,antigen_presentation_mhc_ii,MHC-II,IL8_21978456,510,0.0443140475928484,0.3178977879900048,0.335705346828469
LUAD,antigen_presentation_mhc_ii,MHC-II,IFN_21978456,510,0.3853861320019851,1.6677717051160838e-19,3.1113436474044913e-19
LUAD,antigen_presentation_mhc_ii,MHC-II,MHC1_21978456,510,0.6823868074462812,3.81229475338628e-71,1.5569732326142163e-70
LUAD,antigen_presentation_mhc_ii,MHC-II,MHC2_21978456,510,0.9861949373023848,0,0
LUAD,antigen_presentation_mhc_ii,MHC-II,Bcell_21978456,510,0.1088969498784013,0.0138733451251424,0.0159355991302312
LUAD,antigen_presentation_mhc_ii,MHC-II,Tcell_21978456,510,0.7433377394993431,9.242347236780356e-91,4.7343096956765665e-90
LUAD,antigen_presentation_mhc_ii,MHC-II,CD103pos_mean_25446897,510,0.6200489067227278,1.6826543356445737e-55,5.461598798273558e-55
LUAD,antigen_presentation_mhc_ii,MHC-II,CD103neg_mean_25446897,510,0.6948452214459792,9.400574466798632e-75,4.001496486649809e-74
LUAD,antigen_presentation_mhc_ii,MHC-II,IgG_19272155,510,0.2420119366795773,3.121717098890981e-08,4.4584250506607876e-08
LUAD,antigen_presentation_mhc_ii,MHC-II,Interferon_19272155,510,0.3800121980708343,5.75005046590067e-19,1.062870354553165e-18
LUAD,antigen_presentation_mhc_ii,MHC-II,LCK_19272155,510,0.7526099567893052,3.0670286431888853e-94,1.6454275955569561e-93
LUAD,antigen_presentation_mhc_ii,MHC-II,MHC.I_19272155,510,0.6521289567124582,4.332337131939083e-63,1.5753953207051211e-62
LUAD,antigen_presentation_mhc_ii,MHC-II,MHC.II_19272155,510,0.9752204935764354,0,0
LUAD,antigen_presentation_mhc_ii,MHC-II,STAT1_19272155,510,0.5028369741945311,4.911368122703957e-34,1.1546172250436269e-33
LUAD,antigen_presentation_mhc_ii,MHC-II,Troester_WoundSig_19887484,510,0.3929363257211461,2.818167034460098e-20,5.328755185075751e-20
LUAD,antigen_presentation_mhc_ii,MHC-II,MDACC.FNA.1_20805453,510,0.878370821025055,5.557996973892525e-165,7.39254365231671e-164
LUAD,antigen_presentation_mhc_ii,MHC-II,IGG_Cluster_21214954,510,0.4104703049547677,3.78698507806404e-22,7.35494424300906e-22
LUAD,antigen_presentation_mhc_ii,MHC-II,Minterferon_Cluster_21214954,510,0.5688099105994192,4.707547872994623e-45,1.3052528251320464e-44
LUAD,antigen_presentation_mhc_ii,MHC-II,Immune_cell_Cluster_21214954,510,0.7955275308305706,1.2992173066091255e-112,8.758044793003276e-112
LUAD,antigen_presentation_mhc_ii,MHC-II,MCD3_CD8_21214954,510,0.4458190995930134,2.8360107374293435e-26,5.902026936348748e-26
LUAD,antigen_presentation_mhc_ii,MHC-II,Interferon_Cluster_21214954,510,0.44407760566958,4.650821947418183e-26,9.634604491224262e-26
LUAD,antigen_presentation_mhc_ii,MHC-II,B_cell_PCA_16704732,510,0.6914100980472938,9.689777396197324e-74,4.083066540303133e-73
LUAD,antigen_presentation_mhc_ii,MHC-II,CD8_PCA_16704732,510,0.5717287480500954,1.337778338399822e-45,3.7339734022037113e-45
LUAD,antigen_presentation_mhc_ii,MHC-II,GRANS_PCA_16704732,510,0.1354898460696638,0.0021662789913369,0.0025962894278195
LUAD,antigen_presentation_mhc_ii,MHC-II,LYMPHS_PCA_16704732,510,-0.1078088334797122,0.014859096707348,0.0170390990910568
LUAD,antigen_presentation_mhc_ii,MHC-II,T_cell_PCA_16704732,510,0.7160916525306482,2.363497889600741e-81,1.0914625228716495e-80
LUAD,antigen_presentation_mhc_ii,MHC-II,TGFB_PCA_17349583,510,0.1741218681830262,7.723819601419794e-05,9.842487381523468e-05
LUAD,antigen_presentation_mhc_ii,MHC-II,Rotterdam_ERneg_PCA_15721472,510,0.3644800244685237,1.8122226116623918e-17,3.262240571622571e-17
LUAD,antigen_presentation_mhc_ii,MHC-II,HER2_Immune_PCA_18006808,510,0.7748637939260478,2.937913816614608e-103,1.7699059980491102e-102
LUAD,antigen_presentation_mhc_ii,MHC-II,IR7_score,510,0.5712668876354,1.6338387552413805e-45,4.557991194109288e-45
LUAD,antigen_presentation_mhc_ii,MHC-II,Buck14_score,510,0.3912287401594714,4.2301315509756457e-20,7.970874831072917e-20
LUAD,antigen_presentation_mhc_ii,MHC-II,TAMsurr_score,510,0.5539700329003758,2.335080307249022e-42,6.229934708893908e-42
LUAD,antigen_presentation_mhc_ii,MHC-II,Immune_NSCLC_score,510,0.399999574822388,5.121022927915255e-21,9.812738544508273e-21
LUAD,antigen_presentation_mhc_ii,MHC-II,Module3_IFN_score,510,0.4294872919864207,2.6263042982819883e-24,5.285643870756203e-24
LUAD,antigen_presentation_mhc_ii,MHC-II,Module4_TcellBcell_score,510,0.6726172220642298,1.936019857063457e-68,7.609789033544225e-68
LUAD,antigen_presentation_mhc_ii,MHC-II,Module5_TcellBcell_score,510,0.6640366419821053,3.793571184588413e-66,1.4441586594934196e-65
LUAD,antigen_presentation_mhc_ii,MHC-II,Module11_Prolif_score,510,-0.3685353708684444,7.494452270573263e-18,1.3599006121387107e-17
LUAD,antigen_presentation_mhc_ii,MHC-II,GP11_Immune_IFN,510,0.4187528517305773,4.51737367217216e-23,8.890923580541444e-23
LUAD,antigen_presentation_mhc_ii,MHC-II,GP2_ImmuneTcellBcell_score,510,0.7844759297799714,1.7592550329350413e-107,1.1285787003734227e-106
LUAD,antigen_presentation_mhc_ii,MHC-II,CD8_CD68_ratio,510,-0.1301678234435014,0.0032302875525495,0.0038376860200632
LUAD,antigen_presentation_mhc_ii,MHC-II,TAMsurr_TcClassII_ratio,510,-0.5232543397171415,3.442558519000381e-37,8.54357588657029e-37
LUAD,antigen_presentation_mhc_ii,MHC-II,CHANG_CORE_SERUM_RESPONSE_UP,510,-0.331654051492292,1.4696923459916152e-14,2.4961368598796083e-14
LUAD,antigen_presentation_mhc_ii,MHC-II,CSR_Activated_15701700,510,-0.4426560800455918,6.949681512246171e-26,1.43531766995517e-25
LUAD,antigen_presentation_mhc_ii,MHC-II,CD103pos_CD103neg_ratio_25446897,510,-0.0843459532211532,0.0569728518312898,0.0635107200742247
LUSC,antigen_presentation_mhc_ii,MHC-II,ICS5_score,486,0.8264954911957978,7.354386050480766e-123,5.773139987678985e-122
LUSC,antigen_presentation_mhc_ii,MHC-II,LIexpression_score,486,0.8445652880965313,2.154150620882962e-133,1.9242330669299368e-132
LUSC,antigen_presentation_mhc_ii,MHC-II,Chemokine12_score,486,0.8460860693118915,2.430827682572236e-134,2.2076298152242003e-133
LUSC,antigen_presentation_mhc_ii,MHC-II,NHI_5gene_score,486,0.6337385690563292,6.077276275006932e-56,1.987996568613212e-55
LUSC,antigen_presentation_mhc_ii,MHC-II,CD68,486,0.741643753204027,5.7215893114617264e-86,2.789018445730447e-85
LUSC,antigen_presentation_mhc_ii,MHC-II,CD8A,486,0.7727247994505516,1.3411051669071396e-97,7.552393486516397e-97
LUSC,antigen_presentation_mhc_ii,MHC-II,PD1_data,486,0.7581724838710225,6.196229711261016e-92,3.2255970937090835e-91
LUSC,antigen_presentation_mhc_ii,MHC-II,PDL1_data,486,0.356729868142549,4.961645140044886e-16,8.720953008673403e-16
LUSC,antigen_presentation_mhc_ii,MHC-II,PD1_PDL1_score,486,0.6586975561301872,8.766911285296053e-62,3.1438363475287104e-61
LUSC,antigen_presentation_mhc_ii,MHC-II,CTLA4_data,486,0.7682957400299506,7.86076834933131e-96,4.306402801647767e-95
LUSC,antigen_presentation_mhc_ii,MHC-II,Bcell_mg_IGJ,486,0.5320722700727734,7.111030965651545e-37,1.755172797329601e-36
LUSC,antigen_presentation_mhc_ii,MHC-II,Bcell_receptors_score,486,0.8203502102586641,1.491498041719665e-119,1.1145260091971122e-118
LUSC,antigen_presentation_mhc_ii,MHC-II,STAT1_score,486,0.8940476256434717,6.502686087957147e-171,9.188210991814776e-170
LUSC,antigen_presentation_mhc_ii,MHC-II,CSF1_response,486,0.9501748960624152,3.644709492382786e-247,1.3487904516028817e-245
LUSC,antigen_presentation_mhc_ii,MHC-II,TcClassII_score,486,0.9623595635996997,5.454156585501433e-276,2.514458629248118e-274
LUSC,antigen_presentation_mhc_ii,MHC-II,IL12_score_21050467,486,0.8730105888669605,4.835803630157849e-153,5.5150464880626204e-152
LUSC,antigen_presentation_mhc_ii,MHC-II,IL4_score_21050467,486,0.5738506737910768,6.573894087489408e-44,1.7916825569109409e-43
LUSC,antigen_presentation_mhc_ii,MHC-II,IL2_score_21050467,486,0.8223984327652724,1.2178532235315925e-120,9.291895562428982e-120
LUSC,antigen_presentation_mhc_ii,MHC-II,IL13_score_21050467,486,0.559743695682221,2.0183751259984128e-41,5.324908188860992e-41
LUSC,antigen_presentation_mhc_ii,MHC-II,IFNG_score_21050467,486,0.6819092035773885,9.685628281390196e-68,3.7743422529199624e-67
LUSC,antigen_presentation_mhc_ii,MHC-II,TGFB_score_21050467,486,0.2691056784146098,1.651457235152135e-09,2.4546249615376e-09
LUSC,antigen_presentation_mhc_ii,MHC-II,TREM1_data,486,0.4580797456464036,1.388293560582215e-26,2.9069734293946304e-26
LUSC,antigen_presentation_mhc_ii,MHC-II,DAP12_data,486,0.9060163295829404,7.435065909163667e-183,1.2483567452422945e-181
LUSC,antigen_presentation_mhc_ii,MHC-II,Tcell_receptors_score,486,0.8603004658345599,1.0014250399240969e-143,1.0201783178252973e-142
LUSC,antigen_presentation_mhc_ii,MHC-II,IL8_21978456,486,0.1670605486533832,0.0002160550781302,0.0002705662120231
LUSC,antigen_presentation_mhc_ii,MHC-II,IFN_21978456,486,0.4183890049812991,5.1187731162257335e-22,9.913181115082945e-22
LUSC,antigen_presentation_mhc_ii,MHC-II,MHC1_21978456,486,0.7135287879339594,8.324204401420116e-77,3.6284993544651786e-76
LUSC,antigen_presentation_mhc_ii,MHC-II,MHC2_21978456,486,0.9918503722128736,0,0
LUSC,antigen_presentation_mhc_ii,MHC-II,Bcell_21978456,486,-0.0711249161833265,0.1173664561210647,0.1280738950590622
LUSC,antigen_presentation_mhc_ii,MHC-II,Tcell_21978456,486,0.8998657365778572,1.5734944202252571e-176,2.4112139847958868e-175
LUSC,antigen_presentation_mhc_ii,MHC-II,CD103pos_mean_25446897,486,0.7869521262554137,1.464220894552871e-103,8.870113214217838e-103
LUSC,antigen_presentation_mhc_ii,MHC-II,CD103neg_mean_25446897,486,0.8176849085102785,3.7054487056918875e-118,2.702096643292743e-117
LUSC,antigen_presentation_mhc_ii,MHC-II,IgG_19272155,486,0.4621159739335555,4.401132727528213e-27,9.294317561239703e-27
LUSC,antigen_presentation_mhc_ii,MHC-II,Interferon_19272155,486,0.4072862275039725,7.621746835460692e-21,1.4563506422517092e-20
LUSC,antigen_presentation_mhc_ii,MHC-II,LCK_19272155,486,0.921812973828438,2.461386675572509e-201,5.271631305163169e-200
LUSC,antigen_presentation_mhc_ii,MHC-II,MHC.I_19272155,486,0.7033173524300662,9.538080440739682e-74,4.022260278885572e-73
LUSC,antigen_presentation_mhc_ii,MHC-II,MHC.II_19272155,486,0.9904530124043788,0,0
LUSC,antigen_presentation_mhc_ii,MHC-II,STAT1_19272155,486,0.6986894172078173,2.104464748068212e-72,8.692701768785933e-72
LUSC,antigen_presentation_mhc_ii,MHC-II,Troester_WoundSig_19887484,486,0.3962350616742205,1.0154606260894156e-19,1.9015854753619344e-19
LUSC,antigen_presentation_mhc_ii,MHC-II,MDACC.FNA.1_20805453,486,0.9628123391176114,3.082267290152148e-277,1.4708363209147088e-275
LUSC,antigen_presentation_mhc_ii,MHC-II,IGG_Cluster_21214954,486,0.7179197662738667,3.658133831925335e-78,1.6284982034102964e-77
LUSC,antigen_presentation_mhc_ii,MHC-II,Minterferon_Cluster_21214954,486,0.6626852655875384,9.06627899748486e-63,3.283658971126341e-62
LUSC,antigen_presentation_mhc_ii,MHC-II,Immune_cell_Cluster_21214954,486,0.9428139790989976,4.45924385316122e-233,1.4439456286426808e-231
LUSC,antigen_presentation_mhc_ii,MHC-II,MCD3_CD8_21214954,486,0.6026015962016766,2.2814879173054797e-49,6.741604709474097e-49
LUSC,antigen_presentation_mhc_ii,MHC-II,Interferon_Cluster_21214954,486,0.4743439362949436,1.232798131151585e-28,2.660222861350505e-28
LUSC,antigen_presentation_mhc_ii,MHC-II,B_cell_PCA_16704732,486,0.8527802686141289,1.228248887342997e-138,1.172223499499281e-137
LUSC,antigen_presentation_mhc_ii,MHC-II,CD8_PCA_16704732,486,0.8383635991861189,1.2426958977174676e-129,1.0596027717214772e-128
LUSC,antigen_presentation_mhc_ii,MHC-II,GRANS_PCA_16704732,486,0.375632510847887,9.848875387663343e-18,1.783551335182709e-17
LUSC,antigen_presentation_mhc_ii,MHC-II,LYMPHS_PCA_16704732,486,-0.2014997915903517,7.580377729914561e-06,1.0011472408530034e-05
LUSC,antigen_presentation_mhc_ii,MHC-II,T_cell_PCA_16704732,486,0.9043160015290804,4.599708819426843e-181,7.559642289329917e-180
LUSC,antigen_presentation_mhc_ii,MHC-II,TGFB_PCA_17349583,486,0.4796836448737119,2.4716933424836875e-29,5.397836926178746e-29
LUSC,antigen_presentation_mhc_ii,MHC-II,Rotterdam_ERneg_PCA_15721472,486,0.1976608669476851,1.135196618385204e-05,1.4905791947901304e-05
LUSC,antigen_presentation_mhc_ii,MHC-II,HER2_Immune_PCA_18006808,486,0.932162608483032,1.0660253380183256e-215,2.842734234715535e-214
LUSC,antigen_presentation_mhc_ii,MHC-II,IR7_score,486,0.7940505090272281,1.0399366972054046e-106,6.601231776893118e-106
LUSC,antigen_presentation_mhc_ii,MHC-II,Buck14_score,486,0.2918352876418387,5.3661120272655576e-11,8.314340480867171e-11
LUSC,antigen_presentation_mhc_ii,MHC-II,TAMsurr_score,486,0.6761114509177768,3.3516124492175135e-66,1.2768047425590525e-65
LUSC,antigen_presentation_mhc_ii,MHC-II,Immune_NSCLC_score,486,0.6780945931452338,1.0064191245455183e-66,3.869201439948848e-66
LUSC,antigen_presentation_mhc_ii,MHC-II,Module3_IFN_score,486,0.4659026469709372,1.4771220888822331e-27,3.1413386096635448e-27
LUSC,antigen_presentation_mhc_ii,MHC-II,Module4_TcellBcell_score,486,0.8803663096292172,6.631217043932354e-159,8.236032127623746e-158
LUSC,antigen_presentation_mhc_ii,MHC-II,Module5_TcellBcell_score,486,0.8944602729561688,2.664799231401049e-171,3.7948973347700806e-170
LUSC,antigen_presentation_mhc_ii,MHC-II,Module11_Prolif_score,486,-0.3477933415481219,2.895801147769394e-15,5.005770017116461e-15
LUSC,antigen_presentation_mhc_ii,MHC-II,GP11_Immune_IFN,486,0.4710831963240069,3.2439170107839507e-28,6.964052304129712e-28
LUSC,antigen_presentation_mhc_ii,MHC-II,GP2_ImmuneTcellBcell_score,486,0.9096182742951318,9.137512283728917e-187,1.6191552711232996e-185
LUSC,antigen_presentation_mhc_ii,MHC-II,CD8_CD68_ratio,486,-0.0319850314081907,0.4817521012231699,0.4995675620766383
LUSC,antigen_presentation_mhc_ii,MHC-II,TAMsurr_TcClassII_ratio,486,-0.6315708924368754,1.8442770877452327e-55,5.979062787445809e-55
LUSC,antigen_presentation_mhc_ii,MHC-II,CHANG_CORE_SERUM_RESPONSE_UP,486,-0.2490210040993491,2.643978537330553e-08,3.7860603430055826e-08
LUSC,antigen_presentation_mhc_ii,MHC-II,CSR_Activated_15701700,486,-0.4401484064113904,1.9065639703747616e-24,3.841373332903224e-24
LUSC,antigen_presentation_mhc_ii,MHC-II,CD103pos_CD103neg_ratio_25446897,486,0.0336301978170526,0.4594871822107331,0.4778455880761591
OV,antigen_presentation_mhc_ii,MHC-II,ICS5_score,269,0.6724551568228438,9.228914935302204e-37,2.2758520964661823e-36
OV,antigen_presentation_mhc_ii,MHC-II,LIexpression_score,269,0.676678565043432,2.271222861336763e-37,5.644336393637273e-37
OV,antigen_presentation_mhc_ii,MHC-II,Chemokine12_score,269,0.6868243489529431,7.098480613180972e-39,1.8061615779094707e-38
OV,antigen_presentation_mhc_ii,MHC-II,NHI_5gene_score,269,0.485107049320694,2.761950383762487e-17,4.9571131928960505e-17
OV,antigen_presentation_mhc_ii,MHC-II,CD68,269,0.7441704763662956,1.068684952819952e-48,3.1306656668500477e-48
OV,antigen_presentation_mhc_ii,MHC-II,CD8A,269,0.6404298955981689,1.8770309570365347e-32,4.290356473226365e-32
OV,antigen_presentation_mhc_ii,MHC-II,PD1_data,269,0.5958651472071661,3.030385673928744e-27,6.417009757171027e-27
OV,antigen_presentation_mhc_ii,MHC-II,PDL1_data,269,0.5156278994649608,1.1274960690143417e-19,2.1099341642373648e-19
OV,antigen_presentation_mhc_ii,MHC-II,PD1_PDL1_score,269,0.6451889531211058,4.63212134949081e-33,1.0695560331591683e-32
OV,antigen_presentation_mhc_ii,MHC-II,CTLA4_data,269,0.6788840036995879,1.082044021550377e-37,2.7026260226051656e-37
OV,antigen_presentation_mhc_ii,MHC-II,Bcell_mg_IGJ,269,0.3481397227000067,4.413174856493929e-09,6.467583841413517e-09
OV,antigen_presentation_mhc_ii,MHC-II,Bcell_receptors_score,269,0.6957290349548721,3.009529203016049e-40,7.818452179755159e-40
OV,antigen_presentation_mhc_ii,MHC-II,STAT1_score,269,0.7966927434367401,2.4930230263965384e-60,8.676932350350078e-60
OV,antigen_presentation_mhc_ii,MHC-II,CSF1_response,269,0.8098951385707733,8.343190086612038e-64,3.077081631943694e-63
OV,antigen_presentation_mhc_ii,MHC-II,TcClassII_score,269,0.9429908917295438,1.3898681277631312e-129,1.1832367159673603e-128
OV,antigen_presentation_mhc_ii,MHC-II,IL12_score_21050467,269,0.7560721793757359,4.5113518044046173e-51,1.3626737265941766e-50
OV,antigen_presentation_mhc_ii,MHC-II,IL4_score_21050467,269,0.5509030285077443,9.419537681203892e-23,1.8445746935114891e-22
OV,antigen_presentation_mhc_ii,MHC-II,IL2_score_21050467,269,0.6598859266070479,5.236849517380044e-35,1.2533418994521527e-34
OV,antigen_presentation_mhc_ii,MHC-II,IL13_score_21050467,269,0.3515173596935278,3.052559673475312e-09,4.501470486230875e-09
OV,antigen_presentation_mhc_ii,MHC-II,IFNG_score_21050467,269,0.7035753868092388,1.6851185517338102e-41,4.4521830604331856e-41
OV,antigen_presentation_mhc_ii,MHC-II,TGFB_score_21050467,269,0.1041678707613858,0.0881634912936791,0.0969691452967275
OV,antigen_presentation_mhc_ii,MHC-II,TREM1_data,269,0.3179452165638189,9.857318361975105e-08,1.3841975190796224e-07
OV,antigen_presentation_mhc_ii,MHC-II,DAP12_data,269,0.7622462725019491,2.3330080391679644e-52,7.207020859212792e-52
OV,antigen_presentation_mhc_ii,MHC-II,Tcell_receptors_score,269,0.7323148816019037,1.848042378877206e-46,5.2143934341763484e-46
OV,antigen_presentation_mhc_ii,MHC-II,IL8_21978456,269,0.2852220573779496,1.9810265179624845e-06,2.671488412919166e-06
OV,antigen_presentation_mhc_ii,MHC-II,IFN_21978456,269,0.3182032834587903,9.612564548159761e-08,1.350176894964862e-07
OV,antigen_presentation_mhc_ii,MHC-II,MHC1_21978456,269,0.6674811610289958,4.671508366997115e-36,1.1406196371842148e-35
OV,antigen_presentation_mhc_ii,MHC-II,MHC2_21978456,269,0.9761354245302528,4.171943798519694e-179,6.616727190655141e-178
OV,antigen_presentation_mhc_ii,MHC-II,Bcell_21978456,269,-0.0334243283416114,0.5852038226135474,0.6011157090290216
OV,antigen_presentation_mhc_ii,MHC-II,Tcell_21978456,269,0.7877995400938307,3.945273741357229e-58,1.3272906093372495e-57
OV,antigen_presentation_mhc_ii,MHC-II,CD103pos_mean_25446897,269,0.5461134680111069,2.59096244187774e-22,5.046486102332583e-22
OV,antigen_presentation_mhc_ii,MHC-II,CD103neg_mean_25446897,269,0.6585802889457271,7.878354736097488e-35,1.8772776944533651e-34
OV,antigen_presentation_mhc_ii,MHC-II,IgG_19272155,269,0.3191075226905727,8.800294177366116e-08,1.237043936043196e-07
OV,antigen_presentation_mhc_ii,MHC-II,Interferon_19272155,269,0.3005718928812996,5.075753002539079e-07,6.992174305852769e-07
OV,antigen_presentation_mhc_ii,MHC-II,LCK_19272155,269,0.7916089921533986,4.646492404314733e-59,1.5867494462945478e-58
OV,antigen_presentation_mhc_ii,MHC-II,MHC.I_19272155,269,0.6596109692570327,5.708152323516526e-35,1.3631408533770808e-34
OV,antigen_presentation_mhc_ii,MHC-II,MHC.II_19272155,269,0.9816868232700962,2.687643099017807e-194,5.221706592377455e-193
OV,antigen_presentation_mhc_ii,MHC-II,STAT1_19272155,269,0.7041416215083195,1.3636311723830564e-41,3.6098070938023484e-41
OV,antigen_presentation_mhc_ii,MHC-II,Troester_WoundSig_19887484,269,0.1315138258607004,0.0310589444781529,0.0350759098943641
OV,antigen_presentation_mhc_ii,MHC-II,MDACC.FNA.1_20805453,269,0.8537476353510537,1.208767956400919e-77,5.3244515650372464e-77
OV,antigen_presentation_mhc_ii,MHC-II,IGG_Cluster_21214954,269,0.5211395072776106,3.931569938280035e-20,7.415998774009498e-20
OV,antigen_presentation_mhc_ii,MHC-II,Minterferon_Cluster_21214954,269,0.565817704762049,3.625887217247613e-24,7.283909328591956e-24
OV,antigen_presentation_mhc_ii,MHC-II,Immune_cell_Cluster_21214954,269,0.845086477490678,1.415439208402485e-74,6.006231898369358e-74
OV,antigen_presentation_mhc_ii,MHC-II,MCD3_CD8_21214954,269,0.0688700347195312,0.2603223979617989,0.2764845460586072
OV,antigen_presentation_mhc_ii,MHC-II,Interferon_Cluster_21214954,269,0.3837326329112467,7.244417352191586e-11,1.1184194017497104e-10
OV,antigen_presentation_mhc_ii,MHC-II,B_cell_PCA_16704732,269,0.7508293031172146,5.210618214126908e-50,1.5548964939577829e-49
OV,antigen_presentation_mhc_ii,MHC-II,CD8_PCA_16704732,269,0.773653537401838,7.672358495581717e-55,2.4551547185861495e-54
OV,antigen_presentation_mhc_ii,MHC-II,GRANS_PCA_16704732,269,0.6100596244859099,8.163663681681346e-29,1.7658183072901202e-28
OV,antigen_presentation_mhc_ii,MHC-II,LYMPHS_PCA_16704732,269,0.398499448235896,1.1313760932076712e-11,1.7839669411738352e-11
OV,antigen_presentation_mhc_ii,MHC-II,T_cell_PCA_16704732,269,0.766956158006283,2.2905979506835228e-53,7.161409684895612e-53
OV,antigen_presentation_mhc_ii,MHC-II,TGFB_PCA_17349583,269,0.2901170387582175,1.2943238167374248e-06,1.7589611698854837e-06
OV,antigen_presentation_mhc_ii,MHC-II,Rotterdam_ERneg_PCA_15721472,269,0.4604508902598744,1.60114845135916e-15,2.785496506361954e-15
OV,antigen_presentation_mhc_ii,MHC-II,HER2_Immune_PCA_18006808,269,0.8091373396762978,1.343099759227484e-63,4.933465692233297e-63
OV,antigen_presentation_mhc_ii,MHC-II,IR7_score,269,0.6934549804209162,6.820261153645004e-40,1.7592328438041166e-39
OV,antigen_presentation_mhc_ii,MHC-II,Buck14_score,269,0.0148689728981964,0.8082013516016359,0.8191942151505308
OV,antigen_presentation_mhc_ii,MHC-II,TAMsurr_score,269,0.5907297465584099,1.0725210332985292e-26,2.2509700698858022e-26
OV,antigen_presentation_mhc_ii,MHC-II,Immune_NSCLC_score,269,0.6825999206262551,3.056780158051628e-38,7.684327199538289e-38
OV,antigen_presentation_mhc_ii,MHC-II,Module3_IFN_score,269,0.3580743611787457,1.4738288591170895e-09,2.1930057422311184e-09
OV,antigen_presentation_mhc_ii,MHC-II,Module4_TcellBcell_score,269,0.7395373626099604,8.277758754459972e-48,2.3876462154964074e-47
OV,antigen_presentation_mhc_ii,MHC-II,Module5_TcellBcell_score,269,0.7773315543305183,1.1301655987306208e-55,3.6837033295953126e-55
OV,antigen_presentation_mhc_ii,MHC-II,Module11_Prolif_score,269,-0.1598195761927026,0.008641275247514,0.0100188698521901
OV,antigen_presentation_mhc_ii,MHC-II,GP11_Immune_IFN,269,0.3923672579010628,2.4737231003284638e-11,3.871419351492188e-11
OV,antigen_presentation_mhc_ii,MHC-II,GP2_ImmuneTcellBcell_score,269,0.7645005977728654,7.734115433288485e-53,2.401460499833868e-52
OV,antigen_presentation_mhc_ii,MHC-II,CD8_CD68_ratio,269,-0.1402294598876743,0.0214140904483702,0.0243963669191903
OV,antigen_presentation_mhc_ii,MHC-II,TAMsurr_TcClassII_ratio,269,-0.5994966921876843,1.2227879085793788e-27,2.6024906974459397e-27
OV,antigen_presentation_mhc_ii,MHC-II,CHANG_CORE_SERUM_RESPONSE_UP,269,-0.0538449433710095,0.3790497436921797,0.3979217687544302
OV,antigen_presentation_mhc_ii,MHC-II,CSR_Activated_15701700,269,-0.1642271107358223,0.0069478558157852,0.0081142841644207
OV,antigen_presentation_mhc_ii,MHC-II,CD103pos_CD103neg_ratio_25446897,269,-0.2851896473625783,1.986564242520034e-06,2.678292312096403e-06
PAAD,antigen_presentation_mhc_ii,MHC-II,ICS5_score,156,0.5837723187128069,1.2613247576084838e-15,2.202056059496198e-15
PAAD,antigen_presentation_mhc_ii,MHC-II,LIexpression_score,156,0.6230621028000114,3.7778144145836864e-18,6.889477175774472e-18
PAAD,antigen_presentation_mhc_ii,MHC-II,Chemokine12_score,156,0.7073382750391174,5.674055810557198e-25,1.1560623074693322e-24
PAAD,antigen_presentation_mhc_ii,MHC-II,NHI_5gene_score,156,0.5484468756164571,1.2493616882328026e-13,2.0784488024423382e-13
PAAD,antigen_presentation_mhc_ii,MHC-II,CD68,156,0.5263558013484023,1.7002962826660757e-12,2.73981391519652e-12
PAAD,antigen_presentation_mhc_ii,MHC-II,CD8A,156,0.6793396959282322,1.8764894224261248e-22,3.665386878993938e-22
PAAD,antigen_presentation_mhc_ii,MHC-II,PD1_data,156,0.582225263833245,1.560703698885299e-15,2.716003877778639e-15
PAAD,antigen_presentation_mhc_ii,MHC-II,PDL1_data,156,0.3916602721859053,4.282218651005296e-07,5.914005956199241e-07
PAAD,antigen_presentation_mhc_ii,MHC-II,PD1_PDL1_score,156,0.6141480522649201,1.5161828011956926e-17,2.7347594292123893e-17
PAAD,antigen_presentation_mhc_ii,MHC-II,CTLA4_data,156,0.6015360944274805,1.0062671530050375e-16,1.7860010807006214e-16
PAAD,antigen_presentation_mhc_ii,MHC-II,Bcell_mg_IGJ,156,0.4969263145252255,4.1603824031510206e-11,6.464575913493732e-11
PAAD,antigen_presentation_mhc_ii,MHC-II,Bcell_receptors_score,156,0.6234546632738537,3.549915396949794e-18,6.476036136622025e-18
PAAD,antigen_presentation_mhc_ii,MHC-II,STAT1_score,156,0.7955474001486128,2.47742645163621e-35,5.966002610403268e-35
PAAD,antigen_presentation_mhc_ii,MHC-II,CSF1_response,156,0.8461007776873386,6.278060746273984e-44,1.7119123037458885e-43
PAAD,antigen_presentation_mhc_ii,MHC-II,TcClassII_score,156,0.9042246842945424,8.81874509515636e-59,2.989032605461097e-58
PAAD,antigen_presentation_mhc_ii,MHC-II,IL12_score_21050467,156,0.7537471778124858,7.078954496102197e-30,1.5628860575810046e-29
PAAD,antigen_presentation_mhc_ii,MHC-II,IL4_score_21050467,156,0.3558881636136618,5.128210515198221e-06,6.819228844458158e-06
PAAD,antigen_presentation_mhc_ii,MHC-II,IL2_score_21050467,156,0.6745281192388767,4.769319313315593e-22,9.249588971278726e-22
PAAD,antigen_presentation_mhc_ii,MHC-II,IL13_score_21050467,156,0.4558556935342476,2.232053737723566e-09,3.3022497506707092e-09
PAAD,antigen_presentation_mhc_ii,MHC-II,IFNG_score_21050467,156,0.4672349632810829,7.801982733418311e-10,1.1708354777874651e-09
PAAD,antigen_presentation_mhc_ii,MHC-II,TGFB_score_21050467,156,0.182620934251874,0.0225003291228527,0.0255856585343475
PAAD,antigen_presentation_mhc_ii,MHC-II,TREM1_data,156,0.2470049375079512,0.0018798096627813,0.0022619253628689
PAAD,antigen_presentation_mhc_ii,MHC-II,DAP12_data,156,0.7014125800681426,2.048896725351859e-24,4.126619098820479e-24
PAAD,antigen_presentation_mhc_ii,MHC-II,Tcell_receptors_score,156,0.7052362061608003,8.980255207766456e-25,1.8221778564061734e-24
PAAD,antigen_presentation_mhc_ii,MHC-II,IL8_21978456,156,0.1343237818273774,0.094564621637643,0.1037160366348343
PAAD,antigen_presentation_mhc_ii,MHC-II,IFN_21978456,156,0.2502505097121903,0.0016283550488796,0.0019641355800233
PAAD,antigen_presentation_mhc_ii,MHC-II,MHC1_21978456,156,0.3209355952456275,4.410802161590853e-05,5.673862321838317e-05
PAAD,antigen_presentation_mhc_ii,MHC-II,MHC2_21978456,156,0.9747625294368668,3.393158255908097e-102,2.0239891351030756e-101
PAAD,antigen_presentation_mhc_ii,MHC-II,Bcell_21978456,156,-0.0103159669895668,0.898296538489172,0.9053961983337308
PAAD,antigen_presentation_mhc_ii,MHC-II,Tcell_21978456,156,0.766278389783629,2.1603298104983133e-31,4.866332989279845e-31
PAAD,antigen_presentation_mhc_ii,MHC-II,CD103pos_mean_25446897,156,0.6536960060691311,2.227195895130328e-20,4.22305530481317e-20
PAAD,antigen_presentation_mhc_ii,MHC-II,CD103neg_mean_25446897,156,0.7793270218583552,4.4911007102015204e-33,1.0383165262854343e-32
PAAD,antigen_presentation_mhc_ii,MHC-II,IgG_19272155,156,0.3603093997402988,3.83340741237125e-06,5.12376813840285e-06
PAAD,antigen_presentation_mhc_ii,MHC-II,Interferon_19272155,156,0.2536203423530863,0.0014000546522737,0.0016932630743373
PAAD,antigen_presentation_mhc_ii,MHC-II,LCK_19272155,156,0.7733179497716172,2.7602782672892056e-32,6.277555925607557e-32
PAAD,antigen_presentation_mhc_ii,MHC-II,MHC.I_19272155,156,0.3539633907821361,5.812957157458871e-06,7.712801691847868e-06
PAAD,antigen_presentation_mhc_ii,MHC-II,MHC.II_19272155,156,0.9664617281218882,7.989313994087686e-93,4.207344446063602e-92
PAAD,antigen_presentation_mhc_ii,MHC-II,STAT1_19272155,156,0.6263000634574377,2.2553021728096533e-18,4.125367794244961e-18
PAAD,antigen_presentation_mhc_ii,MHC-II,Troester_WoundSig_19887484,156,0.4737987970784279,4.1799556192129337e-10,6.311118115048114e-10
PAAD,antigen_presentation_mhc_ii,MHC-II,MDACC.FNA.1_20805453,156,0.8887965172012994,4.7348858412305555e-54,1.4949378395992003e-53
PAAD,antigen_presentation_mhc_ii,MHC-II,IGG_Cluster_21214954,156,0.5703687313303092,7.69542156328373e-15,1.3156220397317251e-14
PAAD,antigen_presentation_mhc_ii,MHC-II,Minterferon_Cluster_21214954,156,0.4768681361669046,3.1077904511687434e-10,4.706675961680948e-10
PAAD,antigen_presentation_mhc_ii,MHC-II,Immune_cell_Cluster_21214954,156,0.8548624172211597,9.808690634643337e-46,2.7419977930349306e-45
PAAD,antigen_presentation_mhc_ii,MHC-II,MCD3_CD8_21214954,156,0.5325789066080826,8.306515168388218e-13,1.3517033358071164e-12
PAAD,antigen_presentation_mhc_ii,MHC-II,Interferon_Cluster_21214954,156,0.2876926237928908,0.0002708651692003,0.0003380377427046
PAAD,antigen_presentation_mhc_ii,MHC-II,B_cell_PCA_16704732,156,0.6187795356482433,7.405967723379222e-18,1.3442931069463786e-17
PAAD,antigen_presentation_mhc_ii,MHC-II,CD8_PCA_16704732,156,0.7326543482083848,1.605663278111164e-27,3.412034465986224e-27
PAAD,antigen_presentation_mhc_ii,MHC-II,GRANS_PCA_16704732,156,-0.2090499596971756,0.0088178322502629,0.0102192176057585
PAAD,antigen_presentation_mhc_ii,MHC-II,LYMPHS_PCA_16704732,156,-0.0614404703576678,0.4460959961967478,0.4650751665983726
PAAD,antigen_presentation_mhc_ii,MHC-II,T_cell_PCA_16704732,156,0.7220021810940239,2.052094016053904e-26,4.282083409026941e-26
PAAD,antigen_presentation_mhc_ii,MHC-II,TGFB_PCA_17349583,156,0.2761267216630295,0.0004845181158676,0.0005972759008202
PAAD,antigen_presentation_mhc_ii,MHC-II,Rotterdam_ERneg_PCA_15721472,156,-0.2681578196629779,0.000712925991964,0.0008725123501202
PAAD,antigen_presentation_mhc_ii,MHC-II,HER2_Immune_PCA_18006808,156,0.792638017417142,6.513908430929824e-35,1.5541956958008003e-34
PAAD,antigen_presentation_mhc_ii,MHC-II,IR7_score,156,0.6442772269724457,1.148786941654226e-19,2.1490374699446321e-19
PAAD,antigen_presentation_mhc_ii,MHC-II,Buck14_score,156,0.2448438027247076,0.0020663170978395,0.0024803100203546
PAAD,antigen_presentation_mhc_ii,MHC-II,TAMsurr_score,156,0.5767670629255827,3.279253940211564e-15,5.663219503095527e-15
PAAD,antigen_presentation_mhc_ii,MHC-II,Immune_NSCLC_score,156,0.5611379006785796,2.5514225052149452e-14,4.3171814707214e-14
PAAD,antigen_presentation_mhc_ii,MHC-II,Module3_IFN_score,156,0.3049169445717627,0.0001086737851076,0.000137548950904
PAAD,antigen_presentation_mhc_ii,MHC-II,Module4_TcellBcell_score,156,0.6973242085631648,4.878857153080145e-24,9.786498124172564e-24
PAAD,antigen_presentation_mhc_ii,MHC-II,Module5_TcellBcell_score,156,0.7906509943759688,1.2495062439109921e-34,2.963083682160329e-34
PAAD,antigen_presentation_mhc_ii,MHC-II,Module11_Prolif_score,156,-0.2460546633605566,0.0019598468872503,0.0023551064869984
PAAD,antigen_presentation_mhc_ii,MHC-II,GP11_Immune_IFN,156,0.3236223602537448,3.77251532883268e-05,4.863147722476252e-05
PAAD,antigen_presentation_mhc_ii,MHC-II,GP2_ImmuneTcellBcell_score,156,0.765150719406632,2.983645340951508e-31,6.7098101094568845e-31
PAAD,antigen_presentation_mhc_ii,MHC-II,CD8_CD68_ratio,156,0.2802579380758957,0.0003947736658223,0.0004891956132285
PAAD,antigen_presentation_mhc_ii,MHC-II,TAMsurr_TcClassII_ratio,156,-0.3208096619542339,4.443076850576246e-05,5.7140279118521934e-05
PAAD,antigen_presentation_mhc_ii,MHC-II,CHANG_CORE_SERUM_RESPONSE_UP,156,-0.2465671151233668,0.0019163086369681,0.0023032962848225
PAAD,antigen_presentation_mhc_ii,MHC-II,CSR_Activated_15701700,156,-0.3857760834764557,6.576178502612689e-07,9.024826199347384e-07
PAAD,antigen_presentation_mhc_ii,MHC-II,CD103pos_CD103neg_ratio_25446897,156,0.070122228289624,0.3843802589172219,0.4032842060770853
UCEC,antigen_presentation_mhc_ii,MHC-II,ICS5_score,528,0.5663585226369563,4.057027353426738e-46,1.1405802998781114e-45
UCEC,antigen_presentation_mhc_ii,MHC-II,LIexpression_score,528,0.6467268875599441,7.144003210656146e-64,2.640175099590315e-63
UCEC,antigen_presentation_mhc_ii,MHC-II,Chemokine12_score,528,0.5630165970581078,1.7525436637944305e-45,4.8816372406767553e-45
UCEC,antigen_presentation_mhc_ii,MHC-II,NHI_5gene_score,528,0.4397210976434445,2.2502502119778282e-26,4.690176687034248e-26
UCEC,antigen_presentation_mhc_ii,MHC-II,CD68,528,0.6452701409626596,1.6743602118816485e-63,6.137816410132189e-63
UCEC,antigen_presentation_mhc_ii,MHC-II,CD8A,528,0.5289209780637414,2.1512109167693858e-39,5.5122879826780307e-39
UCEC,antigen_presentation_mhc_ii,MHC-II,PD1_data,528,0.4409480699634583,1.5773791221694654e-26,3.300362471000728e-26
UCEC,antigen_presentation_mhc_ii,MHC-II,PDL1_data,528,0.467346531577214,5.2695745043489444e-30,1.166252453362826e-29
UCEC,antigen_presentation_mhc_ii,MHC-II,PD1_PDL1_score,528,0.5252481999928837,8.87199993084302e-39,2.255312131952618e-38
UCEC,antigen_presentation_mhc_ii,MHC-II,CTLA4_data,528,0.5309814499955313,9.641787788691511e-40,2.4787961044651148e-39
UCEC,antigen_presentation_mhc_ii,MHC-II,Bcell_mg_IGJ,528,0.4747209935035817,4.957867318302237e-31,1.1117394151510377e-30
UCEC,antigen_presentation_mhc_ii,MHC-II,Bcell_receptors_score,528,0.6945163575141328,3.087094403259338e-77,1.3521572909606115e-76
UCEC,antigen_presentation_mhc_ii,MHC-II,STAT1_score,528,0.7379725185363427,6.74557647931489e-92,3.5082156833148183e-91
UCEC,antigen_presentation_mhc_ii,MHC-II,CSF1_response,528,0.77625323545118,1.8051338890790292e-107,1.1566464495394489e-106
UCEC,antigen_presentation_mhc_ii,MHC-II,TcClassII_score,528,0.9244047035283504,2.4508694995555343e-222,7.054354538403231e-221
UCEC,antigen_presentation_mhc_ii,MHC-II,IL12_score_21050467,528,0.6518750738803897,3.390865311815585e-65,1.275678236257039e-64
UCEC,antigen_presentation_mhc_ii,MHC-II,IL4_score_21050467,528,0.5554654090137565,4.499829235414659e-44,1.2294862401132971e-43
UCEC,antigen_presentation_mhc_ii,MHC-II,IL2_score_21050467,528,0.5766282207961652,4.067944645217282e-48,1.1834020786086638e-47
UCEC,antigen_presentation_mhc_ii,MHC-II,IL13_score_21050467,528,0.2829897399192274,3.51848286540657e-11,5.482826349989041e-11
UCEC,antigen_presentation_mhc_ii,MHC-II,IFNG_score_21050467,528,0.6148241842443747,3.284022128277729e-56,1.0768583711772662e-55
UCEC,antigen_presentation_mhc_ii,MHC-II,TGFB_score_21050467,528,0.0589631546571959,0.1761079307413291,0.1896707866230114
UCEC,antigen_presentation_mhc_ii,MHC-II,TREM1_data,528,0.282912699305001,3.5635403008254056e-11,5.5498595008560575e-11
UCEC,antigen_presentation_mhc_ii,MHC-II,DAP12_data,528,0.685779638228649,1.334668260305836e-74,5.672340106299803e-74
UCEC,antigen_presentation_mhc_ii,MHC-II,Tcell_receptors_score,528,0.634055642951805,1.0121316478326112e-60,3.5591442561146766e-60
UCEC,antigen_presentation_mhc_ii,MHC-II,IL8_21978456,528,0.2861464342546888,2.0818747357562765e-11,3.2619235491112165e-11
UCEC,antigen_presentation_mhc_ii,MHC-II,IFN_21978456,528,0.3755179472856506,3.9821037944138624e-19,7.388350832746048e-19
UCEC,antigen_presentation_mhc_ii,MHC-II,MHC1_21978456,528,0.6983200680164452,2.051986743783117e-78,9.149842529655864e-78
UCEC,antigen_presentation_mhc_ii,MHC-II,MHC2_21978456,528,0.9896385270686722,0,0
UCEC,antigen_presentation_mhc_ii,MHC-II,Bcell_21978456,528,-0.0443401916504902,0.3091793388949234,0.3265894375899774
UCEC,antigen_presentation_mhc_ii,MHC-II,Tcell_21978456,528,0.6867039771083004,7.094319616233931e-75,3.0245375166389175e-74
UCEC,antigen_presentation_mhc_ii,MHC-II,CD103pos_mean_25446897,528,0.514538895005061,5.011163062833551e-37,1.2396874516514104e-36
UCEC,antigen_presentation_mhc_ii,MHC-II,CD103neg_mean_25446897,528,0.6930227571954488,8.848071464957579e-77,3.853763712519555e-76
UCEC,antigen_presentation_mhc_ii,MHC-II,IgG_19272155,528,0.4133861144297343,3.282784955859555e-23,6.477457439200572e-23
UCEC,antigen_presentation_mhc_ii,MHC-II,Interferon_19272155,528,0.3703419595447791,1.3127257033206317e-18,2.4117621837434093e-18
UCEC,antigen_presentation_mhc_ii,MHC-II,LCK_19272155,528,0.6984429176286839,1.8786197617109612e-78,8.3836681736732e-78
UCEC,antigen_presentation_mhc_ii,MHC-II,MHC.I_19272155,528,0.6814791010048488,2.448943189261821e-73,1.0287452470721468e-72
UCEC,antigen_presentation_mhc_ii,MHC-II,MHC.II_19272155,528,0.9708194698066664,0,0
UCEC,antigen_presentation_mhc_ii,MHC-II,STAT1_19272155,528,0.672663375603241,8.174873320198704e-71,3.3187545419314136e-70
UCEC,antigen_presentation_mhc_ii,MHC-II,Troester_WoundSig_19887484,528,0.252897725937555,3.782309218239398e-09,5.558012465484151e-09
UCEC,antigen_presentation_mhc_ii,MHC-II,MDACC.FNA.1_20805453,528,0.8222295439092243,7.542872069880488e-131,6.523565033410151e-130
UCEC,antigen_presentation_mhc_ii,MHC-II,IGG_Cluster_21214954,528,0.5906264769070712,5.865954285587847e-51,1.7698719530559005e-50
UCEC,antigen_presentation_mhc_ii,MHC-II,Minterferon_Cluster_21214954,528,0.5825002802868661,2.718649502096776e-49,8.015963843580736e-49
UCEC,antigen_presentation_mhc_ii,MHC-II,Immune_cell_Cluster_21214954,528,0.7944111298861288,5.509150862226317e-116,3.8770738280092057e-115
UCEC,antigen_presentation_mhc_ii,MHC-II,MCD3_CD8_21214954,528,0.159450173418155,0.0002343663797192,0.0002930253058314
UCEC,antigen_presentation_mhc_ii,MHC-II,Interferon_Cluster_21214954,528,0.4156346375683321,1.8065515865019936e-23,3.578893164810941e-23
UCEC,antigen_presentation_mhc_ii,MHC-II,B_cell_PCA_16704732,528,0.7421764755827344,1.7994005673215337e-93,9.587403610410522e-93
UCEC,antigen_presentation_mhc_ii,MHC-II,CD8_PCA_16704732,528,0.6272009727997141,4.4614261967659545e-59,1.5254656511883586e-58
UCEC,antigen_presentation_mhc_ii,MHC-II,GRANS_PCA_16704732,528,0.5262108734350482,6.130024737417667e-39,1.561204802038956e-38
UCEC,antigen_presentation_mhc_ii,MHC-II,LYMPHS_PCA_16704732,528,0.0326127343722471,0.4545768982336214,0.4730103914290169
UCEC,antigen_presentation_mhc_ii,MHC-II,T_cell_PCA_16704732,528,0.6760376600363545,9.057138433939517e-72,3.71855344004762e-71
UCEC,antigen_presentation_mhc_ii,MHC-II,TGFB_PCA_17349583,528,0.1281968044784979,0.0031680671472787,0.0037675483515278
UCEC,antigen_presentation_mhc_ii,MHC-II,Rotterdam_ERneg_PCA_15721472,528,0.3875271823743988,2.3001175234788503e-20,4.3582860772291695e-20
UCEC,antigen_presentation_mhc_ii,MHC-II,HER2_Immune_PCA_18006808,528,0.7491607342767237,3.726175672004498e-96,2.0475147126974213e-95
UCEC,antigen_presentation_mhc_ii,MHC-II,IR7_score,528,0.608237917245829,9.790320161405287e-55,3.129221015161267e-54
UCEC,antigen_presentation_mhc_ii,MHC-II,Buck14_score,528,0.3361748170044124,2.044634450974587e-15,3.546814863935508e-15
UCEC,antigen_presentation_mhc_ii,MHC-II,TAMsurr_score,528,0.4848405202809354,1.7597923000881324e-32,4.024073187254914e-32
UCEC,antigen_presentation_mhc_ii,MHC-II,Immune_NSCLC_score,528,0.5741948453947601,1.228506046121947e-47,3.530413571528469e-47
UCEC,antigen_presentation_mhc_ii,MHC-II,Module3_IFN_score,528,0.4135872883520818,3.112537626330609e-23,6.143760771857224e-23
UCEC,antigen_presentation_mhc_ii,MHC-II,Module4_TcellBcell_score,528,0.6465754714510453,7.807005965440458e-64,2.883239134555064e-63
UCEC,antigen_presentation_mhc_ii,MHC-II,Module5_TcellBcell_score,528,0.71257242034743,5.373656169977938e-83,2.5397645147419625e-82
UCEC,antigen_presentation_mhc_ii,MHC-II,Module11_Prolif_score,528,-0.3330662565996383,3.8203616599994605e-15,6.5851607827620605e-15
UCEC,antigen_presentation_mhc_ii,MHC-II,GP11_Immune_IFN,528,0.4470049170126515,2.673008024388584e-27,5.662446905246844e-27
UCEC,antigen_presentation_mhc_ii,MHC-II,GP2_ImmuneTcellBcell_score,528,0.7767474231587331,1.0850600296546465e-107,6.977218157590161e-107
UCEC,antigen_presentation_mhc_ii,MHC-II,CD8_CD68_ratio,528,-0.1628535392418409,0.0001710449301211,0.0002149421159295
UCEC,antigen_presentation_mhc_ii,MHC-II,TAMsurr_TcClassII_ratio,528,-0.557408518462619,1.967582874447881e-44,5.414087423872774e-44
UCEC,antigen_presentation_mhc_ii,MHC-II,CHANG_CORE_SERUM_RESPONSE_UP,528,-0.2238526831276858,2.0181875619281607e-07,2.812949099894746e-07
UCEC,antigen_presentation_mhc_ii,MHC-II,CSR_Activated_15701700,528,-0.264839687739217,6.335423046348691e-10,9.528532311898503e-10
UCEC,antigen_presentation_mhc_ii,MHC-II,CD103pos_CD103neg_ratio_25446897,528,-0.2194668702246033,3.520010318730513e-07,4.878689460864711e-07
BRCA,checkpoint_exhaustion_context,Checkpoint,ICS5_score,1082,0.8009548013049357,7.704353766078949e-243,2.775608244203277e-241
BRCA,checkpoint_exhaustion_context,Checkpoint,LIexpression_score,1082,0.8301785963809071,2.5595304975417644e-276,1.1900722997117263e-274
BRCA,checkpoint_exhaustion_context,Checkpoint,Chemokine12_score,1082,0.8972201017823613,0,0
BRCA,checkpoint_exhaustion_context,Checkpoint,NHI_5gene_score,1082,0.8454723687881389,1.6567738151212284e-296,8.836127013979885e-295
BRCA,checkpoint_exhaustion_context,Checkpoint,CD68,1082,0.7480095863379073,1.7058192148774297e-194,3.3260417666427296e-193
BRCA,checkpoint_exhaustion_context,Checkpoint,CD8A,1082,0.8025326422477951,1.6780624946483824e-244,6.126617430125638e-243
BRCA,checkpoint_exhaustion_context,Checkpoint,PD1_data,1082,0.8081163912326627,1.6601282908605702e-250,6.49719273545432e-249
BRCA,checkpoint_exhaustion_context,Checkpoint,PDL1_data,1082,0.7536284791603479,4.929881198377363e-199,1.0158543075444262e-197
BRCA,checkpoint_exhaustion_context,Checkpoint,PD1_PDL1_score,1082,0.9020887224991272,0,0
BRCA,checkpoint_exhaustion_context,Checkpoint,CTLA4_data,1082,0.9022690165373528,0,0
BRCA,checkpoint_exhaustion_context,Checkpoint,Bcell_mg_IGJ,1082,0.6356165906552117,1.625539205086476e-123,1.2815845327058592e-122
BRCA,checkpoint_exhaustion_context,Checkpoint,Bcell_receptors_score,1082,0.8305840688112665,7.930191395501625e-277,3.751325321002508e-275
BRCA,checkpoint_exhaustion_context,Checkpoint,STAT1_score,1082,0.9378862867461484,0,0
BRCA,checkpoint_exhaustion_context,Checkpoint,CSF1_response,1082,0.925176634839114,0,0
BRCA,checkpoint_exhaustion_context,Checkpoint,TcClassII_score,1082,0.8919751082194829,0,0
BRCA,checkpoint_exhaustion_context,Checkpoint,IL12_score_21050467,1082,0.9128689628340544,0,0
BRCA,checkpoint_exhaustion_context,Checkpoint,IL4_score_21050467,1082,0.6680052144477725,9.064232358884728e-141,8.99807007889287e-140
BRCA,checkpoint_exhaustion_context,Checkpoint,IL2_score_21050467,1082,0.8546864330249538,9.21655237332114e-310,5.168870609367733e-308
BRCA,checkpoint_exhaustion_context,Checkpoint,IL13_score_21050467,1082,0.4513564283518489,2.0128713882594707e-55,6.5178692572211446e-55
BRCA,checkpoint_exhaustion_context,Checkpoint,IFNG_score_21050467,1082,0.7741591897542752,1.0123576627276336e-216,2.795546033115901e-215
BRCA,checkpoint_exhaustion_context,Checkpoint,TGFB_score_21050467,1082,0.3223411720658546,1.3960841727544766e-27,2.970159522794037e-27
BRCA,checkpoint_exhaustion_context,Checkpoint,TREM1_data,1082,0.2320755430738758,1.0687196440576641e-14,1.8202363380318382e-14
BRCA,checkpoint_exhaustion_context,Checkpoint,DAP12_data,1082,0.6549606091771725,1.4547997955419714e-133,1.3102832595609811e-132
BRCA,checkpoint_exhaustion_context,Checkpoint,Tcell_receptors_score,1082,0.882263140438745,0,0
BRCA,checkpoint_exhaustion_context,Checkpoint,IL8_21978456,1082,0.3576453704306197,5.3954664256218e-34,1.2673289013550341e-33
BRCA,checkpoint_exhaustion_context,Checkpoint,IFN_21978456,1082,0.5562343855219531,6.644340879363664e-89,3.3252267142353574e-88
BRCA,checkpoint_exhaustion_context,Checkpoint,MHC1_21978456,1082,0.6181672566476584,4.759118732826559e-115,3.307521084555718e-114
BRCA,checkpoint_exhaustion_context,Checkpoint,MHC2_21978456,1082,0.8170848078623969,1.4130170471313319e-260,5.912932874149573e-259
BRCA,checkpoint_exhaustion_context,Checkpoint,Bcell_21978456,1082,0.0747180359989978,0.0139575563816937,0.0160255607252878
BRCA,checkpoint_exhaustion_context,Checkpoint,Tcell_21978456,1082,0.9139797113275226,0,0
BRCA,checkpoint_exhaustion_context,Checkpoint,CD103pos_mean_25446897,1082,0.7172621487338247,1.2250930697520161e-171,1.7584449338920757e-170
BRCA,checkpoint_exhaustion_context,Checkpoint,CD103neg_mean_25446897,1082,0.7193524594293959,4.284854431900637e-173,6.232515537310017e-172
BRCA,checkpoint_exhaustion_context,Checkpoint,IgG_19272155,1082,0.6476544263549721,1.1068868909682852e-129,9.452848801989752e-129
BRCA,checkpoint_exhaustion_context,Checkpoint,Interferon_19272155,1082,0.5358938618396629,1.8342455005068871e-81,8.484945172412811e-81
BRCA,checkpoint_exhaustion_context,Checkpoint,LCK_19272155,1082,0.9102297385114504,0,0
BRCA,checkpoint_exhaustion_context,Checkpoint,MHC.I_19272155,1082,0.6199615105782529,6.785051545889072e-116,4.762668439953103e-115
BRCA,checkpoint_exhaustion_context,Checkpoint,MHC.II_19272155,1082,0.8857699272293821,0,0
BRCA,checkpoint_exhaustion_context,Checkpoint,STAT1_19272155,1082,0.8869678410594894,0,0
BRCA,checkpoint_exhaustion_context,Checkpoint,Troester_WoundSig_19887484,1082,0.4489032344818308,9.03047329862706e-55,2.88805260108943e-54
BRCA,checkpoint_exhaustion_context,Checkpoint,MDACC.FNA.1_20805453,1082,0.8764664596732157,0,0
BRCA,checkpoint_exhaustion_context,Checkpoint,IGG_Cluster_21214954,1082,0.7790858982701223,3.0218671580456e-221,8.606783947522544e-220
BRCA,checkpoint_exhaustion_context,Checkpoint,Minterferon_Cluster_21214954,1082,0.7874580422717948,3.2820286122417814e-229,1.0030469466626567e-227
BRCA,checkpoint_exhaustion_context,Checkpoint,Immune_cell_Cluster_21214954,1082,0.9558885347365323,0,0
BRCA,checkpoint_exhaustion_context,Checkpoint,MCD3_CD8_21214954,1082,0.2214192627071994,1.7514351181813325e-13,2.895110009998921e-13
BRCA,checkpoint_exhaustion_context,Checkpoint,Interferon_Cluster_21214954,1082,0.581583456008611,6.2842433824091985e-99,3.6099560718380196e-98
BRCA,checkpoint_exhaustion_context,Checkpoint,B_cell_PCA_16704732,1082,0.8598405794775701,0,0
BRCA,checkpoint_exhaustion_context,Checkpoint,CD8_PCA_16704732,1082,0.8672888523174413,0,0
BRCA,checkpoint_exhaustion_context,Checkpoint,GRANS_PCA_16704732,1082,0.6254284730026612,1.658611815855311e-118,1.2176583371461387e-117
BRCA,checkpoint_exhaustion_context,Checkpoint,LYMPHS_PCA_16704732,1082,0.0530118989260046,0.0813386466888396,0.0897165932658733
BRCA,checkpoint_exhaustion_context,Checkpoint,T_cell_PCA_16704732,1082,0.9050834667430064,0,0
BRCA,checkpoint_exhaustion_context,Checkpoint,TGFB_PCA_17349583,1082,0.3237968286365643,7.883234507943025e-28,1.6817566950278454e-27
BRCA,checkpoint_exhaustion_context,Checkpoint,Rotterdam_ERneg_PCA_15721472,1082,0.3688938909011382,3.241050643100579e-36,7.934885462856503e-36
BRCA,checkpoint_exhaustion_context,Checkpoint,HER2_Immune_PCA_18006808,1082,0.9305978300824628,0,0
BRCA,checkpoint_exhaustion_context,Checkpoint,IR7_score,1082,0.757577458673405,2.6831127114418923e-202,5.885537560582215e-201
BRCA,checkpoint_exhaustion_context,Checkpoint,Buck14_score,1082,0.2854449119403018,9.848106252849057e-22,1.899103084562172e-21
BRCA,checkpoint_exhaustion_context,Checkpoint,TAMsurr_score,1082,0.8676766269843769,0,0
BRCA,checkpoint_exhaustion_context,Checkpoint,Immune_NSCLC_score,1082,0.7081542597261902,1.9144460604078925e-165,2.57150285644912e-164
BRCA,checkpoint_exhaustion_context,Checkpoint,Module3_IFN_score,1082,0.6060761409297777,1.7308390147925694e-109,1.1357978577167162e-108
BRCA,checkpoint_exhaustion_context,Checkpoint,Module4_TcellBcell_score,1082,0.8928620362233702,0,0
BRCA,checkpoint_exhaustion_context,Checkpoint,Module5_TcellBcell_score,1082,0.9464559256606856,0,0
BRCA,checkpoint_exhaustion_context,Checkpoint,Module11_Prolif_score,1082,0.2145427766848277,9.879845419407672e-13,1.6048479869088605e-12
BRCA,checkpoint_exhaustion_context,Checkpoint,GP11_Immune_IFN,1082,0.6299562309724154,1.0396568167699368e-120,7.943445341613e-120
BRCA,checkpoint_exhaustion_context,Checkpoint,GP2_ImmuneTcellBcell_score,1082,0.8635569134509352,0,0
BRCA,checkpoint_exhaustion_context,Checkpoint,CD8_CD68_ratio,1082,0.1243220881207294,4.120570103160396e-05,5.308051470800984e-05
BRCA,checkpoint_exhaustion_context,Checkpoint,TAMsurr_TcClassII_ratio,1082,0.006913700594854,0.8203012639548842,0.8308394853685664
BRCA,checkpoint_exhaustion_context,Checkpoint,CHANG_CORE_SERUM_RESPONSE_UP,1082,0.1930053562415536,1.5373936176514774e-10,2.3505962001191784e-10
BRCA,checkpoint_exhaustion_context,Checkpoint,CSR_Activated_15701700,1082,0.0140767458979665,0.643704936796235,0.6594641913694008
BRCA,checkpoint_exhaustion_context,Checkpoint,CD103pos_CD103neg_ratio_25446897,1082,0.1938557477606534,1.2729422796240055e-10,1.951749154778633e-10
COAD,checkpoint_exhaustion_context,Checkpoint,ICS5_score,439,0.8007109163466511,2.685861256732053e-99,1.5510706195989773e-98
COAD,checkpoint_exhaustion_context,Checkpoint,LIexpression_score,439,0.8225064237166462,3.702013295492624e-109,2.423459967205761e-108
COAD,checkpoint_exhaustion_context,Checkpoint,Chemokine12_score,439,0.9048717120334524,3.4353659102563563e-164,4.481628429686949e-163
COAD,checkpoint_exhaustion_context,Checkpoint,NHI_5gene_score,439,0.8418724447577581,3.964258163172421e-119,2.938087793958852e-118
COAD,checkpoint_exhaustion_context,Checkpoint,CD68,439,0.5820840057620158,3.5822425246557327e-41,9.418752698949823e-41
COAD,checkpoint_exhaustion_context,Checkpoint,CD8A,439,0.7963283587352439,1.8382264751767447e-97,1.02880164865859e-96
COAD,checkpoint_exhaustion_context,Checkpoint,PD1_data,439,0.7722132864710555,4.109063068467171e-88,2.0265913955087408e-87
COAD,checkpoint_exhaustion_context,Checkpoint,PDL1_data,439,0.8379860712893245,5.055440240975731e-117,3.6474263807570263e-116
COAD,checkpoint_exhaustion_context,Checkpoint,PD1_PDL1_score,439,0.8877086850897613,2.6628340206530805e-149,2.8971634144705517e-148
COAD,checkpoint_exhaustion_context,Checkpoint,CTLA4_data,439,0.8507992247746435,3.4533224342416528e-124,2.738494758349066e-123
COAD,checkpoint_exhaustion_context,Checkpoint,Bcell_mg_IGJ,439,0.6821460207453715,2.1597479845231298e-61,7.659080205870811e-61
COAD,checkpoint_exhaustion_context,Checkpoint,Bcell_receptors_score,439,0.812224377162032,2.4029720394448783e-104,1.4737506081826538e-103
COAD,checkpoint_exhaustion_context,Checkpoint,STAT1_score,439,0.9431094316645312,4.1659755818266165e-211,1.0395828974833392e-209
COAD,checkpoint_exhaustion_context,Checkpoint,CSF1_response,439,0.9359696037311208,3.1100074601764594e-200,6.557535109829433e-199
COAD,checkpoint_exhaustion_context,Checkpoint,TcClassII_score,439,0.9087228674847152,6.3712394019167495e-168,8.7303633114426e-167
COAD,checkpoint_exhaustion_context,Checkpoint,IL12_score_21050467,439,0.90077497697453,2.1612162063075765e-160,2.727845977334853e-159
COAD,checkpoint_exhaustion_context,Checkpoint,IL4_score_21050467,439,0.5478085016090896,9.587418362568248e-36,2.3242226333498785e-35
COAD,checkpoint_exhaustion_context,Checkpoint,IL2_score_21050467,439,0.7787820601311075,1.5291826660321412e-90,7.818377540615459e-90
COAD,checkpoint_exhaustion_context,Checkpoint,IL13_score_21050467,439,0.5404252556342003,1.1766486258641752e-34,2.7915257412564822e-34
COAD,checkpoint_exhaustion_context,Checkpoint,IFNG_score_21050467,439,0.8256879315573571,1.0373459776695357e-110,6.856819099055011e-110
COAD,checkpoint_exhaustion_context,Checkpoint,TGFB_score_21050467,439,0.5648333656072295,2.3172319645827087e-38,5.8359916145046e-38
COAD,checkpoint_exhaustion_context,Checkpoint,TREM1_data,439,0.6255129764565894,4.797722087451524e-49,1.4123164586437386e-48
COAD,checkpoint_exhaustion_context,Checkpoint,DAP12_data,439,0.7828813409138214,4.223887344302984e-92,2.2030630060410577e-91
COAD,checkpoint_exhaustion_context,Checkpoint,Tcell_receptors_score,439,0.8555680793852036,4.982441362910753e-127,4.125491782988508e-126
COAD,checkpoint_exhaustion_context,Checkpoint,IL8_21978456,439,0.3397763461757732,2.523722693228213e-13,4.155281916211102e-13
COAD,checkpoint_exhaustion_context,Checkpoint,IFN_21978456,439,0.6067526466900189,1.7025441181323654e-45,4.744795083319707e-45
COAD,checkpoint_exhaustion_context,Checkpoint,MHC1_21978456,439,0.3456864053893725,9.103834218633729e-14,1.5191674278947086e-13
COAD,checkpoint_exhaustion_context,Checkpoint,MHC2_21978456,439,0.8720429522639429,1.0842673877181077e-137,1.020486953146454e-136
COAD,checkpoint_exhaustion_context,Checkpoint,Bcell_21978456,439,-0.0807218809755127,0.0911721685383477,0.1001163901591868
COAD,checkpoint_exhaustion_context,Checkpoint,Tcell_21978456,439,0.9372127731300358,4.927204228672296e-202,1.0764655021677626e-200
COAD,checkpoint_exhaustion_context,Checkpoint,CD103pos_mean_25446897,439,0.7762996060402098,1.294941792904412e-89,6.52871487803522e-89
COAD,checkpoint_exhaustion_context,Checkpoint,CD103neg_mean_25446897,439,0.8165458007248361,2.4836954414443225e-106,1.5692570501111632e-105
COAD,checkpoint_exhaustion_context,Checkpoint,IgG_19272155,439,0.5468411712841542,1.3363294944668785e-35,3.2309477555110303e-35
COAD,checkpoint_exhaustion_context,Checkpoint,Interferon_19272155,439,0.6197781411645658,6.191258561394657e-48,1.793421010329443e-47
COAD,checkpoint_exhaustion_context,Checkpoint,LCK_19272155,439,0.9420276395959024,2.263878261196332e-209,5.5226447268645935e-208
COAD,checkpoint_exhaustion_context,Checkpoint,MHC.I_19272155,439,0.3515909574686867,3.2164337650553117e-14,5.42386846928112e-14
COAD,checkpoint_exhaustion_context,Checkpoint,MHC.II_19272155,439,0.9248907038370872,1.250237765006741e-185,2.1799017441143178e-184
COAD,checkpoint_exhaustion_context,Checkpoint,STAT1_19272155,439,0.8009907466509546,2.0433404851339825e-99,1.181272288961622e-98
COAD,checkpoint_exhaustion_context,Checkpoint,Troester_WoundSig_19887484,439,0.6832929369277956,1.1358851394949563e-61,4.062600367424433e-61
COAD,checkpoint_exhaustion_context,Checkpoint,MDACC.FNA.1_20805453,439,0.8907117012892561,1.0056179184323968e-151,1.1279508198499462e-150
COAD,checkpoint_exhaustion_context,Checkpoint,IGG_Cluster_21214954,439,0.6958380299160152,8.2566413070268e-65,3.093397294092685e-64
COAD,checkpoint_exhaustion_context,Checkpoint,Minterferon_Cluster_21214954,439,0.8069683313466132,5.340732269008768e-102,3.178729052889245e-101
COAD,checkpoint_exhaustion_context,Checkpoint,Immune_cell_Cluster_21214954,439,0.9646351047800776,3.4847626905423493e-255,1.4042302990037318e-253
COAD,checkpoint_exhaustion_context,Checkpoint,MCD3_CD8_21214954,439,0.5704762363031002,2.9089949060619385e-39,7.44002458344003e-39
COAD,checkpoint_exhaustion_context,Checkpoint,Interferon_Cluster_21214954,439,0.6679028721743822,4.9688589131436905e-58,1.6685550918210912e-57
COAD,checkpoint_exhaustion_context,Checkpoint,B_cell_PCA_16704732,439,0.8368384607943956,2.0648120211651373e-116,1.4663939158144058e-115
COAD,checkpoint_exhaustion_context,Checkpoint,CD8_PCA_16704732,439,0.8729557543261482,2.5210429770171243e-138,2.397635278841461e-137
COAD,checkpoint_exhaustion_context,Checkpoint,GRANS_PCA_16704732,439,0.4373860182910334,6.127594263617424e-22,1.1854236413257038e-21
COAD,checkpoint_exhaustion_context,Checkpoint,LYMPHS_PCA_16704732,439,0.0984308128206091,0.0392569915995226,0.0441326791282089
COAD,checkpoint_exhaustion_context,Checkpoint,T_cell_PCA_16704732,439,0.9252753280826544,4.25195112848224e-186,7.485635643670998e-185
COAD,checkpoint_exhaustion_context,Checkpoint,TGFB_PCA_17349583,439,0.5491713944535204,5.994050176167742e-36,1.4589544947808733e-35
COAD,checkpoint_exhaustion_context,Checkpoint,Rotterdam_ERneg_PCA_15721472,439,0.0591042711223856,0.2164875827448384,0.2313283146988648
COAD,checkpoint_exhaustion_context,Checkpoint,HER2_Immune_PCA_18006808,439,0.9456015106793216,3.087636062337102e-215,8.075355855343192e-214
COAD,checkpoint_exhaustion_context,Checkpoint,IR7_score,439,0.6138182093603997,8.356586951953657e-47,2.3726426418908087e-46
COAD,checkpoint_exhaustion_context,Checkpoint,Buck14_score,439,0.2136815408884764,6.283105289333429e-06,8.326453781723228e-06
COAD,checkpoint_exhaustion_context,Checkpoint,TAMsurr_score,439,0.7519299607997961,4.240449523615777e-81,1.9499615729898413e-80
COAD,checkpoint_exhaustion_context,Checkpoint,Immune_NSCLC_score,439,0.5476475872923817,1.013266546493974e-35,2.4553095825956426e-35
COAD,checkpoint_exhaustion_context,Checkpoint,Module3_IFN_score,439,0.6752607915100832,9.619547445840724e-60,3.314144275197818e-59
COAD,checkpoint_exhaustion_context,Checkpoint,Module4_TcellBcell_score,439,0.9058823913206642,3.734638843329281e-165,4.979518457772375e-164
COAD,checkpoint_exhaustion_context,Checkpoint,Module5_TcellBcell_score,439,0.9574284330563112,6.255507992731839e-238,2.126872717528825e-236
COAD,checkpoint_exhaustion_context,Checkpoint,Module11_Prolif_score,439,0.0355943281716333,0.4569409497945736,0.4752884831515259
COAD,checkpoint_exhaustion_context,Checkpoint,GP11_Immune_IFN,439,0.6440965549808159,8.266444394281159e-53,2.5652856534449236e-52
COAD,checkpoint_exhaustion_context,Checkpoint,GP2_ImmuneTcellBcell_score,439,0.9026301176157352,4.319471867634159e-162,5.477372251731893e-161
COAD,checkpoint_exhaustion_context,Checkpoint,CD8_CD68_ratio,439,0.3384796106967372,3.147371896610913e-13,5.172719975094672e-13
COAD,checkpoint_exhaustion_context,Checkpoint,TAMsurr_TcClassII_ratio,439,-0.4493812139760534,3.306461099136193e-23,6.521808694452825e-23
COAD,checkpoint_exhaustion_context,Checkpoint,CHANG_CORE_SERUM_RESPONSE_UP,439,0.0009228679086647,0.9846168577344394,0.9857040312983714
COAD,checkpoint_exhaustion_context,Checkpoint,CSR_Activated_15701700,439,-0.3548550449829389,1.7926242838690687e-14,3.039861628506151e-14
COAD,checkpoint_exhaustion_context,Checkpoint,CD103pos_CD103neg_ratio_25446897,439,-0.2683243126093438,1.1228013143427625e-08,1.6249106544359213e-08
GBM,checkpoint_exhaustion_context,Checkpoint,ICS5_score,153,0.6429141034404192,3.2576122882675994e-19,6.048263088114586e-19
GBM,checkpoint_exhaustion_context,Checkpoint,LIexpression_score,153,0.8282005855253762,8.303165338895738e-40,2.1386941024428414e-39
GBM,checkpoint_exhaustion_context,Checkpoint,Chemokine12_score,153,0.7866313399069778,1.959885689968892e-33,4.558263426007171e-33
GBM,checkpoint_exhaustion_context,Checkpoint,NHI_5gene_score,153,0.4498009730207872,5.447349010712895e-09,7.963874931007296e-09
GBM,checkpoint_exhaustion_context,Checkpoint,CD68,153,0.791558085284434,4.110341739022187e-34,9.671392327111029e-34
GBM,checkpoint_exhaustion_context,Checkpoint,CD8A,153,0.473800997651866,6.17708668500997e-10,9.295532936778491e-10
GBM,checkpoint_exhaustion_context,Checkpoint,PD1_data,153,0.6555263678161513,3.770553601528611e-20,7.114745609544101e-20
GBM,checkpoint_exhaustion_context,Checkpoint,PDL1_data,153,0.3852706262760269,8.759338508008524e-07,1.196955576075518e-06
GBM,checkpoint_exhaustion_context,Checkpoint,PD1_PDL1_score,153,0.6977672232924391,1.220864340334498e-23,2.4274495655773644e-23
GBM,checkpoint_exhaustion_context,Checkpoint,CTLA4_data,153,0.7573055451088696,9.735624235336599e-30,2.143334513971311e-29
GBM,checkpoint_exhaustion_context,Checkpoint,Bcell_mg_IGJ,153,0.6793521236245694,4.7833373061491e-22,9.273469331949788e-22
GBM,checkpoint_exhaustion_context,Checkpoint,Bcell_receptors_score,153,0.7760869219231626,4.847469466983655e-32,1.1001349144927443e-31
GBM,checkpoint_exhaustion_context,Checkpoint,STAT1_score,153,0.8798541137724678,1.2047392392511853e-50,3.630903856801357e-50
GBM,checkpoint_exhaustion_context,Checkpoint,CSF1_response,153,0.8798457372090869,1.2107012670393885e-50,3.646852100052199e-50
GBM,checkpoint_exhaustion_context,Checkpoint,TcClassII_score,153,0.8653894641264144,3.648728379681484e-47,1.0424938227661384e-46
GBM,checkpoint_exhaustion_context,Checkpoint,IL12_score_21050467,153,0.8911851822068538,1.05779222861222e-53,3.326236834480044e-53
GBM,checkpoint_exhaustion_context,Checkpoint,IL4_score_21050467,153,0.6452561885998418,2.1994222814740903e-19,4.0975538394585783e-19
GBM,checkpoint_exhaustion_context,Checkpoint,IL2_score_21050467,153,0.7604126965249145,4.1883937393168425e-30,9.28856989069858e-30
GBM,checkpoint_exhaustion_context,Checkpoint,IL13_score_21050467,153,0.5522036243752546,1.369602549839558e-13,2.2736154626570632e-13
GBM,checkpoint_exhaustion_context,Checkpoint,IFNG_score_21050467,153,0.697170734322437,1.3808813855894437e-23,2.741603918834516e-23
GBM,checkpoint_exhaustion_context,Checkpoint,TGFB_score_21050467,153,0.2430325839939804,0.0024698409308447,0.0029529526733616
GBM,checkpoint_exhaustion_context,Checkpoint,TREM1_data,153,0.3938660101676108,4.728370631931778e-07,6.523544569543208e-07
GBM,checkpoint_exhaustion_context,Checkpoint,DAP12_data,153,0.7600883225593382,4.576666510665944e-30,1.0145503593326297e-29
GBM,checkpoint_exhaustion_context,Checkpoint,Tcell_receptors_score,153,0.7897417340141799,7.346511311144869e-34,1.719665298305856e-33
GBM,checkpoint_exhaustion_context,Checkpoint,IL8_21978456,153,0.3322376797608995,2.7207340672969464e-05,3.52903989654158e-05
GBM,checkpoint_exhaustion_context,Checkpoint,IFN_21978456,153,0.489542707034967,1.3483099737808302e-10,2.0643980459802186e-10
GBM,checkpoint_exhaustion_context,Checkpoint,MHC1_21978456,153,0.5246313052546887,3.384157823210129e-12,5.416245530527538e-12
GBM,checkpoint_exhaustion_context,Checkpoint,MHC2_21978456,153,0.7873249193549122,1.5769705933456018e-33,3.6755441421594136e-33
GBM,checkpoint_exhaustion_context,Checkpoint,Bcell_21978456,153,-0.1241360593006549,0.1263126366628986,0.1373731994094699
GBM,checkpoint_exhaustion_context,Checkpoint,Tcell_21978456,153,0.9051202624224676,5.8229149607691204e-58,1.950533090306897e-57
GBM,checkpoint_exhaustion_context,Checkpoint,CD103pos_mean_25446897,153,0.6125579762895146,3.953622622498943e-17,7.065606789222814e-17
GBM,checkpoint_exhaustion_context,Checkpoint,CD103neg_mean_25446897,153,0.8293259887687131,5.2886491465176125e-40,1.3656977128730104e-39
GBM,checkpoint_exhaustion_context,Checkpoint,IgG_19272155,153,0.3745670356560844,1.8426303837473077e-06,2.4904122453628204e-06
GBM,checkpoint_exhaustion_context,Checkpoint,Interferon_19272155,153,0.4804578964608192,3.2760388039753204e-10,4.955965265190696e-10
GBM,checkpoint_exhaustion_context,Checkpoint,LCK_19272155,153,0.9200348129977336,2.5484404301411607e-63,9.310621853571468e-63
GBM,checkpoint_exhaustion_context,Checkpoint,MHC.I_19272155,153,0.5154300485758718,9.266442185455018e-12,1.4649649953175035e-11
GBM,checkpoint_exhaustion_context,Checkpoint,MHC.II_19272155,153,0.8516009274523205,3.336644669647121e-44,9.13505133511844e-44
GBM,checkpoint_exhaustion_context,Checkpoint,STAT1_19272155,153,0.544952408555343,3.275468404761839e-13,5.381621299276474e-13
GBM,checkpoint_exhaustion_context,Checkpoint,Troester_WoundSig_19887484,153,0.5606998780373393,4.798547438843485e-14,8.04936727329897e-14
GBM,checkpoint_exhaustion_context,Checkpoint,MDACC.FNA.1_20805453,153,0.8394110935959496,7.96798718914343e-42,2.1164965971162235e-41
GBM,checkpoint_exhaustion_context,Checkpoint,IGG_Cluster_21214954,153,0.7925626106765485,2.973842444966752e-34,7.006367648600751e-34
GBM,checkpoint_exhaustion_context,Checkpoint,Minterferon_Cluster_21214954,153,0.6121888946966346,4.177949360479697e-17,7.459154749264704e-17
GBM,checkpoint_exhaustion_context,Checkpoint,Immune_cell_Cluster_21214954,153,0.911014166432123,5.764724902312345e-60,1.996187362735784e-59
GBM,checkpoint_exhaustion_context,Checkpoint,MCD3_CD8_21214954,153,0.4876319938087234,1.6286268728857038e-10,2.4865928118153884e-10
GBM,checkpoint_exhaustion_context,Checkpoint,Interferon_Cluster_21214954,153,0.5456053234691005,3.030736536188052e-13,4.982534529121487e-13
GBM,checkpoint_exhaustion_context,Checkpoint,B_cell_PCA_16704732,153,0.902015149852847,5.875234710454089e-57,1.9429347613902884e-56
GBM,checkpoint_exhaustion_context,Checkpoint,CD8_PCA_16704732,153,0.8062569525417822,2.993444535074416e-36,7.3319848135096e-36
GBM,checkpoint_exhaustion_context,Checkpoint,GRANS_PCA_16704732,153,0.6584269135865484,2.2629736290056982e-20,4.2893994919132396e-20
GBM,checkpoint_exhaustion_context,Checkpoint,LYMPHS_PCA_16704732,153,0.2804605095626767,0.0004457550366753,0.0005509900930502
GBM,checkpoint_exhaustion_context,Checkpoint,T_cell_PCA_16704732,153,0.8848927130660876,5.77381194184396e-52,1.7705488705541798e-51
GBM,checkpoint_exhaustion_context,Checkpoint,TGFB_PCA_17349583,153,0.2934326905438843,0.0002321677117181,0.000290343069367
GBM,checkpoint_exhaustion_context,Checkpoint,Rotterdam_ERneg_PCA_15721472,153,0.1514566424891656,0.0616440191388483,0.0684234776811538
GBM,checkpoint_exhaustion_context,Checkpoint,HER2_Immune_PCA_18006808,153,0.9156581292804202,1.2042793640857785e-61,4.301562534882885e-61
GBM,checkpoint_exhaustion_context,Checkpoint,IR7_score,153,0.638290244327396,7.004606875848989e-19,1.2934508283984557e-18
GBM,checkpoint_exhaustion_context,Checkpoint,Buck14_score,153,0.157985468325896,0.05112687499828,0.0572048951029706
GBM,checkpoint_exhaustion_context,Checkpoint,TAMsurr_score,153,0.5754694222186482,7.206660356333679e-15,1.2324499320482621e-14
GBM,checkpoint_exhaustion_context,Checkpoint,Immune_NSCLC_score,153,0.7632751665259404,1.9037761824531414e-30,4.241008367135581e-30
GBM,checkpoint_exhaustion_context,Checkpoint,Module3_IFN_score,153,0.5101243333304409,1.6340645225827948e-11,2.565457720880348e-11
GBM,checkpoint_exhaustion_context,Checkpoint,Module4_TcellBcell_score,153,0.9084223064731806,4.55923158213118e-59,1.55792837982372e-58
GBM,checkpoint_exhaustion_context,Checkpoint,Module5_TcellBcell_score,153,0.9118585233136316,2.8990470242625925e-60,1.007719860190959e-59
GBM,checkpoint_exhaustion_context,Checkpoint,Module11_Prolif_score,153,-0.2850039537346038,0.0003559714356926,0.0004421197740109
GBM,checkpoint_exhaustion_context,Checkpoint,GP11_Immune_IFN,153,0.5792122136600727,4.390001582002712e-15,7.547916752874448e-15
GBM,checkpoint_exhaustion_context,Checkpoint,GP2_ImmuneTcellBcell_score,153,0.723721904765136,4.212574230645122e-26,8.733385600117936e-26
GBM,checkpoint_exhaustion_context,Checkpoint,CD8_CD68_ratio,153,-0.1285501999489157,0.113281131345556,0.1237448503051856
GBM,checkpoint_exhaustion_context,Checkpoint,TAMsurr_TcClassII_ratio,153,-0.3362972406763747,2.13662671497672e-05,2.780681657768745e-05
GBM,checkpoint_exhaustion_context,Checkpoint,CHANG_CORE_SERUM_RESPONSE_UP,153,-0.1519334494375974,0.0608202196327089,0.067578021814121
GBM,checkpoint_exhaustion_context,Checkpoint,CSR_Activated_15701700,153,-0.3061962484624398,0.0001184793448691,0.0001497856463137
GBM,checkpoint_exhaustion_context,Checkpoint,CD103pos_CD103neg_ratio_25446897,153,-0.3795119311581846,1.3111648250383393e-06,1.780957964596396e-06
HNSC,checkpoint_exhaustion_context,Checkpoint,ICS5_score,514,0.779883543298309,2.977217074751154e-106,1.8723769811151767e-105
HNSC,checkpoint_exhaustion_context,Checkpoint,LIexpression_score,514,0.8166608553856609,2.523884453296786e-124,2.007299916072297e-123
HNSC,checkpoint_exhaustion_context,Checkpoint,Chemokine12_score,514,0.9032756714918267,2.7584283972225e-190,5.086728976573016e-189
HNSC,checkpoint_exhaustion_context,Checkpoint,NHI_5gene_score,514,0.684742551218875,2.298966231509395e-72,9.488904627777777e-72
HNSC,checkpoint_exhaustion_context,Checkpoint,CD68,514,0.4515917890095959,3.40339614916462e-27,7.20407589550799e-27
HNSC,checkpoint_exhaustion_context,Checkpoint,CD8A,514,0.8445465622356748,5.464601071714866e-141,5.434630681924839e-140
HNSC,checkpoint_exhaustion_context,Checkpoint,PD1_data,514,0.8671893579691713,3.8066087928348876e-157,4.612015998445833e-156
HNSC,checkpoint_exhaustion_context,Checkpoint,PDL1_data,514,0.6573294664495914,6.688414924869995e-65,2.511040523898742e-64
HNSC,checkpoint_exhaustion_context,Checkpoint,PD1_PDL1_score,514,0.879197000640147,5.643729373843235e-167,7.656331120625238e-166
HNSC,checkpoint_exhaustion_context,Checkpoint,CTLA4_data,514,0.8832376365466126,1.607038106726755e-170,2.25898896656164e-169
HNSC,checkpoint_exhaustion_context,Checkpoint,Bcell_mg_IGJ,514,0.4801482669111374,5.323893894120268e-31,1.1923418190207595e-30
HNSC,checkpoint_exhaustion_context,Checkpoint,Bcell_receptors_score,514,0.7478473351625906,3.796504111750997e-93,2.011001204277062e-92
HNSC,checkpoint_exhaustion_context,Checkpoint,STAT1_score,514,0.9241605659632948,3.982153701036078e-216,1.0724215907740724e-214
HNSC,checkpoint_exhaustion_context,Checkpoint,CSF1_response,514,0.9332348210190644,8.925680783425618e-230,2.758846787604282e-228
HNSC,checkpoint_exhaustion_context,Checkpoint,TcClassII_score,514,0.8973581389459205,5.00292761895972e-184,8.558467373314743e-183
HNSC,checkpoint_exhaustion_context,Checkpoint,IL12_score_21050467,514,0.9146624043389268,1.49010237616806e-203,3.3358670478824063e-202
HNSC,checkpoint_exhaustion_context,Checkpoint,IL4_score_21050467,514,0.6624676679054616,3.0648773073429445e-66,1.170852005052361e-65
HNSC,checkpoint_exhaustion_context,Checkpoint,IL2_score_21050467,514,0.8385517870741435,3.8506957614516153e-137,3.599275763281235e-136
HNSC,checkpoint_exhaustion_context,Checkpoint,IL13_score_21050467,514,0.5635099519955928,2.0777489131833382e-44,5.714334725842951e-44
HNSC,checkpoint_exhaustion_context,Checkpoint,IFNG_score_21050467,514,0.681412572012516,2.0505108386757044e-71,8.387051851425437e-71
HNSC,checkpoint_exhaustion_context,Checkpoint,TGFB_score_21050467,514,0.2509958544275401,7.963808910041943e-09,1.1571346279548124e-08
HNSC,checkpoint_exhaustion_context,Checkpoint,TREM1_data,514,0.0959776030123832,0.0295784566615745,0.0334456047056673
HNSC,checkpoint_exhaustion_context,Checkpoint,DAP12_data,514,0.8091095940528658,2.693888020636652e-120,2.0496155010158588e-119
HNSC,checkpoint_exhaustion_context,Checkpoint,Tcell_receptors_score,514,0.8782616162723766,3.5828154294481875e-166,4.824385132722312e-165
HNSC,checkpoint_exhaustion_context,Checkpoint,IL8_21978456,514,0.0469179939956355,0.2883721190034197,0.3055003558673035
HNSC,checkpoint_exhaustion_context,Checkpoint,IFN_21978456,514,0.4342005268128814,4.781645644616933e-25,9.756996364109571e-25
HNSC,checkpoint_exhaustion_context,Checkpoint,MHC1_21978456,514,0.5211609750493883,3.919678455919973e-37,9.71880164093193e-37
HNSC,checkpoint_exhaustion_context,Checkpoint,MHC2_21978456,514,0.8632853912007578,3.7221329616755496e-154,4.3358465335149873e-153
HNSC,checkpoint_exhaustion_context,Checkpoint,Bcell_21978456,514,0.0159949633907858,0.7175230357086527,0.7313706790809575
HNSC,checkpoint_exhaustion_context,Checkpoint,Tcell_21978456,514,0.8912558915855552,5.818566558788979e-178,9.148266497055504e-177
HNSC,checkpoint_exhaustion_context,Checkpoint,CD103pos_mean_25446897,514,0.7760538367865327,1.4262037503174373e-104,8.786578031400746e-104
HNSC,checkpoint_exhaustion_context,Checkpoint,CD103neg_mean_25446897,514,0.7754672177040806,2.562298320406992e-104,1.5696962683574362e-103
HNSC,checkpoint_exhaustion_context,Checkpoint,IgG_19272155,514,0.3834164895667241,1.907800374987144e-19,3.556694324856087e-19
HNSC,checkpoint_exhaustion_context,Checkpoint,Interferon_19272155,514,0.4296363982684719,1.6708998483878255e-24,3.370298544764468e-24
HNSC,checkpoint_exhaustion_context,Checkpoint,LCK_19272155,514,0.9267078532307088,8.86295943811726e-220,2.5111718407998904e-218
HNSC,checkpoint_exhaustion_context,Checkpoint,MHC.I_19272155,514,0.5039370252692692,1.8641628600035866e-34,4.405319703918119e-34
HNSC,checkpoint_exhaustion_context,Checkpoint,MHC.II_19272155,514,0.911580424132287,8.710092971742398e-200,1.8224194525491785e-198
HNSC,checkpoint_exhaustion_context,Checkpoint,STAT1_19272155,514,0.7606388525206716,3.932146952898912e-98,2.2258979629313302e-97
HNSC,checkpoint_exhaustion_context,Checkpoint,Troester_WoundSig_19887484,514,0.3382249066864619,3.1981139585818094e-15,5.524845962110208e-15
HNSC,checkpoint_exhaustion_context,Checkpoint,MDACC.FNA.1_20805453,514,0.8885832937041104,2.0337781737791318e-175,3.0146466663102117e-174
HNSC,checkpoint_exhaustion_context,Checkpoint,IGG_Cluster_21214954,514,0.6127909553536117,2.584765953570797e-54,8.198907747769758e-54
HNSC,checkpoint_exhaustion_context,Checkpoint,Minterferon_Cluster_21214954,514,0.6950151194959361,2.2278301516866646e-75,9.550351477679632e-75
HNSC,checkpoint_exhaustion_context,Checkpoint,Immune_cell_Cluster_21214954,514,0.9585662853188034,2.2089480771532887e-281,1.0924252308830808e-279
HNSC,checkpoint_exhaustion_context,Checkpoint,MCD3_CD8_21214954,514,0.3267738858719528,2.9597701501481546e-14,4.99570264250883e-14
HNSC,checkpoint_exhaustion_context,Checkpoint,Interferon_Cluster_21214954,514,0.4803253716679562,5.029104257904467e-31,1.127248750020614e-30
HNSC,checkpoint_exhaustion_context,Checkpoint,B_cell_PCA_16704732,514,0.785034416129376,1.4442923817444266e-108,9.387037702138208e-108
HNSC,checkpoint_exhaustion_context,Checkpoint,CD8_PCA_16704732,514,0.8813058307129372,8.265197081462428e-169,1.1411845716536956e-167
HNSC,checkpoint_exhaustion_context,Checkpoint,GRANS_PCA_16704732,514,0.1661488796153481,0.0001543170761322,0.0001943252069813
HNSC,checkpoint_exhaustion_context,Checkpoint,LYMPHS_PCA_16704732,514,0.1240864848705564,0.0048432037779188,0.0057052898553223
HNSC,checkpoint_exhaustion_context,Checkpoint,T_cell_PCA_16704732,514,0.9083324651206108,5.798084873166252e-196,1.1553692934074877e-194
HNSC,checkpoint_exhaustion_context,Checkpoint,TGFB_PCA_17349583,514,0.2879850075350056,2.8393616531732285e-11,4.435992933159783e-11
HNSC,checkpoint_exhaustion_context,Checkpoint,Rotterdam_ERneg_PCA_15721472,514,0.2471099005911843,1.370744053620004e-08,1.9795188881584338e-08
HNSC,checkpoint_exhaustion_context,Checkpoint,HER2_Immune_PCA_18006808,514,0.93345648845957,3.9223332699460567e-230,1.226292700488882e-228
HNSC,checkpoint_exhaustion_context,Checkpoint,IR7_score,514,0.7159733073809413,6.10992353743228e-82,2.848156301939297e-81
HNSC,checkpoint_exhaustion_context,Checkpoint,Buck14_score,514,0.2930331723170427,1.2297921978288308e-11,1.936344299909939e-11
HNSC,checkpoint_exhaustion_context,Checkpoint,TAMsurr_score,514,0.7259731836690749,2.761578202311538e-85,1.3330066921539279e-84
HNSC,checkpoint_exhaustion_context,Checkpoint,Immune_NSCLC_score,514,0.6269224591137723,1.7340823347460522e-57,5.762619365313697e-57
HNSC,checkpoint_exhaustion_context,Checkpoint,Module3_IFN_score,514,0.4918468309297164,1.1499693235417175e-32,2.6395920337835205e-32
HNSC,checkpoint_exhaustion_context,Checkpoint,Module4_TcellBcell_score,514,0.8760324330696431,2.7587517607737503e-164,3.625026468263092e-163
HNSC,checkpoint_exhaustion_context,Checkpoint,Module5_TcellBcell_score,514,0.9342047242786378,2.3933073946791598e-231,7.658583662973311e-230
HNSC,checkpoint_exhaustion_context,Checkpoint,Module11_Prolif_score,514,-0.0111462613322203,0.8009670047332997,0.8123155305274331
HNSC,checkpoint_exhaustion_context,Checkpoint,GP11_Immune_IFN,514,0.5297592499112539,1.578964667897476e-38,3.998867687785042e-38
HNSC,checkpoint_exhaustion_context,Checkpoint,GP2_ImmuneTcellBcell_score,514,0.8764881177709547,1.1430349583607631e-164,1.512922183329088e-163
HNSC,checkpoint_exhaustion_context,Checkpoint,CD8_CD68_ratio,514,0.5117085003814439,1.2061692481227e-35,2.921442880582141e-35
HNSC,checkpoint_exhaustion_context,Checkpoint,TAMsurr_TcClassII_ratio,514,-0.3492016573012471,3.468146404099513e-16,6.109687965771163e-16
HNSC,checkpoint_exhaustion_context,Checkpoint,CHANG_CORE_SERUM_RESPONSE_UP,514,-0.1704858194595392,0.0001026493960731,0.0001301054787133
HNSC,checkpoint_exhaustion_context,Checkpoint,CSR_Activated_15701700,514,-0.3460992026004639,6.556280311275552e-16,1.1501504319038697e-15
HNSC,checkpoint_exhaustion_context,Checkpoint,CD103pos_CD103neg_ratio_25446897,514,0.0526645017315103,0.2332976442019173,0.2486070880427875
KIRC,checkpoint_exhaustion_context,Checkpoint,ICS5_score,515,0.7757222906836465,1.2524032632245471e-104,7.733341375643059e-104
KIRC,checkpoint_exhaustion_context,Checkpoint,LIexpression_score,515,0.826753493890965,2.9325863080869828e-130,2.5202637466023983e-129
KIRC,checkpoint_exhaustion_context,Checkpoint,Chemokine12_score,515,0.7941574494156277,4.822470711717919e-113,3.267028726244767e-112
KIRC,checkpoint_exhaustion_context,Checkpoint,NHI_5gene_score,515,0.8422477507895749,9.191517196868011e-140,8.912986372720495e-139
KIRC,checkpoint_exhaustion_context,Checkpoint,CD68,515,0.4803826361090317,4.326128712710788e-31,9.712810646779484e-31
KIRC,checkpoint_exhaustion_context,Checkpoint,CD8A,515,0.853198833536322,4.0125545967601424e-147,4.280058236544152e-146
KIRC,checkpoint_exhaustion_context,Checkpoint,PD1_data,515,0.8321586113340035,1.8311624007495353e-133,1.6438157524880316e-132
KIRC,checkpoint_exhaustion_context,Checkpoint,PDL1_data,515,0.4725145126089932,5.292356371945847e-30,1.1708181644321029e-29
KIRC,checkpoint_exhaustion_context,Checkpoint,PD1_PDL1_score,515,0.8903326906523759,2.0358968857209502e-177,3.191723071562528e-176
KIRC,checkpoint_exhaustion_context,Checkpoint,CTLA4_data,515,0.799775251808895,8.831208311233748e-116,6.190950156328814e-115
KIRC,checkpoint_exhaustion_context,Checkpoint,Bcell_mg_IGJ,515,0.3670501967873982,7.188178801769398e-18,1.3051966849674739e-17
KIRC,checkpoint_exhaustion_context,Checkpoint,Bcell_receptors_score,515,0.7746366893488803,3.699399738018444e-104,2.253609694828705e-103
KIRC,checkpoint_exhaustion_context,Checkpoint,STAT1_score,515,0.917362429621862,2.2575629003741983e-207,5.293595766394672e-206
KIRC,checkpoint_exhaustion_context,Checkpoint,CSF1_response,515,0.8573927953438948,4.2100422452092346e-150,4.626793901805704e-149
KIRC,checkpoint_exhaustion_context,Checkpoint,TcClassII_score,515,0.8884375685260917,1.277916928199281e-175,1.8994175107661439e-174
KIRC,checkpoint_exhaustion_context,Checkpoint,IL12_score_21050467,515,0.9140112811495092,3.8775188412912e-203,8.609674488418012e-202
KIRC,checkpoint_exhaustion_context,Checkpoint,IL4_score_21050467,515,0.5848758095004262,1.3786210074731167e-48,4.029929221200298e-48
KIRC,checkpoint_exhaustion_context,Checkpoint,IL2_score_21050467,515,0.7934167688262304,1.0909187087249935e-112,7.363024535315092e-112
KIRC,checkpoint_exhaustion_context,Checkpoint,IL13_score_21050467,515,0.31875552052332,1.2601123584999646e-13,2.0956928248975262e-13
KIRC,checkpoint_exhaustion_context,Checkpoint,IFNG_score_21050467,515,0.6277881113559891,8.513746043931131e-58,2.841397452698487e-57
KIRC,checkpoint_exhaustion_context,Checkpoint,TGFB_score_21050467,515,0.1732785259371727,7.727437137539323e-05,9.84479110731005e-05
KIRC,checkpoint_exhaustion_context,Checkpoint,TREM1_data,515,0.2468256541295714,1.3803881226723409e-08,1.9929170348560335e-08
KIRC,checkpoint_exhaustion_context,Checkpoint,DAP12_data,515,0.635510397791485,1.308050059267802e-59,4.500817408233298e-59
KIRC,checkpoint_exhaustion_context,Checkpoint,Tcell_receptors_score,515,0.8818005543232713,1.4290425791984938e-169,1.983161130316277e-168
KIRC,checkpoint_exhaustion_context,Checkpoint,IL8_21978456,515,0.0931659112251643,0.0345381060212886,0.0389208177550056
KIRC,checkpoint_exhaustion_context,Checkpoint,IFN_21978456,515,0.4910031840908609,1.3262878214098667e-32,3.0366185810057553e-32
KIRC,checkpoint_exhaustion_context,Checkpoint,MHC1_21978456,515,0.5091354374631197,2.5877213797802966e-35,6.223344078693552e-35
KIRC,checkpoint_exhaustion_context,Checkpoint,MHC2_21978456,515,0.8047336935008361,2.860435865047736e-118,2.091501492723076e-117
KIRC,checkpoint_exhaustion_context,Checkpoint,Bcell_21978456,515,0.0532506246692515,0.2276753876296968,0.2427585473746669
KIRC,checkpoint_exhaustion_context,Checkpoint,Tcell_21978456,515,0.9164221252080524,3.629315459100658e-206,8.401479190428759e-205
KIRC,checkpoint_exhaustion_context,Checkpoint,CD103pos_mean_25446897,515,0.7538547618427979,1.2408317146373049e-95,6.770435835132337e-95
KIRC,checkpoint_exhaustion_context,Checkpoint,CD103neg_mean_25446897,515,0.6499255404846384,3.885211256465772e-63,1.4146953972673226e-62
KIRC,checkpoint_exhaustion_context,Checkpoint,IgG_19272155,515,0.5325984907483475,4.529620943282615e-39,1.1563180634189311e-38
KIRC,checkpoint_exhaustion_context,Checkpoint,Interferon_19272155,515,0.4489492338147325,6.561145061329623e-27,1.382363638018325e-26
KIRC,checkpoint_exhaustion_context,Checkpoint,LCK_19272155,515,0.9125298039007844,2.5460997961692405e-201,5.431679565161046e-200
KIRC,checkpoint_exhaustion_context,Checkpoint,MHC.I_19272155,515,0.5267265228818298,4.206750614685403e-38,1.055081758593296e-37
KIRC,checkpoint_exhaustion_context,Checkpoint,MHC.II_19272155,515,0.8685976246094639,1.489713581174149e-158,1.8376512203145964e-157
KIRC,checkpoint_exhaustion_context,Checkpoint,STAT1_19272155,515,0.8304557436025102,1.9254328193560726e-132,1.7003822300806877e-131
KIRC,checkpoint_exhaustion_context,Checkpoint,Troester_WoundSig_19887484,515,0.2935839537048407,1.0709442504800812e-11,1.6901470039488368e-11
KIRC,checkpoint_exhaustion_context,Checkpoint,MDACC.FNA.1_20805453,515,0.7692999913837391,6.962815907399453e-102,4.139641370082298e-101
KIRC,checkpoint_exhaustion_context,Checkpoint,IGG_Cluster_21214954,515,0.7357174037447566,7.348554077611164e-89,3.674277038805582e-88
KIRC,checkpoint_exhaustion_context,Checkpoint,Minterferon_Cluster_21214954,515,0.8354531650892353,1.789810246541101e-135,1.6446904968215519e-134
KIRC,checkpoint_exhaustion_context,Checkpoint,Immune_cell_Cluster_21214954,515,0.9228256945979656,1.1187859733378416e-214,2.8844529359989847e-213
KIRC,checkpoint_exhaustion_context,Checkpoint,MCD3_CD8_21214954,515,-0.0460164892185426,0.2972749160228802,0.314625592055344
KIRC,checkpoint_exhaustion_context,Checkpoint,Interferon_Cluster_21214954,515,0.5644031541590939,1.1720984190233362e-44,3.235015423382521e-44
KIRC,checkpoint_exhaustion_context,Checkpoint,B_cell_PCA_16704732,515,0.8290789513709821,1.2658239354197594e-131,1.1035388154941492e-130
KIRC,checkpoint_exhaustion_context,Checkpoint,CD8_PCA_16704732,515,0.7468714770567779,5.8841107665013985e-93,3.1137706779929586e-92
KIRC,checkpoint_exhaustion_context,Checkpoint,GRANS_PCA_16704732,515,0.4358196997907559,2.7457425855268943e-25,5.625928310834767e-25
KIRC,checkpoint_exhaustion_context,Checkpoint,LYMPHS_PCA_16704732,515,0.3286640645939134,1.946665118414365e-14,3.299021259867335e-14
KIRC,checkpoint_exhaustion_context,Checkpoint,T_cell_PCA_16704732,515,0.9027057323578462,4.944642301797534e-190,9.08745071681709e-189
KIRC,checkpoint_exhaustion_context,Checkpoint,TGFB_PCA_17349583,515,0.2107479944097682,1.3978540934238106e-06,1.897286993070242e-06
KIRC,checkpoint_exhaustion_context,Checkpoint,Rotterdam_ERneg_PCA_15721472,515,0.2201511430833338,4.513401095348025e-07,6.228539309663433e-07
KIRC,checkpoint_exhaustion_context,Checkpoint,HER2_Immune_PCA_18006808,515,0.9081366915062754,4.0795847536594433e-196,8.159169507318885e-195
KIRC,checkpoint_exhaustion_context,Checkpoint,IR7_score,515,0.7665981713286952,9.356064356820906e-101,5.478685694413964e-100
KIRC,checkpoint_exhaustion_context,Checkpoint,Buck14_score,515,0.1397074370774088,0.0014810914722313,0.001789679611048
KIRC,checkpoint_exhaustion_context,Checkpoint,TAMsurr_score,515,0.7853430902745808,6.460416041865817e-109,4.21904721101441e-108
KIRC,checkpoint_exhaustion_context,Checkpoint,Immune_NSCLC_score,515,0.6108693748512635,5.367383273199134e-54,1.6936522625407942e-53
KIRC,checkpoint_exhaustion_context,Checkpoint,Module3_IFN_score,515,0.6162314766830738,3.5523109834930025e-55,1.1448206013152807e-54
KIRC,checkpoint_exhaustion_context,Checkpoint,Module4_TcellBcell_score,515,0.8980302817157445,4.475061829274089e-185,7.752973360271035e-184
KIRC,checkpoint_exhaustion_context,Checkpoint,Module5_TcellBcell_score,515,0.9307540734303056,2.677874009643433e-226,7.8320616196023e-225
KIRC,checkpoint_exhaustion_context,Checkpoint,Module11_Prolif_score,515,0.4311460890890195,9.97830618109138e-25,2.0224286745580148e-24
KIRC,checkpoint_exhaustion_context,Checkpoint,GP11_Immune_IFN,515,0.6418034373937257,3.9819176455193775e-61,1.40751344974824e-60
KIRC,checkpoint_exhaustion_context,Checkpoint,GP2_ImmuneTcellBcell_score,515,0.8081780008401206,4.8363964115638704e-120,3.639003662366176e-119
KIRC,checkpoint_exhaustion_context,Checkpoint,CD8_CD68_ratio,515,0.4574889928894133,5.293083490701625e-28,1.1318543313450015e-27
KIRC,checkpoint_exhaustion_context,Checkpoint,TAMsurr_TcClassII_ratio,515,-0.1567774716482712,0.0003552004596294,0.0004412629596676
KIRC,checkpoint_exhaustion_context,Checkpoint,CHANG_CORE_SERUM_RESPONSE_UP,515,0.1192582896088809,0.0067384534491475,0.007876490494921
KIRC,checkpoint_exhaustion_context,Checkpoint,CSR_Activated_15701700,515,0.0726384531085704,0.0996404910189559,0.1091510815833911
KIRC,checkpoint_exhaustion_context,Checkpoint,CD103pos_CD103neg_ratio_25446897,515,0.2635627280496421,1.244643288108193e-09,1.8565559329061063e-09
LUAD,checkpoint_exhaustion_context,Checkpoint,ICS5_score,510,0.753490837954694,1.4065605651519069e-94,7.56843667104488e-94
LUAD,checkpoint_exhaustion_context,Checkpoint,LIexpression_score,510,0.8216446567567942,4.150954372410719e-126,3.390569337224371e-125
LUAD,checkpoint_exhaustion_context,Checkpoint,Chemokine12_score,510,0.8848458729262965,1.2210968921155277e-170,1.7209241173856138e-169
LUAD,checkpoint_exhaustion_context,Checkpoint,NHI_5gene_score,510,0.781793982876728,2.7868368065803216e-106,1.7547422147548526e-105
LUAD,checkpoint_exhaustion_context,Checkpoint,CD68,510,0.6379064697605689,1.296314510710357e-59,4.463260087509077e-59
LUAD,checkpoint_exhaustion_context,Checkpoint,CD8A,510,0.7764040290295615,6.391474550480687e-104,3.880538119934703e-103
LUAD,checkpoint_exhaustion_context,Checkpoint,PD1_data,510,0.7935043728448838,1.192679339858454e-111,7.980535804218929e-111
LUAD,checkpoint_exhaustion_context,Checkpoint,PDL1_data,510,0.7320321788226494,1.0226678566618573e-86,5.0074825744739e-86
LUAD,checkpoint_exhaustion_context,Checkpoint,PD1_PDL1_score,510,0.8667952045115767,1.2508260319596652e-155,1.482460482322566e-154
LUAD,checkpoint_exhaustion_context,Checkpoint,CTLA4_data,510,0.8452999587356227,2.152901093576473e-140,2.1140400630065005e-139
LUAD,checkpoint_exhaustion_context,Checkpoint,Bcell_mg_IGJ,510,0.4161300533263391,8.914198311870873e-23,1.746874597138961e-22
LUAD,checkpoint_exhaustion_context,Checkpoint,Bcell_receptors_score,510,0.768947629526723,9.212207270644214e-101,5.400259434515574e-100
LUAD,checkpoint_exhaustion_context,Checkpoint,STAT1_score,510,0.9149474662642616,2.4867911282419603e-202,5.4769812702980825e-201
LUAD,checkpoint_exhaustion_context,Checkpoint,CSF1_response,510,0.8983115678222179,1.4043702700064572e-183,2.3726007046071822e-182
LUAD,checkpoint_exhaustion_context,Checkpoint,TcClassII_score,510,0.851269695387004,2.2139653781458043e-144,2.268167920360297e-143
LUAD,checkpoint_exhaustion_context,Checkpoint,IL12_score_21050467,510,0.9030791085311864,1.3333179343827577e-188,2.4177498543474003e-187
LUAD,checkpoint_exhaustion_context,Checkpoint,IL4_score_21050467,510,0.6337963697977539,1.2117436401007006e-58,4.099431220241176e-58
LUAD,checkpoint_exhaustion_context,Checkpoint,IL2_score_21050467,510,0.8449466425790736,3.6621056217035744e-140,3.5702248354959565e-139
LUAD,checkpoint_exhaustion_context,Checkpoint,IL13_score_21050467,510,0.5367887968960097,2.1124921698575508e-39,5.4181788797855146e-39
LUAD,checkpoint_exhaustion_context,Checkpoint,IFNG_score_21050467,510,0.7187281615871048,3.251857218166849e-82,1.5184637997276959e-81
LUAD,checkpoint_exhaustion_context,Checkpoint,TGFB_score_21050467,510,0.388360421100363,8.324010519546154e-20,1.5603934261313261e-19
LUAD,checkpoint_exhaustion_context,Checkpoint,TREM1_data,510,0.0404609098699922,0.3618385480808541,0.3803674785622892
LUAD,checkpoint_exhaustion_context,Checkpoint,DAP12_data,510,0.6822517935055492,4.1619868492069946e-71,1.697242013469719e-70
LUAD,checkpoint_exhaustion_context,Checkpoint,Tcell_receptors_score,510,0.8702503117422181,2.514298372923573e-158,3.0805817902487026e-157
LUAD,checkpoint_exhaustion_context,Checkpoint,IL8_21978456,510,0.2023741918628643,4.089314930815228e-06,5.457770663305899e-06
LUAD,checkpoint_exhaustion_context,Checkpoint,IFN_21978456,510,0.4263191506617166,6.1464071451750625e-24,1.2310918582383041e-23
LUAD,checkpoint_exhaustion_context,Checkpoint,MHC1_21978456,510,0.6414250214545149,1.8616605915531982e-60,6.512819046977105e-60
LUAD,checkpoint_exhaustion_context,Checkpoint,MHC2_21978456,510,0.6776141442277441,8.243308506573713e-70,3.3094906476576384e-69
LUAD,checkpoint_exhaustion_context,Checkpoint,Bcell_21978456,510,0.0274235169560326,0.5366367797113865,0.5533176803695872
LUAD,checkpoint_exhaustion_context,Checkpoint,Tcell_21978456,510,0.9130113008568952,5.860881645023206e-200,1.2310114343214768e-198
LUAD,checkpoint_exhaustion_context,Checkpoint,CD103pos_mean_25446897,510,0.6857281136761899,4.2788405289546336e-72,1.763400945266152e-71
LUAD,checkpoint_exhaustion_context,Checkpoint,CD103neg_mean_25446897,510,0.695975786769123,4.330769154891875e-75,1.850697894942011e-74
LUAD,checkpoint_exhaustion_context,Checkpoint,IgG_19272155,510,0.4092985069776404,5.091785137322811e-22,9.864427046665277e-22
LUAD,checkpoint_exhaustion_context,Checkpoint,Interferon_19272155,510,0.4118975246256927,2.636353022058176e-22,5.133056707228517e-22
LUAD,checkpoint_exhaustion_context,Checkpoint,LCK_19272155,510,0.9252753657748096,5.0509151016730565e-216,1.3535457218276564e-214
LUAD,checkpoint_exhaustion_context,Checkpoint,MHC.I_19272155,510,0.6321188800045481,2.988028083688182e-58,1.0064936702949664e-57
LUAD,checkpoint_exhaustion_context,Checkpoint,MHC.II_19272155,510,0.7907426904345006,2.363533859434492e-110,1.5566130987074625e-109
LUAD,checkpoint_exhaustion_context,Checkpoint,STAT1_19272155,510,0.809388136118675,1.6267984863382097e-119,1.2139621077750154e-118
LUAD,checkpoint_exhaustion_context,Checkpoint,Troester_WoundSig_19887484,510,0.4402904795184654,1.3503001290748883e-25,2.779278358746649e-25
LUAD,checkpoint_exhaustion_context,Checkpoint,MDACC.FNA.1_20805453,510,0.8383155244257332,6.158505718254109e-136,5.697665154303122e-135
LUAD,checkpoint_exhaustion_context,Checkpoint,IGG_Cluster_21214954,510,0.6392626009907086,6.154253990286369e-60,2.1270102736440823e-59
LUAD,checkpoint_exhaustion_context,Checkpoint,Minterferon_Cluster_21214954,510,0.7582064753140145,2.0467886937781424e-96,1.1315579770480788e-95
LUAD,checkpoint_exhaustion_context,Checkpoint,Immune_cell_Cluster_21214954,510,0.9488219281582124,1.9096734140190963e-256,7.752704009152152e-255
LUAD,checkpoint_exhaustion_context,Checkpoint,MCD3_CD8_21214954,510,0.2981085911026594,6.304488163393998e-12,1.0031124775917914e-11
LUAD,checkpoint_exhaustion_context,Checkpoint,Interferon_Cluster_21214954,510,0.4993135530933003,1.6379571103726264e-33,3.814420667991048e-33
LUAD,checkpoint_exhaustion_context,Checkpoint,B_cell_PCA_16704732,510,0.8184199833791813,2.5177359949166835e-124,2.0053417001971822e-123
LUAD,checkpoint_exhaustion_context,Checkpoint,CD8_PCA_16704732,510,0.8446133796354722,6.036911082823429e-140,5.874918835520475e-139
LUAD,checkpoint_exhaustion_context,Checkpoint,GRANS_PCA_16704732,510,0.2375517334252454,5.653761688704165e-08,7.999080256580145e-08
LUAD,checkpoint_exhaustion_context,Checkpoint,LYMPHS_PCA_16704732,510,0.1645450231588358,0.000189738206885,0.000237828535819
LUAD,checkpoint_exhaustion_context,Checkpoint,T_cell_PCA_16704732,510,0.9031649173552206,1.07686081280098e-188,1.9592384018853948e-187
LUAD,checkpoint_exhaustion_context,Checkpoint,TGFB_PCA_17349583,510,0.463703408458287,1.4909450749931404e-28,3.213447388257798e-28
LUAD,checkpoint_exhaustion_context,Checkpoint,Rotterdam_ERneg_PCA_15721472,510,0.1797629458707618,4.446483522775086e-05,5.717057519238116e-05
LUAD,checkpoint_exhaustion_context,Checkpoint,HER2_Immune_PCA_18006808,510,0.9383689791921824,1.5638735530586319e-236,5.219308054379728e-235
LUAD,checkpoint_exhaustion_context,Checkpoint,IR7_score,510,0.701126978427103,1.2102549377100539e-76,5.2670294889141544e-76
LUAD,checkpoint_exhaustion_context,Checkpoint,Buck14_score,510,0.2183400895107458,6.394326414938794e-07,8.781907522662721e-07
LUAD,checkpoint_exhaustion_context,Checkpoint,TAMsurr_score,510,0.7585059759492052,1.5594422900693572e-96,8.647671822606834e-96
LUAD,checkpoint_exhaustion_context,Checkpoint,Immune_NSCLC_score,510,0.5560447460572697,9.990055678021492e-43,2.6877301131769e-42
LUAD,checkpoint_exhaustion_context,Checkpoint,Module3_IFN_score,510,0.5193471154780409,1.4360009445568691e-36,3.5331728350924324e-36
LUAD,checkpoint_exhaustion_context,Checkpoint,Module4_TcellBcell_score,510,0.8917717181186179,4.421126484814776e-177,6.871693736397823e-176
LUAD,checkpoint_exhaustion_context,Checkpoint,Module5_TcellBcell_score,510,0.9396100877625416,1.0475081077138973e-238,3.6066101936478475e-237
LUAD,checkpoint_exhaustion_context,Checkpoint,Module11_Prolif_score,510,0.0673580701463757,0.1287240993275386,0.1399040128225823
LUAD,checkpoint_exhaustion_context,Checkpoint,GP11_Immune_IFN,510,0.538197219219224,1.2268876118447186e-39,3.152701279374241e-39
LUAD,checkpoint_exhaustion_context,Checkpoint,GP2_ImmuneTcellBcell_score,510,0.8653742761324187,1.528939400769181e-154,1.7925496422811088e-153
LUAD,checkpoint_exhaustion_context,Checkpoint,CD8_CD68_ratio,510,0.1328539502134329,0.0026450100679423,0.003158914329222
LUAD,checkpoint_exhaustion_context,Checkpoint,TAMsurr_TcClassII_ratio,510,-0.2273448326973875,2.10655464253351e-07,2.934611333004428e-07
LUAD,checkpoint_exhaustion_context,Checkpoint,CHANG_CORE_SERUM_RESPONSE_UP,510,0.0066775194242913,0.8804243696698889,0.888261975334606
LUAD,checkpoint_exhaustion_context,Checkpoint,CSR_Activated_15701700,510,-0.0675259400750635,0.1277719030685876,0.1389047067732048
LUAD,checkpoint_exhaustion_context,Checkpoint,CD103pos_CD103neg_ratio_25446897,510,-0.008569091645709,0.8469229138930904,0.8558908882739015
LUSC,checkpoint_exhaustion_context,Checkpoint,ICS5_score,486,0.8485969243548789,6.290143138621196e-136,5.809571931086469e-135
LUSC,checkpoint_exhaustion_context,Checkpoint,LIexpression_score,486,0.8992281250817669,6.745251195030599e-176,1.0136510083139904e-174
LUSC,checkpoint_exhaustion_context,Checkpoint,Chemokine12_score,486,0.9145835805222928,1.9628753969876865e-192,3.7335811746898646e-191
LUSC,checkpoint_exhaustion_context,Checkpoint,NHI_5gene_score,486,0.7527714675261205,6.213403973732617e-90,3.144271406242367e-89
LUSC,checkpoint_exhaustion_context,Checkpoint,CD68,486,0.6626204116565086,9.409719138599488e-63,3.4057799144365404e-62
LUSC,checkpoint_exhaustion_context,Checkpoint,CD8A,486,0.8727444787537552,7.75667162405386e-153,8.827676492647069e-152
LUSC,checkpoint_exhaustion_context,Checkpoint,PD1_data,486,0.8569185480074721,2.1138271718499035e-141,2.1060842151764607e-140
LUSC,checkpoint_exhaustion_context,Checkpoint,PDL1_data,486,0.5188467313992844,7.600280585202495e-35,1.812605277663374e-34
LUSC,checkpoint_exhaustion_context,Checkpoint,PD1_PDL1_score,486,0.8310520166751306,2.13333698129522e-125,1.7321422654098499e-124
LUSC,checkpoint_exhaustion_context,Checkpoint,CTLA4_data,486,0.8969398868149231,1.1566587932986039e-173,1.691458020307636e-172
LUSC,checkpoint_exhaustion_context,Checkpoint,Bcell_mg_IGJ,486,0.5626936044464697,6.233785292015397e-42,1.6574678391282386e-41
LUSC,checkpoint_exhaustion_context,Checkpoint,Bcell_receptors_score,486,0.8277635250330116,1.4719728122374482e-123,1.1621962407215848e-122
LUSC,checkpoint_exhaustion_context,Checkpoint,STAT1_score,486,0.9455766667778268,3.919171153111261e-238,1.340898809617941e-236
LUSC,checkpoint_exhaustion_context,Checkpoint,CSF1_response,486,0.9218377693484844,2.2865921584823047e-201,4.91662503642045e-200
LUSC,checkpoint_exhaustion_context,Checkpoint,TcClassII_score,486,0.9274710910509698,6.34760361310014e-209,1.5347094957895447e-207
LUSC,checkpoint_exhaustion_context,Checkpoint,IL12_score_21050467,486,0.926832834059675,4.8857455939024254e-208,1.1606312677217987e-206
LUSC,checkpoint_exhaustion_context,Checkpoint,IL4_score_21050467,486,0.5435198925892871,1.052012406563334e-38,2.669285210683087e-38
LUSC,checkpoint_exhaustion_context,Checkpoint,IL2_score_21050467,486,0.8551182234173252,3.452986056555492e-140,3.378461177637029e-139
LUSC,checkpoint_exhaustion_context,Checkpoint,IL13_score_21050467,486,0.5498384011510794,9.582883579159612e-40,2.464817336672733e-39
LUSC,checkpoint_exhaustion_context,Checkpoint,IFNG_score_21050467,486,0.7511389029013809,2.443803898605093e-89,1.2275432325403235e-88
LUSC,checkpoint_exhaustion_context,Checkpoint,TGFB_score_21050467,486,0.2631670294354302,3.842410295796724e-09,5.6432807800038275e-09
LUSC,checkpoint_exhaustion_context,Checkpoint,TREM1_data,486,0.3487536286487661,2.402181747691739e-15,4.156446789899192e-15
LUSC,checkpoint_exhaustion_context,Checkpoint,DAP12_data,486,0.8195278839959643,4.041563064405766e-119,2.991306540186037e-118
LUSC,checkpoint_exhaustion_context,Checkpoint,Tcell_receptors_score,486,0.9266323058856168,9.241362037944933e-208,2.185783021148715e-206
LUSC,checkpoint_exhaustion_context,Checkpoint,IL8_21978456,486,0.0877789362917941,0.0531286693910281,0.059359203427232
LUSC,checkpoint_exhaustion_context,Checkpoint,IFN_21978456,486,0.5196917005836107,5.673561200053441e-35,1.355475315252117e-34
LUSC,checkpoint_exhaustion_context,Checkpoint,MHC1_21978456,486,0.6975495211726628,4.468363651306597e-72,1.840113418857524e-71
LUSC,checkpoint_exhaustion_context,Checkpoint,MHC2_21978456,486,0.873017292575909,4.77851788484248e-153,5.461163296962833e-152
LUSC,checkpoint_exhaustion_context,Checkpoint,Bcell_21978456,486,-0.0604058384228218,0.1836974254576907,0.1973758630238667
LUSC,checkpoint_exhaustion_context,Checkpoint,Tcell_21978456,486,0.9325625674499038,2.678257112895565e-216,7.284859347075935e-215
LUSC,checkpoint_exhaustion_context,Checkpoint,CD103pos_mean_25446897,486,0.8031414622096553,6.2885699573367766e-111,4.171929337550251e-110
LUSC,checkpoint_exhaustion_context,Checkpoint,CD103neg_mean_25446897,486,0.7523854338269726,8.59764786917354e-90,4.34273021432721e-89
LUSC,checkpoint_exhaustion_context,Checkpoint,IgG_19272155,486,0.533208431275697,4.714457636268921e-37,1.1678802159063263e-36
LUSC,checkpoint_exhaustion_context,Checkpoint,Interferon_19272155,486,0.5118346588886206,8.335298561249159e-34,1.9494421398622278e-33
LUSC,checkpoint_exhaustion_context,Checkpoint,LCK_19272155,486,0.94796467848048,1.0120352257279835e-242,3.6220208078685727e-241
LUSC,checkpoint_exhaustion_context,Checkpoint,MHC.I_19272155,486,0.7018426866734379,2.5729911648905145e-73,1.0800209827935492e-72
LUSC,checkpoint_exhaustion_context,Checkpoint,MHC.II_19272155,486,0.909228272058544,2.466494904766857e-186,4.3564065850427596e-185
LUSC,checkpoint_exhaustion_context,Checkpoint,STAT1_19272155,486,0.8033969527374181,4.7513264318202426e-111,3.1559482037975725e-110
LUSC,checkpoint_exhaustion_context,Checkpoint,Troester_WoundSig_19887484,486,0.36200830685583,1.7044136111513695e-16,3.016268719799431e-16
LUSC,checkpoint_exhaustion_context,Checkpoint,MDACC.FNA.1_20805453,486,0.8907391543274455,7.287601481179751e-168,9.960942728044688e-167
LUSC,checkpoint_exhaustion_context,Checkpoint,IGG_Cluster_21214954,486,0.7645006080846907,2.3949142506818291e-94,1.2873847355443826e-93
LUSC,checkpoint_exhaustion_context,Checkpoint,Minterferon_Cluster_21214954,486,0.7759195675930352,6.715470395185793e-99,3.849542565838853e-98
LUSC,checkpoint_exhaustion_context,Checkpoint,Immune_cell_Cluster_21214954,486,0.9582372606934918,2.754723011164057e-265,1.1799758410025567e-263
LUSC,checkpoint_exhaustion_context,Checkpoint,MCD3_CD8_21214954,486,0.5077898344394617,3.2358638047288614e-33,7.493869347690509e-33
LUSC,checkpoint_exhaustion_context,Checkpoint,Interferon_Cluster_21214954,486,0.5765957743741039,2.0879862193095897e-44,5.739588192543794e-44
LUSC,checkpoint_exhaustion_context,Checkpoint,B_cell_PCA_16704732,486,0.8683888941201487,1.5281403228991325e-149,1.66929384670106e-148
LUSC,checkpoint_exhaustion_context,Checkpoint,CD8_PCA_16704732,486,0.9070377202512034,6.007021275628405e-184,1.0243948507654712e-182
LUSC,checkpoint_exhaustion_context,Checkpoint,GRANS_PCA_16704732,486,0.2826534782834072,2.2241889627359167e-10,3.3807175069246685e-10
LUSC,checkpoint_exhaustion_context,Checkpoint,LYMPHS_PCA_16704732,486,-0.0645316984559454,0.1554781406376153,0.1680844763649895
LUSC,checkpoint_exhaustion_context,Checkpoint,T_cell_PCA_16704732,486,0.9275377658660204,5.123344025465058e-209,1.2442406918986567e-207
LUSC,checkpoint_exhaustion_context,Checkpoint,TGFB_PCA_17349583,486,0.4845400643499759,5.5912980392742754e-30,1.2359472301362068e-29
LUSC,checkpoint_exhaustion_context,Checkpoint,Rotterdam_ERneg_PCA_15721472,486,0.0868265377587052,0.0557722395593156,0.0622488681170859
LUSC,checkpoint_exhaustion_context,Checkpoint,HER2_Immune_PCA_18006808,486,0.9469699496032636,8.752372778997939e-241,3.052109481906973e-239
LUSC,checkpoint_exhaustion_context,Checkpoint,IR7_score,486,0.8136171590444679,4.5153489134586566e-116,3.185927119223747e-115
LUSC,checkpoint_exhaustion_context,Checkpoint,Buck14_score,486,0.257703507437388,8.20506946615795e-09,1.1918712388758144e-08
LUSC,checkpoint_exhaustion_context,Checkpoint,TAMsurr_score,486,0.7659064800718646,6.806222405270096e-95,3.676847059053557e-94
LUSC,checkpoint_exhaustion_context,Checkpoint,Immune_NSCLC_score,486,0.6349388776417976,3.2740676773806294e-56,1.0742417469813403e-55
LUSC,checkpoint_exhaustion_context,Checkpoint,Module3_IFN_score,486,0.5762692498293317,2.3945377866181014e-44,6.568979101967965e-44
LUSC,checkpoint_exhaustion_context,Checkpoint,Module4_TcellBcell_score,486,0.9327698663685152,1.3045548344983839e-216,3.584231464480408e-215
LUSC,checkpoint_exhaustion_context,Checkpoint,Module5_TcellBcell_score,486,0.9564678497690255,5.09313946523307e-261,2.1478045496796826e-259
LUSC,checkpoint_exhaustion_context,Checkpoint,Module11_Prolif_score,486,-0.2105402110973553,2.8398577421020102e-06,3.809821483855718e-06
LUSC,checkpoint_exhaustion_context,Checkpoint,GP11_Immune_IFN,486,0.5699537320023382,3.287823054994964e-43,8.88512539452191e-43
LUSC,checkpoint_exhaustion_context,Checkpoint,GP2_ImmuneTcellBcell_score,486,0.8919591145097301,5.619403925970572e-169,7.778513322463083e-168
LUSC,checkpoint_exhaustion_context,Checkpoint,CD8_CD68_ratio,486,0.1391363057294219,0.0021093723969008,0.0025292011988407
LUSC,checkpoint_exhaustion_context,Checkpoint,TAMsurr_TcClassII_ratio,486,-0.4787648599852823,3.2655443522767533e-29,7.120064639833884e-29
LUSC,checkpoint_exhaustion_context,Checkpoint,CHANG_CORE_SERUM_RESPONSE_UP,486,-0.1924837963481889,1.9331627260195023e-05,2.5201066929178272e-05
LUSC,checkpoint_exhaustion_context,Checkpoint,CSR_Activated_15701700,486,-0.357654025854795,4.120990376043723e-16,7.252729746256182e-16
LUSC,checkpoint_exhaustion_context,Checkpoint,CD103pos_CD103neg_ratio_25446897,486,0.114655533993716,0.0114236326192721,0.0131773879238423
OV,checkpoint_exhaustion_context,Checkpoint,ICS5_score,269,0.8565366650442944,1.126632086545463e-78,5.040196176650754e-78
OV,checkpoint_exhaustion_context,Checkpoint,LIexpression_score,269,0.8816302625657338,4.682619326233685e-89,2.3456214672846453e-88
OV,checkpoint_exhaustion_context,Checkpoint,Chemokine12_score,269,0.8841188857630918,3.2656240342610927e-90,1.6602798828392844e-89
OV,checkpoint_exhaustion_context,Checkpoint,NHI_5gene_score,269,0.6661201420230687,7.241214576877995e-36,1.7593661142570918e-35
OV,checkpoint_exhaustion_context,Checkpoint,CD68,269,0.8184954192710906,3.217682457486696e-66,1.2283643907879037e-65
OV,checkpoint_exhaustion_context,Checkpoint,CD8A,269,0.8044713901531327,2.405432687494424e-62,8.683181035149081e-62
OV,checkpoint_exhaustion_context,Checkpoint,PD1_data,269,0.7479974600313577,1.9048845621243224e-49,5.641029949894564e-49
OV,checkpoint_exhaustion_context,Checkpoint,PDL1_data,269,0.7351074277462272,5.629247719676605e-47,1.6033040625675776e-46
OV,checkpoint_exhaustion_context,Checkpoint,PD1_PDL1_score,269,0.8496309343192316,3.6723642609880256e-76,1.5830159730407975e-75
OV,checkpoint_exhaustion_context,Checkpoint,CTLA4_data,269,0.8962088927633663,3.094981642670848e-96,1.7058460117658974e-95
OV,checkpoint_exhaustion_context,Checkpoint,Bcell_mg_IGJ,269,0.6039720850518164,3.932430327032173e-28,8.435497231488573e-28
OV,checkpoint_exhaustion_context,Checkpoint,Bcell_receptors_score,269,0.8330773845010644,1.280256219867136e-70,5.18198946136698e-70
OV,checkpoint_exhaustion_context,Checkpoint,STAT1_score,269,0.9286756825154974,5.122515558135478e-117,3.6909251173850336e-116
OV,checkpoint_exhaustion_context,Checkpoint,CSF1_response,269,0.8840716880615012,3.436736055457197e-90,1.7423899479671158e-89
OV,checkpoint_exhaustion_context,Checkpoint,TcClassII_score,269,0.8219325956852446,3.211838025937533e-67,1.240056697026273e-66
OV,checkpoint_exhaustion_context,Checkpoint,IL12_score_21050467,269,0.9252066803528824,2.291819953029057e-114,1.5801648345346102e-113
OV,checkpoint_exhaustion_context,Checkpoint,IL4_score_21050467,269,0.6234020798739192,2.3045788501482483e-30,5.1296681443561655e-30
OV,checkpoint_exhaustion_context,Checkpoint,IL2_score_21050467,269,0.8226027271638694,2.0376052913740522e-67,7.894994861164421e-67
OV,checkpoint_exhaustion_context,Checkpoint,IL13_score_21050467,269,0.4572551387680145,2.646928017166563e-15,4.578470083747569e-15
OV,checkpoint_exhaustion_context,Checkpoint,IFNG_score_21050467,269,0.7770324848955338,1.3224209857010528e-55,4.3000419379639735e-55
OV,checkpoint_exhaustion_context,Checkpoint,TGFB_score_21050467,269,0.281918604893132,2.6283350151082567e-06,3.5304055511577574e-06
OV,checkpoint_exhaustion_context,Checkpoint,TREM1_data,269,0.37684654241701,1.6691821698132115e-10,2.547797700276058e-10
OV,checkpoint_exhaustion_context,Checkpoint,DAP12_data,269,0.763785051774057,1.099489908888684e-52,3.4042260127230736e-52
OV,checkpoint_exhaustion_context,Checkpoint,Tcell_receptors_score,269,0.8930477722909616,1.3642917679844454e-94,7.348264572114242e-94
OV,checkpoint_exhaustion_context,Checkpoint,IL8_21978456,269,0.246759463759117,4.281117778803695e-05,5.509647673691057e-05
OV,checkpoint_exhaustion_context,Checkpoint,IFN_21978456,269,0.4554544501778591,3.5055071986959042e-15,6.048195103363692e-15
OV,checkpoint_exhaustion_context,Checkpoint,MHC1_21978456,269,0.6603103843099304,4.5837211449227615e-35,1.0979939686648975e-34
OV,checkpoint_exhaustion_context,Checkpoint,MHC2_21978456,269,0.69550441580959,3.263933297466689e-40,8.471277260600568e-40
OV,checkpoint_exhaustion_context,Checkpoint,Bcell_21978456,269,0.0575679056414807,0.3469266756340964,0.365327354906985
OV,checkpoint_exhaustion_context,Checkpoint,Tcell_21978456,269,0.9274476440597508,4.6012933832034365e-116,3.2423621767651165e-115
OV,checkpoint_exhaustion_context,Checkpoint,CD103pos_mean_25446897,269,0.7224224979262946,1.1078156039408244e-44,3.059145627125932e-44
OV,checkpoint_exhaustion_context,Checkpoint,CD103neg_mean_25446897,269,0.7558886965077997,4.919801260021662e-51,1.485223021893332e-50
OV,checkpoint_exhaustion_context,Checkpoint,IgG_19272155,269,0.6022908701339997,6.034670366604945e-28,1.2889127127731015e-27
OV,checkpoint_exhaustion_context,Checkpoint,Interferon_19272155,269,0.4370013122125987,5.6816043418384224e-14,9.521850776217197e-14
OV,checkpoint_exhaustion_context,Checkpoint,LCK_19272155,269,0.9289273781229308,3.2506595988040634e-117,2.348418089972657e-116
OV,checkpoint_exhaustion_context,Checkpoint,MHC.I_19272155,269,0.6604919424704225,4.3295603351171977e-35,1.0375686441866766e-34
OV,checkpoint_exhaustion_context,Checkpoint,MHC.II_19272155,269,0.7926786132347362,2.5281000873808404e-59,8.67141517991915e-59
OV,checkpoint_exhaustion_context,Checkpoint,STAT1_19272155,269,0.8160677406030565,1.5911231050102537e-65,6.015086651324379e-65
OV,checkpoint_exhaustion_context,Checkpoint,Troester_WoundSig_19887484,269,0.2380882070985102,8.026410725119785e-05,0.000102137249929
OV,checkpoint_exhaustion_context,Checkpoint,MDACC.FNA.1_20805453,269,0.8495733382571251,3.849219907932614e-76,1.65793794925997e-75
OV,checkpoint_exhaustion_context,Checkpoint,IGG_Cluster_21214954,269,0.772880878408761,1.1420188351770755e-54,3.6437433802717247e-54
OV,checkpoint_exhaustion_context,Checkpoint,Minterferon_Cluster_21214954,269,0.7037942430633723,1.552826516709431e-41,4.106648639231554e-41
OV,checkpoint_exhaustion_context,Checkpoint,Immune_cell_Cluster_21214954,269,0.939773234130888,1.704899668307842e-126,1.3988920355346395e-125
OV,checkpoint_exhaustion_context,Checkpoint,MCD3_CD8_21214954,269,0.2320020455347277,0.0001230746941753,0.0001554507397989
OV,checkpoint_exhaustion_context,Checkpoint,Interferon_Cluster_21214954,269,0.4833717050965062,3.715474598697893e-17,6.646557651074166e-17
OV,checkpoint_exhaustion_context,Checkpoint,B_cell_PCA_16704732,269,0.9007892539762964,1.0269597285744873e-98,5.868341306139927e-98
OV,checkpoint_exhaustion_context,Checkpoint,CD8_PCA_16704732,269,0.8777033170121181,2.7765824381621573e-87,1.364463275844818e-86
OV,checkpoint_exhaustion_context,Checkpoint,GRANS_PCA_16704732,269,0.5606326120015207,1.1463037395349365e-23,2.280033763462543e-23
OV,checkpoint_exhaustion_context,Checkpoint,LYMPHS_PCA_16704732,269,0.4416418526943966,2.864889469553999e-14,4.838559054446991e-14
OV,checkpoint_exhaustion_context,Checkpoint,T_cell_PCA_16704732,269,0.9067485867204234,3.968393061185712e-102,2.364518976215802e-101
OV,checkpoint_exhaustion_context,Checkpoint,TGFB_PCA_17349583,269,0.4588222021313116,2.0700306289128322e-15,3.589724775672874e-15
OV,checkpoint_exhaustion_context,Checkpoint,Rotterdam_ERneg_PCA_15721472,269,0.3132743294636253,1.5474775376559497e-07,2.1629696312560037e-07
OV,checkpoint_exhaustion_context,Checkpoint,HER2_Immune_PCA_18006808,269,0.9410216393317752,1.13240062258285e-127,9.4482505933293e-127
OV,checkpoint_exhaustion_context,Checkpoint,IR7_score,269,0.853508566295889,1.4780243826906791e-77,6.499961715309051e-77
OV,checkpoint_exhaustion_context,Checkpoint,Buck14_score,269,-0.024339901693459,0.6910696115309125,0.7059428007725715
OV,checkpoint_exhaustion_context,Checkpoint,TAMsurr_score,269,0.7598784269482821,7.342747607479215e-52,2.245337098633329e-51
OV,checkpoint_exhaustion_context,Checkpoint,Immune_NSCLC_score,269,0.7636957434759579,1.1487405541761966e-52,3.554692044777309e-52
OV,checkpoint_exhaustion_context,Checkpoint,Module3_IFN_score,269,0.4975221468624115,3.148667128363349e-18,5.751762652215117e-18
OV,checkpoint_exhaustion_context,Checkpoint,Module4_TcellBcell_score,269,0.931697747846237,1.944075229231685e-119,1.4467536589631145e-118
OV,checkpoint_exhaustion_context,Checkpoint,Module5_TcellBcell_score,269,0.9527534188958388,3.4594641948402403e-140,3.378722660669822e-139
OV,checkpoint_exhaustion_context,Checkpoint,Module11_Prolif_score,269,0.0740236355434169,0.2262462777425546,0.2413293629253916
OV,checkpoint_exhaustion_context,Checkpoint,GP11_Immune_IFN,269,0.5179821764207465,7.205927851937053e-20,1.352198948414542e-19
OV,checkpoint_exhaustion_context,Checkpoint,GP2_ImmuneTcellBcell_score,269,0.8596523540124343,7.488801513178982e-80,3.397754814986961e-79
OV,checkpoint_exhaustion_context,Checkpoint,CD8_CD68_ratio,269,-0.019887551092123,0.7454132438438182,0.7585200236644914
OV,checkpoint_exhaustion_context,Checkpoint,TAMsurr_TcClassII_ratio,269,-0.2989663201750925,5.874664859916346e-07,8.080449263702888e-07
OV,checkpoint_exhaustion_context,Checkpoint,CHANG_CORE_SERUM_RESPONSE_UP,269,-0.0051243614779089,0.9333307831783134,0.93781297755634
OV,checkpoint_exhaustion_context,Checkpoint,CSR_Activated_15701700,269,-0.1330419151729067,0.0291394181607931,0.0329560155498367
OV,checkpoint_exhaustion_context,Checkpoint,CD103pos_CD103neg_ratio_25446897,269,-0.2248161646563006,0.0002009719435721,0.0002517934990862
PAAD,checkpoint_exhaustion_context,Checkpoint,ICS5_score,156,0.7177327965945912,5.512690423194236e-26,1.1415696955529746e-25
PAAD,checkpoint_exhaustion_context,Checkpoint,LIexpression_score,156,0.7782424463704721,6.259055750460178e-33,1.4419834582823383e-32
PAAD,checkpoint_exhaustion_context,Checkpoint,Chemokine12_score,156,0.8529152376286133,2.5300034200436412e-45,7.029222985208073e-45
PAAD,checkpoint_exhaustion_context,Checkpoint,NHI_5gene_score,156,0.6920611940589236,1.45931600935919e-23,2.896271102121122e-23
PAAD,checkpoint_exhaustion_context,Checkpoint,CD68,156,0.4469999541702229,4.9267704330880795e-09,7.208615157611391e-09
PAAD,checkpoint_exhaustion_context,Checkpoint,CD8A,156,0.7656258766894412,2.6046945866541394e-31,5.862448717996905e-31
PAAD,checkpoint_exhaustion_context,Checkpoint,PD1_data,156,0.7252598754323221,9.534682679339606e-27,2.002651497127701e-26
PAAD,checkpoint_exhaustion_context,Checkpoint,PDL1_data,156,0.6487952945106155,5.2674581419673693e-20,9.908358330671676e-20
PAAD,checkpoint_exhaustion_context,Checkpoint,PD1_PDL1_score,156,0.8648019863802845,6.209520586184855e-48,1.7977536981823108e-47
PAAD,checkpoint_exhaustion_context,Checkpoint,CTLA4_data,156,0.8384556237216518,1.923937133583431e-42,5.140578588749442e-42
PAAD,checkpoint_exhaustion_context,Checkpoint,Bcell_mg_IGJ,156,0.6006753494299022,1.141552726024234e-16,2.0241352117248478e-16
PAAD,checkpoint_exhaustion_context,Checkpoint,Bcell_receptors_score,156,0.7867522245578543,4.395417170760529e-34,1.033768673105805e-33
PAAD,checkpoint_exhaustion_context,Checkpoint,STAT1_score,156,0.8854070354629058,4.177580162624451e-53,1.3008606802906133e-52
PAAD,checkpoint_exhaustion_context,Checkpoint,CSF1_response,156,0.9177655780420262,1.19841923088063e-63,4.407978780250593e-63
PAAD,checkpoint_exhaustion_context,Checkpoint,TcClassII_score,156,0.8585892430971535,1.5380622015738531e-46,4.3442670698659195e-46
PAAD,checkpoint_exhaustion_context,Checkpoint,IL12_score_21050467,156,0.871322463152793,1.7929684361759513e-49,5.312499070150967e-49
PAAD,checkpoint_exhaustion_context,Checkpoint,IL4_score_21050467,156,0.5172764773751006,4.711957394310972e-12,7.525850917513707e-12
PAAD,checkpoint_exhaustion_context,Checkpoint,IL2_score_21050467,156,0.8107269156822138,1.2237144907217711e-37,3.0522727324742936e-37
PAAD,checkpoint_exhaustion_context,Checkpoint,IL13_score_21050467,156,0.627179319403542,1.958465600393209e-18,3.5884314133172976e-18
PAAD,checkpoint_exhaustion_context,Checkpoint,IFNG_score_21050467,156,0.5555156039226686,5.2002763850267246e-14,8.720562125322252e-14
PAAD,checkpoint_exhaustion_context,Checkpoint,TGFB_score_21050467,156,0.3786666708814627,1.0921593765793791e-06,1.4875681043044125e-06
PAAD,checkpoint_exhaustion_context,Checkpoint,TREM1_data,156,0.3077391150435474,9.305613591405288e-05,0.0001180838300378
PAAD,checkpoint_exhaustion_context,Checkpoint,DAP12_data,156,0.6639592544790118,3.4836658777248905e-21,6.684706305052349e-21
PAAD,checkpoint_exhaustion_context,Checkpoint,Tcell_receptors_score,156,0.8293025240631567,9.22527602326126e-41,2.4139250392756733e-40
PAAD,checkpoint_exhaustion_context,Checkpoint,IL8_21978456,156,0.1454758104028702,0.0699813719152559,0.0775195811889619
PAAD,checkpoint_exhaustion_context,Checkpoint,IFN_21978456,156,0.3247111630920958,3.53946237308353e-05,4.5670482233335866e-05
PAAD,checkpoint_exhaustion_context,Checkpoint,MHC1_21978456,156,0.1099619967773863,0.1717736563213898,0.1851493343349238
PAAD,checkpoint_exhaustion_context,Checkpoint,MHC2_21978456,156,0.7557743674037077,4.0835018240991736e-30,9.059645156239601e-30
PAAD,checkpoint_exhaustion_context,Checkpoint,Bcell_21978456,156,0.0178075685723072,0.8253687290569814,0.8356608758738097
PAAD,checkpoint_exhaustion_context,Checkpoint,Tcell_21978456,156,0.8900222850911159,2.11719457798664e-54,6.72753417304166e-54
PAAD,checkpoint_exhaustion_context,Checkpoint,CD103pos_mean_25446897,156,0.7692465742599294,9.154211804846312e-32,2.0732269866096563e-31
PAAD,checkpoint_exhaustion_context,Checkpoint,CD103neg_mean_25446897,156,0.8065717311248438,5.485746559655337e-37,1.3552434734116727e-36
PAAD,checkpoint_exhaustion_context,Checkpoint,IgG_19272155,156,0.4825030148146798,1.7897723764777518e-10,2.7303313875600035e-10
PAAD,checkpoint_exhaustion_context,Checkpoint,Interferon_19272155,156,0.3359061306967358,1.8113591582489387e-05,2.365288963243933e-05
PAAD,checkpoint_exhaustion_context,Checkpoint,LCK_19272155,156,0.8977793934029807,1.030432208573729e-56,3.4014267079132796e-56
PAAD,checkpoint_exhaustion_context,Checkpoint,MHC.I_19272155,156,0.1558756427713362,0.0520013546354453,0.0581474551319265
PAAD,checkpoint_exhaustion_context,Checkpoint,MHC.II_19272155,156,0.8563797000205463,4.642642955935839e-46,1.3025259247184616e-45
PAAD,checkpoint_exhaustion_context,Checkpoint,STAT1_19272155,156,0.6854251437668242,5.620883712877843e-23,1.1046823481956455e-22
PAAD,checkpoint_exhaustion_context,Checkpoint,Troester_WoundSig_19887484,156,0.6517145704310253,3.1603676878643734e-20,5.971656902390481e-20
PAAD,checkpoint_exhaustion_context,Checkpoint,MDACC.FNA.1_20805453,156,0.8687494023721338,7.428676715986329e-49,2.18089591661984e-48
PAAD,checkpoint_exhaustion_context,Checkpoint,IGG_Cluster_21214954,156,0.699660191873054,2.9771853936496053e-24,5.98517684458753e-24
PAAD,checkpoint_exhaustion_context,Checkpoint,Minterferon_Cluster_21214954,156,0.5664511122404703,1.2856831452276048e-14,2.185661346886928e-14
PAAD,checkpoint_exhaustion_context,Checkpoint,Immune_cell_Cluster_21214954,156,0.9312007080653062,2.1912006747613287e-69,8.74551113037537e-69
PAAD,checkpoint_exhaustion_context,Checkpoint,MCD3_CD8_21214954,156,0.6438210238497889,1.2419890297743845e-19,2.3225920666801826e-19
PAAD,checkpoint_exhaustion_context,Checkpoint,Interferon_Cluster_21214954,156,0.3348896018713154,1.9270438477822387e-05,2.512732150511836e-05
PAAD,checkpoint_exhaustion_context,Checkpoint,B_cell_PCA_16704732,156,0.7835817357083023,1.1990866256931572e-33,2.7983832019608647e-33
PAAD,checkpoint_exhaustion_context,Checkpoint,CD8_PCA_16704732,156,0.815534471614351,2.058068868610145e-38,5.20013685333915e-38
PAAD,checkpoint_exhaustion_context,Checkpoint,GRANS_PCA_16704732,156,-0.3122315120671397,7.245587809450498e-05,9.24607029871234e-05
PAAD,checkpoint_exhaustion_context,Checkpoint,LYMPHS_PCA_16704732,156,0.056408149073035,0.4842843007994851,0.5018107802569903
PAAD,checkpoint_exhaustion_context,Checkpoint,T_cell_PCA_16704732,156,0.8725387618340154,9.0596320975395e-50,2.6931365360991736e-49
PAAD,checkpoint_exhaustion_context,Checkpoint,TGFB_PCA_17349583,156,0.4792910490518867,2.454356708736927e-10,3.7243237086551975e-10
PAAD,checkpoint_exhaustion_context,Checkpoint,Rotterdam_ERneg_PCA_15721472,156,-0.4471783654269271,4.8498836557589064e-09,7.098027195945236e-09
PAAD,checkpoint_exhaustion_context,Checkpoint,HER2_Immune_PCA_18006808,156,0.914004836338923,3.23662854471883e-62,1.1652719578603859e-61
PAAD,checkpoint_exhaustion_context,Checkpoint,IR7_score,156,0.7312919525414967,2.2393411520102697e-27,4.7511762351543935e-27
PAAD,checkpoint_exhaustion_context,Checkpoint,Buck14_score,156,0.3261544199985371,3.251358114542834e-05,4.205275354995962e-05
PAAD,checkpoint_exhaustion_context,Checkpoint,TAMsurr_score,156,0.6950156430401903,7.912207423039564e-24,1.578379478596818e-23
PAAD,checkpoint_exhaustion_context,Checkpoint,Immune_NSCLC_score,156,0.5580780421970306,3.7653484400786153e-14,6.333795768097608e-14
PAAD,checkpoint_exhaustion_context,Checkpoint,Module3_IFN_score,156,0.3822351472238465,8.479148622455739e-07,1.1589590076924428e-06
PAAD,checkpoint_exhaustion_context,Checkpoint,Module4_TcellBcell_score,156,0.852953169698598,2.4840566272325746e-45,6.905093537120698e-45
PAAD,checkpoint_exhaustion_context,Checkpoint,Module5_TcellBcell_score,156,0.920325141574922,1.1604573765224092e-64,4.341738740221393e-64
PAAD,checkpoint_exhaustion_context,Checkpoint,Module11_Prolif_score,156,-0.1877845897563467,0.0189004441042018,0.0215823711013555
PAAD,checkpoint_exhaustion_context,Checkpoint,GP11_Immune_IFN,156,0.3604942915789724,3.786680084669829e-06,5.0625558271329244e-06
PAAD,checkpoint_exhaustion_context,Checkpoint,GP2_ImmuneTcellBcell_score,156,0.9013415565690136,7.725268516296245e-58,2.5814165066739296e-57
PAAD,checkpoint_exhaustion_context,Checkpoint,CD8_CD68_ratio,156,0.4085694868107031,1.1906524403269915e-07,1.6689382312236106e-07
PAAD,checkpoint_exhaustion_context,Checkpoint,TAMsurr_TcClassII_ratio,156,-0.1456531720377693,0.0696370485317338,0.0771853186659804
PAAD,checkpoint_exhaustion_context,Checkpoint,CHANG_CORE_SERUM_RESPONSE_UP,156,-0.2467251669137845,0.0019030590071568,0.0022888881271132
PAAD,checkpoint_exhaustion_context,Checkpoint,CSR_Activated_15701700,156,-0.3937023181277824,3.682680943397567e-07,5.101913555938928e-07
PAAD,checkpoint_exhaustion_context,Checkpoint,CD103pos_CD103neg_ratio_25446897,156,0.2055366641405583,0.0100516118840767,0.0116317312591741
UCEC,checkpoint_exhaustion_context,Checkpoint,ICS5_score,528,0.8208836704996257,4.522030334129916e-130,3.8801017378023256e-129
UCEC,checkpoint_exhaustion_context,Checkpoint,LIexpression_score,528,0.8683174999713658,2.689701851956144e-162,3.418686466037716e-161
UCEC,checkpoint_exhaustion_context,Checkpoint,Chemokine12_score,528,0.9062973878915784,6.99245260488668e-199,1.4354317800220202e-197
UCEC,checkpoint_exhaustion_context,Checkpoint,NHI_5gene_score,528,0.5944150804592832,9.447955524609613e-52,2.8809909223024826e-51
UCEC,checkpoint_exhaustion_context,Checkpoint,CD68,528,0.6381170459546788,1.0263249548060666e-61,3.675581141635946e-61
UCEC,checkpoint_exhaustion_context,Checkpoint,CD8A,528,0.8422963643413008,2.737508133651548e-143,2.762902457711395e-142
UCEC,checkpoint_exhaustion_context,Checkpoint,PD1_data,528,0.794321602692663,6.097650111684754e-116,4.285686900202204e-115
UCEC,checkpoint_exhaustion_context,Checkpoint,PDL1_data,528,0.6307767372028784,6.264786976664896e-60,2.1638375335274308e-59
UCEC,checkpoint_exhaustion_context,Checkpoint,PD1_PDL1_score,528,0.8612972688194482,8.623824964796193e-157,1.0379116771790111e-155
UCEC,checkpoint_exhaustion_context,Checkpoint,CTLA4_data,528,0.8313882983731804,2.5339184957663165e-136,2.3523065899264095e-135
UCEC,checkpoint_exhaustion_context,Checkpoint,Bcell_mg_IGJ,528,0.5233332721230288,1.844492368852628e-38,4.664824958883448e-38
UCEC,checkpoint_exhaustion_context,Checkpoint,Bcell_receptors_score,528,0.7605711668936775,9.76792981917628e-101,5.713713786700963e-100
UCEC,checkpoint_exhaustion_context,Checkpoint,STAT1_score,528,0.8538576360723877,2.8168247937642323e-151,3.1336455783389416e-150
UCEC,checkpoint_exhaustion_context,Checkpoint,CSF1_response,528,0.8704678207631501,4.780426068674718e-164,6.20656749727696e-163
UCEC,checkpoint_exhaustion_context,Checkpoint,TcClassII_score,528,0.8018919245672633,9.519210087256332e-120,7.142690051679235e-119
UCEC,checkpoint_exhaustion_context,Checkpoint,IL12_score_21050467,528,0.91897199271184,9.90570092549687e-215,2.5660482397477604e-213
UCEC,checkpoint_exhaustion_context,Checkpoint,IL4_score_21050467,528,0.631369336206372,4.513694986026045e-60,1.5649777389408341e-59
UCEC,checkpoint_exhaustion_context,Checkpoint,IL2_score_21050467,528,0.7957926115556156,1.1432283935157712e-116,8.161630525886872e-116
UCEC,checkpoint_exhaustion_context,Checkpoint,IL13_score_21050467,528,0.2884962645972248,1.4026215172907609e-11,2.2059153090667068e-11
UCEC,checkpoint_exhaustion_context,Checkpoint,IFNG_score_21050467,528,0.5411886928319841,1.6663989434427042e-41,4.40486406818674e-41
UCEC,checkpoint_exhaustion_context,Checkpoint,TGFB_score_21050467,528,0.2057450858738862,1.8647324018479264e-06,2.518407216001172e-06
UCEC,checkpoint_exhaustion_context,Checkpoint,TREM1_data,528,0.1753809967568087,5.08155794982962e-05,6.519734728083285e-05
UCEC,checkpoint_exhaustion_context,Checkpoint,DAP12_data,528,0.6954540813281894,1.5885728674304936e-77,6.980481743797968e-77
UCEC,checkpoint_exhaustion_context,Checkpoint,Tcell_receptors_score,528,0.9004775036690109,2.4030715207969447e-192,4.5391350948386726e-191
UCEC,checkpoint_exhaustion_context,Checkpoint,IL8_21978456,528,0.1227739867122532,0.0047259907803634,0.0055696251830972
UCEC,checkpoint_exhaustion_context,Checkpoint,IFN_21978456,528,0.2936715354750948,5.801549157035748e-12,9.236297165430046e-12
UCEC,checkpoint_exhaustion_context,Checkpoint,MHC1_21978456,528,0.4510489139929711,8.009094834250121e-28,1.7079371187111195e-27
UCEC,checkpoint_exhaustion_context,Checkpoint,MHC2_21978456,528,0.6239071105407771,2.6610204152993535e-58,8.968990743016409e-58
UCEC,checkpoint_exhaustion_context,Checkpoint,Bcell_21978456,528,0.0096344543848889,0.825198831888441,0.835644386722472
UCEC,checkpoint_exhaustion_context,Checkpoint,Tcell_21978456,528,0.9200072963245398,3.874417408665378e-216,1.048598542444759e-214
UCEC,checkpoint_exhaustion_context,Checkpoint,CD103pos_mean_25446897,528,0.7018097881173928,1.6426135147512608e-79,7.421775349042243e-79
UCEC,checkpoint_exhaustion_context,Checkpoint,CD103neg_mean_25446897,528,0.7173483770773221,1.3540620974935557e-84,6.501410247453612e-84
UCEC,checkpoint_exhaustion_context,Checkpoint,IgG_19272155,528,0.6547447438897418,6.04273722196794e-66,2.292363353382538e-65
UCEC,checkpoint_exhaustion_context,Checkpoint,Interferon_19272155,528,0.2748821969777575,1.314112925898739e-10,2.014306654519341e-10
UCEC,checkpoint_exhaustion_context,Checkpoint,LCK_19272155,528,0.9175674178789096,7.514135635267441e-213,1.9101354138249943e-211
UCEC,checkpoint_exhaustion_context,Checkpoint,MHC.I_19272155,528,0.4447260662436118,5.234541434977671e-27,1.1041452270755535e-26
UCEC,checkpoint_exhaustion_context,Checkpoint,MHC.II_19272155,528,0.7310331322849523,2.299776515781805e-89,1.1562647177313328e-88
UCEC,checkpoint_exhaustion_context,Checkpoint,STAT1_19272155,528,0.7772591590370884,6.3966063568698026e-108,4.127821895773633e-107
UCEC,checkpoint_exhaustion_context,Checkpoint,Troester_WoundSig_19887484,528,0.2433588623832379,1.4781582316638777e-08,2.1329391990057012e-08
UCEC,checkpoint_exhaustion_context,Checkpoint,MDACC.FNA.1_20805453,528,0.8150447026220076,9.027615629842415e-127,7.440943791870112e-126
UCEC,checkpoint_exhaustion_context,Checkpoint,IGG_Cluster_21214954,528,0.8059483144257097,7.417722406863049e-122,5.756406546838086e-121
UCEC,checkpoint_exhaustion_context,Checkpoint,Minterferon_Cluster_21214954,528,0.5730178715306086,2.0898171352701056e-47,5.983476429404934e-47
UCEC,checkpoint_exhaustion_context,Checkpoint,Immune_cell_Cluster_21214954,528,0.9142883486488592,1.372191573547928e-208,3.302974407124216e-207
UCEC,checkpoint_exhaustion_context,Checkpoint,MCD3_CD8_21214954,528,0.3075505263360908,4.970794575894417e-13,8.135115070055847e-13
UCEC,checkpoint_exhaustion_context,Checkpoint,Interferon_Cluster_21214954,528,0.3014687215942713,1.4827899308566384e-12,2.395538884615129e-12
UCEC,checkpoint_exhaustion_context,Checkpoint,B_cell_PCA_16704732,528,0.8368224777004626,9.944748427190912e-140,9.609135247587664e-139
UCEC,checkpoint_exhaustion_context,Checkpoint,CD8_PCA_16704732,528,0.8786087760836478,5.720304239012602e-171,8.124922992226776e-170
UCEC,checkpoint_exhaustion_context,Checkpoint,GRANS_PCA_16704732,528,0.3324074134650358,4.3576301305318616e-15,7.494627856494887e-15
UCEC,checkpoint_exhaustion_context,Checkpoint,LYMPHS_PCA_16704732,528,0.1772197226650921,4.221582399317251e-05,5.43431335832604e-05
UCEC,checkpoint_exhaustion_context,Checkpoint,T_cell_PCA_16704732,528,0.8879232288148555,1.581719047547337e-179,2.5159507656893307e-178
UCEC,checkpoint_exhaustion_context,Checkpoint,TGFB_PCA_17349583,528,0.3635448760902702,6.087363080024744e-18,1.1067932872772261e-17
UCEC,checkpoint_exhaustion_context,Checkpoint,Rotterdam_ERneg_PCA_15721472,528,0.0588292432272893,0.1770934486548919,0.1905812780776681
UCEC,checkpoint_exhaustion_context,Checkpoint,HER2_Immune_PCA_18006808,528,0.914182416280242,1.8716406130658248e-208,4.485341381091668e-207
UCEC,checkpoint_exhaustion_context,Checkpoint,IR7_score,528,0.7948701947181237,3.2713237848026853e-116,2.3171876809019017e-115
UCEC,checkpoint_exhaustion_context,Checkpoint,Buck14_score,528,0.3464482459564205,2.4619845746018675e-16,4.348440287608493e-16
UCEC,checkpoint_exhaustion_context,Checkpoint,TAMsurr_score,528,0.7106586257637797,2.2999095415264977e-82,1.0767218507662775e-81
UCEC,checkpoint_exhaustion_context,Checkpoint,Immune_NSCLC_score,528,0.6122608756723926,1.2426605769957624e-55,4.045525756347664e-55
UCEC,checkpoint_exhaustion_context,Checkpoint,Module3_IFN_score,528,0.341384412711732,7.058199079883575e-16,1.2370039624538225e-15
UCEC,checkpoint_exhaustion_context,Checkpoint,Module4_TcellBcell_score,528,0.919584178839012,1.4648650298240423e-215,3.868381437981938e-214
UCEC,checkpoint_exhaustion_context,Checkpoint,Module5_TcellBcell_score,528,0.9398452930649124,1.580267912669468e-247,5.928729272359935e-246
UCEC,checkpoint_exhaustion_context,Checkpoint,Module11_Prolif_score,528,-0.0140912002676245,0.7466651135871432,0.7596518081006282
UCEC,checkpoint_exhaustion_context,Checkpoint,GP11_Immune_IFN,528,0.3672901162520391,2.6259088076853054e-18,4.8000483581344296e-18
UCEC,checkpoint_exhaustion_context,Checkpoint,GP2_ImmuneTcellBcell_score,528,0.8166757586734966,1.1106464854550409e-127,9.280978311636596e-127
UCEC,checkpoint_exhaustion_context,Checkpoint,CD8_CD68_ratio,528,0.1169931279024161,0.0071201173780145,0.0083047681253
UCEC,checkpoint_exhaustion_context,Checkpoint,TAMsurr_TcClassII_ratio,528,-0.1703195639194904,8.384202171190079e-05,0.0001065904646208
UCEC,checkpoint_exhaustion_context,Checkpoint,CHANG_CORE_SERUM_RESPONSE_UP,528,0.0321106384743686,0.4615557647685824,0.4799050765177921
UCEC,checkpoint_exhaustion_context,Checkpoint,CSR_Activated_15701700,528,-0.1091419063142317,0.0120920435638501,0.0139306897474258
UCEC,checkpoint_exhaustion_context,Checkpoint,CD103pos_CD103neg_ratio_25446897,528,-0.0355028946637825,0.41557755777617,0.434423888221054
BRCA,cytolytic_t_cell_context,Cytolytic,ICS5_score,1082,0.8783618529647792,0,0
BRCA,cytolytic_t_cell_context,Cytolytic,LIexpression_score,1082,0.944882664818868,0,0
BRCA,cytolytic_t_cell_context,Cytolytic,Chemokine12_score,1082,0.9091952700623664,0,0
BRCA,cytolytic_t_cell_context,Cytolytic,NHI_5gene_score,1082,0.6852608062227261,6.958438702260253e-151,7.709553266862684e-150
BRCA,cytolytic_t_cell_context,Cytolytic,CD68,1082,0.5837330263646298,8.077219612020402e-100,4.694452424080234e-99
BRCA,cytolytic_t_cell_context,Cytolytic,CD8A,1082,0.936379224180176,0,0
BRCA,cytolytic_t_cell_context,Cytolytic,PD1_data,1082,0.8991367298234462,0,0
BRCA,cytolytic_t_cell_context,Cytolytic,PDL1_data,1082,0.5673730902296429,3.348204358874846e-93,1.7752662487601523e-92
BRCA,cytolytic_t_cell_context,Cytolytic,PD1_PDL1_score,1082,0.8662417308180123,0,0
BRCA,cytolytic_t_cell_context,Cytolytic,CTLA4_data,1082,0.8294832215349205,1.8955497600607225e-275,8.593158912275275e-274
BRCA,cytolytic_t_cell_context,Cytolytic,Bcell_mg_IGJ,1082,0.596153069892252,4.230186644587915e-105,2.6359925941074748e-104
BRCA,cytolytic_t_cell_context,Cytolytic,Bcell_receptors_score,1082,0.8798492622970348,0,0
BRCA,cytolytic_t_cell_context,Cytolytic,STAT1_score,1082,0.8961198949785858,0,0
BRCA,cytolytic_t_cell_context,Cytolytic,CSF1_response,1082,0.8215746846729552,7.909576713277063e-266,3.442247785618178e-264
BRCA,cytolytic_t_cell_context,Cytolytic,TcClassII_score,1082,0.937247190878052,0,0
BRCA,cytolytic_t_cell_context,Cytolytic,IL12_score_21050467,1082,0.9336562799117748,0,0
BRCA,cytolytic_t_cell_context,Cytolytic,IL4_score_21050467,1082,0.6981580169183524,6.455580057690793e-159,8.054668695834386e-158
BRCA,cytolytic_t_cell_context,Cytolytic,IL2_score_21050467,1082,0.8650952917688688,0,0
BRCA,cytolytic_t_cell_context,Cytolytic,IL13_score_21050467,1082,0.3673753757912936,6.542735557064201e-36,1.5910809758797163e-35
BRCA,cytolytic_t_cell_context,Cytolytic,IFNG_score_21050467,1082,0.7599220588621155,2.8889466503045724e-204,6.494161065147468e-203
BRCA,cytolytic_t_cell_context,Cytolytic,TGFB_score_21050467,1082,0.1985290797823412,4.4426743473776926e-11,6.899271609972779e-11
BRCA,cytolytic_t_cell_context,Cytolytic,TREM1_data,1082,-0.0003878878636179,0.989831758325744,0.9905601113487946
BRCA,cytolytic_t_cell_context,Cytolytic,DAP12_data,1082,0.6441497224521454,7.383457462664669e-128,6.1793859379839684e-127
BRCA,cytolytic_t_cell_context,Cytolytic,Tcell_receptors_score,1082,0.9621921460566636,0,0
BRCA,cytolytic_t_cell_context,Cytolytic,IL8_21978456,1082,0.3545360540051014,2.140425146479368e-33,4.976031109764e-33
BRCA,cytolytic_t_cell_context,Cytolytic,IFN_21978456,1082,0.4218441555920076,6.345650568003679e-48,1.8361882494648946e-47
BRCA,cytolytic_t_cell_context,Cytolytic,MHC1_21978456,1082,0.6623132400654019,1.3998338976704378e-137,1.315215268277579e-136
BRCA,cytolytic_t_cell_context,Cytolytic,MHC2_21978456,1082,0.8070567656847051,2.369942708856857e-249,9.2089202401295e-248
BRCA,cytolytic_t_cell_context,Cytolytic,Bcell_21978456,1082,0.1645311748447727,5.24117262750568e-08,7.426928651636078e-08
BRCA,cytolytic_t_cell_context,Cytolytic,Tcell_21978456,1082,0.944012180766947,0,0
BRCA,cytolytic_t_cell_context,Cytolytic,CD103pos_mean_25446897,1082,0.7891185466898999,7.826985865007428e-231,2.4755118084674654e-229
BRCA,cytolytic_t_cell_context,Cytolytic,CD103neg_mean_25446897,1082,0.636829675773224,3.9993898468877885e-124,3.166911319806343e-123
BRCA,cytolytic_t_cell_context,Cytolytic,IgG_19272155,1082,0.7296672842433015,1.7647667352797673e-180,2.8829822942708513e-179
BRCA,cytolytic_t_cell_context,Cytolytic,Interferon_19272155,1082,0.3987128707848582,1.5136582805973725e-42,4.058305099285218e-42
BRCA,cytolytic_t_cell_context,Cytolytic,LCK_19272155,1082,0.9415897533564414,0,0
BRCA,cytolytic_t_cell_context,Cytolytic,MHC.I_19272155,1082,0.6447584528151562,3.5739084801492617e-128,3.004955507266149e-127
BRCA,cytolytic_t_cell_context,Cytolytic,MHC.II_19272155,1082,0.838432121338479,5.955337288081741e-287,3.056324042185346e-285
BRCA,cytolytic_t_cell_context,Cytolytic,STAT1_19272155,1082,0.8057798117043401,5.710095904831119e-248,2.187529698752203e-246
BRCA,cytolytic_t_cell_context,Cytolytic,Troester_WoundSig_19887484,1082,0.4422907550583936,4.858955877736218e-53,1.5121693349476557e-52
BRCA,cytolytic_t_cell_context,Cytolytic,MDACC.FNA.1_20805453,1082,0.8587617867123448,0,0
BRCA,cytolytic_t_cell_context,Cytolytic,IGG_Cluster_21214954,1082,0.831979258278601,1.3737248284776562e-278,6.672377738320045e-277
BRCA,cytolytic_t_cell_context,Cytolytic,Minterferon_Cluster_21214954,1082,0.6864642838461069,1.2903614741643463e-151,1.4443552303403385e-150
BRCA,cytolytic_t_cell_context,Cytolytic,Immune_cell_Cluster_21214954,1082,0.9307775190412352,0,0
BRCA,cytolytic_t_cell_context,Cytolytic,MCD3_CD8_21214954,1082,0.3597482017503937,2.1061615055661733e-34,4.970723900338386e-34
BRCA,cytolytic_t_cell_context,Cytolytic,Interferon_Cluster_21214954,1082,0.4791503374158058,3.4249908320749093e-63,1.2479537927988954e-62
BRCA,cytolytic_t_cell_context,Cytolytic,B_cell_PCA_16704732,1082,0.8850364615689488,0,0
BRCA,cytolytic_t_cell_context,Cytolytic,CD8_PCA_16704732,1082,0.9917924785023008,0,0
BRCA,cytolytic_t_cell_context,Cytolytic,GRANS_PCA_16704732,1082,0.5809015265941144,1.2009511882615986e-98,6.855377192175338e-98
BRCA,cytolytic_t_cell_context,Cytolytic,LYMPHS_PCA_16704732,1082,-0.0838379315639329,0.0057904580999255,0.006790276366371
BRCA,cytolytic_t_cell_context,Cytolytic,T_cell_PCA_16704732,1082,0.944929630524433,0,0
BRCA,cytolytic_t_cell_context,Cytolytic,TGFB_PCA_17349583,1082,0.1733504692770925,9.520243208040106e-09,1.3814383316014452e-08
BRCA,cytolytic_t_cell_context,Cytolytic,Rotterdam_ERneg_PCA_15721472,1082,0.3572824105725324,6.342120245896525e-34,1.4864771278620033e-33
BRCA,cytolytic_t_cell_context,Cytolytic,HER2_Immune_PCA_18006808,1082,0.9423807431412607,0,0
BRCA,cytolytic_t_cell_context,Cytolytic,IR7_score,1082,0.9110756648235228,0,0
BRCA,cytolytic_t_cell_context,Cytolytic,Buck14_score,1082,0.4512128676784976,2.1984253532801435e-55,7.110246089086789e-55
BRCA,cytolytic_t_cell_context,Cytolytic,TAMsurr_score,1082,0.7665997029732436,5.3658543510342144e-210,1.3208256864084218e-208
BRCA,cytolytic_t_cell_context,Cytolytic,Immune_NSCLC_score,1082,0.6161441402281898,4.21556573770415e-114,2.8992007096220704e-113
BRCA,cytolytic_t_cell_context,Cytolytic,Module3_IFN_score,1082,0.4630002383024483,1.3679561517550798e-58,4.6250350935659634e-58
BRCA,cytolytic_t_cell_context,Cytolytic,Module4_TcellBcell_score,1082,0.9489023559140763,0,0
BRCA,cytolytic_t_cell_context,Cytolytic,Module5_TcellBcell_score,1082,0.945358532758189,0,0
BRCA,cytolytic_t_cell_context,Cytolytic,Module11_Prolif_score,1082,0.090499493669165,0.0028867746676906,0.0034416073180445
BRCA,cytolytic_t_cell_context,Cytolytic,GP11_Immune_IFN,1082,0.5252029972790992,9.440329169076603e-78,4.1684570356961635e-77
BRCA,cytolytic_t_cell_context,Cytolytic,GP2_ImmuneTcellBcell_score,1082,0.86071870352906,0,0
BRCA,cytolytic_t_cell_context,Cytolytic,CD8_CD68_ratio,1082,0.4021112411896247,2.607767104054289e-43,7.054327720564561e-43
BRCA,cytolytic_t_cell_context,Cytolytic,TAMsurr_TcClassII_ratio,1082,-0.1775114817677044,4.1269903546303e-09,6.056333296247325e-09
BRCA,cytolytic_t_cell_context,Cytolytic,CHANG_CORE_SERUM_RESPONSE_UP,1082,0.1480554363885462,1.0009422478882606e-06,1.3653775898977277e-06
BRCA,cytolytic_t_cell_context,Cytolytic,CSR_Activated_15701700,1082,0.0019325568165485,0.9493718172716692,0.9526992595384396
BRCA,cytolytic_t_cell_context,Cytolytic,CD103pos_CD103neg_ratio_25446897,1082,0.3537453792532928,3.031271170683877e-33,7.026039696855685e-33
COAD,cytolytic_t_cell_context,Cytolytic,ICS5_score,439,0.7954383316912146,4.281784858075723e-97,2.386568609419256e-96
COAD,cytolytic_t_cell_context,Cytolytic,LIexpression_score,439,0.7999435346240549,5.6720936520333e-99,3.265205234609646e-98
COAD,cytolytic_t_cell_context,Cytolytic,Chemokine12_score,439,0.8211892199946823,1.5927116801179865e-108,1.0326998259644633e-107
COAD,cytolytic_t_cell_context,Cytolytic,NHI_5gene_score,439,0.7781967335307375,2.5368921328339103e-90,1.290990945052991e-89
COAD,cytolytic_t_cell_context,Cytolytic,CD68,439,0.5283356400835002,6.260964942027357e-33,1.4419834582823383e-32
COAD,cytolytic_t_cell_context,Cytolytic,CD8A,439,0.9112112017095048,2.0129771966147368e-170,2.8223185437072595e-169
COAD,cytolytic_t_cell_context,Cytolytic,PD1_data,439,0.8408869513917737,1.3722923235576805e-118,1.0115542330831683e-117
COAD,cytolytic_t_cell_context,Cytolytic,PDL1_data,439,0.7114879319824798,5.838998810406709e-69,2.313485326191733e-68
COAD,cytolytic_t_cell_context,Cytolytic,PD1_PDL1_score,439,0.8553700844897278,6.5676780128731546e-127,5.421573352053106e-126
COAD,cytolytic_t_cell_context,Cytolytic,CTLA4_data,439,0.7124603493854237,3.157015440084957e-69,1.2545043092813856e-68
COAD,cytolytic_t_cell_context,Cytolytic,Bcell_mg_IGJ,439,0.5334445525992796,1.1905482403723006e-33,2.779649110568805e-33
COAD,cytolytic_t_cell_context,Cytolytic,Bcell_receptors_score,439,0.6886620164173071,5.390860514927601e-63,1.959003420254252e-62
COAD,cytolytic_t_cell_context,Cytolytic,STAT1_score,439,0.8563645864792636,1.633062838359599e-127,1.3604688883118252e-126
COAD,cytolytic_t_cell_context,Cytolytic,CSF1_response,439,0.7534943355206116,1.290932699427454e-81,5.997159594265882e-81
COAD,cytolytic_t_cell_context,Cytolytic,TcClassII_score,439,0.8986395229137427,1.7767203697925383e-158,2.1867327628215856e-157
COAD,cytolytic_t_cell_context,Cytolytic,IL12_score_21050467,439,0.8517343528966922,9.751533344155096e-125,7.847387779911793e-124
COAD,cytolytic_t_cell_context,Cytolytic,IL4_score_21050467,439,0.440982458141073,2.5846758841149073e-22,5.036044702573459e-22
COAD,cytolytic_t_cell_context,Cytolytic,IL2_score_21050467,439,0.6787058332648724,1.458274454484169e-60,5.111477469325953e-60
COAD,cytolytic_t_cell_context,Cytolytic,IL13_score_21050467,439,0.3425640403012635,1.5643762715332456e-13,2.5914150173997735e-13
COAD,cytolytic_t_cell_context,Cytolytic,IFNG_score_21050467,439,0.7734081685162072,1.5064355672774206e-88,7.511466073317294e-88
COAD,cytolytic_t_cell_context,Cytolytic,TGFB_score_21050467,439,0.3509940357112857,3.5767375999717835e-14,6.027711444809946e-14
COAD,cytolytic_t_cell_context,Cytolytic,TREM1_data,439,0.4402631463332173,3.074278275604183e-22,5.981428404608997e-22
COAD,cytolytic_t_cell_context,Cytolytic,DAP12_data,439,0.6755033212812341,8.430241054325206e-60,2.908085690268175e-59
COAD,cytolytic_t_cell_context,Cytolytic,Tcell_receptors_score,439,0.8546895398515097,1.6920308386434095e-126,1.3904301755619555e-125
COAD,cytolytic_t_cell_context,Cytolytic,IL8_21978456,439,0.23891181667149,4.083611021192079e-07,5.646884584464897e-07
COAD,cytolytic_t_cell_context,Cytolytic,IFN_21978456,439,0.5617050271729863,7.197528463016709e-38,1.8018663064340035e-37
COAD,cytolytic_t_cell_context,Cytolytic,MHC1_21978456,439,0.3999497612738727,2.716190787580949e-18,4.963412121075029e-18
COAD,cytolytic_t_cell_context,Cytolytic,MHC2_21978456,439,0.8015825055775871,1.1444810170268703e-99,6.63750184714944e-99
COAD,cytolytic_t_cell_context,Cytolytic,Bcell_21978456,439,-0.0640858541221517,0.1801486463656655,0.1937541787720878
COAD,cytolytic_t_cell_context,Cytolytic,Tcell_21978456,439,0.8128408856354015,1.2607528254154428e-104,7.776071848367356e-104
COAD,cytolytic_t_cell_context,Cytolytic,CD103pos_mean_25446897,439,0.6328714571648016,1.6651157193231638e-50,5.00178327615572e-50
COAD,cytolytic_t_cell_context,Cytolytic,CD103neg_mean_25446897,439,0.6511991356443791,2.5631809778983063e-54,8.135183500447366e-54
COAD,cytolytic_t_cell_context,Cytolytic,IgG_19272155,439,0.4958162471271404,1.2873777494515974e-28,2.776897286683858e-28
COAD,cytolytic_t_cell_context,Cytolytic,Interferon_19272155,439,0.5705673869015433,2.8121742620507614e-39,7.195779861503361e-39
COAD,cytolytic_t_cell_context,Cytolytic,LCK_19272155,439,0.8297689830697386,9.496967673606275e-113,6.417826601791074e-112
COAD,cytolytic_t_cell_context,Cytolytic,MHC.I_19272155,439,0.396782551304034,5.271628494346613e-18,9.59439913323706e-18
COAD,cytolytic_t_cell_context,Cytolytic,MHC.II_19272155,439,0.8119492552060343,3.20199059564228e-104,1.9527835022751128e-103
COAD,cytolytic_t_cell_context,Cytolytic,STAT1_19272155,439,0.7937259189336217,2.153098799483655e-96,1.1891225857046785e-95
COAD,cytolytic_t_cell_context,Cytolytic,Troester_WoundSig_19887484,439,0.4420840928417934,1.9800583547791585e-22,3.8663020279966343e-22
COAD,cytolytic_t_cell_context,Cytolytic,MDACC.FNA.1_20805453,439,0.7613192614794483,2.9368848418168086e-84,1.4063955580531196e-83
COAD,cytolytic_t_cell_context,Cytolytic,IGG_Cluster_21214954,439,0.6093061624412731,5.7782272410810734e-46,1.618617723557211e-45
COAD,cytolytic_t_cell_context,Cytolytic,Minterferon_Cluster_21214954,439,0.7611335865859263,3.4023493320072925e-84,1.626430612137054e-83
COAD,cytolytic_t_cell_context,Cytolytic,Immune_cell_Cluster_21214954,439,0.8553734082857661,6.5373143128040555e-127,5.404709705418551e-126
COAD,cytolytic_t_cell_context,Cytolytic,MCD3_CD8_21214954,439,0.3946388111749396,8.224695592292637e-18,1.4914114674023982e-17
COAD,cytolytic_t_cell_context,Cytolytic,Interferon_Cluster_21214954,439,0.6297793098714102,6.9115108688962425e-50,2.059070050755507e-49
COAD,cytolytic_t_cell_context,Cytolytic,B_cell_PCA_16704732,439,0.7197383302758257,2.91446113543437e-71,1.1911847165111174e-70
COAD,cytolytic_t_cell_context,Cytolytic,CD8_PCA_16704732,439,0.970121862225358,6.398060214158755e-271,2.8764832698366628e-269
COAD,cytolytic_t_cell_context,Cytolytic,GRANS_PCA_16704732,439,0.3885416812567467,2.8635132097894e-17,5.134315049853111e-17
COAD,cytolytic_t_cell_context,Cytolytic,LYMPHS_PCA_16704732,439,0.0991251766936603,0.0378849712675269,0.042607865142722
COAD,cytolytic_t_cell_context,Cytolytic,T_cell_PCA_16704732,439,0.8513253352542947,1.6972177843869884e-124,1.3537924849069231e-123
COAD,cytolytic_t_cell_context,Cytolytic,TGFB_PCA_17349583,439,0.3507678850619842,3.723332316069114e-14,6.266994987443063e-14
COAD,cytolytic_t_cell_context,Cytolytic,Rotterdam_ERneg_PCA_15721472,439,0.0406791931136954,0.3951885228821264,0.4139055765265244
COAD,cytolytic_t_cell_context,Cytolytic,HER2_Immune_PCA_18006808,439,0.8336600020573738,9.615377790842938e-115,6.638027307383957e-114
COAD,cytolytic_t_cell_context,Cytolytic,IR7_score,439,0.6677827833296004,5.294309986508053e-58,1.7756502050927132e-57
COAD,cytolytic_t_cell_context,Cytolytic,Buck14_score,439,0.2787157532686756,2.8289574226382183e-09,4.175129782732477e-09
COAD,cytolytic_t_cell_context,Cytolytic,TAMsurr_score,439,0.6975931294069694,2.915621706492872e-65,1.098405961448838e-64
COAD,cytolytic_t_cell_context,Cytolytic,Immune_NSCLC_score,439,0.5065942247292292,5.386241751965298e-30,1.1911038671012692e-29
COAD,cytolytic_t_cell_context,Cytolytic,Module3_IFN_score,439,0.612433748316881,1.5175398057215763e-46,4.288528074350844e-46
COAD,cytolytic_t_cell_context,Cytolytic,Module4_TcellBcell_score,439,0.8339865525605804,6.504622168486053e-115,4.513411300582158e-114
COAD,cytolytic_t_cell_context,Cytolytic,Module5_TcellBcell_score,439,0.8801281129795261,1.763247380132983e-143,1.7895645052095946e-142
COAD,cytolytic_t_cell_context,Cytolytic,Module11_Prolif_score,439,0.04073025306203,0.3945950838542469,0.4133636156686122
COAD,cytolytic_t_cell_context,Cytolytic,GP11_Immune_IFN,439,0.6196241061913483,6.626687257438488e-48,1.9154717683562896e-47
COAD,cytolytic_t_cell_context,Cytolytic,GP2_ImmuneTcellBcell_score,439,0.7655536343494718,9.880185471747662e-86,4.7989472291345786e-85
COAD,cytolytic_t_cell_context,Cytolytic,CD8_CD68_ratio,439,0.5059935415871543,6.447709426364714e-30,1.4240982249055642e-29
COAD,cytolytic_t_cell_context,Cytolytic,TAMsurr_TcClassII_ratio,439,-0.4839330375271861,3.747894987162023e-27,7.924037594310688e-27
COAD,cytolytic_t_cell_context,Cytolytic,CHANG_CORE_SERUM_RESPONSE_UP,439,0.0498190521486876,0.2976454930142422,0.3149565224659555
COAD,cytolytic_t_cell_context,Cytolytic,CSR_Activated_15701700,439,-0.2089372719412863,1.0145372807551825e-05,1.3340785127648516e-05
COAD,cytolytic_t_cell_context,Cytolytic,CD103pos_CD103neg_ratio_25446897,439,-0.1865240673871099,8.44081577337752e-05,0.00010726853599
GBM,cytolytic_t_cell_context,Cytolytic,ICS5_score,153,0.7341046466433463,3.625978952603147e-27,7.66925563847633e-27
GBM,cytolytic_t_cell_context,Cytolytic,LIexpression_score,153,0.9585418054067568,3.1650822894786925e-84,1.514340163127888e-83
GBM,cytolytic_t_cell_context,Cytolytic,Chemokine12_score,153,0.84410126595032,1.0246258092016197e-42,2.7552962936514146e-42
GBM,cytolytic_t_cell_context,Cytolytic,NHI_5gene_score,153,0.3514434481926741,8.412832691147732e-06,1.1092052796859832e-05
GBM,cytolytic_t_cell_context,Cytolytic,CD68,153,0.6717294700579509,2.021585277349902e-21,3.88327115423145e-21
GBM,cytolytic_t_cell_context,Cytolytic,CD8A,153,0.6806253952718958,3.7439323818927372e-22,7.27392577053446e-22
GBM,cytolytic_t_cell_context,Cytolytic,PD1_data,153,0.6332530298141433,1.589363775488314e-18,2.9160670956682733e-18
GBM,cytolytic_t_cell_context,Cytolytic,PDL1_data,153,0.1745326916880545,0.0309484090731632,0.0349583358301512
GBM,cytolytic_t_cell_context,Cytolytic,PD1_PDL1_score,153,0.5201519511159366,5.546982020175636e-12,8.836188049708773e-12
GBM,cytolytic_t_cell_context,Cytolytic,CTLA4_data,153,0.6857817782531567,1.3704904314930906e-22,2.6808586649846865e-22
GBM,cytolytic_t_cell_context,Cytolytic,Bcell_mg_IGJ,153,0.6776969160870089,6.565271751019335e-22,1.2678409061251396e-21
GBM,cytolytic_t_cell_context,Cytolytic,Bcell_receptors_score,153,0.7681861473423441,4.794047705070968e-31,1.075448227446848e-30
GBM,cytolytic_t_cell_context,Cytolytic,STAT1_score,153,0.8078910577675774,1.6874454858880445e-36,4.146207517267824e-36
GBM,cytolytic_t_cell_context,Cytolytic,CSF1_response,153,0.7720678468130303,1.5731227553932579e-31,3.55537506827558e-31
GBM,cytolytic_t_cell_context,Cytolytic,TcClassII_score,153,0.9156153381579968,1.2492411810649337e-61,4.45630952458573e-61
GBM,cytolytic_t_cell_context,Cytolytic,IL12_score_21050467,153,0.9119824963478212,2.619220027549301e-60,9.110330530606265e-60
GBM,cytolytic_t_cell_context,Cytolytic,IL4_score_21050467,153,0.580987897551365,3.462355286378698e-15,5.975638565323642e-15
GBM,cytolytic_t_cell_context,Cytolytic,IL2_score_21050467,153,0.7477573845691249,1.203321852701319e-28,2.5976471740853876e-28
GBM,cytolytic_t_cell_context,Cytolytic,IL13_score_21050467,153,0.4865313124584857,1.8148783850883342e-10,2.767079152152617e-10
GBM,cytolytic_t_cell_context,Cytolytic,IFNG_score_21050467,153,0.6898563253052417,6.103248797355405e-23,1.198616370310953e-22
GBM,cytolytic_t_cell_context,Cytolytic,TGFB_score_21050467,153,0.2139474806229898,0.0079190347914351,0.0092168483665826
GBM,cytolytic_t_cell_context,Cytolytic,TREM1_data,153,0.3873926019868892,7.534809796510731e-07,1.0319578371857597e-06
GBM,cytolytic_t_cell_context,Cytolytic,DAP12_data,153,0.7862114950011284,2.2346399086912683e-33,5.190623869889195e-33
GBM,cytolytic_t_cell_context,Cytolytic,Tcell_receptors_score,153,0.9152527039523942,1.7029986729767633e-61,6.063031924734026e-61
GBM,cytolytic_t_cell_context,Cytolytic,IL8_21978456,153,0.3685115194403119,2.7741203581976985e-06,3.723467739599181e-06
GBM,cytolytic_t_cell_context,Cytolytic,IFN_21978456,153,0.3951791242812913,4.296695550658684e-07,5.932493349132803e-07
GBM,cytolytic_t_cell_context,Cytolytic,MHC1_21978456,153,0.5013829717733367,4.0738509680726216e-11,6.333738001233228e-11
GBM,cytolytic_t_cell_context,Cytolytic,MHC2_21978456,153,0.7807610442896775,1.1951691655190227e-32,2.738719570523793e-32
GBM,cytolytic_t_cell_context,Cytolytic,Bcell_21978456,153,-0.1868381969235764,0.0207495691226929,0.0236492051178398
GBM,cytolytic_t_cell_context,Cytolytic,Tcell_21978456,153,0.8855777236849904,3.778614423901414e-52,1.162650591969666e-51
GBM,cytolytic_t_cell_context,Cytolytic,CD103pos_mean_25446897,153,0.5995005892914441,2.6686134704402924e-16,4.711865394091266e-16
GBM,cytolytic_t_cell_context,Cytolytic,CD103neg_mean_25446897,153,0.7499162344363582,6.88329422189856e-29,1.4930271358504058e-28
GBM,cytolytic_t_cell_context,Cytolytic,IgG_19272155,153,0.356815392799783,5.974190238801098e-06,7.924797585729815e-06
GBM,cytolytic_t_cell_context,Cytolytic,Interferon_19272155,153,0.3859082749558024,8.37273256006111e-07,1.1447013100460529e-06
GBM,cytolytic_t_cell_context,Cytolytic,LCK_19272155,153,0.8918661056606081,6.761608466477937e-54,2.131121092563151e-53
GBM,cytolytic_t_cell_context,Cytolytic,MHC.I_19272155,153,0.5155473204632038,9.149969412085428e-12,1.4473926607079016e-11
GBM,cytolytic_t_cell_context,Cytolytic,MHC.II_19272155,153,0.7975419833004971,5.82006994807389e-35,1.38925759181755e-34
GBM,cytolytic_t_cell_context,Cytolytic,STAT1_19272155,153,0.5568337260547419,7.762061811574075e-14,1.2972539556056213e-13
GBM,cytolytic_t_cell_context,Cytolytic,Troester_WoundSig_19887484,153,0.5402811842440326,5.681266349650669e-13,9.283895747101124e-13
GBM,cytolytic_t_cell_context,Cytolytic,MDACC.FNA.1_20805453,153,0.8154876085405552,1.0909835948065372e-37,2.722454475113561e-37
GBM,cytolytic_t_cell_context,Cytolytic,IGG_Cluster_21214954,153,0.833443624844737,9.867182760766555e-41,2.580647798969715e-40
GBM,cytolytic_t_cell_context,Cytolytic,Minterferon_Cluster_21214954,153,0.5183446584375376,6.757089902166976e-12,1.0744977804088963e-11
GBM,cytolytic_t_cell_context,Cytolytic,Immune_cell_Cluster_21214954,153,0.8674259177355153,1.2504690929345143e-47,3.5897371322236203e-47
GBM,cytolytic_t_cell_context,Cytolytic,MCD3_CD8_21214954,153,0.4978078515276635,5.875637270072509e-11,9.088276016262283e-11
GBM,cytolytic_t_cell_context,Cytolytic,Interferon_Cluster_21214954,153,0.4675157144197391,1.1103927971764607e-09,1.660400444376016e-09
GBM,cytolytic_t_cell_context,Cytolytic,B_cell_PCA_16704732,153,0.8360145316624463,3.378749283212013e-41,8.888005851389435e-41
GBM,cytolytic_t_cell_context,Cytolytic,CD8_PCA_16704732,153,0.9717911087880128,1.2306514568774365e-96,6.838349259870537e-96
GBM,cytolytic_t_cell_context,Cytolytic,GRANS_PCA_16704732,153,0.6605495365252868,1.5519070808449194e-20,2.948786070484234e-20
GBM,cytolytic_t_cell_context,Cytolytic,LYMPHS_PCA_16704732,153,0.1959209521129025,0.0152198613701941,0.0174491139839528
GBM,cytolytic_t_cell_context,Cytolytic,T_cell_PCA_16704732,153,0.9343546030852532,1.490070619013517e-69,5.955903135513249e-69
GBM,cytolytic_t_cell_context,Cytolytic,TGFB_PCA_17349583,153,0.3008945332035463,0.000157267629444,0.0001979032857218
GBM,cytolytic_t_cell_context,Cytolytic,Rotterdam_ERneg_PCA_15721472,153,0.0543655716543987,0.5044885198733157,0.5216532119579619
GBM,cytolytic_t_cell_context,Cytolytic,HER2_Immune_PCA_18006808,153,0.8937082009837427,1.9846872693598766e-54,6.310168758221937e-54
GBM,cytolytic_t_cell_context,Cytolytic,IR7_score,153,0.7576595231393991,8.849330266936486e-30,1.9490022936086837e-29
GBM,cytolytic_t_cell_context,Cytolytic,Buck14_score,153,0.1698751723481743,0.0357912625646331,0.0403031397954055
GBM,cytolytic_t_cell_context,Cytolytic,TAMsurr_score,153,0.6201834800906006,1.243669936685128e-17,2.2476958324143174e-17
GBM,cytolytic_t_cell_context,Cytolytic,Immune_NSCLC_score,153,0.6531234503370726,5.731362884284729e-20,1.0773536313237362e-19
GBM,cytolytic_t_cell_context,Cytolytic,Module3_IFN_score,153,0.4137268419436084,1.0625680145565733e-07,1.490554409279979e-07
GBM,cytolytic_t_cell_context,Cytolytic,Module4_TcellBcell_score,153,0.932963982423914,6.880336866668578e-69,2.724092616788724e-68
GBM,cytolytic_t_cell_context,Cytolytic,Module5_TcellBcell_score,153,0.9148573304920052,2.3836701117412717e-61,8.436672353853296e-61
GBM,cytolytic_t_cell_context,Cytolytic,Module11_Prolif_score,153,-0.2430709125755565,0.0024658220094254,0.0029487957202186
GBM,cytolytic_t_cell_context,Cytolytic,GP11_Immune_IFN,153,0.466015888331179,1.2749544107645254e-09,1.9002060259065812e-09
GBM,cytolytic_t_cell_context,Cytolytic,GP2_ImmuneTcellBcell_score,153,0.698390934134374,1.0729926758926285e-23,2.1365593546324666e-23
GBM,cytolytic_t_cell_context,Cytolytic,CD8_CD68_ratio,153,0.1394330402094088,0.0856225941149743,0.0942888485800527
GBM,cytolytic_t_cell_context,Cytolytic,TAMsurr_TcClassII_ratio,153,-0.3224943395374085,4.793269675734187e-05,6.154209826762798e-05
GBM,cytolytic_t_cell_context,Cytolytic,CHANG_CORE_SERUM_RESPONSE_UP,153,0.0563109870270542,0.4893360693086774,0.5066593485038456
GBM,cytolytic_t_cell_context,Cytolytic,CSR_Activated_15701700,153,-0.1088655330914228,0.1803968838324753,0.1939828124231401
GBM,cytolytic_t_cell_context,Cytolytic,CD103pos_CD103neg_ratio_25446897,153,-0.2886312444139806,0.0002966482708422,0.0003691984885339
HNSC,cytolytic_t_cell_context,Cytolytic,ICS5_score,514,0.8398982030582447,5.434438394205608e-138,5.123629959181717e-137
HNSC,cytolytic_t_cell_context,Cytolytic,LIexpression_score,514,0.8750446008361328,1.841033246900876e-163,2.378912319035811e-162
HNSC,cytolytic_t_cell_context,Cytolytic,Chemokine12_score,514,0.8767529446217748,6.838775132860964e-165,9.073887005552109e-164
HNSC,cytolytic_t_cell_context,Cytolytic,NHI_5gene_score,514,0.6754354850169512,9.688725085115126e-70,3.8840578086238976e-69
HNSC,cytolytic_t_cell_context,Cytolytic,CD68,514,0.3104234726951961,6.054029892208878e-13,9.887097752511646e-13
HNSC,cytolytic_t_cell_context,Cytolytic,CD8A,514,0.9494548747131436,8.495661539078854e-260,3.527969371953356e-258
HNSC,cytolytic_t_cell_context,Cytolytic,PD1_data,514,0.932970680593107,2.3689664485500026e-229,7.280891231701703e-228
HNSC,cytolytic_t_cell_context,Cytolytic,PDL1_data,514,0.5349898130777714,2.1382779608538857e-39,5.481730493423723e-39
HNSC,cytolytic_t_cell_context,Cytolytic,PD1_PDL1_score,514,0.8436643792606003,2.060499401429668e-140,2.026965053124303e-139
HNSC,cytolytic_t_cell_context,Cytolytic,CTLA4_data,514,0.8195920214057333,6.136249650198673e-126,4.997185343874368e-125
HNSC,cytolytic_t_cell_context,Cytolytic,Bcell_mg_IGJ,514,0.438333585218213,1.5147918690786345e-25,3.114311325694547e-25
HNSC,cytolytic_t_cell_context,Cytolytic,Bcell_receptors_score,514,0.7117577889004748,1.4227035006381991e-80,6.5202249734387564e-80
HNSC,cytolytic_t_cell_context,Cytolytic,STAT1_score,514,0.923589754816973,2.5180530803003237e-215,6.617492153059789e-214
HNSC,cytolytic_t_cell_context,Cytolytic,CSF1_response,514,0.8052669889834435,2.581293206481561e-118,1.889937421703861e-117
HNSC,cytolytic_t_cell_context,Cytolytic,TcClassII_score,514,0.9234652753877256,3.7575304756539617e-215,9.78036640552993e-214
HNSC,cytolytic_t_cell_context,Cytolytic,IL12_score_21050467,514,0.9225768808397128,6.413039982187121e-214,1.6378843898168046e-212
HNSC,cytolytic_t_cell_context,Cytolytic,IL4_score_21050467,514,0.5386639073549547,5.140426326746947e-40,1.3297156071090535e-39
HNSC,cytolytic_t_cell_context,Cytolytic,IL2_score_21050467,514,0.7717700332095713,9.879119510269033e-103,5.91876763610832e-102
HNSC,cytolytic_t_cell_context,Cytolytic,IL13_score_21050467,514,0.440050472111239,9.352962078662982e-26,1.9280073402018428e-25
HNSC,cytolytic_t_cell_context,Cytolytic,IFNG_score_21050467,514,0.6601214764424376,1.262005256298788e-65,4.780855567037192e-65
HNSC,cytolytic_t_cell_context,Cytolytic,TGFB_score_21050467,514,-0.0462724278086046,0.295064837977271,0.312468895969701
HNSC,cytolytic_t_cell_context,Cytolytic,TREM1_data,514,-0.0175653915411293,0.6911491464916757,0.7059428007725715
HNSC,cytolytic_t_cell_context,Cytolytic,DAP12_data,514,0.7277956113743381,6.539339054666953e-86,3.184781061538785e-85
HNSC,cytolytic_t_cell_context,Cytolytic,Tcell_receptors_score,514,0.9435865621256154,6.437831809925356e-248,2.449077275943632e-246
HNSC,cytolytic_t_cell_context,Cytolytic,IL8_21978456,514,-0.0049820387114619,0.9102871629517064,0.9161817144231792
HNSC,cytolytic_t_cell_context,Cytolytic,IFN_21978456,514,0.4461719200675275,1.638885144407737e-26,3.4277336353625876e-26
HNSC,cytolytic_t_cell_context,Cytolytic,MHC1_21978456,514,0.5617290027261578,4.415141122498134e-44,1.2069531510748671e-43
HNSC,cytolytic_t_cell_context,Cytolytic,MHC2_21978456,514,0.8301000914517483,5.6310191979086356e-132,4.932809088023024e-131
HNSC,cytolytic_t_cell_context,Cytolytic,Bcell_21978456,514,0.0841053030955008,0.056710682407017,0.0632314228928412
HNSC,cytolytic_t_cell_context,Cytolytic,Tcell_21978456,514,0.8749331829668494,2.278243712943944e-163,2.9368828906196813e-162
HNSC,cytolytic_t_cell_context,Cytolytic,CD103pos_mean_25446897,514,0.7038180989694454,4.5930628624882165e-78,2.0413612722169856e-77
HNSC,cytolytic_t_cell_context,Cytolytic,CD103neg_mean_25446897,514,0.6198401658060837,7.074537458319698e-56,2.311440466862412e-55
HNSC,cytolytic_t_cell_context,Cytolytic,IgG_19272155,514,0.4308796312804028,1.1905773675080364e-24,2.407710364031122e-24
HNSC,cytolytic_t_cell_context,Cytolytic,Interferon_19272155,514,0.4307109495494214,1.2467073169200131e-24,2.520285322944954e-24
HNSC,cytolytic_t_cell_context,Cytolytic,LCK_19272155,514,0.8915649917136506,2.926598450880592e-178,4.614694368924758e-177
HNSC,cytolytic_t_cell_context,Cytolytic,MHC.I_19272155,514,0.5411029450003579,1.976093035794107e-40,5.145977077415003e-40
HNSC,cytolytic_t_cell_context,Cytolytic,MHC.II_19272155,514,0.8453024811044476,1.7409165920935807e-141,1.7409165920935807e-140
HNSC,cytolytic_t_cell_context,Cytolytic,STAT1_19272155,514,0.7947296089764625,4.223461460345798e-113,2.864791813501389e-112
HNSC,cytolytic_t_cell_context,Cytolytic,Troester_WoundSig_19887484,514,0.1116678646016516,0.0112945875302794,0.013031295050842
HNSC,cytolytic_t_cell_context,Cytolytic,MDACC.FNA.1_20805453,514,0.7994983011528446,2.017396492359229e-115,1.4088109009543267e-114
HNSC,cytolytic_t_cell_context,Cytolytic,IGG_Cluster_21214954,514,0.6260940943268236,2.6890561252079806e-57,8.925238145900801e-57
HNSC,cytolytic_t_cell_context,Cytolytic,Minterferon_Cluster_21214954,514,0.7138288279272643,3.051974437720399e-81,1.4058205708043158e-80
HNSC,cytolytic_t_cell_context,Cytolytic,Immune_cell_Cluster_21214954,514,0.9173466855749988,5.948346315136567e-207,1.388798452976091e-205
HNSC,cytolytic_t_cell_context,Cytolytic,MCD3_CD8_21214954,514,0.1686549182667137,0.0001220770083206,0.0001542622358337
HNSC,cytolytic_t_cell_context,Cytolytic,Interferon_Cluster_21214954,514,0.505871990008091,9.490224147421599e-35,2.257403557585199e-34
HNSC,cytolytic_t_cell_context,Cytolytic,B_cell_PCA_16704732,514,0.760656063071928,3.870013332706667e-98,2.1930075552004442e-97
HNSC,cytolytic_t_cell_context,Cytolytic,CD8_PCA_16704732,514,0.9920864515349124,0,0
HNSC,cytolytic_t_cell_context,Cytolytic,GRANS_PCA_16704732,514,0.226261162750166,2.164889126628317e-07,3.015104159973898e-07
HNSC,cytolytic_t_cell_context,Cytolytic,LYMPHS_PCA_16704732,514,0.0502254735554422,0.2556907286645375,0.2718838084314082
HNSC,cytolytic_t_cell_context,Cytolytic,T_cell_PCA_16704732,514,0.9160093655631654,3.0333637534974707e-205,6.904392811308051e-204
HNSC,cytolytic_t_cell_context,Cytolytic,TGFB_PCA_17349583,514,0.00241760788399,0.9563953175589212,0.9593934220026796
HNSC,cytolytic_t_cell_context,Cytolytic,Rotterdam_ERneg_PCA_15721472,514,0.4070674469713189,6.1836566918115765e-22,1.1954190619564666e-21
HNSC,cytolytic_t_cell_context,Cytolytic,HER2_Immune_PCA_18006808,514,0.8972411049895666,6.59354411773708e-184,1.1209025000153036e-182
HNSC,cytolytic_t_cell_context,Cytolytic,IR7_score,514,0.8384389515019953,4.533666288275126e-137,4.230385009985709e-136
HNSC,cytolytic_t_cell_context,Cytolytic,Buck14_score,514,0.3749499672973366,1.3296234049353248e-18,2.4419822156813528e-18
HNSC,cytolytic_t_cell_context,Cytolytic,TAMsurr_score,514,0.7190053012232281,6.127209333581824e-83,2.89340440752475e-82
HNSC,cytolytic_t_cell_context,Cytolytic,Immune_NSCLC_score,514,0.6681780787209542,9.266489054112911e-68,3.618786823716742e-67
HNSC,cytolytic_t_cell_context,Cytolytic,Module3_IFN_score,514,0.4951991040398321,3.727789330824152e-33,8.625765189146484e-33
HNSC,cytolytic_t_cell_context,Cytolytic,Module4_TcellBcell_score,514,0.8862510538953847,2.9874886591131524e-173,4.357088017580576e-172
HNSC,cytolytic_t_cell_context,Cytolytic,Module5_TcellBcell_score,514,0.940427842824261,4.8585670013791515e-242,1.7162730186689988e-240
HNSC,cytolytic_t_cell_context,Cytolytic,Module11_Prolif_score,514,0.0007704338956274,0.9860980265538112,0.9870052004512848
HNSC,cytolytic_t_cell_context,Cytolytic,GP11_Immune_IFN,514,0.5634276033987465,2.1516574269062702e-44,5.911624445641471e-44
HNSC,cytolytic_t_cell_context,Cytolytic,GP2_ImmuneTcellBcell_score,514,0.7754284404635511,2.663313284146479e-104,1.6297440118961586e-103
HNSC,cytolytic_t_cell_context,Cytolytic,CD8_CD68_ratio,514,0.7116598362846884,1.5296316505384006e-80,7.004373887987288e-80
HNSC,cytolytic_t_cell_context,Cytolytic,TAMsurr_TcClassII_ratio,514,-0.3878813127855545,6.696786430194326e-20,1.2579598819149562e-19
HNSC,cytolytic_t_cell_context,Cytolytic,CHANG_CORE_SERUM_RESPONSE_UP,514,-0.0969755793366949,0.0279192312430607,0.0316286168184611
HNSC,cytolytic_t_cell_context,Cytolytic,CSR_Activated_15701700,514,-0.2404425315184881,3.407255382980259e-08,4.8560307265948686e-08
HNSC,cytolytic_t_cell_context,Cytolytic,CD103pos_CD103neg_ratio_25446897,514,0.1366372840362311,0.0019039927325267,0.0022895049657262
KIRC,cytolytic_t_cell_context,Cytolytic,ICS5_score,515,0.8240754783136974,1.032763405832016e-128,8.710438647637465e-128
KIRC,cytolytic_t_cell_context,Cytolytic,LIexpression_score,515,0.8802876021854037,3.040995440148765e-168,4.177529089497294e-167
KIRC,cytolytic_t_cell_context,Cytolytic,Chemokine12_score,515,0.7520494072988879,6.224116337870318e-95,3.369073918210401e-94
KIRC,cytolytic_t_cell_context,Cytolytic,NHI_5gene_score,515,0.6438884813807539,1.2295586241180318e-61,4.3889756661431055e-61
KIRC,cytolytic_t_cell_context,Cytolytic,CD68,515,0.3307073238913931,1.3131245841348632e-14,2.230917469610761e-14
KIRC,cytolytic_t_cell_context,Cytolytic,CD8A,515,0.8948841536217549,7.120948519407384e-182,1.188280979925649e-180
KIRC,cytolytic_t_cell_context,Cytolytic,PD1_data,515,0.8629297525907397,3.4812270762634316e-154,4.063921737097225e-153
KIRC,cytolytic_t_cell_context,Cytolytic,PDL1_data,515,0.1048981174285986,0.017251390868803,0.0197200181395857
KIRC,cytolytic_t_cell_context,Cytolytic,PD1_PDL1_score,515,0.718263151781995,7.498893444597535e-83,3.535006961751351e-82
KIRC,cytolytic_t_cell_context,Cytolytic,CTLA4_data,515,0.6487694526957368,7.574768056606095e-63,2.747115881862477e-62
KIRC,cytolytic_t_cell_context,Cytolytic,Bcell_mg_IGJ,515,0.2848895692202051,4.505071624014757e-11,6.994175124041175e-11
KIRC,cytolytic_t_cell_context,Cytolytic,Bcell_receptors_score,515,0.6547453110867604,2.3271621056964826e-64,8.677012923227461e-64
KIRC,cytolytic_t_cell_context,Cytolytic,STAT1_score,515,0.825272477903313,2.1179362247680325e-129,1.8002457910528276e-128
KIRC,cytolytic_t_cell_context,Cytolytic,CSF1_response,515,0.6249567758585888,3.8220666660049883e-57,1.2654925540515602e-56
KIRC,cytolytic_t_cell_context,Cytolytic,TcClassII_score,515,0.8683524872506487,2.323976913874849e-158,2.8538226662481222e-157
KIRC,cytolytic_t_cell_context,Cytolytic,IL12_score_21050467,515,0.8334477630979821,3.0303843025992275e-134,2.742976806346056e-133
KIRC,cytolytic_t_cell_context,Cytolytic,IL4_score_21050467,515,0.5279027213936116,2.70138775857837e-38,6.797201390687481e-38
KIRC,cytolytic_t_cell_context,Cytolytic,IL2_score_21050467,515,0.6170966356677273,2.2809115674964048e-55,7.372643450493429e-55
KIRC,cytolytic_t_cell_context,Cytolytic,IL13_score_21050467,515,0.1934203796240075,9.844857332280014e-06,1.2948748522147794e-05
KIRC,cytolytic_t_cell_context,Cytolytic,IFNG_score_21050467,515,0.6929831743850606,6.479479005298504e-75,2.766747707129031e-74
KIRC,cytolytic_t_cell_context,Cytolytic,TGFB_score_21050467,515,0.146999914869524,0.000819724152683,0.0010002914738887
KIRC,cytolytic_t_cell_context,Cytolytic,TREM1_data,515,0.0957140233132645,0.0298702144906005,0.0337614724348362
KIRC,cytolytic_t_cell_context,Cytolytic,DAP12_data,515,0.649784660928799,4.215177711766669e-63,1.5338171740475372e-62
KIRC,cytolytic_t_cell_context,Cytolytic,Tcell_receptors_score,515,0.920831382975747,5.972948329312138e-212,1.5042980977526865e-210
KIRC,cytolytic_t_cell_context,Cytolytic,IL8_21978456,515,0.049904603784381,0.2582789641585848,0.2743678119552239
KIRC,cytolytic_t_cell_context,Cytolytic,IFN_21978456,515,0.5002465621210649,5.775267473978465e-34,1.3547846079535509e-33
KIRC,cytolytic_t_cell_context,Cytolytic,MHC1_21978456,515,0.668859442540816,4.5096432424957725e-68,1.7661957695591803e-67
KIRC,cytolytic_t_cell_context,Cytolytic,MHC2_21978456,515,0.684704735962337,1.7163080327296642e-72,7.116399160098609e-72
KIRC,cytolytic_t_cell_context,Cytolytic,Bcell_21978456,515,0.1156596752104469,0.0086095803936944,0.0099863789641146
KIRC,cytolytic_t_cell_context,Cytolytic,Tcell_21978456,515,0.8505833677720934,2.5979455198064763e-145,2.697103745753288e-144
KIRC,cytolytic_t_cell_context,Cytolytic,CD103pos_mean_25446897,515,0.5751586175435788,1.094086076821988e-46,3.0950744970939232e-46
KIRC,cytolytic_t_cell_context,Cytolytic,CD103neg_mean_25446897,515,0.4307371005530906,1.1160496884501248e-24,2.2586719885300142e-24
KIRC,cytolytic_t_cell_context,Cytolytic,IgG_19272155,515,0.5180464077028273,1.0483008265457169e-36,2.5839404152282283e-36
KIRC,cytolytic_t_cell_context,Cytolytic,Interferon_19272155,515,0.4486344531124676,7.189372957531753e-27,1.5135522015856323e-26
KIRC,cytolytic_t_cell_context,Cytolytic,LCK_19272155,515,0.8486343346296109,5.519870998298043e-144,5.633789536724458e-143
KIRC,cytolytic_t_cell_context,Cytolytic,MHC.I_19272155,515,0.6735580624241618,2.357065371005303e-69,9.400612623364258e-69
KIRC,cytolytic_t_cell_context,Cytolytic,MHC.II_19272155,515,0.6875235297571164,2.6222390146629733e-73,1.0998442744615708e-72
KIRC,cytolytic_t_cell_context,Cytolytic,STAT1_19272155,515,0.7587672845477808,1.4347548621842573e-97,8.071423423249596e-97
KIRC,cytolytic_t_cell_context,Cytolytic,Troester_WoundSig_19887484,515,0.2255354483980985,2.308977108943469e-07,3.213311709555506e-07
KIRC,cytolytic_t_cell_context,Cytolytic,MDACC.FNA.1_20805453,515,0.6079653089358938,2.285943906081116e-53,7.1509688608863e-53
KIRC,cytolytic_t_cell_context,Cytolytic,IGG_Cluster_21214954,515,0.6778257423685441,1.5396873536341115e-70,6.227434352245031e-70
KIRC,cytolytic_t_cell_context,Cytolytic,Minterferon_Cluster_21214954,515,0.7628759580995804,3.167604409588046e-99,1.8273348873975583e-98
KIRC,cytolytic_t_cell_context,Cytolytic,Immune_cell_Cluster_21214954,515,0.8063892217272066,4.066345291203217e-119,3.0055595630632477e-118
KIRC,cytolytic_t_cell_context,Cytolytic,MCD3_CD8_21214954,515,0.0933321186061611,0.0342157318735471,0.0385769080605381
KIRC,cytolytic_t_cell_context,Cytolytic,Interferon_Cluster_21214954,515,0.6389160034260667,1.9967245609950235e-60,6.967403214761339e-60
KIRC,cytolytic_t_cell_context,Cytolytic,B_cell_PCA_16704732,515,0.6776985737901208,1.671212304498627e-70,6.754379596190588e-70
KIRC,cytolytic_t_cell_context,Cytolytic,CD8_PCA_16704732,515,0.9816843411235336,0,0
KIRC,cytolytic_t_cell_context,Cytolytic,GRANS_PCA_16704732,515,0.3261675988117691,3.136642818562948e-14,5.2909571885216863e-14
KIRC,cytolytic_t_cell_context,Cytolytic,LYMPHS_PCA_16704732,515,0.1610306567875218,0.0002430616117377,0.0003036874524238
KIRC,cytolytic_t_cell_context,Cytolytic,T_cell_PCA_16704732,515,0.8739140181795831,7.695976072433231e-163,9.850849372714535e-162
KIRC,cytolytic_t_cell_context,Cytolytic,TGFB_PCA_17349583,515,0.1643713908638902,0.0001792264404558,0.0002249116115524
KIRC,cytolytic_t_cell_context,Cytolytic,Rotterdam_ERneg_PCA_15721472,515,0.21207898897307,1.1948189067815213e-06,1.6261733432302917e-06
KIRC,cytolytic_t_cell_context,Cytolytic,HER2_Immune_PCA_18006808,515,0.8155493567279639,5.8698631866381135e-124,4.6412871708301375e-123
KIRC,cytolytic_t_cell_context,Cytolytic,IR7_score,515,0.8515695526823908,5.4424818564038294e-146,5.715656621397072e-145
KIRC,cytolytic_t_cell_context,Cytolytic,Buck14_score,515,0.2033694498780432,3.276453234785865e-06,4.386882992181912e-06
KIRC,cytolytic_t_cell_context,Cytolytic,TAMsurr_score,515,0.6554191076517379,1.5635839874688887e-64,5.833948485480627e-64
KIRC,cytolytic_t_cell_context,Cytolytic,Immune_NSCLC_score,515,0.4442786396263207,2.5233196169112975e-26,5.255305787135322e-26
KIRC,cytolytic_t_cell_context,Cytolytic,Module3_IFN_score,515,0.539603688679463,2.994161199559563e-40,7.78224411161205e-40
KIRC,cytolytic_t_cell_context,Cytolytic,Module4_TcellBcell_score,515,0.8604747868526191,2.3634936976933024e-152,2.6619887609630572e-151
KIRC,cytolytic_t_cell_context,Cytolytic,Module5_TcellBcell_score,515,0.8346770483667837,5.373813244923709e-135,4.896741047300666e-134
KIRC,cytolytic_t_cell_context,Cytolytic,Module11_Prolif_score,515,0.3273188370209998,2.518629130460516e-14,4.263018814469573e-14
KIRC,cytolytic_t_cell_context,Cytolytic,GP11_Immune_IFN,515,0.6891869411919707,8.566412485295113e-74,3.615305191621832e-73
KIRC,cytolytic_t_cell_context,Cytolytic,GP2_ImmuneTcellBcell_score,515,0.6402863650719666,9.309611942698188e-61,3.27794750603742e-60
KIRC,cytolytic_t_cell_context,Cytolytic,CD8_CD68_ratio,515,0.6039336953999332,1.6672615166830404e-52,5.1533537788384884e-52
KIRC,cytolytic_t_cell_context,Cytolytic,TAMsurr_TcClassII_ratio,515,-0.2807176867757862,8.821358150025246e-11,1.3602094199585412e-10
KIRC,cytolytic_t_cell_context,Cytolytic,CHANG_CORE_SERUM_RESPONSE_UP,515,0.2214669920232136,3.8374295973030017e-07,5.313213797232967e-07
KIRC,cytolytic_t_cell_context,Cytolytic,CSR_Activated_15701700,515,0.200693027676413,4.428943607997527e-06,5.899474345618645e-06
KIRC,cytolytic_t_cell_context,Cytolytic,CD103pos_CD103neg_ratio_25446897,515,0.252655616250439,6.087722180107168e-09,8.878608219780964e-09
LUAD,cytolytic_t_cell_context,Cytolytic,ICS5_score,510,0.7963661067522992,5.1451827433935207e-113,3.481317677121984e-112
LUAD,cytolytic_t_cell_context,Cytolytic,LIexpression_score,510,0.8572239639549029,1.5465771382973735e-148,1.6759720383142852e-147
LUAD,cytolytic_t_cell_context,Cytolytic,Chemokine12_score,510,0.8822688448962881,2.390608273101629e-168,3.2923820267526238e-167
LUAD,cytolytic_t_cell_context,Cytolytic,NHI_5gene_score,510,0.7560814993212631,1.3934779401123313e-95,7.595711417045173e-95
LUAD,cytolytic_t_cell_context,Cytolytic,CD68,510,0.4670026237569786,5.471268912577585e-29,1.188171771833216e-28
LUAD,cytolytic_t_cell_context,Cytolytic,CD8A,510,0.933659722074608,1.1231671424738092e-228,3.3944606972541793e-227
LUAD,cytolytic_t_cell_context,Cytolytic,PD1_data,510,0.8289468595652332,2.781277264480889e-130,2.394010809932917e-129
LUAD,cytolytic_t_cell_context,Cytolytic,PDL1_data,510,0.5462938812173116,5.13243992542482e-41,1.3468631545736144e-40
LUAD,cytolytic_t_cell_context,Cytolytic,PD1_PDL1_score,510,0.7772651798551061,2.709676395423225e-104,1.654392771167491e-103
LUAD,cytolytic_t_cell_context,Cytolytic,CTLA4_data,510,0.7518988604828726,5.740916598437579e-94,3.0708541096853904e-93
LUAD,cytolytic_t_cell_context,Cytolytic,Bcell_mg_IGJ,510,0.335849781675839,6.520374563247843e-15,1.1171917361911263e-14
LUAD,cytolytic_t_cell_context,Cytolytic,Bcell_receptors_score,510,0.6688889278886307,1.9601249654473334e-67,7.600199438370275e-67
LUAD,cytolytic_t_cell_context,Cytolytic,STAT1_score,510,0.8558945604981869,1.3596178575226233e-147,1.4617235464274844e-146
LUAD,cytolytic_t_cell_context,Cytolytic,CSF1_response,510,0.6913613573152096,1.0013529445670601e-73,4.216222924492884e-73
LUAD,cytolytic_t_cell_context,Cytolytic,TcClassII_score,510,0.7868485178018012,1.4774361836363285e-108,9.590993841266856e-108
LUAD,cytolytic_t_cell_context,Cytolytic,IL12_score_21050467,510,0.8884613693647551,5.989851363209386e-174,8.806700382664611e-173
LUAD,cytolytic_t_cell_context,Cytolytic,IL4_score_21050467,510,0.5545816727661698,1.819136988537016e-42,4.8701305204928e-42
LUAD,cytolytic_t_cell_context,Cytolytic,IL2_score_21050467,510,0.7547595868006646,4.5498732398321444e-95,2.4677278588920105e-94
LUAD,cytolytic_t_cell_context,Cytolytic,IL13_score_21050467,510,0.3623038718504024,2.8956824219316906e-17,5.1902841434294556e-17
LUAD,cytolytic_t_cell_context,Cytolytic,IFNG_score_21050467,510,0.7048199675725736,8.877583090545064e-78,3.9231561342457466e-77
LUAD,cytolytic_t_cell_context,Cytolytic,TGFB_score_21050467,510,0.1802909720583068,4.218813483321547e-05,5.4320344021938976e-05
LUAD,cytolytic_t_cell_context,Cytolytic,TREM1_data,510,-0.0515310006257687,0.2453775702168332,0.2612238712288792
LUAD,cytolytic_t_cell_context,Cytolytic,DAP12_data,510,0.5404451053102781,5.1267599446624895e-40,1.3268113272580376e-39
LUAD,cytolytic_t_cell_context,Cytolytic,Tcell_receptors_score,510,0.9003735976237031,1.0148123837583404e-185,1.7751059059952966e-184
LUAD,cytolytic_t_cell_context,Cytolytic,IL8_21978456,510,0.1228712226982332,0.005460217175707,0.0064126902927129
LUAD,cytolytic_t_cell_context,Cytolytic,IFN_21978456,510,0.3347270412152244,8.114277490109235e-15,1.3859236906183436e-14
LUAD,cytolytic_t_cell_context,Cytolytic,MHC1_21978456,510,0.6197467108785079,1.9648394908262638e-55,6.366126760032683e-55
LUAD,cytolytic_t_cell_context,Cytolytic,MHC2_21978456,510,0.5156299111682059,5.493370281597535e-36,1.3394860749390673e-35
LUAD,cytolytic_t_cell_context,Cytolytic,Bcell_21978456,510,0.0313141201508291,0.4804305615007017,0.4982921362371434
LUAD,cytolytic_t_cell_context,Cytolytic,Tcell_21978456,510,0.8384604466390518,5.002391746252326e-136,4.635947376424643e-135
LUAD,cytolytic_t_cell_context,Cytolytic,CD103pos_mean_25446897,510,0.5835541561385325,7.17312650854398e-48,2.0701224512721087e-47
LUAD,cytolytic_t_cell_context,Cytolytic,CD103neg_mean_25446897,510,0.5122529285633786,1.8323183029211976e-35,4.42227664946376e-35
LUAD,cytolytic_t_cell_context,Cytolytic,IgG_19272155,510,0.4470276344392981,2.0086250310309286e-26,4.192985483042308e-26
LUAD,cytolytic_t_cell_context,Cytolytic,Interferon_19272155,510,0.3141893850911245,3.7943335481932126e-13,6.22847752026888e-13
LUAD,cytolytic_t_cell_context,Cytolytic,LCK_19272155,510,0.8439268727215765,1.684186127919097e-139,1.6215880594477675e-138
LUAD,cytolytic_t_cell_context,Cytolytic,MHC.I_19272155,510,0.6184426370579154,3.8286605059660816e-55,1.2331505714893715e-54
LUAD,cytolytic_t_cell_context,Cytolytic,MHC.II_19272155,510,0.6155777232379633,1.6397331539777116e-54,5.222569296041423e-54
LUAD,cytolytic_t_cell_context,Cytolytic,STAT1_19272155,510,0.8240786516843777,1.7717365728754355e-127,1.4737380667343074e-126
LUAD,cytolytic_t_cell_context,Cytolytic,Troester_WoundSig_19887484,510,0.2691303114575191,6.523235100099553e-10,9.80829158223924e-10
LUAD,cytolytic_t_cell_context,Cytolytic,MDACC.FNA.1_20805453,510,0.6593069642451089,6.460472308035185e-65,2.4271387676596275e-64
LUAD,cytolytic_t_cell_context,Cytolytic,IGG_Cluster_21214954,510,0.6349526122649248,6.4836983669297465e-59,2.2058360923138103e-58
LUAD,cytolytic_t_cell_context,Cytolytic,Minterferon_Cluster_21214954,510,0.6996959822145659,3.294799051903097e-76,1.421388330083493e-75
LUAD,cytolytic_t_cell_context,Cytolytic,Immune_cell_Cluster_21214954,510,0.8499280409711895,1.8050948350304897e-143,1.8286249353009057e-142
LUAD,cytolytic_t_cell_context,Cytolytic,MCD3_CD8_21214954,510,0.1732785575048163,8.376251035418346e-05,0.0001065142721661
LUAD,cytolytic_t_cell_context,Cytolytic,Interferon_Cluster_21214954,510,0.4225545748754843,1.6686613595546966e-23,3.31054624215082e-23
LUAD,cytolytic_t_cell_context,Cytolytic,B_cell_PCA_16704732,510,0.7220455850901676,2.594654083700771e-83,1.2284524121263876e-82
LUAD,cytolytic_t_cell_context,Cytolytic,CD8_PCA_16704732,510,0.980621788199408,0,0
LUAD,cytolytic_t_cell_context,Cytolytic,GRANS_PCA_16704732,510,0.30546824275171,1.779723588390489e-12,2.8661031145187277e-12
LUAD,cytolytic_t_cell_context,Cytolytic,LYMPHS_PCA_16704732,510,0.1427721331940161,0.0012253452636124,0.0014846053973389
LUAD,cytolytic_t_cell_context,Cytolytic,T_cell_PCA_16704732,510,0.8660532531213381,4.639192089176185e-155,5.4744479316959754e-154
LUAD,cytolytic_t_cell_context,Cytolytic,TGFB_PCA_17349583,510,0.2595431096543729,2.694990654125802e-09,3.979573604355148e-09
LUAD,cytolytic_t_cell_context,Cytolytic,Rotterdam_ERneg_PCA_15721472,510,0.1254186048336698,0.0045595370287749,0.0053804515046715
LUAD,cytolytic_t_cell_context,Cytolytic,HER2_Immune_PCA_18006808,510,0.8433681713548751,3.867464729593826e-139,3.710583444266387e-138
LUAD,cytolytic_t_cell_context,Cytolytic,IR7_score,510,0.8034176045865922,1.787237593051911e-116,1.270924510614692e-115
LUAD,cytolytic_t_cell_context,Cytolytic,Buck14_score,510,0.2129718153848236,1.21258180356815e-06,1.649111252852684e-06
LUAD,cytolytic_t_cell_context,Cytolytic,TAMsurr_score,510,0.7466435683701897,5.5310596029828916e-92,2.8820846973397437e-91
LUAD,cytolytic_t_cell_context,Cytolytic,Immune_NSCLC_score,510,0.5881127296106773,9.021963036128947e-49,2.6457940116733943e-48
LUAD,cytolytic_t_cell_context,Cytolytic,Module3_IFN_score,510,0.4214105924930333,2.254745012601748e-23,4.457054094677874e-23
LUAD,cytolytic_t_cell_context,Cytolytic,Module4_TcellBcell_score,510,0.8610755747388069,2.5077357422707048e-151,2.7955086963017694e-150
LUAD,cytolytic_t_cell_context,Cytolytic,Module5_TcellBcell_score,510,0.9210670997567548,3.2188608811519216e-210,7.959365087939297e-209
LUAD,cytolytic_t_cell_context,Cytolytic,Module11_Prolif_score,510,0.1183910875554731,0.0074394303550709,0.008668032129809
LUAD,cytolytic_t_cell_context,Cytolytic,GP11_Immune_IFN,510,0.4896975538778689,4.086479120641298e-32,9.285900758683652e-32
LUAD,cytolytic_t_cell_context,Cytolytic,GP2_ImmuneTcellBcell_score,510,0.685790413251325,4.106710332937841e-72,1.6937455808325897e-71
LUAD,cytolytic_t_cell_context,Cytolytic,CD8_CD68_ratio,510,0.4223805661672793,1.7469699633653304e-23,3.4621189802212744e-23
LUAD,cytolytic_t_cell_context,Cytolytic,TAMsurr_TcClassII_ratio,510,-0.1595837439425229,0.0002965683544426,0.0003691834892833
LUAD,cytolytic_t_cell_context,Cytolytic,CHANG_CORE_SERUM_RESPONSE_UP,510,0.0962135612100347,0.0298165491735933,0.0337078195146193
LUAD,cytolytic_t_cell_context,Cytolytic,CSR_Activated_15701700,510,0.0456460737843762,0.3035546777629019,0.3208972885795155
LUAD,cytolytic_t_cell_context,Cytolytic,CD103pos_CD103neg_ratio_25446897,510,0.0663184251459783,0.1347441363450698,0.1462798047729355
LUSC,cytolytic_t_cell_context,Cytolytic,ICS5_score,486,0.8662408030696321,5.832574229133947e-148,6.295476945731878e-147
LUSC,cytolytic_t_cell_context,Cytolytic,LIexpression_score,486,0.9004860835954795,3.782229058632642e-177,5.895508905146584e-176
LUSC,cytolytic_t_cell_context,Cytolytic,Chemokine12_score,486,0.8997916556684233,1.8643521317673623e-176,2.8409175341216945e-175
LUSC,cytolytic_t_cell_context,Cytolytic,NHI_5gene_score,486,0.7601184029521465,1.1432850283341341e-92,6.00915029385284e-92
LUSC,cytolytic_t_cell_context,Cytolytic,CD68,486,0.5565595751365904,7.080458671246433e-41,1.8553803069162134e-40
LUSC,cytolytic_t_cell_context,Cytolytic,CD8A,486,0.950231486624212,2.787719040094068e-247,1.038711751925461e-245
LUSC,cytolytic_t_cell_context,Cytolytic,PD1_data,486,0.8808560216116134,2.6159028785272493e-159,3.271381990617985e-158
LUSC,cytolytic_t_cell_context,Cytolytic,PDL1_data,486,0.3949132487889726,1.3752267694692774e-19,2.567341669839694e-19
LUSC,cytolytic_t_cell_context,Cytolytic,PD1_PDL1_score,486,0.7629554540328889,9.44954187370373e-94,5.0397556659753226e-93
LUSC,cytolytic_t_cell_context,Cytolytic,CTLA4_data,486,0.8306236180063907,3.7226399372086445e-125,3.009087854147849e-124
LUSC,cytolytic_t_cell_context,Cytolytic,Bcell_mg_IGJ,486,0.5221807241057252,2.386449203577508e-35,5.749461323056531e-35
LUSC,cytolytic_t_cell_context,Cytolytic,Bcell_receptors_score,486,0.7608492513181984,6.034980565701566e-93,3.187407211399662e-92
LUSC,cytolytic_t_cell_context,Cytolytic,STAT1_score,486,0.925037087478572,1.3806611547656227e-205,3.1557969251785665e-204
LUSC,cytolytic_t_cell_context,Cytolytic,CSF1_response,486,0.8267943961233459,5.039325791710359e-123,3.961550911402363e-122
LUSC,cytolytic_t_cell_context,Cytolytic,TcClassII_score,486,0.9223376984236612,5.151240931211979e-202,1.1209100266317264e-200
LUSC,cytolytic_t_cell_context,Cytolytic,IL12_score_21050467,486,0.9288225065378202,7.922775847378779e-211,1.968031991312354e-209
LUSC,cytolytic_t_cell_context,Cytolytic,IL4_score_21050467,486,0.490468283788837,8.819497012973887e-31,1.9711612058577628e-30
LUSC,cytolytic_t_cell_context,Cytolytic,IL2_score_21050467,486,0.7888387309392229,2.1910063700477595e-104,1.3467880963909392e-103
LUSC,cytolytic_t_cell_context,Cytolytic,IL13_score_21050467,486,0.4446123267566172,5.752609423885796e-25,1.1716284262799975e-24
LUSC,cytolytic_t_cell_context,Cytolytic,IFNG_score_21050467,486,0.7664146306443542,4.309928605977515e-95,2.3399213190137404e-94
LUSC,cytolytic_t_cell_context,Cytolytic,TGFB_score_21050467,486,0.1143005288187198,0.0116828442108514,0.0134706809044154
LUSC,cytolytic_t_cell_context,Cytolytic,TREM1_data,486,0.2567385007290979,9.364714925377191e-09,1.3592329027228371e-08
LUSC,cytolytic_t_cell_context,Cytolytic,DAP12_data,486,0.7561195165261337,3.622146281953714e-91,1.8677228221638101e-90
LUSC,cytolytic_t_cell_context,Cytolytic,Tcell_receptors_score,486,0.9547545531868044,4.7071325835886775e-257,1.9253234026107077e-255
LUSC,cytolytic_t_cell_context,Cytolytic,IL8_21978456,486,0.0757536096469444,0.0952926228152299,0.104493422317043
LUSC,cytolytic_t_cell_context,Cytolytic,IFN_21978456,486,0.4969008390275748,1.1408335536013211e-31,2.5805133187489343e-31
LUSC,cytolytic_t_cell_context,Cytolytic,MHC1_21978456,486,0.7293091188036537,8.306016164556882e-82,3.8619425585632e-81
LUSC,cytolytic_t_cell_context,Cytolytic,MHC2_21978456,486,0.8204539522012426,1.314766394138022e-119,9.83814193137667e-119
LUSC,cytolytic_t_cell_context,Cytolytic,Bcell_21978456,486,-0.0322037527461335,0.4787587088772422,0.4966528177521354
LUSC,cytolytic_t_cell_context,Cytolytic,Tcell_21978456,486,0.8947726436304267,1.353048520131352e-171,1.936995776188041e-170
LUSC,cytolytic_t_cell_context,Cytolytic,CD103pos_mean_25446897,486,0.7323932000827122,7.953067365701031e-83,3.742619936800485e-82
LUSC,cytolytic_t_cell_context,Cytolytic,CD103neg_mean_25446897,486,0.624847619479466,5.458310954144682e-54,1.721345599452004e-53
LUSC,cytolytic_t_cell_context,Cytolytic,IgG_19272155,486,0.5217749483510326,2.7496614003012356e-35,6.601128869213913e-35
LUSC,cytolytic_t_cell_context,Cytolytic,Interferon_19272155,486,0.4855943589397422,4.036576931280348e-30,8.959191556982901e-30
LUSC,cytolytic_t_cell_context,Cytolytic,LCK_19272155,486,0.9041773554627156,6.416866304918973e-181,1.0514383342999764e-179
LUSC,cytolytic_t_cell_context,Cytolytic,MHC.I_19272155,486,0.7338570932687843,2.58191810063235e-83,1.2234873229477336e-82
LUSC,cytolytic_t_cell_context,Cytolytic,MHC.II_19272155,486,0.8446368908216353,1.9448801709185103e-133,1.7401559424007723e-132
LUSC,cytolytic_t_cell_context,Cytolytic,STAT1_19272155,486,0.845992644495337,2.781366536971762e-134,2.5217723268543976e-133
LUSC,cytolytic_t_cell_context,Cytolytic,Troester_WoundSig_19887484,486,0.2112833419250716,2.614597311204354e-06,3.5136880862034794e-06
LUSC,cytolytic_t_cell_context,Cytolytic,MDACC.FNA.1_20805453,486,0.8083516181275483,1.905130593537601e-113,1.301998797593536e-112
LUSC,cytolytic_t_cell_context,Cytolytic,IGG_Cluster_21214954,486,0.7335790412738441,3.198857546708258e-83,1.5131987003559063e-82
LUSC,cytolytic_t_cell_context,Cytolytic,Minterferon_Cluster_21214954,486,0.7688857776044239,4.594299440210677e-96,2.5219968672801297e-95
LUSC,cytolytic_t_cell_context,Cytolytic,Immune_cell_Cluster_21214954,486,0.9160752383297718,3.32995385902891e-194,6.446601065166288e-193
LUSC,cytolytic_t_cell_context,Cytolytic,MCD3_CD8_21214954,486,0.3827673652960828,2.095152663284448e-18,3.836294341389227e-18
LUSC,cytolytic_t_cell_context,Cytolytic,Interferon_Cluster_21214954,486,0.5669200999613606,1.1342407017916626e-42,3.047046626047726e-42
LUSC,cytolytic_t_cell_context,Cytolytic,B_cell_PCA_16704732,486,0.8034428659289076,4.517716457226607e-111,3.008124544346725e-110
LUSC,cytolytic_t_cell_context,Cytolytic,CD8_PCA_16704732,486,0.9870459599393632,0,0
LUSC,cytolytic_t_cell_context,Cytolytic,GRANS_PCA_16704732,486,0.2564976354926647,9.678056408354291e-09,1.4039633829719297e-08
LUSC,cytolytic_t_cell_context,Cytolytic,LYMPHS_PCA_16704732,486,-0.0846182125704237,0.062324011726892,0.069150035446521
LUSC,cytolytic_t_cell_context,Cytolytic,T_cell_PCA_16704732,486,0.9044444787677668,3.377109977944912e-181,5.584035951373957e-180
LUSC,cytolytic_t_cell_context,Cytolytic,TGFB_PCA_17349583,486,0.3121981186235635,1.900808555760834e-12,3.0592895098635917e-12
LUSC,cytolytic_t_cell_context,Cytolytic,Rotterdam_ERneg_PCA_15721472,486,0.1546810389765507,0.0006219850232626,0.0007632751018607
LUSC,cytolytic_t_cell_context,Cytolytic,HER2_Immune_PCA_18006808,486,0.8998773455327829,1.5322038777952948e-176,2.3545731907362723e-175
LUSC,cytolytic_t_cell_context,Cytolytic,IR7_score,486,0.8599790568451365,1.6755054225521908e-143,1.7036914950811058e-142
LUSC,cytolytic_t_cell_context,Cytolytic,Buck14_score,486,0.2886404478076014,8.852550863102993e-11,1.3646323801439582e-10
LUSC,cytolytic_t_cell_context,Cytolytic,TAMsurr_score,486,0.7565460405856355,2.5134857792548664e-91,1.2997493002990942e-90
LUSC,cytolytic_t_cell_context,Cytolytic,Immune_NSCLC_score,486,0.64474648161483,1.8832005346249605e-58,6.355217685086716e-58
LUSC,cytolytic_t_cell_context,Cytolytic,Module3_IFN_score,486,0.5505722333500085,7.231170970538616e-40,1.86345665939034e-39
LUSC,cytolytic_t_cell_context,Cytolytic,Module4_TcellBcell_score,486,0.9102094612878204,2.010789446319584e-187,3.586457241960176e-186
LUSC,cytolytic_t_cell_context,Cytolytic,Module5_TcellBcell_score,486,0.943831552414533,6.559077347310947e-235,2.175693949351924e-233
LUSC,cytolytic_t_cell_context,Cytolytic,Module11_Prolif_score,486,-0.1362990639218619,0.0026030781170858,0.0031102009569397
LUSC,cytolytic_t_cell_context,Cytolytic,GP11_Immune_IFN,486,0.5733061473488668,8.242697946182368e-44,2.2431354090661373e-43
LUSC,cytolytic_t_cell_context,Cytolytic,GP2_ImmuneTcellBcell_score,486,0.8082854472119435,2.0530326559350956e-113,1.4013171453308555e-112
LUSC,cytolytic_t_cell_context,Cytolytic,CD8_CD68_ratio,486,0.3278386923797489,1.2197209801450524e-13,2.0297589880664075e-13
LUSC,cytolytic_t_cell_context,Cytolytic,TAMsurr_TcClassII_ratio,486,-0.4811849157558073,1.5651564756539817e-29,3.4290983598701805e-29
LUSC,cytolytic_t_cell_context,Cytolytic,CHANG_CORE_SERUM_RESPONSE_UP,486,-0.1094485521814338,0.0157836438432035,0.018076425790953
LUSC,cytolytic_t_cell_context,Cytolytic,CSR_Activated_15701700,486,-0.2646458867305208,3.11974984816682e-09,4.5993060092215454e-09
LUSC,cytolytic_t_cell_context,Cytolytic,CD103pos_CD103neg_ratio_25446897,486,0.1829998321903281,4.944443077693959e-05,6.346807537200362e-05
OV,cytolytic_t_cell_context,Cytolytic,ICS5_score,269,0.8895105912539929,8.21569029447909e-93,4.322374777753023e-92
OV,cytolytic_t_cell_context,Cytolytic,LIexpression_score,269,0.9295116733556504,1.1236854176297135e-117,8.139612079767831e-117
OV,cytolytic_t_cell_context,Cytolytic,Chemokine12_score,269,0.8966260544591361,1.860857137117732e-96,1.0298131053835668e-95
OV,cytolytic_t_cell_context,Cytolytic,NHI_5gene_score,269,0.5437676693842465,4.2279282857498274e-22,8.205469095425994e-22
OV,cytolytic_t_cell_context,Cytolytic,CD68,269,0.7311947444835097,2.964639806050524e-46,8.343321544187713e-46
OV,cytolytic_t_cell_context,Cytolytic,CD8A,269,0.8998511622435427,3.380818110510724e-98,1.9197965053422063e-97
OV,cytolytic_t_cell_context,Cytolytic,PD1_data,269,0.7479573876544798,1.9399083154745107e-49,5.7416220000986596e-49
OV,cytolytic_t_cell_context,Cytolytic,PDL1_data,269,0.5873222252851635,2.450512972200444e-26,5.1056264146956784e-26
OV,cytolytic_t_cell_context,Cytolytic,PD1_PDL1_score,269,0.771212876887628,2.680849934375389e-54,8.498731726691208e-54
OV,cytolytic_t_cell_context,Cytolytic,CTLA4_data,269,0.8468867200635526,3.3791659365058313e-75,1.4463149248301905e-74
OV,cytolytic_t_cell_context,Cytolytic,Bcell_mg_IGJ,269,0.552270247276628,7.035428255666836e-23,1.3811883692106672e-22
OV,cytolytic_t_cell_context,Cytolytic,Bcell_receptors_score,269,0.8019057758950127,1.1373186614328413e-61,4.0650548739780916e-61
OV,cytolytic_t_cell_context,Cytolytic,STAT1_score,269,0.8824584889858714,1.943132465407413e-89,9.78763019612623e-89
OV,cytolytic_t_cell_context,Cytolytic,CSF1_response,269,0.8181084130656824,4.158116815219965e-66,1.580723653025619e-65
OV,cytolytic_t_cell_context,Cytolytic,TcClassII_score,269,0.8870719030424044,1.2785242256561547e-91,6.630287690724005e-91
OV,cytolytic_t_cell_context,Cytolytic,IL12_score_21050467,269,0.9392819052198732,4.878697958548834e-126,3.979028020165765e-125
OV,cytolytic_t_cell_context,Cytolytic,IL4_score_21050467,269,0.5915390801689112,8.801331347119116e-27,1.851478829401701e-26
OV,cytolytic_t_cell_context,Cytolytic,IL2_score_21050467,269,0.7827178825078361,6.395721275677657e-57,2.1137742247683138e-56
OV,cytolytic_t_cell_context,Cytolytic,IL13_score_21050467,269,0.3883659714282033,4.085912658712663e-11,6.350675675256252e-11
OV,cytolytic_t_cell_context,Cytolytic,IFNG_score_21050467,269,0.767176863749888,2.051786468513473e-53,6.425859751705986e-53
OV,cytolytic_t_cell_context,Cytolytic,TGFB_score_21050467,269,0.2702982625433821,6.906311318733328e-06,9.141200382946304e-06
OV,cytolytic_t_cell_context,Cytolytic,TREM1_data,269,0.3395783933326892,1.1018206232742657e-08,1.5953963775916968e-08
OV,cytolytic_t_cell_context,Cytolytic,DAP12_data,269,0.7629651092933264,1.6428464535568305e-52,5.080775842722659e-52
OV,cytolytic_t_cell_context,Cytolytic,Tcell_receptors_score,269,0.964250618037446,5.094502694424756e-156,6.0776523372084805e-155
OV,cytolytic_t_cell_context,Cytolytic,IL8_21978456,269,0.3028843708608191,4.105752238237181e-07,5.676059002798033e-07
OV,cytolytic_t_cell_context,Cytolytic,IFN_21978456,269,0.3202247745165128,7.887655560899126e-08,1.1107648524797113e-07
OV,cytolytic_t_cell_context,Cytolytic,MHC1_21978456,269,0.6762791797331853,2.595816234717148e-37,6.448054939206066e-37
OV,cytolytic_t_cell_context,Cytolytic,MHC2_21978456,269,0.7434521147213837,1.472152091889242e-48,4.2987157165203837e-48
OV,cytolytic_t_cell_context,Cytolytic,Bcell_21978456,269,-0.0603381364642566,0.3241777050070406,0.3421666114160459
OV,cytolytic_t_cell_context,Cytolytic,Tcell_21978456,269,0.9290221753685106,2.7377467103425355e-117,1.980497620247792e-116
OV,cytolytic_t_cell_context,Cytolytic,CD103pos_mean_25446897,269,0.6495963952223073,1.2395846048547837e-33,2.8916553389408334e-33
OV,cytolytic_t_cell_context,Cytolytic,CD103neg_mean_25446897,269,0.6440580998533354,6.473763211864016e-33,1.4897323127132084e-32
OV,cytolytic_t_cell_context,Cytolytic,IgG_19272155,269,0.558784712798234,1.71927203319418e-23,3.4084693369447304e-23
OV,cytolytic_t_cell_context,Cytolytic,Interferon_19272155,269,0.305378715277011,3.259448345741657e-07,4.5233160716414845e-07
OV,cytolytic_t_cell_context,Cytolytic,LCK_19272155,269,0.92200504941296,4.958670998818653e-112,3.3343844540881914e-111
OV,cytolytic_t_cell_context,Cytolytic,MHC.I_19272155,269,0.6885175560422191,3.9261474250795514e-39,1.003205354271149e-38
OV,cytolytic_t_cell_context,Cytolytic,MHC.II_19272155,269,0.8020268548871068,1.05746201029433e-61,3.784600878948128e-61
OV,cytolytic_t_cell_context,Cytolytic,STAT1_19272155,269,0.7748377073739111,4.157661808300522e-55,1.3375328348406172e-54
OV,cytolytic_t_cell_context,Cytolytic,Troester_WoundSig_19887484,269,0.2277162685434899,0.000165193126366,0.0002076844482162
OV,cytolytic_t_cell_context,Cytolytic,MDACC.FNA.1_20805453,269,0.8457664730149141,8.257567898186783e-75,3.51771099186657e-74
OV,cytolytic_t_cell_context,Cytolytic,IGG_Cluster_21214954,269,0.7691473762376146,7.635792687108761e-54,2.4052525893382547e-53
OV,cytolytic_t_cell_context,Cytolytic,Minterferon_Cluster_21214954,269,0.592261088729783,7.3748065830338e-27,1.551990244166494e-26
OV,cytolytic_t_cell_context,Cytolytic,Immune_cell_Cluster_21214954,269,0.9112830862056592,6.983014842801102e-105,4.3364841032920086e-104
OV,cytolytic_t_cell_context,Cytolytic,MCD3_CD8_21214954,269,0.2410799535593365,6.47848542690028e-05,8.282716973522331e-05
OV,cytolytic_t_cell_context,Cytolytic,Interferon_Cluster_21214954,269,0.3791770327967015,1.261157538995372e-10,1.9342252642049123e-10
OV,cytolytic_t_cell_context,Cytolytic,B_cell_PCA_16704732,269,0.8702982716988692,4.231116463247486e-84,2.0190590842163442e-83
OV,cytolytic_t_cell_context,Cytolytic,CD8_PCA_16704732,269,0.9848109182727924,4.729745414543091e-205,1.072075627296434e-203
OV,cytolytic_t_cell_context,Cytolytic,GRANS_PCA_16704732,269,0.6242150069497268,1.8440560274378075e-30,4.1096537440645946e-30
OV,cytolytic_t_cell_context,Cytolytic,LYMPHS_PCA_16704732,269,0.4139790514589382,1.4600089946363133e-12,2.3610133563678785e-12
OV,cytolytic_t_cell_context,Cytolytic,T_cell_PCA_16704732,269,0.9432282253055246,8.09234668694539e-130,6.921755656758321e-129
OV,cytolytic_t_cell_context,Cytolytic,TGFB_PCA_17349583,269,0.4592818001941566,1.92557336819595e-15,3.342411972873634e-15
OV,cytolytic_t_cell_context,Cytolytic,Rotterdam_ERneg_PCA_15721472,269,0.3898182490724808,3.4082181202334755e-11,5.3140460229493006e-11
OV,cytolytic_t_cell_context,Cytolytic,HER2_Immune_PCA_18006808,269,0.9335762123633248,5.337387201646455e-121,4.0952590094438236e-120
OV,cytolytic_t_cell_context,Cytolytic,IR7_score,269,0.889675332912053,6.8093859235890035e-93,3.589443742667072e-92
OV,cytolytic_t_cell_context,Cytolytic,Buck14_score,269,0.0146516578517957,0.8109513999568578,0.8218285424301988
OV,cytolytic_t_cell_context,Cytolytic,TAMsurr_score,269,0.6574253885467335,1.1287257671978238e-34,2.680169434114431e-34
OV,cytolytic_t_cell_context,Cytolytic,Immune_NSCLC_score,269,0.7170799634727845,9.393709721812737e-44,2.5525365078252393e-43
OV,cytolytic_t_cell_context,Cytolytic,Module3_IFN_score,269,0.3647972543716704,6.865525373057611e-10,1.0317253599290996e-09
OV,cytolytic_t_cell_context,Cytolytic,Module4_TcellBcell_score,269,0.9460368375091652,1.1190477983568103e-132,9.914690591304636e-132
OV,cytolytic_t_cell_context,Cytolytic,Module5_TcellBcell_score,269,0.946954962941648,1.2046231000840055e-133,1.0867578216346584e-132
OV,cytolytic_t_cell_context,Cytolytic,Module11_Prolif_score,269,0.0118848156807068,0.8461566253464631,0.8552753701012187
OV,cytolytic_t_cell_context,Cytolytic,GP11_Immune_IFN,269,0.392179842419125,2.532938961773568e-11,3.9629531067150435e-11
OV,cytolytic_t_cell_context,Cytolytic,GP2_ImmuneTcellBcell_score,269,0.8616723078768525,1.2468920292447935e-80,5.719302393837839e-80
OV,cytolytic_t_cell_context,Cytolytic,CD8_CD68_ratio,269,0.1520452261616329,0.0125373843402709,0.0144345758330315
OV,cytolytic_t_cell_context,Cytolytic,TAMsurr_TcClassII_ratio,269,-0.470455325883267,3.2067887992882293e-16,5.65475885514683e-16
OV,cytolytic_t_cell_context,Cytolytic,CHANG_CORE_SERUM_RESPONSE_UP,269,0.0578004177745542,0.344979344528056,0.3633470734235479
OV,cytolytic_t_cell_context,Cytolytic,CSR_Activated_15701700,269,-0.044761693831882,0.4647216664074818,0.4828277053584227
OV,cytolytic_t_cell_context,Cytolytic,CD103pos_CD103neg_ratio_25446897,269,-0.1801198746231495,0.0030296459268068,0.0036064056546672
PAAD,cytolytic_t_cell_context,Cytolytic,ICS5_score,156,0.7984033734317529,9.444986190916744e-36,2.2907144395268435e-35
PAAD,cytolytic_t_cell_context,Cytolytic,LIexpression_score,156,0.8594140434238791,1.0134025370701223e-46,2.8713071883653472e-46
PAAD,cytolytic_t_cell_context,Cytolytic,Chemokine12_score,156,0.8635046071660002,1.2296941154574132e-47,3.5319619789273116e-47
PAAD,cytolytic_t_cell_context,Cytolytic,NHI_5gene_score,156,0.5689665936225159,9.254412300132275e-15,1.579171985969874e-14
PAAD,cytolytic_t_cell_context,Cytolytic,CD68,156,0.2433037725230326,0.0022093134696811,0.0026467001266385
PAAD,cytolytic_t_cell_context,Cytolytic,CD8A,156,0.9281920505282454,5.2631674031744875e-68,2.059829544839512e-67
PAAD,cytolytic_t_cell_context,Cytolytic,PD1_data,156,0.7830844292943961,1.4013617029811974e-33,3.267641519167473e-33
PAAD,cytolytic_t_cell_context,Cytolytic,PDL1_data,156,0.4057363090215254,1.4828082873771608e-07,2.0731115608665526e-07
PAAD,cytolytic_t_cell_context,Cytolytic,PD1_PDL1_score,156,0.7444243720266162,8.311013606784617e-29,1.796975914980458e-28
PAAD,cytolytic_t_cell_context,Cytolytic,CTLA4_data,156,0.7241644453982957,1.2353088353396115e-26,2.588628684224764e-26
PAAD,cytolytic_t_cell_context,Cytolytic,Bcell_mg_IGJ,156,0.4929529270543549,6.261169510772389e-11,9.681853933656e-11
PAAD,cytolytic_t_cell_context,Cytolytic,Bcell_receptors_score,156,0.7717848619430703,4.34787424703393e-32,9.87575611852383e-32
PAAD,cytolytic_t_cell_context,Cytolytic,STAT1_score,156,0.8693111683264929,5.4607194472682894e-49,1.6048791892565908e-48
PAAD,cytolytic_t_cell_context,Cytolytic,CSF1_response,156,0.7791680068027331,4.7156254848969764e-33,1.0883751649486443e-32
PAAD,cytolytic_t_cell_context,Cytolytic,TcClassII_score,156,0.908289737794566,3.668216086393935e-60,1.273458552009126e-59
PAAD,cytolytic_t_cell_context,Cytolytic,IL12_score_21050467,156,0.9122654235477424,1.4130373823643876e-61,5.0373023329372646e-61
PAAD,cytolytic_t_cell_context,Cytolytic,IL4_score_21050467,156,0.3861010573564508,6.423600008380926e-07,8.819884918120202e-07
PAAD,cytolytic_t_cell_context,Cytolytic,IL2_score_21050467,156,0.6798844647856364,1.6865256843821057e-22,3.296694115357045e-22
PAAD,cytolytic_t_cell_context,Cytolytic,IL13_score_21050467,156,0.4977659555979026,3.813528053616765e-11,5.9340939964746e-11
PAAD,cytolytic_t_cell_context,Cytolytic,IFNG_score_21050467,156,0.4808699727127457,2.1023287974056774e-10,3.199068156052276e-10
PAAD,cytolytic_t_cell_context,Cytolytic,TGFB_score_21050467,156,0.085999973131456,0.2857553136623084,0.3027870873243003
PAAD,cytolytic_t_cell_context,Cytolytic,TREM1_data,156,0.033786517635476,0.6754213873430972,0.6909161991625514
PAAD,cytolytic_t_cell_context,Cytolytic,DAP12_data,156,0.5823986597327778,1.5239755467830217e-15,2.652936631839884e-15
PAAD,cytolytic_t_cell_context,Cytolytic,Tcell_receptors_score,156,0.9043353194986644,8.103000748563672e-59,2.7498642590259746e-58
PAAD,cytolytic_t_cell_context,Cytolytic,IL8_21978456,156,0.1043353194986644,0.1949038823475702,0.2090039660892533
PAAD,cytolytic_t_cell_context,Cytolytic,IFN_21978456,156,0.2522008503105687,0.0014924021662086,0.0018029464321952
PAAD,cytolytic_t_cell_context,Cytolytic,MHC1_21978456,156,0.1927567074621735,0.0159166439424132,0.0182210738734696
PAAD,cytolytic_t_cell_context,Cytolytic,MHC2_21978456,156,0.7198274090815697,3.402544538846609e-26,7.0675228298303e-26
PAAD,cytolytic_t_cell_context,Cytolytic,Bcell_21978456,156,0.1387574214669894,0.0840764387992148,0.0926424604147718
PAAD,cytolytic_t_cell_context,Cytolytic,Tcell_21978456,156,0.8695231622702344,4.860141057687612e-49,1.4299171094548734e-48
PAAD,cytolytic_t_cell_context,Cytolytic,CD103pos_mean_25446897,156,0.785430924120055,6.6917328863135665e-34,1.5677444832707062e-33
PAAD,cytolytic_t_cell_context,Cytolytic,CD103neg_mean_25446897,156,0.6583110745839325,9.757474928502011e-21,1.860520981810408e-20
PAAD,cytolytic_t_cell_context,Cytolytic,IgG_19272155,156,0.5690672963407344,9.132873613966612e-15,1.5594109372246818e-14
PAAD,cytolytic_t_cell_context,Cytolytic,Interferon_19272155,156,0.2500215343693265,0.0016450354820645,0.0019833761131274
PAAD,cytolytic_t_cell_context,Cytolytic,LCK_19272155,156,0.8801188538192851,1.0919775463608812e-51,3.324206968216673e-51
PAAD,cytolytic_t_cell_context,Cytolytic,MHC.I_19272155,156,0.2151224219014295,0.0069984150481949,0.0081715771328998
PAAD,cytolytic_t_cell_context,Cytolytic,MHC.II_19272155,156,0.7790804634034548,4.843906145476079e-33,1.1175084576501215e-32
PAAD,cytolytic_t_cell_context,Cytolytic,STAT1_19272155,156,0.6812036171420447,1.3011695770247513e-22,2.546173560796636e-22
PAAD,cytolytic_t_cell_context,Cytolytic,Troester_WoundSig_19887484,156,0.5269716987023335,1.5849547988874893e-12,2.556985203424657e-12
PAAD,cytolytic_t_cell_context,Cytolytic,MDACC.FNA.1_20805453,156,0.7810156161716464,2.6685773980986112e-33,6.19328542903432e-33
PAAD,cytolytic_t_cell_context,Cytolytic,IGG_Cluster_21214954,156,0.7106257211044554,2.74470054736e-25,5.625912199562319e-25
PAAD,cytolytic_t_cell_context,Cytolytic,Minterferon_Cluster_21214954,156,0.5165387907090094,5.112053829501944e-12,8.155299950877e-12
PAAD,cytolytic_t_cell_context,Cytolytic,Immune_cell_Cluster_21214954,156,0.8787153672298524,2.5301696438360925e-51,7.65950075819051e-51
PAAD,cytolytic_t_cell_context,Cytolytic,MCD3_CD8_21214954,156,0.6402806973178865,2.2651255527348477e-19,4.2156288083741263e-19
PAAD,cytolytic_t_cell_context,Cytolytic,Interferon_Cluster_21214954,156,0.2812315278721689,0.0003759946536444,0.0004664563091962
PAAD,cytolytic_t_cell_context,Cytolytic,B_cell_PCA_16704732,156,0.7823615874571287,1.756447374541083e-33,4.08685787746086e-33
PAAD,cytolytic_t_cell_context,Cytolytic,CD8_PCA_16704732,156,0.9795119083192652,4.3344967821130795e-109,2.8340940498431672e-108
PAAD,cytolytic_t_cell_context,Cytolytic,GRANS_PCA_16704732,156,-0.2917608382987466,0.0002194379143432,0.000274644537001
PAAD,cytolytic_t_cell_context,Cytolytic,LYMPHS_PCA_16704732,156,-0.0009546237612808,0.9905633550065602,0.9909276666487103
PAAD,cytolytic_t_cell_context,Cytolytic,T_cell_PCA_16704732,156,0.8991670749632532,3.799476675986917e-57,1.2587791179883574e-56
PAAD,cytolytic_t_cell_context,Cytolytic,TGFB_PCA_17349583,156,0.2111284878764136,0.0081527462171743,0.0094787218254815
PAAD,cytolytic_t_cell_context,Cytolytic,Rotterdam_ERneg_PCA_15721472,156,-0.3499931643195956,7.508525713991318e-06,9.923804636567727e-06
PAAD,cytolytic_t_cell_context,Cytolytic,HER2_Immune_PCA_18006808,156,0.8895038801346588,2.979175442813697e-54,9.4334775371982e-54
PAAD,cytolytic_t_cell_context,Cytolytic,IR7_score,156,0.8376473228619506,2.734024231735581e-42,7.287159147791062e-42
PAAD,cytolytic_t_cell_context,Cytolytic,Buck14_score,156,0.3685293171669981,2.2057383416142013e-06,2.9693681213514617e-06
PAAD,cytolytic_t_cell_context,Cytolytic,TAMsurr_score,156,0.6434406311271241,1.325325273489217e-19,2.477584016419704e-19
PAAD,cytolytic_t_cell_context,Cytolytic,Immune_NSCLC_score,156,0.5578093562766466,3.8955120947300324e-14,6.550722038742311e-14
PAAD,cytolytic_t_cell_context,Cytolytic,Module3_IFN_score,156,0.2981776801378198,0.0001564155108205,0.0001968765337491
PAAD,cytolytic_t_cell_context,Cytolytic,Module4_TcellBcell_score,156,0.8889222550615604,4.3615651167230156e-54,1.3786702054022782e-53
PAAD,cytolytic_t_cell_context,Cytolytic,Module5_TcellBcell_score,156,0.9118267639637188,2.0392436524095678e-61,7.245908209737457e-61
PAAD,cytolytic_t_cell_context,Cytolytic,Module11_Prolif_score,156,-0.224822153628568,0.0047775910388151,0.0056292170784393
PAAD,cytolytic_t_cell_context,Cytolytic,GP11_Immune_IFN,156,0.3098275890845312,8.287844685768394e-05,0.0001054147184722
PAAD,cytolytic_t_cell_context,Cytolytic,GP2_ImmuneTcellBcell_score,156,0.8328604446770727,2.1073990505768355e-41,5.557077477042164e-41
PAAD,cytolytic_t_cell_context,Cytolytic,CD8_CD68_ratio,156,0.6778176415735486,2.5253786740320343e-22,4.922271582491677e-22
PAAD,cytolytic_t_cell_context,Cytolytic,TAMsurr_TcClassII_ratio,156,-0.2450180454355135,0.002050679208273,0.0024620822981693
PAAD,cytolytic_t_cell_context,Cytolytic,CHANG_CORE_SERUM_RESPONSE_UP,156,-0.2009470463371763,0.0118912804507359,0.0137052045872889
PAAD,cytolytic_t_cell_context,Cytolytic,CSR_Activated_15701700,156,-0.2978162156698187,0.000159460806227,0.0002006167404891
PAAD,cytolytic_t_cell_context,Cytolytic,CD103pos_CD103neg_ratio_25446897,156,0.3508877296769991,7.089893232647616e-06,9.377344805641388e-06
UCEC,cytolytic_t_cell_context,Cytolytic,ICS5_score,528,0.8247158305785403,2.649887225146204e-132,2.3325868130736805e-131
UCEC,cytolytic_t_cell_context,Cytolytic,LIexpression_score,528,0.8987358732066897,1.813092169093357e-190,3.3662871671903967e-189
UCEC,cytolytic_t_cell_context,Cytolytic,Chemokine12_score,528,0.8686636419939261,1.4127247912720714e-162,1.804042925943678e-161
UCEC,cytolytic_t_cell_context,Cytolytic,NHI_5gene_score,528,0.4284987739112207,5.427861563448774e-25,1.106315732677457e-24
UCEC,cytolytic_t_cell_context,Cytolytic,CD68,528,0.5661124457603735,4.5211232994516475e-46,1.269742423800566e-45
UCEC,cytolytic_t_cell_context,Cytolytic,CD8A,528,0.8884838407097693,4.570936873983524e-180,7.422655699841903e-179
UCEC,cytolytic_t_cell_context,Cytolytic,PD1_data,528,0.8223681343810041,6.267149037829436e-131,5.428867956336326e-130
UCEC,cytolytic_t_cell_context,Cytolytic,PDL1_data,528,0.4526443051917636,4.956280061095667e-28,1.060667330147932e-27
UCEC,cytolytic_t_cell_context,Cytolytic,PD1_PDL1_score,528,0.7919696366766609,8.616564828234916e-115,5.956049893976865e-114
UCEC,cytolytic_t_cell_context,Cytolytic,CTLA4_data,528,0.8026061954217177,4.082500866135512e-120,3.0845562099690543e-119
UCEC,cytolytic_t_cell_context,Cytolytic,Bcell_mg_IGJ,528,0.4272972007198778,7.578814928250162e-25,1.5395352206751636e-24
UCEC,cytolytic_t_cell_context,Cytolytic,Bcell_receptors_score,528,0.7147395683906134,1.0208247089900169e-83,4.854271343449032e-83
UCEC,cytolytic_t_cell_context,Cytolytic,STAT1_score,528,0.7934415010047837,1.6493315696623026e-115,1.153260120689322e-114
UCEC,cytolytic_t_cell_context,Cytolytic,CSF1_response,528,0.7841254397156576,4.636641637555291e-111,3.0835367369560853e-110
UCEC,cytolytic_t_cell_context,Cytolytic,TcClassII_score,528,0.8194854404097839,2.8608431895973235e-129,2.4279230813431264e-128
UCEC,cytolytic_t_cell_context,Cytolytic,IL12_score_21050467,528,0.8850361759107276,8.525634969304938e-177,1.317598131619854e-175
UCEC,cytolytic_t_cell_context,Cytolytic,IL4_score_21050467,528,0.6127237985050297,9.78069861481651e-56,3.189868133369413e-55
UCEC,cytolytic_t_cell_context,Cytolytic,IL2_score_21050467,528,0.7367374830944906,1.930372854422427e-91,9.99165397531684e-91
UCEC,cytolytic_t_cell_context,Cytolytic,IL13_score_21050467,528,0.205629734752284,1.8901718889353355e-06,2.5502319136429126e-06
UCEC,cytolytic_t_cell_context,Cytolytic,IFNG_score_21050467,528,0.4712625471316249,1.5128633421791332e-30,3.3743241416377554e-30
UCEC,cytolytic_t_cell_context,Cytolytic,TGFB_score_21050467,528,0.1335948216796464,0.0020958660508107,0.0025143853135116
UCEC,cytolytic_t_cell_context,Cytolytic,TREM1_data,528,0.1281950684481575,0.0031684804610735,0.0037675483515278
UCEC,cytolytic_t_cell_context,Cytolytic,DAP12_data,528,0.684878358171289,2.4660676928814828e-74,1.0440006419669467e-73
UCEC,cytolytic_t_cell_context,Cytolytic,Tcell_receptors_score,528,0.931336064400548,6.490368560560773e-233,2.0892073946420482e-231
UCEC,cytolytic_t_cell_context,Cytolytic,IL8_21978456,528,0.1230524291247188,0.0046316232536606,0.0054619619553249
UCEC,cytolytic_t_cell_context,Cytolytic,IFN_21978456,528,0.2128151410705516,8.007915110044807e-07,1.096201766448006e-06
UCEC,cytolytic_t_cell_context,Cytolytic,MHC1_21978456,528,0.4610566187492541,3.782428724059586e-29,8.23385844693243e-29
UCEC,cytolytic_t_cell_context,Cytolytic,MHC2_21978456,528,0.6206440232794331,1.5285692101548364e-57,5.088994188030789e-57
UCEC,cytolytic_t_cell_context,Cytolytic,Bcell_21978456,528,0.10598531628299,0.0148321756753481,0.0170118143946645
UCEC,cytolytic_t_cell_context,Cytolytic,Tcell_21978456,528,0.8960844417089008,1.1278463888106089e-187,2.024912328425648e-186
UCEC,cytolytic_t_cell_context,Cytolytic,CD103pos_mean_25446897,528,0.6624563884101949,5.3348044505832935e-68,2.0863649325070536e-67
UCEC,cytolytic_t_cell_context,Cytolytic,CD103neg_mean_25446897,528,0.6500887379804349,9.828892999762341e-65,3.679915892546946e-64
UCEC,cytolytic_t_cell_context,Cytolytic,IgG_19272155,528,0.6610680894037934,1.2630299968485811e-67,4.9042706515747914e-67
UCEC,cytolytic_t_cell_context,Cytolytic,Interferon_19272155,528,0.1906868579999225,1.0250953401872856e-05,1.3476362132959966e-05
UCEC,cytolytic_t_cell_context,Cytolytic,LCK_19272155,528,0.900958416966767,7.180678302832155e-193,1.3803141331239195e-191
UCEC,cytolytic_t_cell_context,Cytolytic,MHC.I_19272155,528,0.4477520025963515,2.142060464034037e-27,4.548325107082421e-27
UCEC,cytolytic_t_cell_context,Cytolytic,MHC.II_19272155,528,0.6936670223930875,5.6225901443940436e-77,2.4528380421414274e-76
UCEC,cytolytic_t_cell_context,Cytolytic,STAT1_19272155,528,0.6750312570046293,1.7510756282792817e-71,7.173080886927177e-71
UCEC,cytolytic_t_cell_context,Cytolytic,Troester_WoundSig_19887484,528,0.2145323087854092,6.493019967651071e-07,8.912951961650725e-07
UCEC,cytolytic_t_cell_context,Cytolytic,MDACC.FNA.1_20805453,528,0.7558640945072147,8.136056488493294e-99,4.654063858822663e-98
UCEC,cytolytic_t_cell_context,Cytolytic,IGG_Cluster_21214954,528,0.7621369011029583,2.193124137041288e-101,1.2939908140460526e-100
UCEC,cytolytic_t_cell_context,Cytolytic,Minterferon_Cluster_21214954,528,0.4860479711297118,1.172777655066542e-32,2.690809971978907e-32
UCEC,cytolytic_t_cell_context,Cytolytic,Immune_cell_Cluster_21214954,528,0.8623035069863267,1.4631402745748977e-157,1.7846374649523415e-156
UCEC,cytolytic_t_cell_context,Cytolytic,MCD3_CD8_21214954,528,0.2915105548675739,8.405885840162003e-12,1.332401485153884e-11
UCEC,cytolytic_t_cell_context,Cytolytic,Interferon_Cluster_21214954,528,0.2349118123010356,4.7164881146101554e-08,6.69913716539928e-08
UCEC,cytolytic_t_cell_context,Cytolytic,B_cell_PCA_16704732,528,0.7810410599219451,1.2321741895429772e-109,8.095443950620527e-109
UCEC,cytolytic_t_cell_context,Cytolytic,CD8_PCA_16704732,528,0.9806209636348804,0,0
UCEC,cytolytic_t_cell_context,Cytolytic,GRANS_PCA_16704732,528,0.3365300813085711,1.902795276157759e-15,3.3039279611548707e-15
UCEC,cytolytic_t_cell_context,Cytolytic,LYMPHS_PCA_16704732,528,0.1465171577850267,0.0007328901035593,0.0008963765485898
UCEC,cytolytic_t_cell_context,Cytolytic,T_cell_PCA_16704732,528,0.8913683164884401,6.912738205085604e-183,1.164250645067049e-181
UCEC,cytolytic_t_cell_context,Cytolytic,TGFB_PCA_17349583,528,0.2953505246445332,4.339901252195893e-12,6.937720485438043e-12
UCEC,cytolytic_t_cell_context,Cytolytic,Rotterdam_ERneg_PCA_15721472,528,0.1110885337204931,0.0106346159309682,0.0122985354303714
UCEC,cytolytic_t_cell_context,Cytolytic,HER2_Immune_PCA_18006808,528,0.8851842587649686,6.200232011673181e-177,9.609476394160143e-176
UCEC,cytolytic_t_cell_context,Cytolytic,IR7_score,528,0.8299570780462265,1.9084157978357734e-135,1.750722080982565e-134
UCEC,cytolytic_t_cell_context,Cytolytic,Buck14_score,528,0.3749699052083166,4.522806982679231e-19,8.380132828942446e-19
UCEC,cytolytic_t_cell_context,Cytolytic,TAMsurr_score,528,0.5811462566594323,5.098191843280959e-49,1.4991439798620764e-48
UCEC,cytolytic_t_cell_context,Cytolytic,Immune_NSCLC_score,528,0.5498058382587491,4.855611515350671e-43,1.3108946225065833e-42
UCEC,cytolytic_t_cell_context,Cytolytic,Module3_IFN_score,528,0.2427321986910575,1.6134485762569945e-08,2.3263080452791018e-08
UCEC,cytolytic_t_cell_context,Cytolytic,Module4_TcellBcell_score,528,0.9110176017697068,1.663942862693746e-204,3.7559540137153437e-203
UCEC,cytolytic_t_cell_context,Cytolytic,Module5_TcellBcell_score,528,0.8999326883532353,9.372285400346972e-192,1.7581114682030182e-190
UCEC,cytolytic_t_cell_context,Cytolytic,Module11_Prolif_score,528,-0.138552273448153,0.0014151190173999,0.0017111019014571
UCEC,cytolytic_t_cell_context,Cytolytic,GP11_Immune_IFN,528,0.2947363160659842,4.827169797737743e-12,7.705341461177618e-12
UCEC,cytolytic_t_cell_context,Cytolytic,GP2_ImmuneTcellBcell_score,528,0.7723281701735109,9.825135703810534e-106,6.150602788116146e-105
UCEC,cytolytic_t_cell_context,Cytolytic,CD8_CD68_ratio,528,0.2327400518548513,6.311375767461216e-08,8.90863626751142e-08
UCEC,cytolytic_t_cell_context,Cytolytic,TAMsurr_TcClassII_ratio,528,-0.3179150724979512,7.274511419019507e-14,1.217641295983573e-13
UCEC,cytolytic_t_cell_context,Cytolytic,CHANG_CORE_SERUM_RESPONSE_UP,528,-0.0427212070829207,0.3271950119842299,0.3452843579426208
UCEC,cytolytic_t_cell_context,Cytolytic,CSR_Activated_15701700,528,-0.1359471499613732,0.0017422900075439,0.0020973794293071
UCEC,cytolytic_t_cell_context,Cytolytic,CD103pos_CD103neg_ratio_25446897,528,-0.0077243209027746,0.8594507612633725,0.868067608851234
BRCA,ifn_gamma_response,IFN-gamma,ICS5_score,1082,0.6498655731293398,7.599401993356185e-131,6.562023308548831e-130
BRCA,ifn_gamma_response,IFN-gamma,LIexpression_score,1082,0.608408163806056,1.5289638256220387e-110,1.0094130110902779e-109
BRCA,ifn_gamma_response,IFN-gamma,Chemokine12_score,1082,0.7551904174705342,2.5656749918829132e-200,5.430845119005079e-199
BRCA,ifn_gamma_response,IFN-gamma,NHI_5gene_score,1082,0.9221719576029772,0,0
BRCA,ifn_gamma_response,IFN-gamma,CD68,1082,0.5808523789269645,1.25826292260488e-98,7.175000313386318e-98
BRCA,ifn_gamma_response,IFN-gamma,CD8A,1082,0.6375730603286531,1.6882564700207027e-124,1.3486219085040563e-123
BRCA,ifn_gamma_response,IFN-gamma,PD1_data,1082,0.624731172140967,3.595602409590489e-118,2.6255137057949342e-117
BRCA,ifn_gamma_response,IFN-gamma,PDL1_data,1082,0.7063728508874143,2.921243527680095e-164,3.8292927206216176e-163
BRCA,ifn_gamma_response,IFN-gamma,PD1_PDL1_score,1082,0.7538718557754643,3.11500933779578e-199,6.467805647942383e-198
BRCA,ifn_gamma_response,IFN-gamma,CTLA4_data,1082,0.7371893957697472,4.383705723675732e-186,7.692696495740639e-185
BRCA,ifn_gamma_response,IFN-gamma,Bcell_mg_IGJ,1082,0.6269537304936834,3.0320924720790575e-119,2.253358339905748e-118
BRCA,ifn_gamma_response,IFN-gamma,Bcell_receptors_score,1082,0.5838916327224656,6.938348875047927e-100,4.036857527300612e-99
BRCA,ifn_gamma_response,IFN-gamma,STAT1_score,1082,0.8904188060149666,0,0
BRCA,ifn_gamma_response,IFN-gamma,CSF1_response,1082,0.6894468465772566,1.91267872094214e-153,2.209123618243151e-152
BRCA,ifn_gamma_response,IFN-gamma,TcClassII_score,1082,0.6766970171166361,8.891669111921832e-146,9.302053840164378e-145
BRCA,ifn_gamma_response,IFN-gamma,IL12_score_21050467,1082,0.7044107182335739,5.739606132296107e-163,7.364022962191231e-162
BRCA,ifn_gamma_response,IFN-gamma,IL4_score_21050467,1082,0.4847555026945066,7.571693005519319e-65,2.8406903413810413e-64
BRCA,ifn_gamma_response,IFN-gamma,IL2_score_21050467,1082,0.6219986755943389,7.317545744700735e-117,5.258579768979127e-116
BRCA,ifn_gamma_response,IFN-gamma,IL13_score_21050467,1082,0.2961002846966268,2.4563007179166575e-23,4.851952035390929e-23
BRCA,ifn_gamma_response,IFN-gamma,IFNG_score_21050467,1082,0.7885891301068741,2.5852306613991187e-230,8.129280230064281e-229
BRCA,ifn_gamma_response,IFN-gamma,TGFB_score_21050467,1082,0.1291054378479742,2.0470655921289064e-05,2.6666754839993413e-05
BRCA,ifn_gamma_response,IFN-gamma,TREM1_data,1082,0.1684391075913499,2.488635353292916e-08,3.5711359329763816e-08
BRCA,ifn_gamma_response,IFN-gamma,DAP12_data,1082,0.495980522758137,2.9512164038991603e-68,1.1583417920065967e-67
BRCA,ifn_gamma_response,IFN-gamma,Tcell_receptors_score,1082,0.678258554751377,1.07358544114937e-146,1.1362460700102279e-145
BRCA,ifn_gamma_response,IFN-gamma,IL8_21978456,1082,0.1979684204686305,5.047623285260647e-11,7.827557204052999e-11
BRCA,ifn_gamma_response,IFN-gamma,IFN_21978456,1082,0.8822513215618463,0,0
BRCA,ifn_gamma_response,IFN-gamma,MHC1_21978456,1082,0.6694253726222796,1.4146763543467942e-141,1.4172816515002872e-140
BRCA,ifn_gamma_response,IFN-gamma,MHC2_21978456,1082,0.6002784312063495,6.618478808334105e-107,4.2209290407195234e-106
BRCA,ifn_gamma_response,IFN-gamma,Bcell_21978456,1082,-0.0338108435662609,0.2664830338068188,0.28291719436165
BRCA,ifn_gamma_response,IFN-gamma,Tcell_21978456,1082,0.6931326161765703,9.781376256019548e-156,1.1643476331016704e-154
BRCA,ifn_gamma_response,IFN-gamma,CD103pos_mean_25446897,1082,0.4872907583138884,1.319026290329631e-65,4.993391106049542e-65
BRCA,ifn_gamma_response,IFN-gamma,CD103neg_mean_25446897,1082,0.5050765958210233,4.099839525413547e-71,1.6731528145723704e-70
BRCA,ifn_gamma_response,IFN-gamma,IgG_19272155,1082,0.4443064347005989,1.4553711209798728e-53,4.565870183466267e-53
BRCA,ifn_gamma_response,IFN-gamma,Interferon_19272155,1082,0.8728944174421299,0,0
BRCA,ifn_gamma_response,IFN-gamma,LCK_19272155,1082,0.6792833474166109,2.661797325263928e-147,2.8504286317786945e-146
BRCA,ifn_gamma_response,IFN-gamma,MHC.I_19272155,1082,0.6843934107819031,2.33211043768747e-150,2.5785936546788285e-149
BRCA,ifn_gamma_response,IFN-gamma,MHC.II_19272155,1082,0.6635410752978617,2.911823131362979e-138,2.7596372534171784e-137
BRCA,ifn_gamma_response,IFN-gamma,STAT1_19272155,1082,0.9241099411190182,0,0
BRCA,ifn_gamma_response,IFN-gamma,Troester_WoundSig_19887484,1082,0.2611451753696275,2.5002896585816585e-18,4.571958232835033e-18
BRCA,ifn_gamma_response,IFN-gamma,MDACC.FNA.1_20805453,1082,0.632645991459168,4.907323075201598e-122,3.819146999870772e-121
BRCA,ifn_gamma_response,IFN-gamma,IGG_Cluster_21214954,1082,0.5717932767029239,5.935767547349066e-95,3.216192774659255e-94
BRCA,ifn_gamma_response,IFN-gamma,Minterferon_Cluster_21214954,1082,0.9801033342715272,0,0
BRCA,ifn_gamma_response,IFN-gamma,Immune_cell_Cluster_21214954,1082,0.7765350007220769,6.881343543675604e-219,1.939611858942761e-217
BRCA,ifn_gamma_response,IFN-gamma,MCD3_CD8_21214954,1082,0.0350073938743519,0.2499187565248622,0.2658502220366152
BRCA,ifn_gamma_response,IFN-gamma,Interferon_Cluster_21214954,1082,0.8960519115419716,0,0
BRCA,ifn_gamma_response,IFN-gamma,B_cell_PCA_16704732,1082,0.6237039123822693,1.1200893408836007e-117,8.124381352542384e-117
BRCA,ifn_gamma_response,IFN-gamma,CD8_PCA_16704732,1082,0.6877164052755824,2.215841662468866e-152,2.5008669385540733e-151
BRCA,ifn_gamma_response,IFN-gamma,GRANS_PCA_16704732,1082,0.5317565225269792,5.1951607662801115e-80,2.3649936877459253e-79
BRCA,ifn_gamma_response,IFN-gamma,LYMPHS_PCA_16704732,1082,0.1596597483956987,1.2943603267617804e-07,1.8129042681730398e-07
BRCA,ifn_gamma_response,IFN-gamma,T_cell_PCA_16704732,1082,0.6919262183573059,5.548279912716029e-155,6.5189293142927e-154
BRCA,ifn_gamma_response,IFN-gamma,TGFB_PCA_17349583,1082,0.1391933093635317,4.313213753471741e-06,5.750951671295655e-06
BRCA,ifn_gamma_response,IFN-gamma,Rotterdam_ERneg_PCA_15721472,1082,0.330507945116883,5.428725600625717e-29,1.1794036448643731e-28
BRCA,ifn_gamma_response,IFN-gamma,HER2_Immune_PCA_18006808,1082,0.7077862921358145,3.367015060757117e-165,4.5003837667122165e-164
BRCA,ifn_gamma_response,IFN-gamma,IR7_score,1082,0.6178052942447138,7.039219987384925e-115,4.878134615461654e-114
BRCA,ifn_gamma_response,IFN-gamma,Buck14_score,1082,0.1856063274544309,7.66264779759379e-10,1.1502429365041451e-09
BRCA,ifn_gamma_response,IFN-gamma,TAMsurr_score,1082,0.8888097886753464,0,0
BRCA,ifn_gamma_response,IFN-gamma,Immune_NSCLC_score,1082,0.6664008056750471,7.299608067734069e-140,7.091047837227382e-139
BRCA,ifn_gamma_response,IFN-gamma,Module3_IFN_score,1082,0.917016028389665,0,0
BRCA,ifn_gamma_response,IFN-gamma,Module4_TcellBcell_score,1082,0.6672578554766134,2.3991114464181485e-140,2.3515614898224736e-139
BRCA,ifn_gamma_response,IFN-gamma,Module5_TcellBcell_score,1082,0.7864989572252279,2.7968994239104166e-228,8.406150754736282e-227
BRCA,ifn_gamma_response,IFN-gamma,Module11_Prolif_score,1082,0.2538557821306526,2.2536879262877508e-17,4.052913163307559e-17
BRCA,ifn_gamma_response,IFN-gamma,GP11_Immune_IFN,1082,0.9080625136986714,0,0
BRCA,ifn_gamma_response,IFN-gamma,GP2_ImmuneTcellBcell_score,1082,0.5956356305929007,7.095572489597367e-105,4.4013585340261894e-104
BRCA,ifn_gamma_response,IFN-gamma,CD8_CD68_ratio,1082,0.1052148073260206,0.0005272096046323,0.0006488733595474
BRCA,ifn_gamma_response,IFN-gamma,TAMsurr_TcClassII_ratio,1082,0.3037419042746457,1.5782513219167748e-24,3.18460207389735e-24
BRCA,ifn_gamma_response,IFN-gamma,CHANG_CORE_SERUM_RESPONSE_UP,1082,0.2127649822023776,1.5307615750408385e-12,2.471021652291443e-12
BRCA,ifn_gamma_response,IFN-gamma,CSR_Activated_15701700,1082,0.081311972098113,0.0074507162547502,0.0086792069434349
BRCA,ifn_gamma_response,IFN-gamma,CD103pos_CD103neg_ratio_25446897,1082,0.1139078389920777,0.0001735118198316,0.0002178911126233
COAD,ifn_gamma_response,IFN-gamma,ICS5_score,439,0.7427457459571025,3.834129191894656e-78,1.7054507607446386e-77
COAD,ifn_gamma_response,IFN-gamma,LIexpression_score,439,0.6567498374989517,1.5898130361287946e-55,5.163333084501876e-55
COAD,ifn_gamma_response,IFN-gamma,Chemokine12_score,439,0.841872904068205,3.9619566733234124e-119,2.938087793958852e-118
COAD,ifn_gamma_response,IFN-gamma,NHI_5gene_score,439,0.9408788960129076,1.4494112274850236e-207,3.4133320681898387e-206
COAD,ifn_gamma_response,IFN-gamma,CD68,439,0.4617999933629195,1.4211409662160155e-24,2.8707786320887942e-24
COAD,ifn_gamma_response,IFN-gamma,CD8A,439,0.7559213411819173,2.0037960541039047e-82,9.389018548083758e-82
COAD,ifn_gamma_response,IFN-gamma,PD1_data,439,0.676155655126043,5.907552291107344e-60,2.043044148990715e-59
COAD,ifn_gamma_response,IFN-gamma,PDL1_data,439,0.809096852076966,6.109383176523535e-103,3.668327205329805e-102
COAD,ifn_gamma_response,IFN-gamma,PD1_PDL1_score,439,0.8165247018015774,2.540506369731921e-106,1.603289402707848e-105
COAD,ifn_gamma_response,IFN-gamma,CTLA4_data,439,0.668515964922366,3.5924448603823696e-58,1.2093378737920848e-57
COAD,ifn_gamma_response,IFN-gamma,Bcell_mg_IGJ,439,0.5848222366951756,1.2372093188207377e-41,3.2767374364093537e-41
COAD,ifn_gamma_response,IFN-gamma,Bcell_receptors_score,439,0.6202604803918207,5.0031403578587216e-48,1.4523523770945276e-47
COAD,ifn_gamma_response,IFN-gamma,STAT1_score,439,0.90796906091707,3.528186782060141e-167,4.7983340236017917e-166
COAD,ifn_gamma_response,IFN-gamma,CSF1_response,439,0.7459486699859471,3.691265046569005e-79,1.665048246545223e-78
COAD,ifn_gamma_response,IFN-gamma,TcClassII_score,439,0.8049516907998479,4.063904569456443e-101,2.3926018244418883e-100
COAD,ifn_gamma_response,IFN-gamma,IL12_score_21050467,439,0.8047085966156275,5.181876890151866e-101,3.0475038143163405e-100
COAD,ifn_gamma_response,IFN-gamma,IL4_score_21050467,439,0.4727554828593327,7.936459452054387e-26,1.6372521584822095e-25
COAD,ifn_gamma_response,IFN-gamma,IL2_score_21050467,439,0.6396557071768985,6.92390273346636e-52,2.1196415796317953e-51
COAD,ifn_gamma_response,IFN-gamma,IL13_score_21050467,439,0.4533191202987149,1.2360383333035465e-23,2.455824884284621e-23
COAD,ifn_gamma_response,IFN-gamma,IFNG_score_21050467,439,0.8798522141775684,2.8227952367431213e-143,2.8437048310893667e-142
COAD,ifn_gamma_response,IFN-gamma,TGFB_score_21050467,439,0.3950208626530185,7.599685702759419e-18,1.3785358527179472e-17
COAD,ifn_gamma_response,IFN-gamma,TREM1_data,439,0.5060570342342416,6.326382988825639e-30,1.3978685401791826e-29
COAD,ifn_gamma_response,IFN-gamma,DAP12_data,439,0.6216538579883107,2.6978487321494863e-48,7.860898287570008e-48
COAD,ifn_gamma_response,IFN-gamma,Tcell_receptors_score,439,0.7247700810341219,1.0462328968314012e-72,4.351305014344666e-72
COAD,ifn_gamma_response,IFN-gamma,IL8_21978456,439,0.2997506750651921,1.4498550300204712e-10,2.2186248560650806e-10
COAD,ifn_gamma_response,IFN-gamma,IFN_21978456,439,0.8759885561535262,1.823240014208441e-140,1.79681624588658e-139
COAD,ifn_gamma_response,IFN-gamma,MHC1_21978456,439,0.4350201366232545,1.0751702215091573e-21,2.0718831048564698e-21
COAD,ifn_gamma_response,IFN-gamma,MHC2_21978456,439,0.752708043734371,2.3496155716608183e-81,1.0859735522374554e-80
COAD,ifn_gamma_response,IFN-gamma,Bcell_21978456,439,-0.1334585520362216,0.0050970721203472,0.0059952588831759
COAD,ifn_gamma_response,IFN-gamma,Tcell_21978456,439,0.751863039782097,4.4608847119471595e-81,2.0478660618559117e-80
COAD,ifn_gamma_response,IFN-gamma,CD103pos_mean_25446897,439,0.5750315392658227,5.289568163646016e-40,1.3656977128730104e-39
COAD,ifn_gamma_response,IFN-gamma,CD103neg_mean_25446897,439,0.6190025975702328,8.71423002060562e-48,2.510879836445687e-47
COAD,ifn_gamma_response,IFN-gamma,IgG_19272155,439,0.3566496007018158,1.2961410816697324e-14,2.202751479001357e-14
COAD,ifn_gamma_response,IFN-gamma,Interferon_19272155,439,0.882063756083227,6.283532321605935e-145,6.510936348483103e-144
COAD,ifn_gamma_response,IFN-gamma,LCK_19272155,439,0.757328557959636,6.735764195555562e-83,3.178018839880508e-82
COAD,ifn_gamma_response,IFN-gamma,MHC.I_19272155,439,0.4412760934751187,2.407690090628082e-22,4.694564191045436e-22
COAD,ifn_gamma_response,IFN-gamma,MHC.II_19272155,439,0.7908640988752534,3.094501592239466e-95,1.6850939601384078e-94
COAD,ifn_gamma_response,IFN-gamma,STAT1_19272155,439,0.9224093010843464,1.1483802494447069e-182,1.922211863685909e-181
COAD,ifn_gamma_response,IFN-gamma,Troester_WoundSig_19887484,439,0.4909365699249871,5.222182019953376e-28,1.1171321348229007e-27
COAD,ifn_gamma_response,IFN-gamma,MDACC.FNA.1_20805453,439,0.7055988872023822,2.29231153370232e-67,8.875569212342076e-67
COAD,ifn_gamma_response,IFN-gamma,IGG_Cluster_21214954,439,0.5126466259282052,8.618855189227053e-31,1.9271094216767432e-30
COAD,ifn_gamma_response,IFN-gamma,Minterferon_Cluster_21214954,439,0.9799341925284004,3.127369818237621e-308,1.736009368491088e-306
COAD,ifn_gamma_response,IFN-gamma,Immune_cell_Cluster_21214954,439,0.8346895801748055,2.795909994172026e-115,1.949967995935361e-114
COAD,ifn_gamma_response,IFN-gamma,MCD3_CD8_21214954,439,0.3797638532074914,1.649352970221301e-16,2.919778769282096e-16
COAD,ifn_gamma_response,IFN-gamma,Interferon_Cluster_21214954,439,0.916228980795,1.0715460785100272e-175,1.597044018382068e-174
COAD,ifn_gamma_response,IFN-gamma,B_cell_PCA_16704732,439,0.6603891189330479,2.487244143754465e-56,8.175594043519206e-56
COAD,ifn_gamma_response,IFN-gamma,CD8_PCA_16704732,439,0.7964670209475113,1.6107275387376878e-97,9.042680919229124e-97
COAD,ifn_gamma_response,IFN-gamma,GRANS_PCA_16704732,439,0.4663959821775117,4.290218056003372e-25,8.767387762831835e-25
COAD,ifn_gamma_response,IFN-gamma,LYMPHS_PCA_16704732,439,0.1572149448721528,0.0009490739313439,0.001156059602891
COAD,ifn_gamma_response,IFN-gamma,T_cell_PCA_16704732,439,0.7672395883105737,2.509141346293143e-86,1.2252898495363282e-85
COAD,ifn_gamma_response,IFN-gamma,TGFB_PCA_17349583,439,0.3856998223773391,5.076860857433097e-17,9.04918842216122e-17
COAD,ifn_gamma_response,IFN-gamma,Rotterdam_ERneg_PCA_15721472,439,0.1678404286093501,0.0004128884028713,0.0005114100436293
COAD,ifn_gamma_response,IFN-gamma,HER2_Immune_PCA_18006808,439,0.7722598273919932,3.9520136875758894e-88,1.9526752461773696e-87
COAD,ifn_gamma_response,IFN-gamma,IR7_score,439,0.5411599932811901,9.193601052009406e-35,2.187803574931372e-34
COAD,ifn_gamma_response,IFN-gamma,Buck14_score,439,0.2010362556873195,2.1999226650495915e-05,2.8610038962155817e-05
COAD,ifn_gamma_response,IFN-gamma,TAMsurr_score,439,0.8799491513704685,2.39294431401225e-143,2.419631425320937e-142
COAD,ifn_gamma_response,IFN-gamma,Immune_NSCLC_score,439,0.5563360384527251,4.896136621521442e-37,1.2117826761181366e-36
COAD,ifn_gamma_response,IFN-gamma,Module3_IFN_score,439,0.9235697471175064,4.862533576130297e-184,8.344537114873445e-183
COAD,ifn_gamma_response,IFN-gamma,Module4_TcellBcell_score,439,0.7371056013835531,2.17442305624416e-76,9.410390951446483e-76
COAD,ifn_gamma_response,IFN-gamma,Module5_TcellBcell_score,439,0.8464685282176857,1.0796714138830548e-121,8.354783060489073e-121
COAD,ifn_gamma_response,IFN-gamma,Module11_Prolif_score,439,0.1115652383554705,0.019377371505566,0.0221223296936577
COAD,ifn_gamma_response,IFN-gamma,GP11_Immune_IFN,439,0.8749559104462132,9.90857528588159e-140,9.59121878206332e-139
COAD,ifn_gamma_response,IFN-gamma,GP2_ImmuneTcellBcell_score,439,0.6928055577247784,4.900476016413131e-64,1.81845767594048e-63
COAD,ifn_gamma_response,IFN-gamma,CD8_CD68_ratio,439,0.3957700473693574,6.506658684444264e-18,1.1826335864810157e-17
COAD,ifn_gamma_response,IFN-gamma,TAMsurr_TcClassII_ratio,439,-0.1834329337732532,0.0001109826638027,0.000140438634819
COAD,ifn_gamma_response,IFN-gamma,CHANG_CORE_SERUM_RESPONSE_UP,439,0.084221536665833,0.0779445270045754,0.0860601231793972
COAD,ifn_gamma_response,IFN-gamma,CSR_Activated_15701700,439,-0.1986197461929444,2.770999241066248e-05,3.5925252315062885e-05
COAD,ifn_gamma_response,IFN-gamma,CD103pos_CD103neg_ratio_25446897,439,-0.2305158496268164,1.05028919533781e-06,1.4309957512941312e-06
GBM,ifn_gamma_response,IFN-gamma,ICS5_score,153,0.5034142843740367,3.302268490476817e-11,5.1503270034959526e-11
GBM,ifn_gamma_response,IFN-gamma,LIexpression_score,153,0.4981584094570535,5.669446063741514e-11,8.776831697994832e-11
GBM,ifn_gamma_response,IFN-gamma,Chemokine12_score,153,0.5941948740460132,5.65714715042431e-16,9.933789702488136e-16
GBM,ifn_gamma_response,IFN-gamma,NHI_5gene_score,153,0.8941437819146796,1.4804016864907116e-54,4.7206243695835126e-54
GBM,ifn_gamma_response,IFN-gamma,CD68,153,0.394685899289656,4.454228892656565e-07,6.148440795750243e-07
GBM,ifn_gamma_response,IFN-gamma,CD8A,153,0.1786891494010107,0.0271083170022258,0.0307227592691893
GBM,ifn_gamma_response,IFN-gamma,PD1_data,153,0.2896673155743666,0.0002814701209646,0.0003507897956581
GBM,ifn_gamma_response,IFN-gamma,PDL1_data,153,0.3610656681797789,4.5365712288529056e-06,6.041358013454052e-06
GBM,ifn_gamma_response,IFN-gamma,PD1_PDL1_score,153,0.4640004020771809,1.5335308990243707e-09,2.2805926983850675e-09
GBM,ifn_gamma_response,IFN-gamma,CTLA4_data,153,0.4203721776476832,6.30774205172626e-08,8.90581800191821e-08
GBM,ifn_gamma_response,IFN-gamma,Bcell_mg_IGJ,153,0.4280554326993955,3.4029487838338776e-08,4.8511638847107686e-08
GBM,ifn_gamma_response,IFN-gamma,Bcell_receptors_score,153,0.3113585361789053,8.945657132115937e-05,0.0001135426383544
GBM,ifn_gamma_response,IFN-gamma,STAT1_score,153,0.7849744556702455,3.2835372496617894e-33,7.601039420493674e-33
GBM,ifn_gamma_response,IFN-gamma,CSF1_response,153,0.4813374356158085,3.009632066706897e-10,4.559286673039688e-10
GBM,ifn_gamma_response,IFN-gamma,TcClassII_score,153,0.5495628690401633,1.886073480428622e-13,3.11293681235792e-13
GBM,ifn_gamma_response,IFN-gamma,IL12_score_21050467,153,0.5584884671571978,6.322820157905151e-14,1.0593206547275645e-13
GBM,ifn_gamma_response,IFN-gamma,IL4_score_21050467,153,0.2776761422272258,0.0005106767035624,0.0006288097028926
GBM,ifn_gamma_response,IFN-gamma,IL2_score_21050467,153,0.3414974112232069,1.5599659138832685e-05,2.0409366453884036e-05
GBM,ifn_gamma_response,IFN-gamma,IL13_score_21050467,153,0.3124125695469141,8.441481664953242e-05,0.00010726853599
GBM,ifn_gamma_response,IFN-gamma,IFNG_score_21050467,153,0.7244448018441825,3.564228222218574e-26,7.40053493468284e-26
GBM,ifn_gamma_response,IFN-gamma,TGFB_score_21050467,153,-0.0110151808458189,0.8925035596151382,0.8999479822625305
GBM,ifn_gamma_response,IFN-gamma,TREM1_data,153,0.0341931317206335,0.6747777439085367,0.6905174805986531
GBM,ifn_gamma_response,IFN-gamma,DAP12_data,153,0.4290060529103713,3.1494033704768593e-08,4.4967859148016044e-08
GBM,ifn_gamma_response,IFN-gamma,Tcell_receptors_score,153,0.4922600619195045,1.0286117769429333e-10,1.5824796568352822e-10
GBM,ifn_gamma_response,IFN-gamma,IL8_21978456,153,0.0229819200407435,0.777961414437337,0.7904576194507122
GBM,ifn_gamma_response,IFN-gamma,IFN_21978456,153,0.922148285151381,3.656719196932793e-64,1.359709667212194e-63
GBM,ifn_gamma_response,IFN-gamma,MHC1_21978456,153,0.6209685660827976,1.1020777419256638e-17,1.993782147015501e-17
GBM,ifn_gamma_response,IFN-gamma,MHC2_21978456,153,0.549107183992245,1.992576198722617e-13,3.285727347999708e-13
GBM,ifn_gamma_response,IFN-gamma,Bcell_21978456,153,-0.1248095372530533,0.1242528603668855,0.1352412085625965
GBM,ifn_gamma_response,IFN-gamma,Tcell_21978456,153,0.5460250660500238,2.8828931391318853e-13,4.742346137549881e-13
GBM,ifn_gamma_response,IFN-gamma,CD103pos_mean_25446897,153,0.313551520472012,7.92663880908967e-05,0.0001009384717262
GBM,ifn_gamma_response,IFN-gamma,CD103neg_mean_25446897,153,0.4337682441397611,2.1291458921440933e-08,3.0649784740047283e-08
GBM,ifn_gamma_response,IFN-gamma,IgG_19272155,153,0.1162518166705937,0.1524245230814434,0.1649143606927312
GBM,ifn_gamma_response,IFN-gamma,Interferon_19272155,153,0.9210517277921688,1.0081149372896324e-63,3.710517766478756e-63
GBM,ifn_gamma_response,IFN-gamma,LCK_19272155,153,0.5288509784246712,2.1105226774188564e-12,3.395812885287956e-12
GBM,ifn_gamma_response,IFN-gamma,MHC.I_19272155,153,0.6541878209796674,4.763318673105569e-20,8.969350495567427e-20
GBM,ifn_gamma_response,IFN-gamma,MHC.II_19272155,153,0.541390240306649,4.988775850445247e-13,8.162087406442749e-13
GBM,ifn_gamma_response,IFN-gamma,STAT1_19272155,153,0.8959756476552535,4.2541104165127484e-55,1.3677518124012622e-54
GBM,ifn_gamma_response,IFN-gamma,Troester_WoundSig_19887484,153,0.1633394984788173,0.0436539210902353,0.048994704091372
GBM,ifn_gamma_response,IFN-gamma,MDACC.FNA.1_20805453,153,0.4779503537432386,4.1667260120265456e-10,6.292889923771352e-10
GBM,ifn_gamma_response,IFN-gamma,IGG_Cluster_21214954,153,0.4420399964489545,1.0631398385020534e-08,1.5406181996406953e-08
GBM,ifn_gamma_response,IFN-gamma,Minterferon_Cluster_21214954,153,0.9709769075094152,1.023188973801121e-95,5.594118610530752e-95
GBM,ifn_gamma_response,IFN-gamma,Immune_cell_Cluster_21214954,153,0.6337568520231058,1.4652993488905844e-18,2.6902559763634082e-18
GBM,ifn_gamma_response,IFN-gamma,MCD3_CD8_21214954,153,0.0649770565737723,0.42488536096412,0.4438126658304172
GBM,ifn_gamma_response,IFN-gamma,Interferon_Cluster_21214954,153,0.948051948051948,5.307638228446919e-77,2.3172995154696024e-76
GBM,ifn_gamma_response,IFN-gamma,B_cell_PCA_16704732,153,0.4853230044724174,2.0430536881209894e-10,3.1097403646833197e-10
GBM,ifn_gamma_response,IFN-gamma,CD8_PCA_16704732,153,0.462982322115449,1.682694785855238e-09,2.500371383516115e-09
GBM,ifn_gamma_response,IFN-gamma,GRANS_PCA_16704732,153,0.2804392003394771,0.0004462215223901,0.0005514414088601
GBM,ifn_gamma_response,IFN-gamma,LYMPHS_PCA_16704732,153,0.3273658745794968,3.619990001019912e-05,4.668740067697564e-05
GBM,ifn_gamma_response,IFN-gamma,T_cell_PCA_16704732,153,0.5178923243938723,7.097914243683968e-12,1.1273767441063002e-11
GBM,ifn_gamma_response,IFN-gamma,TGFB_PCA_17349583,153,-0.0643387080156398,0.429458548639772,0.4483313192478143
GBM,ifn_gamma_response,IFN-gamma,Rotterdam_ERneg_PCA_15721472,153,0.136251504640245,0.0930823135940119,0.1021726767456466
GBM,ifn_gamma_response,IFN-gamma,HER2_Immune_PCA_18006808,153,0.5332381756530363,1.2828023155259885e-12,2.079393503117216e-12
GBM,ifn_gamma_response,IFN-gamma,IR7_score,153,0.5760021712034095,6.7183016995700606e-15,1.1500176603417598e-14
GBM,ifn_gamma_response,IFN-gamma,Buck14_score,153,0.0322548219727946,0.6922516514126162,0.7069361711441022
GBM,ifn_gamma_response,IFN-gamma,TAMsurr_score,153,0.7487502177904655,9.313775896700803e-29,2.0113910630429678e-28
GBM,ifn_gamma_response,IFN-gamma,Immune_NSCLC_score,153,0.5654443595620067,2.6367316747294233e-14,4.460143131383104e-14
GBM,ifn_gamma_response,IFN-gamma,Module3_IFN_score,153,0.9471832549150714,1.7965837601493232e-76,7.78138189109261e-76
GBM,ifn_gamma_response,IFN-gamma,Module4_TcellBcell_score,153,0.531975882179258,1.4814715711993045e-12,2.394297488806956e-12
GBM,ifn_gamma_response,IFN-gamma,Module5_TcellBcell_score,153,0.6320513851473604,1.9281796156727124e-18,3.535320899649328e-18
GBM,ifn_gamma_response,IFN-gamma,Module11_Prolif_score,153,-0.254908662029405,0.0014733194973616,0.0017806838626187
GBM,ifn_gamma_response,IFN-gamma,GP11_Immune_IFN,153,0.9401490609590024,1.7320951681014132e-72,7.170926723342228e-72
GBM,ifn_gamma_response,IFN-gamma,GP2_ImmuneTcellBcell_score,153,0.2745459531078429,0.0005940159252396,0.0007297756624443
GBM,ifn_gamma_response,IFN-gamma,CD8_CD68_ratio,153,-0.1068079738250427,0.1888228077929991,0.2027227302928587
GBM,ifn_gamma_response,IFN-gamma,TAMsurr_TcClassII_ratio,153,0.1900173143565749,0.018643422456096,0.021293348343725
GBM,ifn_gamma_response,IFN-gamma,CHANG_CORE_SERUM_RESPONSE_UP,153,-0.2131983692457715,0.0081453576710125,0.0094721559919427
GBM,ifn_gamma_response,IFN-gamma,CSR_Activated_15701700,153,-0.2834956856390614,0.0003837292695554,0.0004758347906043
GBM,ifn_gamma_response,IFN-gamma,CD103pos_CD103neg_ratio_25446897,153,-0.169720901284773,0.0359620457850287,0.0404870714136085
HNSC,ifn_gamma_response,IFN-gamma,ICS5_score,514,0.5426988870330948,1.0526641727877595e-40,2.7517987025302318e-40
HNSC,ifn_gamma_response,IFN-gamma,LIexpression_score,514,0.5143778780117906,4.6330730908555e-36,1.1317430450944733e-35
HNSC,ifn_gamma_response,IFN-gamma,Chemokine12_score,514,0.7833773102576422,8.148357218094296e-108,5.245806303719879e-107
HNSC,ifn_gamma_response,IFN-gamma,NHI_5gene_score,514,0.9519644941990874,2.5654350454317343e-265,1.107616400567352e-263
HNSC,ifn_gamma_response,IFN-gamma,CD68,514,0.3205766745046245,9.49546251028679e-14,1.5835473959521808e-13
HNSC,ifn_gamma_response,IFN-gamma,CD8A,514,0.6908634401211374,3.811181838311459e-74,1.6121951166729656e-73
HNSC,ifn_gamma_response,IFN-gamma,PD1_data,514,0.6660869295126934,3.3671663685627305e-67,1.2991053223390958e-66
HNSC,ifn_gamma_response,IFN-gamma,PDL1_data,514,0.6520868295200817,1.4608644523269174e-63,5.362417422846444e-63
HNSC,ifn_gamma_response,IFN-gamma,PD1_PDL1_score,514,0.7575814378804995,6.520166756291934e-97,3.6304715613334813e-96
HNSC,ifn_gamma_response,IFN-gamma,CTLA4_data,514,0.6382474547595999,3.7618732242213033e-60,1.3051396900359622e-59
HNSC,ifn_gamma_response,IFN-gamma,Bcell_mg_IGJ,514,0.3172521223885323,1.75522340928729e-13,2.9004906884941857e-13
HNSC,ifn_gamma_response,IFN-gamma,Bcell_receptors_score,514,0.3581785534370659,5.277520651491483e-17,9.403770830040506e-17
HNSC,ifn_gamma_response,IFN-gamma,STAT1_score,514,0.8420647651720105,2.239167563224828e-139,2.1521327816153815e-138
HNSC,ifn_gamma_response,IFN-gamma,CSF1_response,514,0.5819757679412904,6.357444208903486e-48,1.8386228865728318e-47
HNSC,ifn_gamma_response,IFN-gamma,TcClassII_score,514,0.7016193228908021,2.198866600636828e-77,9.654426398276304e-77
HNSC,ifn_gamma_response,IFN-gamma,IL12_score_21050467,514,0.7140017541430717,2.6821971808750387e-81,1.237587164033945e-80
HNSC,ifn_gamma_response,IFN-gamma,IL4_score_21050467,514,0.5355556609095575,1.7187666559220173e-39,4.4104200982149875e-39
HNSC,ifn_gamma_response,IFN-gamma,IL2_score_21050467,514,0.562792436463883,2.816542614424784e-44,7.718887567995378e-44
HNSC,ifn_gamma_response,IFN-gamma,IL13_score_21050467,514,0.4490528459776861,7.132130242375303e-27,1.5020824048982443e-26
HNSC,ifn_gamma_response,IFN-gamma,IFNG_score_21050467,514,0.8524357300527368,2.615477308975786e-146,2.7520689672781964e-145
HNSC,ifn_gamma_response,IFN-gamma,TGFB_score_21050467,514,0.0256566378369214,0.561674850559806,0.5780384387145941
HNSC,ifn_gamma_response,IFN-gamma,TREM1_data,514,0.0549753119233289,0.2133953567114856,0.2281137238181335
HNSC,ifn_gamma_response,IFN-gamma,DAP12_data,514,0.5246426761153314,1.0795114420541565e-37,2.697538927319527e-37
HNSC,ifn_gamma_response,IFN-gamma,Tcell_receptors_score,514,0.6414088039821573,6.482628431902246e-61,2.2884814191789893e-60
HNSC,ifn_gamma_response,IFN-gamma,IL8_21978456,514,0.0119753705948285,0.7865070646535305,0.7985439402230694
HNSC,ifn_gamma_response,IFN-gamma,IFN_21978456,514,0.8691919887256961,1.022109198846005e-158,1.2665772304606532e-157
HNSC,ifn_gamma_response,IFN-gamma,MHC1_21978456,514,0.7032316073645827,6.98427701470372e-78,3.091494463790744e-77
HNSC,ifn_gamma_response,IFN-gamma,MHC2_21978456,514,0.6413664174962463,6.638186548612595e-61,2.3418764477595664e-60
HNSC,ifn_gamma_response,IFN-gamma,Bcell_21978456,514,-0.1413596626861411,0.0013126862398389,0.0015893641541785
HNSC,ifn_gamma_response,IFN-gamma,Tcell_21978456,514,0.5485180691196354,1.0291129382343752e-41,2.7269237135874336e-41
HNSC,ifn_gamma_response,IFN-gamma,CD103pos_mean_25446897,514,0.4244740453670089,6.724484126379954e-24,1.343415117425889e-23
HNSC,ifn_gamma_response,IFN-gamma,CD103neg_mean_25446897,514,0.4359833451628232,2.917932201908383e-25,5.971990661543117e-25
HNSC,ifn_gamma_response,IFN-gamma,IgG_19272155,514,0.0530163017676346,0.230185823258713,0.2453871993978833
HNSC,ifn_gamma_response,IFN-gamma,Interferon_19272155,514,0.8657543908918027,4.904382424202574e-156,5.863701184101538e-155
HNSC,ifn_gamma_response,IFN-gamma,LCK_19272155,514,0.5951688628285675,1.417595450687142e-50,4.265331444545383e-50
HNSC,ifn_gamma_response,IFN-gamma,MHC.I_19272155,514,0.6970763139718164,5.3429628332963206e-76,2.297685202619129e-75
HNSC,ifn_gamma_response,IFN-gamma,MHC.II_19272155,514,0.6412232334776831,7.191604117397619e-61,2.5338294299639283e-60
HNSC,ifn_gamma_response,IFN-gamma,STAT1_19272155,514,0.9501135171475764,3.2223879737675447e-261,1.3695148888512066e-259
HNSC,ifn_gamma_response,IFN-gamma,Troester_WoundSig_19887484,514,0.0804092839574292,0.0685283677330554,0.0759719422188346
HNSC,ifn_gamma_response,IFN-gamma,MDACC.FNA.1_20805453,514,0.5347753235462347,2.3225760991604003e-39,5.948594152275225e-39
HNSC,ifn_gamma_response,IFN-gamma,IGG_Cluster_21214954,514,0.2631020196062752,1.382899671486487e-09,2.0582692784915157e-09
HNSC,ifn_gamma_response,IFN-gamma,Minterferon_Cluster_21214954,514,0.9837246543154566,0,0
HNSC,ifn_gamma_response,IFN-gamma,Immune_cell_Cluster_21214954,514,0.7299668214633133,1.1574635181011673e-86,5.662411455458948e-86
HNSC,ifn_gamma_response,IFN-gamma,MCD3_CD8_21214954,514,0.0051612934011981,0.9070736162271624,0.9131162976083946
HNSC,ifn_gamma_response,IFN-gamma,Interferon_Cluster_21214954,514,0.8970823722240578,9.582981487017915e-184,1.6240317535631605e-182
HNSC,ifn_gamma_response,IFN-gamma,B_cell_PCA_16704732,514,0.4312136924703063,1.0866816158158152e-24,2.200874158614309e-24
HNSC,ifn_gamma_response,IFN-gamma,CD8_PCA_16704732,514,0.7336930664581668,5.697135747070999e-88,2.8047437524041843e-87
HNSC,ifn_gamma_response,IFN-gamma,GRANS_PCA_16704732,514,0.3209811663838556,8.806973864775139e-14,1.4705321615830804e-13
HNSC,ifn_gamma_response,IFN-gamma,LYMPHS_PCA_16704732,514,0.2155200803828232,8.124069389412623e-07,1.1115426931188297e-06
HNSC,ifn_gamma_response,IFN-gamma,T_cell_PCA_16704732,514,0.6790891781281854,9.278218159277372e-71,3.7638707521602464e-70
HNSC,ifn_gamma_response,IFN-gamma,TGFB_PCA_17349583,514,0.0659439587473042,0.1354271004372999,0.1469919047044915
HNSC,ifn_gamma_response,IFN-gamma,Rotterdam_ERneg_PCA_15721472,514,0.2913720100285092,1.6225805790302394e-11,2.5481634959366348e-11
HNSC,ifn_gamma_response,IFN-gamma,HER2_Immune_PCA_18006808,514,0.625356163277456,3.970509574877541e-57,1.3138425843877018e-56
HNSC,ifn_gamma_response,IFN-gamma,IR7_score,514,0.5729202375050653,3.5851207855410665e-46,1.0084310792835264e-45
HNSC,ifn_gamma_response,IFN-gamma,Buck14_score,514,0.0468839396383058,0.288722597432407,0.3058120969689046
HNSC,ifn_gamma_response,IFN-gamma,TAMsurr_score,514,0.9243149105358802,2.4124948525525983e-216,6.594960802957857e-215
HNSC,ifn_gamma_response,IFN-gamma,Immune_NSCLC_score,514,0.5910365482931941,9.891682506045842e-50,2.9388723557012224e-49
HNSC,ifn_gamma_response,IFN-gamma,Module3_IFN_score,514,0.910012712799107,6.361056268216286e-198,1.2863994832377918e-196
HNSC,ifn_gamma_response,IFN-gamma,Module4_TcellBcell_score,514,0.5634116951656993,2.166232888789133e-44,5.948665782439617e-44
HNSC,ifn_gamma_response,IFN-gamma,Module5_TcellBcell_score,514,0.7347642597190339,2.3746004041647056e-88,1.1807885007912247e-87
HNSC,ifn_gamma_response,IFN-gamma,Module11_Prolif_score,514,-0.0474047264619462,0.2833940525102665,0.3004021133390199
HNSC,ifn_gamma_response,IFN-gamma,GP11_Immune_IFN,514,0.9108209463324164,7.032292974464283e-199,1.4381832248528462e-197
HNSC,ifn_gamma_response,IFN-gamma,GP2_ImmuneTcellBcell_score,514,0.4977250279816098,1.5820585152021292e-33,3.68582369280496e-33
HNSC,ifn_gamma_response,IFN-gamma,CD8_CD68_ratio,514,0.4661652417815642,4.3106385749172724e-29,9.376199059396227e-29
HNSC,ifn_gamma_response,IFN-gamma,TAMsurr_TcClassII_ratio,514,0.126647511196084,0.0040288310519695,0.0047686773112955
HNSC,ifn_gamma_response,IFN-gamma,CHANG_CORE_SERUM_RESPONSE_UP,514,-0.097075170124159,0.0277581301638864,0.0314526615479155
HNSC,ifn_gamma_response,IFN-gamma,CSR_Activated_15701700,514,-0.096585722255867,0.0285576300357376,0.0323181833564412
HNSC,ifn_gamma_response,IFN-gamma,CD103pos_CD103neg_ratio_25446897,514,0.0168337387017746,0.7033924278332765,0.7176396863115199
KIRC,ifn_gamma_response,IFN-gamma,ICS5_score,515,0.7066127732480297,4.344505638759392e-79,1.9580870484549369e-78
KIRC,ifn_gamma_response,IFN-gamma,LIexpression_score,515,0.6874868507354764,2.6875040560316013e-73,1.126349927951611e-72
KIRC,ifn_gamma_response,IFN-gamma,Chemokine12_score,515,0.7106000500987136,2.3504969605234622e-80,1.0736107023717578e-79
KIRC,ifn_gamma_response,IFN-gamma,NHI_5gene_score,515,0.8912745447886271,2.529012494521904e-178,3.999368595988127e-177
KIRC,ifn_gamma_response,IFN-gamma,CD68,515,0.3314872044832151,1.12902804278227e-14,1.9211487496826865e-14
KIRC,ifn_gamma_response,IFN-gamma,CD8A,515,0.7347350864588243,1.648164215913924e-88,8.203122904457225e-88
KIRC,ifn_gamma_response,IFN-gamma,PD1_data,515,0.667675026059679,9.409080643886398e-68,3.6718363488337166e-67
KIRC,ifn_gamma_response,IFN-gamma,PDL1_data,515,0.3924461428390154,2.0750686299472726e-20,3.937346824873793e-20
KIRC,ifn_gamma_response,IFN-gamma,PD1_PDL1_score,515,0.7058312891181181,7.651093356478821e-79,3.4341541137990747e-78
KIRC,ifn_gamma_response,IFN-gamma,CTLA4_data,515,0.6369677127202144,5.869106775316854e-60,2.031039494766138e-59
KIRC,ifn_gamma_response,IFN-gamma,Bcell_mg_IGJ,515,0.2879153913657943,2.7477947525767887e-11,4.2941693346790383e-11
KIRC,ifn_gamma_response,IFN-gamma,Bcell_receptors_score,515,0.6193701737573183,7.073448876271825e-56,2.311440466862412e-55
KIRC,ifn_gamma_response,IFN-gamma,STAT1_score,515,0.8633029998563224,1.820168419249173e-154,2.1294013334872045e-153
KIRC,ifn_gamma_response,IFN-gamma,CSF1_response,515,0.6764807431178838,3.656271934199472e-70,1.473342172003343e-69
KIRC,ifn_gamma_response,IFN-gamma,TcClassII_score,515,0.7714351767902646,8.712400774992719e-103,5.225519318187475e-102
KIRC,ifn_gamma_response,IFN-gamma,IL12_score_21050467,515,0.8097673469373537,7.1568488752097956e-121,5.475844990315231e-120
KIRC,ifn_gamma_response,IFN-gamma,IL4_score_21050467,515,0.4287769410003936,1.904665471162016e-24,3.838970049322477e-24
KIRC,ifn_gamma_response,IFN-gamma,IL2_score_21050467,515,0.6162464728831222,3.5251781563564995e-55,1.1374240314697127e-54
KIRC,ifn_gamma_response,IFN-gamma,IL13_score_21050467,515,0.2916869682529348,1.4713884088232593e-11,2.3120603535524357e-11
KIRC,ifn_gamma_response,IFN-gamma,IFNG_score_21050467,515,0.5798267888867908,1.3627818604581174e-47,3.9100914139726575e-47
KIRC,ifn_gamma_response,IFN-gamma,TGFB_score_21050467,515,0.0923613007902407,0.0361355357155715,0.0406739735759795
KIRC,ifn_gamma_response,IFN-gamma,TREM1_data,515,0.0575656682770949,0.1921380270247289,0.2061599343223915
KIRC,ifn_gamma_response,IFN-gamma,DAP12_data,515,0.4813129155830964,3.2036070991890204e-31,7.201496950243085e-31
KIRC,ifn_gamma_response,IFN-gamma,Tcell_receptors_score,515,0.7690662390639528,8.729936177511244e-102,5.184590917648599e-101
KIRC,ifn_gamma_response,IFN-gamma,IL8_21978456,515,0.0456548884092274,0.3010912786301152,0.3184169043055651
KIRC,ifn_gamma_response,IFN-gamma,IFN_21978456,515,0.8040173768092375,6.61445144839013e-118,4.810510144283732e-117
KIRC,ifn_gamma_response,IFN-gamma,MHC1_21978456,515,0.5677969215670583,2.7320745488369138e-45,7.586771590440434e-45
KIRC,ifn_gamma_response,IFN-gamma,MHC2_21978456,515,0.68774237393174,2.2643116408100325e-73,9.519208134471853e-73
KIRC,ifn_gamma_response,IFN-gamma,Bcell_21978456,515,0.0185031021789022,0.6752762399531719,0.6908976387709714
KIRC,ifn_gamma_response,IFN-gamma,Tcell_21978456,515,0.783692778967918,3.641712788164698e-108,2.3556382363395908e-107
KIRC,ifn_gamma_response,IFN-gamma,CD103pos_mean_25446897,515,0.6484940352116435,8.876867500860908e-63,3.217199147547191e-62
KIRC,ifn_gamma_response,IFN-gamma,CD103neg_mean_25446897,515,0.4641707989686301,7.022971649383592e-29,1.5227168502449878e-28
KIRC,ifn_gamma_response,IFN-gamma,IgG_19272155,515,0.37850232485691,5.482197236952059e-19,1.0137033640047316e-18
KIRC,ifn_gamma_response,IFN-gamma,Interferon_19272155,515,0.7796282504039822,2.4165531206967486e-106,1.5286103461151526e-105
KIRC,ifn_gamma_response,IFN-gamma,LCK_19272155,515,0.7874015865631329,7.312766655458347e-110,4.810332600446602e-109
KIRC,ifn_gamma_response,IFN-gamma,MHC.I_19272155,515,0.5620757024763712,3.151408892474676e-44,8.632257993485517e-44
KIRC,ifn_gamma_response,IFN-gamma,MHC.II_19272155,515,0.7367093949448444,3.238555392157474e-89,1.625252890529212e-88
KIRC,ifn_gamma_response,IFN-gamma,STAT1_19272155,515,0.916114998867344,8.92725483708629e-206,2.049125160917697e-204
KIRC,ifn_gamma_response,IFN-gamma,Troester_WoundSig_19887484,515,0.1818238483978253,3.312245427807074e-05,4.2830081120205566e-05
KIRC,ifn_gamma_response,IFN-gamma,MDACC.FNA.1_20805453,515,0.5932134450539892,2.8689375108399205e-50,8.594174041282581e-50
KIRC,ifn_gamma_response,IFN-gamma,IGG_Cluster_21214954,515,0.5704088381942403,8.804642815962572e-46,2.4625839032820768e-45
KIRC,ifn_gamma_response,IFN-gamma,Minterferon_Cluster_21214954,515,0.95930967173,6.661463288653009e-284,3.3867626439506885e-282
KIRC,ifn_gamma_response,IFN-gamma,Immune_cell_Cluster_21214954,515,0.8166878998658409,1.4064431276541487e-124,1.1268115779732796e-123
KIRC,ifn_gamma_response,IFN-gamma,MCD3_CD8_21214954,515,0.0837968909983408,0.0573836985141844,0.0639032384682012
KIRC,ifn_gamma_response,IFN-gamma,Interferon_Cluster_21214954,515,0.8249555837855056,3.225432972486613e-129,2.7288266516838533e-128
KIRC,ifn_gamma_response,IFN-gamma,B_cell_PCA_16704732,515,0.6586761311716471,2.254247335047394e-65,8.504234051773803e-65
KIRC,ifn_gamma_response,IFN-gamma,CD8_PCA_16704732,515,0.7031817097221394,5.140919942863346e-78,2.282988121565437e-77
KIRC,ifn_gamma_response,IFN-gamma,GRANS_PCA_16704732,515,0.2613492153368144,1.7279490865006315e-09,2.566915082076307e-09
KIRC,ifn_gamma_response,IFN-gamma,LYMPHS_PCA_16704732,515,0.2788540410606965,1.1866814826161694e-10,1.822571221183501e-10
KIRC,ifn_gamma_response,IFN-gamma,T_cell_PCA_16704732,515,0.7918919067914553,5.795665855936086e-112,3.887598305338139e-111
KIRC,ifn_gamma_response,IFN-gamma,TGFB_PCA_17349583,515,0.0843360085664633,0.0557933043596553,0.0622596052751846
KIRC,ifn_gamma_response,IFN-gamma,Rotterdam_ERneg_PCA_15721472,515,0.2634596777314695,1.2638852643506266e-09,1.884224674723872e-09
KIRC,ifn_gamma_response,IFN-gamma,HER2_Immune_PCA_18006808,515,0.7621364013686373,6.3284353850385145e-99,3.6315072251697805e-98
KIRC,ifn_gamma_response,IFN-gamma,IR7_score,515,0.6681232852829607,7.125859469473309e-68,2.7848186432424422e-67
KIRC,ifn_gamma_response,IFN-gamma,Buck14_score,515,0.181280196093573,3.499778595009854e-05,4.517986605802944e-05
KIRC,ifn_gamma_response,IFN-gamma,TAMsurr_score,515,0.8465183791756681,1.4516717869711498e-142,1.457028509432298e-141
KIRC,ifn_gamma_response,IFN-gamma,Immune_NSCLC_score,515,0.6291283260107684,4.159639229770309e-58,1.398543721257755e-57
KIRC,ifn_gamma_response,IFN-gamma,Module3_IFN_score,515,0.9091213584679116,2.931781577859854e-197,5.885199920131958e-196
KIRC,ifn_gamma_response,IFN-gamma,Module4_TcellBcell_score,515,0.7705343155843163,2.0997631318590005e-102,1.2538651413076798e-101
KIRC,ifn_gamma_response,IFN-gamma,Module5_TcellBcell_score,515,0.8040048657904821,6.71180051251242e-118,4.874792361557752e-117
KIRC,ifn_gamma_response,IFN-gamma,Module11_Prolif_score,515,0.3442063875622818,9.038307838451356e-16,1.5809773196519417e-15
KIRC,ifn_gamma_response,IFN-gamma,GP11_Immune_IFN,515,0.7689238326781699,1.0018332181968803e-101,5.936789441166699e-101
KIRC,ifn_gamma_response,IFN-gamma,GP2_ImmuneTcellBcell_score,515,0.6326715375617318,6.155803534634465e-59,2.0969048984603317e-58
KIRC,ifn_gamma_response,IFN-gamma,CD8_CD68_ratio,515,0.4579687193403509,4.585357017096475e-28,9.824475058292566e-28
KIRC,ifn_gamma_response,IFN-gamma,TAMsurr_TcClassII_ratio,515,0.0562115890202168,0.2028224495015018,0.2172812377487535
KIRC,ifn_gamma_response,IFN-gamma,CHANG_CORE_SERUM_RESPONSE_UP,515,0.0557882622195447,0.206249657269267,0.2207788539049218
KIRC,ifn_gamma_response,IFN-gamma,CSR_Activated_15701700,515,0.032305901031758,0.4644450604636653,0.4826324983614783
KIRC,ifn_gamma_response,IFN-gamma,CD103pos_CD103neg_ratio_25446897,515,0.3006557638450759,3.2090875393870577e-12,5.137562158406591e-12
LUAD,ifn_gamma_response,IFN-gamma,ICS5_score,510,0.6028268564502759,8.896309078379486e-52,2.714297329578486e-51
LUAD,ifn_gamma_response,IFN-gamma,LIexpression_score,510,0.5945275356156886,4.611047618886929e-50,1.3782472003705986e-49
LUAD,ifn_gamma_response,IFN-gamma,Chemokine12_score,510,0.8073408073207279,1.845230579185269e-118,1.3528375135805743e-117
LUAD,ifn_gamma_response,IFN-gamma,NHI_5gene_score,510,0.9090707809994458,2.688394185414085e-195,5.2797344291164707e-194
LUAD,ifn_gamma_response,IFN-gamma,CD68,510,0.5153839637005998,5.9998321354036426e-36,1.4597087127278987e-35
LUAD,ifn_gamma_response,IFN-gamma,CD8A,510,0.6814711592786484,6.906674837985124e-71,2.810195296831644e-70
LUAD,ifn_gamma_response,IFN-gamma,PD1_data,510,0.6311785109916688,4.943830361013482e-58,1.6611758594140422e-57
LUAD,ifn_gamma_response,IFN-gamma,PDL1_data,510,0.6647122654765861,2.5195932345191183e-66,9.652526194214088e-66
LUAD,ifn_gamma_response,IFN-gamma,PD1_PDL1_score,510,0.7331961924254565,4.008124176812344e-87,1.9643419389062298e-86
LUAD,ifn_gamma_response,IFN-gamma,CTLA4_data,510,0.6177602883904147,5.421245945562104e-55,1.7399161028824685e-54
LUAD,ifn_gamma_response,IFN-gamma,Bcell_mg_IGJ,510,0.3921155245552025,3.4267371101853115e-20,6.468233823528138e-20
LUAD,ifn_gamma_response,IFN-gamma,Bcell_receptors_score,510,0.4842060117207921,2.452021080982157e-31,5.521107069761149e-31
LUAD,ifn_gamma_response,IFN-gamma,STAT1_score,510,0.8725055677335549,3.962791716541369e-160,4.978657491451512e-159
LUAD,ifn_gamma_response,IFN-gamma,CSF1_response,510,0.6469958411074503,8.178781550901926e-62,2.934866202962169e-61
LUAD,ifn_gamma_response,IFN-gamma,TcClassII_score,510,0.6645426788435724,2.7924323104811986e-66,1.0682722763022306e-65
LUAD,ifn_gamma_response,IFN-gamma,IL12_score_21050467,510,0.7492196635380304,5.9776645939171975e-93,3.1602036337132714e-92
LUAD,ifn_gamma_response,IFN-gamma,IL4_score_21050467,510,0.5486930539102681,1.9706138901393206e-41,5.201426279649637e-41
LUAD,ifn_gamma_response,IFN-gamma,IL2_score_21050467,510,0.6112431762662055,1.4397921860841263e-53,4.5196015535474035e-53
LUAD,ifn_gamma_response,IFN-gamma,IL13_score_21050467,510,0.3929849134097724,2.7856897267473365e-20,5.269176673680636e-20
LUAD,ifn_gamma_response,IFN-gamma,IFNG_score_21050467,510,0.8342857011039841,1.8414398009609293e-133,1.6503183718661377e-132
LUAD,ifn_gamma_response,IFN-gamma,TGFB_score_21050467,510,0.2710030523902667,4.911733914717032e-10,7.4036665270326e-10
LUAD,ifn_gamma_response,IFN-gamma,TREM1_data,510,-0.0776818748149767,0.0796623970642129,0.0878855080164913
LUAD,ifn_gamma_response,IFN-gamma,DAP12_data,510,0.5223279528415116,4.83810054682828e-37,1.19796390417596e-36
LUAD,ifn_gamma_response,IFN-gamma,Tcell_receptors_score,510,0.6812809233264085,7.812138659255207e-71,3.1738636524531984e-70
LUAD,ifn_gamma_response,IFN-gamma,IL8_21978456,510,0.1359180243063282,0.0020964562654187,0.0025143853135116
LUAD,ifn_gamma_response,IFN-gamma,IFN_21978456,510,0.7934570693479639,1.2557603814717062e-111,8.392305252095924e-111
LUAD,ifn_gamma_response,IFN-gamma,MHC1_21978456,510,0.6947723199102935,9.881087455030484e-75,4.20274556335933e-74
LUAD,ifn_gamma_response,IFN-gamma,MHC2_21978456,510,0.4916512995891102,2.143279856481388e-32,4.8948120987652173e-32
LUAD,ifn_gamma_response,IFN-gamma,Bcell_21978456,510,-0.0779805066826225,0.0785084826403646,0.0866652081094934
LUAD,ifn_gamma_response,IFN-gamma,Tcell_21978456,510,0.6734565558123369,1.144298507643674e-68,4.520685462295996e-68
LUAD,ifn_gamma_response,IFN-gamma,CD103pos_mean_25446897,510,0.4011211569351737,3.891434699458344e-21,7.464529183728276e-21
LUAD,ifn_gamma_response,IFN-gamma,CD103neg_mean_25446897,510,0.5209056997477001,8.141302536644804e-37,2.008557179108741e-36
LUAD,ifn_gamma_response,IFN-gamma,IgG_19272155,510,0.1964658742185924,7.837688364998688e-06,1.0345984451783178e-05
LUAD,ifn_gamma_response,IFN-gamma,Interferon_19272155,510,0.7810380699402506,6.0283802089587385e-106,3.778155338333587e-105
LUAD,ifn_gamma_response,IFN-gamma,LCK_19272155,510,0.676749058231778,1.4300912540567139e-69,5.724574262007745e-69
LUAD,ifn_gamma_response,IFN-gamma,MHC.I_19272155,510,0.6937231264607959,2.021516748784314e-74,8.564681552481831e-74
LUAD,ifn_gamma_response,IFN-gamma,MHC.II_19272155,510,0.5778857779034031,9.029821080883563e-47,2.5611171366009693e-46
LUAD,ifn_gamma_response,IFN-gamma,STAT1_19272155,510,0.9127408234711012,1.244385194289011e-199,2.593661094610045e-198
LUAD,ifn_gamma_response,IFN-gamma,Troester_WoundSig_19887484,510,0.3237572183507308,6.561046328302235e-14,1.0988944589274678e-13
LUAD,ifn_gamma_response,IFN-gamma,MDACC.FNA.1_20805453,510,0.6037513232519877,5.6897973378988825e-52,1.7461634538332072e-51
LUAD,ifn_gamma_response,IFN-gamma,IGG_Cluster_21214954,510,0.3968055957709028,1.1129198130334587e-20,2.1198472629208736e-20
LUAD,ifn_gamma_response,IFN-gamma,Minterferon_Cluster_21214954,510,0.9724948340361442,0,0
LUAD,ifn_gamma_response,IFN-gamma,Immune_cell_Cluster_21214954,510,0.7689626221039654,9.080967302409596e-101,5.329068190410809e-100
LUAD,ifn_gamma_response,IFN-gamma,MCD3_CD8_21214954,510,0.0793125205478902,0.0735256642937168,0.0812966694629714
LUAD,ifn_gamma_response,IFN-gamma,Interferon_Cluster_21214954,510,0.8367661709556363,5.614262328697091e-135,5.107288807376618e-134
LUAD,ifn_gamma_response,IFN-gamma,B_cell_PCA_16704732,510,0.5520146561401785,5.1697145747082754e-42,1.3752199162060155e-41
LUAD,ifn_gamma_response,IFN-gamma,CD8_PCA_16704732,510,0.7286434518986881,1.520358607272433e-85,7.364871614926122e-85
LUAD,ifn_gamma_response,IFN-gamma,GRANS_PCA_16704732,510,0.3511170715378798,3.046165996096207e-16,5.373262976252713e-16
LUAD,ifn_gamma_response,IFN-gamma,LYMPHS_PCA_16704732,510,0.2963450878491496,8.491212389852051e-12,1.3455343839439313e-11
LUAD,ifn_gamma_response,IFN-gamma,T_cell_PCA_16704732,510,0.6886788300906114,6.050481131058356e-73,2.5241270976194373e-72
LUAD,ifn_gamma_response,IFN-gamma,TGFB_PCA_17349583,510,0.2805225449932839,1.1222601835696602e-10,1.7250905336589292e-10
LUAD,ifn_gamma_response,IFN-gamma,Rotterdam_ERneg_PCA_15721472,510,0.258354122744379,3.2007858371268164e-09,4.716217484823913e-09
LUAD,ifn_gamma_response,IFN-gamma,HER2_Immune_PCA_18006808,510,0.7046744017616529,9.848044563524848e-78,4.344960456251028e-77
LUAD,ifn_gamma_response,IFN-gamma,IR7_score,510,0.554261412478865,2.073345546138556e-42,5.5343472870430535e-42
LUAD,ifn_gamma_response,IFN-gamma,Buck14_score,510,0.1777951547757301,5.401463526708587e-05,6.922016863438096e-05
LUAD,ifn_gamma_response,IFN-gamma,TAMsurr_score,510,0.853087167610977,1.2479595578653901e-145,1.3005555545570348e-144
LUAD,ifn_gamma_response,IFN-gamma,Immune_NSCLC_score,510,0.5119590711334384,2.033522690546917e-35,4.905704406463517e-35
LUAD,ifn_gamma_response,IFN-gamma,Module3_IFN_score,510,0.8668355737173786,1.1644644411190498e-155,1.3831193361763385e-154
LUAD,ifn_gamma_response,IFN-gamma,Module4_TcellBcell_score,510,0.6484700789801209,3.537965855053622e-62,1.2729189319769644e-61
LUAD,ifn_gamma_response,IFN-gamma,Module5_TcellBcell_score,510,0.7933435831277195,1.4209615366503722e-111,9.484700318255245e-111
LUAD,ifn_gamma_response,IFN-gamma,Module11_Prolif_score,510,0.2421393214008484,3.0686799484621094e-08,4.3848764404582166e-08
LUAD,ifn_gamma_response,IFN-gamma,GP11_Immune_IFN,510,0.8659824520878253,5.2551420900961716e-155,6.187872937256099e-154
LUAD,ifn_gamma_response,IFN-gamma,GP2_ImmuneTcellBcell_score,510,0.6012352920560244,1.9138732036846945e-51,5.800261965484534e-51
LUAD,ifn_gamma_response,IFN-gamma,CD8_CD68_ratio,510,0.1630513234939122,0.000217341077585,0.0002721140303942
LUAD,ifn_gamma_response,IFN-gamma,TAMsurr_TcClassII_ratio,510,0.116463322488443,0.0084728445943677,0.0098361661530858
LUAD,ifn_gamma_response,IFN-gamma,CHANG_CORE_SERUM_RESPONSE_UP,510,0.1710411394392205,0.000103679183455,0.0001313495011633
LUAD,ifn_gamma_response,IFN-gamma,CSR_Activated_15701700,510,0.1129055541427008,0.0107206879119156,0.0123954393710565
LUAD,ifn_gamma_response,IFN-gamma,CD103pos_CD103neg_ratio_25446897,510,-0.1320314698329087,0.0028130367840149,0.0033551677494061
LUSC,ifn_gamma_response,IFN-gamma,ICS5_score,486,0.6833839550097679,3.8807105914355425e-68,1.520970145346495e-67
LUSC,ifn_gamma_response,IFN-gamma,LIexpression_score,486,0.6801002927509541,2.9522828560110358e-67,1.1406547398224459e-66
LUSC,ifn_gamma_response,IFN-gamma,Chemokine12_score,486,0.7970947308119375,4.25041571646111e-108,2.746111816810978e-107
LUSC,ifn_gamma_response,IFN-gamma,NHI_5gene_score,486,0.9195250532406756,1.987701804745494e-198,4.034737991722197e-197
LUSC,ifn_gamma_response,IFN-gamma,CD68,486,0.5038488607826749,1.192354170742564e-32,2.7334204335607033e-32
LUSC,ifn_gamma_response,IFN-gamma,CD8A,486,0.7403289030948639,1.6309153606404201e-85,7.886381832785675e-85
LUSC,ifn_gamma_response,IFN-gamma,PD1_data,486,0.7144712770818197,4.2777903542125265e-77,1.8706735954112655e-76
LUSC,ifn_gamma_response,IFN-gamma,PDL1_data,486,0.4013814397502023,3.077394640576932e-20,5.816896054460913e-20
LUSC,ifn_gamma_response,IFN-gamma,PD1_PDL1_score,486,0.6808172869154138,1.899863058316385e-67,7.371793892468713e-67
LUSC,ifn_gamma_response,IFN-gamma,CTLA4_data,486,0.7010712962563754,4.3134417319634375e-73,1.8036220616357493e-72
LUSC,ifn_gamma_response,IFN-gamma,Bcell_mg_IGJ,486,0.5676797029781702,8.328499855579347e-43,2.2429227333837448e-42
LUSC,ifn_gamma_response,IFN-gamma,Bcell_receptors_score,486,0.5520363029235285,4.114587732681071e-40,1.0653668379716816e-39
LUSC,ifn_gamma_response,IFN-gamma,STAT1_score,486,0.8656790889552762,1.4960165448390128e-147,1.6051932946596117e-146
LUSC,ifn_gamma_response,IFN-gamma,CSF1_response,486,0.6778447799831091,1.1717113896627776e-66,4.501490084580163e-66
LUSC,ifn_gamma_response,IFN-gamma,TcClassII_score,486,0.7403258408830795,1.6348867333801177e-85,7.898564679918152e-85
LUSC,ifn_gamma_response,IFN-gamma,IL12_score_21050467,486,0.7729923051641049,1.0456730866283951e-97,5.907021382407548e-97
LUSC,ifn_gamma_response,IFN-gamma,IL4_score_21050467,486,0.5219924193693908,2.548677041453174e-35,6.132155287706883e-35
LUSC,ifn_gamma_response,IFN-gamma,IL2_score_21050467,486,0.6700645548756559,1.2397867543812472e-64,4.635353913287962e-64
LUSC,ifn_gamma_response,IFN-gamma,IL13_score_21050467,486,0.4366030389683892,4.876420689595608e-24,9.78521894186651e-24
LUSC,ifn_gamma_response,IFN-gamma,IFNG_score_21050467,486,0.8642965903502706,1.4925307260780518e-146,1.5735207654776358e-145
LUSC,ifn_gamma_response,IFN-gamma,TGFB_score_21050467,486,0.1584129662706735,0.0004558454468471,0.0005629510172186
LUSC,ifn_gamma_response,IFN-gamma,TREM1_data,486,0.2450486306082921,4.4515305516597195e-08,6.327757042338351e-08
LUSC,ifn_gamma_response,IFN-gamma,DAP12_data,486,0.6025222638709425,2.3661960725976543e-49,6.988114351211314e-49
LUSC,ifn_gamma_response,IFN-gamma,Tcell_receptors_score,486,0.7457943107003759,2.009658009615516e-87,9.884755490333098e-87
LUSC,ifn_gamma_response,IFN-gamma,IL8_21978456,486,0.1334895097102356,0.0031936264476293,0.0037957893544032
LUSC,ifn_gamma_response,IFN-gamma,IFN_21978456,486,0.8647164293191556,7.442506786676936e-147,7.892248912187626e-146
LUSC,ifn_gamma_response,IFN-gamma,MHC1_21978456,486,0.7534790978670366,3.4205406891883037e-90,1.7357967676477957e-89
LUSC,ifn_gamma_response,IFN-gamma,MHC2_21978456,486,0.6448905418906358,1.7433222266245816e-58,5.886823657875682e-58
LUSC,ifn_gamma_response,IFN-gamma,Bcell_21978456,486,-0.0677348494009746,0.1359325993768083,0.147511139160151
LUSC,ifn_gamma_response,IFN-gamma,Tcell_21978456,486,0.6935250658419768,6.20049709475213e-71,2.5247533080427836e-70
LUSC,ifn_gamma_response,IFN-gamma,CD103pos_mean_25446897,486,0.5301612240547451,1.4146609292512833e-36,3.4853964923582336e-36
LUSC,ifn_gamma_response,IFN-gamma,CD103neg_mean_25446897,486,0.4926941895277236,4.36732440494341e-31,9.801256090302044e-31
LUSC,ifn_gamma_response,IFN-gamma,IgG_19272155,486,0.3542874881470287,8.080455664756469e-16,1.415250444825344e-15
LUSC,ifn_gamma_response,IFN-gamma,Interferon_19272155,486,0.8615819003064217,1.270118379733674e-144,1.306133078591907e-143
LUSC,ifn_gamma_response,IFN-gamma,LCK_19272155,486,0.7172928851990023,5.735690861726286e-78,2.542963185639038e-77
LUSC,ifn_gamma_response,IFN-gamma,MHC.I_19272155,486,0.7634670205766956,6.005571918763456e-94,3.2092643652331242e-93
LUSC,ifn_gamma_response,IFN-gamma,MHC.II_19272155,486,0.684542338266867,1.8847500024481674e-68,7.4136225692827405e-68
LUSC,ifn_gamma_response,IFN-gamma,STAT1_19272155,486,0.9219572403926166,1.60287172961533e-201,3.4601675432965856e-200
LUSC,ifn_gamma_response,IFN-gamma,Troester_WoundSig_19887484,486,0.2244433772850722,5.759142059506313e-07,7.923554072765386e-07
LUSC,ifn_gamma_response,IFN-gamma,MDACC.FNA.1_20805453,486,0.6427660622128686,5.418270677099929e-58,1.8161055134580168e-57
LUSC,ifn_gamma_response,IFN-gamma,IGG_Cluster_21214954,486,0.5638547459680056,3.912908533603448e-42,1.0419100549585291e-41
LUSC,ifn_gamma_response,IFN-gamma,Minterferon_Cluster_21214954,486,0.9782737016100796,0,0
LUSC,ifn_gamma_response,IFN-gamma,Immune_cell_Cluster_21214954,486,0.7778722337077759,1.0510551284298084e-99,6.102177052996967e-99
LUSC,ifn_gamma_response,IFN-gamma,MCD3_CD8_21214954,486,0.2409120776082004,7.585495309066306e-08,1.0684902765748497e-07
LUSC,ifn_gamma_response,IFN-gamma,Interferon_Cluster_21214954,486,0.9000318475116313,1.0751823758313087e-176,1.6569382789015066e-175
LUSC,ifn_gamma_response,IFN-gamma,B_cell_PCA_16704732,486,0.6170432479317757,2.514239401762279e-52,7.762464441309193e-52
LUSC,ifn_gamma_response,IFN-gamma,CD8_PCA_16704732,486,0.7868815947821397,1.571394463395914e-103,9.487664684654575e-103
LUSC,ifn_gamma_response,IFN-gamma,GRANS_PCA_16704732,486,0.3593593834010576,2.921007749724488e-16,5.155834574465029e-16
LUSC,ifn_gamma_response,IFN-gamma,LYMPHS_PCA_16704732,486,0.069425019606764,0.1264116930138613,0.1374534499291236
LUSC,ifn_gamma_response,IFN-gamma,T_cell_PCA_16704732,486,0.7475668708216008,4.713436910913933e-88,2.322563115522808e-87
LUSC,ifn_gamma_response,IFN-gamma,TGFB_PCA_17349583,486,0.3028676798441923,9.073169152636746e-12,1.435661436601044e-11
LUSC,ifn_gamma_response,IFN-gamma,Rotterdam_ERneg_PCA_15721472,486,0.2398396720766795,8.695811212451302e-08,1.2229889605929442e-07
LUSC,ifn_gamma_response,IFN-gamma,HER2_Immune_PCA_18006808,486,0.7324264520096764,7.753044511499956e-83,3.6516504019532267e-82
LUSC,ifn_gamma_response,IFN-gamma,IR7_score,486,0.6766184634703701,2.4664237842031915e-66,9.45549357721308e-66
LUSC,ifn_gamma_response,IFN-gamma,Buck14_score,486,0.1392177736023035,0.0020965536364133,0.0025143853135116
LUSC,ifn_gamma_response,IFN-gamma,TAMsurr_score,486,0.8662240979596592,5.998640043291765e-148,6.461901353565782e-147
LUSC,ifn_gamma_response,IFN-gamma,Immune_NSCLC_score,486,0.5853891439734095,4.9212536325997166e-46,1.3799804000691991e-45
LUSC,ifn_gamma_response,IFN-gamma,Module3_IFN_score,486,0.9050107849274812,8.606025173331868e-182,1.4317057169090325e-180
LUSC,ifn_gamma_response,IFN-gamma,Module4_TcellBcell_score,486,0.7096277907669225,1.2725867250830738e-75,5.4683031472764e-75
LUSC,ifn_gamma_response,IFN-gamma,Module5_TcellBcell_score,486,0.8029382612427836,7.856804074821626e-111,5.205970056885463e-110
LUSC,ifn_gamma_response,IFN-gamma,Module11_Prolif_score,486,-0.1430926782881503,0.0015631152522626,0.0018871165051728
LUSC,ifn_gamma_response,IFN-gamma,GP11_Immune_IFN,486,0.8957162882184815,1.7236126010214052e-172,2.4937373802011815e-171
LUSC,ifn_gamma_response,IFN-gamma,GP2_ImmuneTcellBcell_score,486,0.6552278426311414,6.1389409910623656e-61,2.1685609734661863e-60
LUSC,ifn_gamma_response,IFN-gamma,CD8_CD68_ratio,486,0.178856524320539,7.344935118864858e-05,9.368451828048024e-05
LUSC,ifn_gamma_response,IFN-gamma,TAMsurr_TcClassII_ratio,486,-0.1239848408333796,0.0062035265668421,0.0072621442917196
LUSC,ifn_gamma_response,IFN-gamma,CHANG_CORE_SERUM_RESPONSE_UP,486,-0.1207911813686163,0.0076805151755809,0.008944980208769
LUSC,ifn_gamma_response,IFN-gamma,CSR_Activated_15701700,486,-0.2065047448780147,4.425508851200695e-06,5.896342922001416e-06
LUSC,ifn_gamma_response,IFN-gamma,CD103pos_CD103neg_ratio_25446897,486,0.0945836050342068,0.0371201913619858,0.0417563773799013
OV,ifn_gamma_response,IFN-gamma,ICS5_score,269,0.6610246971538833,3.661402976765336e-35,8.786075074372927e-35
OV,ifn_gamma_response,IFN-gamma,LIexpression_score,269,0.5638609924355915,5.6116313213959326e-24,1.1248074571994797e-23
OV,ifn_gamma_response,IFN-gamma,Chemokine12_score,269,0.6522614086108274,5.5268480360856755e-34,1.2976285419208488e-33
OV,ifn_gamma_response,IFN-gamma,NHI_5gene_score,269,0.9134966773129084,2.7869435175518244e-106,1.7547422147548526e-105
OV,ifn_gamma_response,IFN-gamma,CD68,269,0.5358809272012112,2.1332869445953576e-21,4.096392862195109e-21
OV,ifn_gamma_response,IFN-gamma,CD8A,269,0.5366679238068476,1.8185807923404386e-21,3.495787812838157e-21
OV,ifn_gamma_response,IFN-gamma,PD1_data,269,0.5243704783741965,2.1011259754503236e-20,3.985399339766304e-20
OV,ifn_gamma_response,IFN-gamma,PDL1_data,269,0.7868429602489804,6.704121216917551e-58,2.2415746416737232e-57
OV,ifn_gamma_response,IFN-gamma,PD1_PDL1_score,269,0.7324472633409712,1.747370996717256e-46,4.9328999595961986e-46
OV,ifn_gamma_response,IFN-gamma,CTLA4_data,269,0.6570667141325449,1.2616667724356483e-34,2.9906175346622784e-34
OV,ifn_gamma_response,IFN-gamma,Bcell_mg_IGJ,269,0.5061803744597951,6.566842331905635e-19,1.213026223618562e-18
OV,ifn_gamma_response,IFN-gamma,Bcell_receptors_score,269,0.5052923149386098,7.728139996652303e-19,1.425604665370923e-18
OV,ifn_gamma_response,IFN-gamma,STAT1_score,269,0.860109878152611,5.001862606336027e-80,2.278905576086096e-79
OV,ifn_gamma_response,IFN-gamma,CSF1_response,269,0.6037011058560569,4.214188088197392e-28,9.0363355143058e-28
OV,ifn_gamma_response,IFN-gamma,TcClassII_score,269,0.6300447314303297,3.656316698321582e-31,8.212371114314372e-31
OV,ifn_gamma_response,IFN-gamma,IL12_score_21050467,269,0.6643030202149105,1.295385074290493e-35,3.1347396815570635e-35
OV,ifn_gamma_response,IFN-gamma,IL4_score_21050467,269,0.4850716939070967,2.7787359010044076e-17,4.985594756419519e-17
OV,ifn_gamma_response,IFN-gamma,IL2_score_21050467,269,0.5911012766251337,9.795403914170846e-27,2.0566189615240991e-26
OV,ifn_gamma_response,IFN-gamma,IL13_score_21050467,269,0.3981038417441604,1.1905193300708168e-11,1.875050710939561e-11
OV,ifn_gamma_response,IFN-gamma,IFNG_score_21050467,269,0.8570663675426612,7.138214424945711e-79,3.206596735896339e-78
OV,ifn_gamma_response,IFN-gamma,TGFB_score_21050467,269,0.0144645489087488,0.8133210617097232,0.8239230122348034
OV,ifn_gamma_response,IFN-gamma,TREM1_data,269,0.1658844608159055,0.0063921519505888,0.0074781304540221
OV,ifn_gamma_response,IFN-gamma,DAP12_data,269,0.5195895355636205,5.297598350577048e-20,9.961609065723865e-20
OV,ifn_gamma_response,IFN-gamma,Tcell_receptors_score,269,0.6104625571029609,7.34802585243004e-29,1.5906589986955596e-28
OV,ifn_gamma_response,IFN-gamma,IL8_21978456,269,0.1531127365381149,0.0119240377287285,0.0137400477111381
OV,ifn_gamma_response,IFN-gamma,IFN_21978456,269,0.8702700869876145,4.34703105203688e-84,2.0725546821280128e-83
OV,ifn_gamma_response,IFN-gamma,MHC1_21978456,269,0.7505506467893963,5.9241076683066105e-50,1.766839129144077e-49
OV,ifn_gamma_response,IFN-gamma,MHC2_21978456,269,0.5371366639962354,1.653335091159648e-21,3.1792657815159008e-21
OV,ifn_gamma_response,IFN-gamma,Bcell_21978456,269,0.0321324581537563,0.5997967466728431,0.615640434320805
OV,ifn_gamma_response,IFN-gamma,Tcell_21978456,269,0.6301491304321022,3.5507732928408715e-31,7.978606655536696e-31
OV,ifn_gamma_response,IFN-gamma,CD103pos_mean_25446897,269,0.4850411773355195,2.793304534903754e-17,5.010081328676697e-17
OV,ifn_gamma_response,IFN-gamma,CD103neg_mean_25446897,269,0.4769715477666257,1.0933867383094911e-16,1.9393621964146168e-16
OV,ifn_gamma_response,IFN-gamma,IgG_19272155,269,0.400975174148742,8.212059857617477e-12,1.3028173119113174e-11
OV,ifn_gamma_response,IFN-gamma,Interferon_19272155,269,0.8573667774408348,5.505962760631938e-79,2.4774555349741723e-78
OV,ifn_gamma_response,IFN-gamma,LCK_19272155,269,0.6229608806896324,2.6002688857150665e-30,5.7854653326339305e-30
OV,ifn_gamma_response,IFN-gamma,MHC.I_19272155,269,0.7486943764286427,1.386815203849583e-49,4.115807260742898e-49
OV,ifn_gamma_response,IFN-gamma,MHC.II_19272155,269,0.6067260671127191,1.9390811194978682e-28,4.172706206514401e-28
OV,ifn_gamma_response,IFN-gamma,STAT1_19272155,269,0.9263743241660348,3.0375020385511856e-115,2.115750459631044e-114
OV,ifn_gamma_response,IFN-gamma,Troester_WoundSig_19887484,269,0.046244333625767,0.4500476128946549,0.4688355063475531
OV,ifn_gamma_response,IFN-gamma,MDACC.FNA.1_20805453,269,0.5431453461149734,4.811354827476355e-22,9.324463933548761e-22
OV,ifn_gamma_response,IFN-gamma,IGG_Cluster_21214954,269,0.5040677973416299,9.666049433632908e-19,1.7776642636566266e-18
OV,ifn_gamma_response,IFN-gamma,Minterferon_Cluster_21214954,269,0.984316791653729,3.286406626311968e-203,7.327070511121763e-202
OV,ifn_gamma_response,IFN-gamma,Immune_cell_Cluster_21214954,269,0.7218402170807452,1.4018592744731657e-44,3.863279864809534e-44
OV,ifn_gamma_response,IFN-gamma,MCD3_CD8_21214954,269,-0.0429167734618075,0.4833450928655997,0.5010284499216583
OV,ifn_gamma_response,IFN-gamma,Interferon_Cluster_21214954,269,0.8940384490307407,4.219098431996871e-95,2.2928966503559415e-94
OV,ifn_gamma_response,IFN-gamma,B_cell_PCA_16704732,269,0.6260291827771352,1.1186148989507205e-30,2.4980562603825612e-30
OV,ifn_gamma_response,IFN-gamma,CD8_PCA_16704732,269,0.6464043855080908,3.22733507096493e-33,7.477301016204948e-33
OV,ifn_gamma_response,IFN-gamma,GRANS_PCA_16704732,269,0.4888659141092617,1.4444828832838302e-17,2.6088933881354696e-17
OV,ifn_gamma_response,IFN-gamma,LYMPHS_PCA_16704732,269,0.3117849414636853,1.783923195631091e-07,2.4889823504060365e-07
OV,ifn_gamma_response,IFN-gamma,T_cell_PCA_16704732,269,0.6329085518390227,1.6305224118177662e-31,3.6835722260334912e-31
OV,ifn_gamma_response,IFN-gamma,TGFB_PCA_17349583,269,0.1525988867924659,0.0122158917309505,0.0140674113074452
OV,ifn_gamma_response,IFN-gamma,Rotterdam_ERneg_PCA_15721472,269,0.4292641726808476,1.7389492415987149e-13,2.875344642643468e-13
OV,ifn_gamma_response,IFN-gamma,HER2_Immune_PCA_18006808,269,0.6638423939295149,1.5001916523029465e-35,3.622300305604984e-35
OV,ifn_gamma_response,IFN-gamma,IR7_score,269,0.6596913171247863,5.566256063127629e-35,1.3310080432270023e-34
OV,ifn_gamma_response,IFN-gamma,Buck14_score,269,-0.0525221183562574,0.3908882286486365,0.4095593150709904
OV,ifn_gamma_response,IFN-gamma,TAMsurr_score,269,0.9241672677504668,1.347530464909151e-113,9.244092974912711e-113
OV,ifn_gamma_response,IFN-gamma,Immune_NSCLC_score,269,0.6519116406134536,6.147791174652033e-34,1.4415510340563389e-33
OV,ifn_gamma_response,IFN-gamma,Module3_IFN_score,269,0.9005427942514607,1.406061965085538e-98,8.001022060737789e-98
OV,ifn_gamma_response,IFN-gamma,Module4_TcellBcell_score,269,0.6395126719293159,2.4511167474240878e-32,5.583783545220703e-32
OV,ifn_gamma_response,IFN-gamma,Module5_TcellBcell_score,269,0.7387715602242224,1.1562256809089508e-47,3.3244543890828187e-47
OV,ifn_gamma_response,IFN-gamma,Module11_Prolif_score,269,0.054968351391795,0.3691701848889387,0.3878497114321798
OV,ifn_gamma_response,IFN-gamma,GP11_Immune_IFN,269,0.9084204111541008,3.978878991935781e-103,2.3943696588640096e-102
OV,ifn_gamma_response,IFN-gamma,GP2_ImmuneTcellBcell_score,269,0.5446403484947665,3.5253845358487774e-22,6.856664953527833e-22
OV,ifn_gamma_response,IFN-gamma,CD8_CD68_ratio,269,0.011095082209769,0.8562647201586983,0.8650102279783322
OV,ifn_gamma_response,IFN-gamma,TAMsurr_TcClassII_ratio,269,0.0778727662016992,0.2029489050508085,0.2173739010585545
OV,ifn_gamma_response,IFN-gamma,CHANG_CORE_SERUM_RESPONSE_UP,269,-0.037012291348381,0.5455598149882076,0.5620919305939108
OV,ifn_gamma_response,IFN-gamma,CSR_Activated_15701700,269,-0.1100706181971571,0.0714878803562798,0.0791400222096382
OV,ifn_gamma_response,IFN-gamma,CD103pos_CD103neg_ratio_25446897,269,-0.1305951855646173,0.0322640597636444,0.0364066552819385
PAAD,ifn_gamma_response,IFN-gamma,ICS5_score,156,0.471303553450911,5.307391527234271e-10,7.995627224634296e-10
PAAD,ifn_gamma_response,IFN-gamma,LIexpression_score,156,0.3847993311305894,7.055867901026984e-07,9.673367283666027e-07
PAAD,ifn_gamma_response,IFN-gamma,Chemokine12_score,156,0.6003508716473581,1.1970296695544615e-16,2.1218121219864035e-16
PAAD,ifn_gamma_response,IFN-gamma,NHI_5gene_score,156,0.9118369675792584,2.0219608930059543e-61,7.189194286243392e-61
PAAD,ifn_gamma_response,IFN-gamma,CD68,156,0.3644182852451322,2.913600679013106e-06,3.9058619255375305e-06
PAAD,ifn_gamma_response,IFN-gamma,CD8A,156,0.4798592084678065,2.3215741241630223e-10,3.5248013495525644e-10
PAAD,ifn_gamma_response,IFN-gamma,PD1_data,156,0.394569682337648,3.453085089217026e-07,4.788371880025649e-07
PAAD,ifn_gamma_response,IFN-gamma,PDL1_data,156,0.5402378512078346,3.3704937905925684e-13,5.53607675749504e-13
PAAD,ifn_gamma_response,IFN-gamma,PD1_PDL1_score,156,0.5800660335169223,2.0970040850409056e-15,3.633026185548575e-15
PAAD,ifn_gamma_response,IFN-gamma,CTLA4_data,156,0.4624609911212228,1.2183202815506855e-09,1.8182887055242061e-09
PAAD,ifn_gamma_response,IFN-gamma,Bcell_mg_IGJ,156,0.4992717827061212,3.2603670243317977e-11,5.08643435972612e-11
PAAD,ifn_gamma_response,IFN-gamma,Bcell_receptors_score,156,0.3422863555183258,1.222016493841252e-05,1.6034176860821055e-05
PAAD,ifn_gamma_response,IFN-gamma,STAT1_score,156,0.7715221373500452,4.698269647788954e-32,1.0667189851407307e-31
PAAD,ifn_gamma_response,IFN-gamma,CSF1_response,156,0.5348900245691043,6.342390449598016e-13,1.035492318301717e-12
PAAD,ifn_gamma_response,IFN-gamma,TcClassII_score,156,0.5702707401495155,7.795497769937571e-15,1.3323125312114476e-14
PAAD,ifn_gamma_response,IFN-gamma,IL12_score_21050467,156,0.5527054675172558,7.386352079273677e-14,1.2359813999153738e-13
PAAD,ifn_gamma_response,IFN-gamma,IL4_score_21050467,156,0.3123579523004219,7.194319923513802e-05,9.182801591721042e-05
PAAD,ifn_gamma_response,IFN-gamma,IL2_score_21050467,156,0.4423513234823118,7.398944947405425e-09,1.0759224943567364e-08
PAAD,ifn_gamma_response,IFN-gamma,IL13_score_21050467,156,0.2950724582710743,0.0001844426288932,0.0002312973492805
PAAD,ifn_gamma_response,IFN-gamma,IFNG_score_21050467,156,0.7279501888309624,5.020765259211892e-27,1.0594632664900191e-26
PAAD,ifn_gamma_response,IFN-gamma,TGFB_score_21050467,156,0.1639188284671439,0.0408813340548818,0.0459302885705405
PAAD,ifn_gamma_response,IFN-gamma,TREM1_data,156,0.1972663535163512,0.013573937615344,0.0155982722069014
PAAD,ifn_gamma_response,IFN-gamma,DAP12_data,156,0.4683017033974039,7.055803105252147e-10,1.059734094217882e-09
PAAD,ifn_gamma_response,IFN-gamma,Tcell_receptors_score,156,0.4701806514833019,5.905826992110498e-10,8.89224988571301e-10
PAAD,ifn_gamma_response,IFN-gamma,IL8_21978456,156,-0.0114301970887136,0.8873805125091256,0.894948088255403
PAAD,ifn_gamma_response,IFN-gamma,IFN_21978456,156,0.84116261794503,5.846640547075633e-43,1.5761013169520038e-42
PAAD,ifn_gamma_response,IFN-gamma,MHC1_21978456,156,0.4132923561288105,8.221463463733613e-08,1.1571736414672925e-07
PAAD,ifn_gamma_response,IFN-gamma,MHC2_21978456,156,0.4924120055001501,6.616780214591011e-11,1.0225933058913379e-10
PAAD,ifn_gamma_response,IFN-gamma,Bcell_21978456,156,-0.060345324900973,0.4542590458964113,0.4727700802901239
PAAD,ifn_gamma_response,IFN-gamma,Tcell_21978456,156,0.5111188380142562,9.248096162978688e-12,1.4624896257733736e-11
PAAD,ifn_gamma_response,IFN-gamma,CD103pos_mean_25446897,156,0.3618403375954228,3.4624336625692807e-06,4.632473960741979e-06
PAAD,ifn_gamma_response,IFN-gamma,CD103neg_mean_25446897,156,0.5439680106209795,2.154253758917219e-13,3.551254681366567e-13
PAAD,ifn_gamma_response,IFN-gamma,IgG_19272155,156,0.1755546388626346,0.0283726170201556,0.0321154882625149
PAAD,ifn_gamma_response,IFN-gamma,Interferon_19272155,156,0.8394010205318015,1.2724020540475565e-42,3.413149494092065e-42
PAAD,ifn_gamma_response,IFN-gamma,LCK_19272155,156,0.4954497321047557,4.8458534144319895e-11,7.518951105108393e-11
PAAD,ifn_gamma_response,IFN-gamma,MHC.I_19272155,156,0.4240524284842946,3.460600234988788e-08,4.9307661808116834e-08
PAAD,ifn_gamma_response,IFN-gamma,MHC.II_19272155,156,0.5469140680564555,1.5068109477506552e-13,2.4991010840742583e-13
PAAD,ifn_gamma_response,IFN-gamma,STAT1_19272155,156,0.8925344095515815,3.94692838634931e-55,1.270490557499423e-54
PAAD,ifn_gamma_response,IFN-gamma,Troester_WoundSig_19887484,156,0.2982932925774924,0.0001554529872901,0.0001957103103121
PAAD,ifn_gamma_response,IFN-gamma,MDACC.FNA.1_20805453,156,0.4980374089532374,3.7075096263933445e-11,5.7707732096079526e-11
PAAD,ifn_gamma_response,IFN-gamma,IGG_Cluster_21214954,156,0.3369695437088081,1.6973683957406646e-05,2.2175033796419826e-05
PAAD,ifn_gamma_response,IFN-gamma,Minterferon_Cluster_21214954,156,0.9614649377007772,2.910269631718077e-88,1.4405702271652722e-87
PAAD,ifn_gamma_response,IFN-gamma,Immune_cell_Cluster_21214954,156,0.6433437119691485,1.347417945679045e-19,2.5171544040157986e-19
PAAD,ifn_gamma_response,IFN-gamma,MCD3_CD8_21214954,156,0.1856111014524821,0.0203499166734312,0.0232034262635644
PAAD,ifn_gamma_response,IFN-gamma,Interferon_Cluster_21214954,156,0.8389783629150795,1.5312511722269677e-42,4.103451417199362e-42
PAAD,ifn_gamma_response,IFN-gamma,B_cell_PCA_16704732,156,0.3682224083703433,2.2523489576525504e-06,3.0306154661463942e-06
PAAD,ifn_gamma_response,IFN-gamma,CD8_PCA_16704732,156,0.5562493974330056,4.7423594343659823e-14,7.960023240651324e-14
PAAD,ifn_gamma_response,IFN-gamma,GRANS_PCA_16704732,156,0.1409555720630304,0.0792337911748935,0.0874481282189939
PAAD,ifn_gamma_response,IFN-gamma,LYMPHS_PCA_16704732,156,0.0824358710941821,0.3062674507652661,0.3235764094315494
PAAD,ifn_gamma_response,IFN-gamma,T_cell_PCA_16704732,156,0.5270060533261682,1.5787499650875499e-12,2.5477305873854266e-12
PAAD,ifn_gamma_response,IFN-gamma,TGFB_PCA_17349583,156,0.155270309676132,0.052930994339229,0.0591504949066158
PAAD,ifn_gamma_response,IFN-gamma,Rotterdam_ERneg_PCA_15721472,156,0.0364464260454556,0.6514816860430913,0.6673056622245183
PAAD,ifn_gamma_response,IFN-gamma,HER2_Immune_PCA_18006808,156,0.5357462344518025,5.736135600618198e-13,9.37074404425315e-13
PAAD,ifn_gamma_response,IFN-gamma,IR7_score,156,0.4837184234780637,1.5868368759005459e-10,2.4248293833985874e-10
PAAD,ifn_gamma_response,IFN-gamma,Buck14_score,156,0.1011585885782021,0.2089221419496469,0.223507660217518
PAAD,ifn_gamma_response,IFN-gamma,TAMsurr_score,156,0.8430472436405121,2.5177570605703835e-43,6.814228064429297e-43
PAAD,ifn_gamma_response,IFN-gamma,Immune_NSCLC_score,156,0.4749181693327822,3.7529747980216107e-10,5.6727376774764e-10
PAAD,ifn_gamma_response,IFN-gamma,Module3_IFN_score,156,0.8820628724059995,3.3504591148332804e-52,1.0326627526738269e-51
PAAD,ifn_gamma_response,IFN-gamma,Module4_TcellBcell_score,156,0.452504306870446,3.0198893931806174e-09,4.4557087873345704e-09
PAAD,ifn_gamma_response,IFN-gamma,Module5_TcellBcell_score,156,0.6399181930405694,2.407810026435055e-19,4.478115057711694e-19
PAAD,ifn_gamma_response,IFN-gamma,Module11_Prolif_score,156,0.0910955905480592,0.2580608978681434,0.2741897039849024
PAAD,ifn_gamma_response,IFN-gamma,GP11_Immune_IFN,156,0.8310448733533912,4.4960354594405445e-41,1.1804262982314943e-40
PAAD,ifn_gamma_response,IFN-gamma,GP2_ImmuneTcellBcell_score,156,0.4493327070240556,4.008065709351006e-09,5.884987168385823e-09
PAAD,ifn_gamma_response,IFN-gamma,CD8_CD68_ratio,156,0.1865341151554424,0.019723040638119,0.0225027980434915
PAAD,ifn_gamma_response,IFN-gamma,TAMsurr_TcClassII_ratio,156,0.3678945359524238,2.303177332344285e-06,3.098240526200028e-06
PAAD,ifn_gamma_response,IFN-gamma,CHANG_CORE_SERUM_RESPONSE_UP,156,-0.0438451471797987,0.5867973679126108,0.6026387920416467
PAAD,ifn_gamma_response,IFN-gamma,CSR_Activated_15701700,156,-0.1518122865331771,0.058508880190604,0.0651162660059095
PAAD,ifn_gamma_response,IFN-gamma,CD103pos_CD103neg_ratio_25446897,156,-0.0642759433831998,0.4253497125447268,0.4442124085704193
UCEC,ifn_gamma_response,IFN-gamma,ICS5_score,528,0.6127765979562221,9.51697690554097e-56,3.1057201179449833e-55
UCEC,ifn_gamma_response,IFN-gamma,LIexpression_score,528,0.5615664399765495,3.289814248680196e-45,9.130913016745033e-45
UCEC,ifn_gamma_response,IFN-gamma,Chemokine12_score,528,0.6646305031504245,1.3706209475229796e-68,5.4030275032789925e-68
UCEC,ifn_gamma_response,IFN-gamma,NHI_5gene_score,528,0.9035910449514288,8.6263035263499e-196,1.7126675614358926e-194
UCEC,ifn_gamma_response,IFN-gamma,CD68,528,0.4909403002349579,2.227812751058227e-33,5.176976234838425e-33
UCEC,ifn_gamma_response,IFN-gamma,CD8A,528,0.521609730026207,3.5500805715972357e-38,8.912061979459604e-38
UCEC,ifn_gamma_response,IFN-gamma,PD1_data,528,0.4267070962299588,8.924544887199078e-25,1.811549409938917e-24
UCEC,ifn_gamma_response,IFN-gamma,PDL1_data,528,0.6087807697607585,7.42302561483404e-55,2.376766294567226e-54
UCEC,ifn_gamma_response,IFN-gamma,PD1_PDL1_score,528,0.5820996407374889,3.275537607649148e-49,9.652721877362602e-49
UCEC,ifn_gamma_response,IFN-gamma,CTLA4_data,528,0.4131243702459027,3.51811677885037e-23,6.934259158313773e-23
UCEC,ifn_gamma_response,IFN-gamma,Bcell_mg_IGJ,528,0.6712774416995877,2.0011112569983608e-70,8.081696539028272e-70
UCEC,ifn_gamma_response,IFN-gamma,Bcell_receptors_score,528,0.5861148618001817,5.001552492058377e-50,1.4933285157408108e-49
UCEC,ifn_gamma_response,IFN-gamma,STAT1_score,528,0.8563776805840435,4.1389773676720553e-153,4.740218290554943e-152
UCEC,ifn_gamma_response,IFN-gamma,CSF1_response,528,0.6260178780331801,8.494081900597134e-59,2.8807858814992774e-58
UCEC,ifn_gamma_response,IFN-gamma,TcClassII_score,528,0.6468297961651684,6.725642990675552e-64,2.49063974603642e-63
UCEC,ifn_gamma_response,IFN-gamma,IL12_score_21050467,528,0.6105531755316411,2.995401481737736e-55,9.670613685847643e-55
UCEC,ifn_gamma_response,IFN-gamma,IL4_score_21050467,528,0.5387588598394099,4.433947324368272e-41,1.1646872740011298e-40
UCEC,ifn_gamma_response,IFN-gamma,IL2_score_21050467,528,0.5777627385571279,2.4221720837647444e-48,7.065209724225313e-48
UCEC,ifn_gamma_response,IFN-gamma,IL13_score_21050467,528,0.3419455179293807,6.2866654289035495e-16,1.1035643734506394e-15
UCEC,ifn_gamma_response,IFN-gamma,IFNG_score_21050467,528,0.8656572085369055,3.57088318566082e-160,4.4966677152765876e-159
UCEC,ifn_gamma_response,IFN-gamma,TGFB_score_21050467,528,0.0917716729500022,0.0350132398548563,0.0394433681529133
UCEC,ifn_gamma_response,IFN-gamma,TREM1_data,528,0.2056592118840546,1.8836395698180372e-06,2.5420489357008496e-06
UCEC,ifn_gamma_response,IFN-gamma,DAP12_data,528,0.4862658835275011,1.0897659600943127e-32,2.503516394811259e-32
UCEC,ifn_gamma_response,IFN-gamma,Tcell_receptors_score,528,0.5363409434608083,1.1649217870244424e-40,3.04233054316513e-40
UCEC,ifn_gamma_response,IFN-gamma,IL8_21978456,528,0.1433258982157465,0.0009577943565269,0.0011664207072994
UCEC,ifn_gamma_response,IFN-gamma,IFN_21978456,528,0.8567191113387267,2.3220490315889252e-153,2.676259900814354e-152
UCEC,ifn_gamma_response,IFN-gamma,MHC1_21978456,528,0.6540460894591613,9.212082134867388e-66,3.492245770988056e-65
UCEC,ifn_gamma_response,IFN-gamma,MHC2_21978456,528,0.5595692266654816,7.79200479988175e-45,2.156078642490169e-44
UCEC,ifn_gamma_response,IFN-gamma,Bcell_21978456,528,-0.0701721676562561,0.1072673607617091,0.1173405273564644
UCEC,ifn_gamma_response,IFN-gamma,Tcell_21978456,528,0.5868252835987671,3.576919212526516e-50,1.0697328486060608e-49
UCEC,ifn_gamma_response,IFN-gamma,CD103pos_mean_25446897,528,0.5236074113457407,1.6614876759435416e-38,4.203950212619937e-38
UCEC,ifn_gamma_response,IFN-gamma,CD103neg_mean_25446897,528,0.5238189125623213,1.5327026137080782e-38,3.88351291037352e-38
UCEC,ifn_gamma_response,IFN-gamma,IgG_19272155,528,0.3984592200363502,1.5460245434404608e-21,2.9739651755007447e-21
UCEC,ifn_gamma_response,IFN-gamma,Interferon_19272155,528,0.8476488024123713,6.638597826240793e-147,7.053510190380841e-146
UCEC,ifn_gamma_response,IFN-gamma,LCK_19272155,528,0.584432396452072,1.102769131939458e-49,3.274598295715421e-49
UCEC,ifn_gamma_response,IFN-gamma,MHC.I_19272155,528,0.6723410463222026,1.00714416818049e-70,4.0826112331608526e-70
UCEC,ifn_gamma_response,IFN-gamma,MHC.II_19272155,528,0.6039510454920272,8.551315168920871e-54,2.6920807013269407e-53
UCEC,ifn_gamma_response,IFN-gamma,STAT1_19272155,528,0.9150409077181768,1.4950761862803848e-209,3.6636101141285104e-208
UCEC,ifn_gamma_response,IFN-gamma,Troester_WoundSig_19887484,528,0.1049998509144959,0.0157927597641582,0.0180830589595918
UCEC,ifn_gamma_response,IFN-gamma,MDACC.FNA.1_20805453,528,0.6494587819027241,1.4280909002737912e-64,5.335724242781198e-64
UCEC,ifn_gamma_response,IFN-gamma,IGG_Cluster_21214954,528,0.5657023133364336,5.4144807939703156e-46,1.5175051787325358e-45
UCEC,ifn_gamma_response,IFN-gamma,Minterferon_Cluster_21214954,528,0.9681500575869564,0,0
UCEC,ifn_gamma_response,IFN-gamma,Immune_cell_Cluster_21214954,528,0.70738273660782,2.6957355382346157e-81,1.2427797735590093e-80
UCEC,ifn_gamma_response,IFN-gamma,MCD3_CD8_21214954,528,0.1522343934974858,0.0004476520347227,0.0005530835950242
UCEC,ifn_gamma_response,IFN-gamma,Interferon_Cluster_21214954,528,0.8616051913960551,5.018669777185361e-157,6.053561771150413e-156
UCEC,ifn_gamma_response,IFN-gamma,B_cell_PCA_16704732,528,0.6368355295608994,2.12092094298526e-61,7.5312075260051e-61
UCEC,ifn_gamma_response,IFN-gamma,CD8_PCA_16704732,528,0.5602110586020377,5.909933313985485e-45,1.6369672723055514e-44
UCEC,ifn_gamma_response,IFN-gamma,GRANS_PCA_16704732,528,0.4181228795184697,9.27919836448562e-24,1.8490417253773546e-23
UCEC,ifn_gamma_response,IFN-gamma,LYMPHS_PCA_16704732,528,0.1303561667991051,0.0026903045680369,0.0032123039618352
UCEC,ifn_gamma_response,IFN-gamma,T_cell_PCA_16704732,528,0.5927481267249168,2.116147724458424e-51,6.409712483882977e-51
UCEC,ifn_gamma_response,IFN-gamma,TGFB_PCA_17349583,528,0.0637903872502323,0.1432462214954439,0.1552928347818284
UCEC,ifn_gamma_response,IFN-gamma,Rotterdam_ERneg_PCA_15721472,528,0.1954501834088042,6.063457593896963e-06,8.039290594881666e-06
UCEC,ifn_gamma_response,IFN-gamma,HER2_Immune_PCA_18006808,528,0.6551480545301132,4.734784569104663e-66,1.7986891100509333e-65
UCEC,ifn_gamma_response,IFN-gamma,IR7_score,528,0.5581356056560856,1.4417564692511002e-44,3.971217819101764e-44
UCEC,ifn_gamma_response,IFN-gamma,Buck14_score,528,0.209163657968765,1.2436336628849823e-06,1.6904965332569476e-06
UCEC,ifn_gamma_response,IFN-gamma,TAMsurr_score,528,0.8708881135128861,2.156304172100344e-164,2.8471589068509386e-163
UCEC,ifn_gamma_response,IFN-gamma,Immune_NSCLC_score,528,0.4952045818315095,5.123590593370347e-34,1.2039884590900513e-33
UCEC,ifn_gamma_response,IFN-gamma,Module3_IFN_score,528,0.892984730994519,1.6753664072328316e-184,2.8841750808058874e-183
UCEC,ifn_gamma_response,IFN-gamma,Module4_TcellBcell_score,528,0.5873118763668518,2.841697851283177e-50,8.517265185113215e-50
UCEC,ifn_gamma_response,IFN-gamma,Module5_TcellBcell_score,528,0.7173353710322481,1.3678453302106992e-84,6.561797704008996e-84
UCEC,ifn_gamma_response,IFN-gamma,Module11_Prolif_score,528,0.1171696398951966,0.007033333202857,0.0082105863999017
UCEC,ifn_gamma_response,IFN-gamma,GP11_Immune_IFN,528,0.883987979481453,8.024144808495028e-176,1.202516467168401e-174
UCEC,ifn_gamma_response,IFN-gamma,GP2_ImmuneTcellBcell_score,528,0.5701232149956246,7.6493170712825865e-47,2.1741005678044554e-46
UCEC,ifn_gamma_response,IFN-gamma,CD8_CD68_ratio,528,0.0013013543750071,0.9762010461088524,0.9778187609707524
UCEC,ifn_gamma_response,IFN-gamma,TAMsurr_TcClassII_ratio,528,0.1417391282017575,0.0010919385719991,0.0013274068897598
UCEC,ifn_gamma_response,IFN-gamma,CHANG_CORE_SERUM_RESPONSE_UP,528,0.1081579586264188,0.012893803139941,0.0148386479968858
UCEC,ifn_gamma_response,IFN-gamma,CSR_Activated_15701700,528,-0.006811958307476,0.8759086969017663,0.883870026181712
UCEC,ifn_gamma_response,IFN-gamma,CD103pos_CD103neg_ratio_25446897,528,-0.0056243654185047,0.8974108205795299,0.9047284773818834
BRCA,myeloid_inflammatory_context,Myeloid,ICS5_score,1082,0.6045375584681296,8.487519892937906e-109,5.529593798512839e-108
BRCA,myeloid_inflammatory_context,Myeloid,LIexpression_score,1082,0.6555397775900604,7.087520239893823e-134,6.4046694526615276e-133
BRCA,myeloid_inflammatory_context,Myeloid,Chemokine12_score,1082,0.7285358606093983,1.1840977408193625e-179,1.8945563853109805e-178
BRCA,myeloid_inflammatory_context,Myeloid,NHI_5gene_score,1082,0.6278256050430412,1.1429619593919332e-119,8.564343056600712e-119
BRCA,myeloid_inflammatory_context,Myeloid,CD68,1082,0.900913840582903,0,0
BRCA,myeloid_inflammatory_context,Myeloid,CD8A,1082,0.5974430213909222,1.1603488853119474e-105,7.24718477163834e-105
BRCA,myeloid_inflammatory_context,Myeloid,PD1_data,1082,0.6506784958441796,2.822515957808748e-131,2.452793420204408e-130
BRCA,myeloid_inflammatory_context,Myeloid,PDL1_data,1082,0.5545303868738715,2.921765371530093e-88,1.444945783738519e-87
BRCA,myeloid_inflammatory_context,Myeloid,PD1_PDL1_score,1082,0.6902975685838615,5.699720767222984e-154,6.597123611424049e-153
BRCA,myeloid_inflammatory_context,Myeloid,CTLA4_data,1082,0.688287133521853,9.896340793246353e-153,1.1239268040764122e-151
BRCA,myeloid_inflammatory_context,Myeloid,Bcell_mg_IGJ,1082,0.501828431104009,4.395298715927336e-70,1.7698316073016068e-69
BRCA,myeloid_inflammatory_context,Myeloid,Bcell_receptors_score,1082,0.696247118453716,1.0643502523464867e-157,1.3011382860145815e-156
BRCA,myeloid_inflammatory_context,Myeloid,STAT1_score,1082,0.798210706036664,5.516704230172344e-240,1.911520446632965e-238
BRCA,myeloid_inflammatory_context,Myeloid,CSF1_response,1082,0.9253283966045744,0,0
BRCA,myeloid_inflammatory_context,Myeloid,TcClassII_score,1082,0.8113319248177634,4.696881090762353e-254,1.8787524363049414e-252
BRCA,myeloid_inflammatory_context,Myeloid,IL12_score_21050467,1082,0.7162538011225003,6.108370057921824e-171,8.653524248722584e-170
BRCA,myeloid_inflammatory_context,Myeloid,IL4_score_21050467,1082,0.5596505259561931,3.324414079074805e-90,1.6885912782602185e-89
BRCA,myeloid_inflammatory_context,Myeloid,IL2_score_21050467,1082,0.7018258700909459,2.7953098902924075e-161,3.5363920472536496e-160
BRCA,myeloid_inflammatory_context,Myeloid,IL13_score_21050467,1082,0.3756962791092459,1.330038552147494e-37,3.312916540147604e-37
BRCA,myeloid_inflammatory_context,Myeloid,IFNG_score_21050467,1082,0.6879441832669314,1.6066645171159865e-152,1.817100826010596e-151
BRCA,myeloid_inflammatory_context,Myeloid,TGFB_score_21050467,1082,0.3603036554182417,1.640836481149527e-34,3.8826230784921385e-34
BRCA,myeloid_inflammatory_context,Myeloid,TREM1_data,1082,0.3952986007226653,8.678663680196694e-42,2.3030209961107323e-41
BRCA,myeloid_inflammatory_context,Myeloid,DAP12_data,1082,0.880248999338204,0,0
BRCA,myeloid_inflammatory_context,Myeloid,Tcell_receptors_score,1082,0.6889555852278351,3.840935130314059e-153,4.408161837322464e-152
BRCA,myeloid_inflammatory_context,Myeloid,IL8_21978456,1082,0.348920579469081,2.480507325376368e-32,5.648371640873773e-32
BRCA,myeloid_inflammatory_context,Myeloid,IFN_21978456,1082,0.4638794789528832,7.795746902403189e-59,2.6472448907037048e-58
BRCA,myeloid_inflammatory_context,Myeloid,MHC1_21978456,1082,0.5990749911654686,2.239756591695611e-106,1.4184255947408759e-105
BRCA,myeloid_inflammatory_context,Myeloid,MHC2_21978456,1082,0.8427505261246171,9.318956227437346e-293,4.828106845453254e-291
BRCA,myeloid_inflammatory_context,Myeloid,Bcell_21978456,1082,0.0397215269595881,0.1916900792326445,0.205719871971905
BRCA,myeloid_inflammatory_context,Myeloid,Tcell_21978456,1082,0.7742120836015232,9.064906415009439e-217,2.5159740253903747e-215
BRCA,myeloid_inflammatory_context,Myeloid,CD103pos_mean_25446897,1082,0.5308715089355049,1.0558888292387038e-79,4.782710433853912e-79
BRCA,myeloid_inflammatory_context,Myeloid,CD103neg_mean_25446897,1082,0.8640051714575884,0,0
BRCA,myeloid_inflammatory_context,Myeloid,IgG_19272155,1082,0.4516370872597868,1.6939306861169126e-55,5.4949212477495546e-55
BRCA,myeloid_inflammatory_context,Myeloid,Interferon_19272155,1082,0.4487131092743951,1.0139369809541632e-54,3.238882663764327e-54
BRCA,myeloid_inflammatory_context,Myeloid,LCK_19272155,1082,0.7792229401717811,2.252872705932796e-221,6.4503302738286364e-220
BRCA,myeloid_inflammatory_context,Myeloid,MHC.I_19272155,1082,0.5956083436676927,7.291581729245603e-105,4.517790957528027e-104
BRCA,myeloid_inflammatory_context,Myeloid,MHC.II_19272155,1082,0.8809106092501712,0,0
BRCA,myeloid_inflammatory_context,Myeloid,STAT1_19272155,1082,0.6782325376960016,1.1121945646614506e-146,1.1748229964579208e-145
BRCA,myeloid_inflammatory_context,Myeloid,Troester_WoundSig_19887484,1082,0.3728044990564877,5.217634750694913e-37,1.2901787747172877e-36
BRCA,myeloid_inflammatory_context,Myeloid,MDACC.FNA.1_20805453,1082,0.8772195987687886,0,0
BRCA,myeloid_inflammatory_context,Myeloid,IGG_Cluster_21214954,1082,0.5786415356641919,1.016150732451594e-97,5.74621620014207e-97
BRCA,myeloid_inflammatory_context,Myeloid,Minterferon_Cluster_21214954,1082,0.6287460219939413,4.066884933220709e-120,3.0770311594882696e-119
BRCA,myeloid_inflammatory_context,Myeloid,Immune_cell_Cluster_21214954,1082,0.8512524227114744,1.0216659867107456e-304,5.61400299768329e-303
BRCA,myeloid_inflammatory_context,Myeloid,MCD3_CD8_21214954,1082,0.187903539190201,4.685893935555127e-10,7.06912451731001e-10
BRCA,myeloid_inflammatory_context,Myeloid,Interferon_Cluster_21214954,1082,0.4894945926369186,2.853152525574356e-66,1.0907343456868938e-65
BRCA,myeloid_inflammatory_context,Myeloid,B_cell_PCA_16704732,1082,0.708082538808714,2.1373012729919305e-165,2.8637731342551973e-164
BRCA,myeloid_inflammatory_context,Myeloid,CD8_PCA_16704732,1082,0.7174766406840336,8.696622741073671e-172,1.2515774526836185e-170
BRCA,myeloid_inflammatory_context,Myeloid,GRANS_PCA_16704732,1082,0.6293019127605631,2.1751605990923907e-120,1.6572652183561073e-119
BRCA,myeloid_inflammatory_context,Myeloid,LYMPHS_PCA_16704732,1082,0.0489182624130329,0.1077894316827673,0.1178879188488649
BRCA,myeloid_inflammatory_context,Myeloid,T_cell_PCA_16704732,1082,0.7360596945513184,3.132385666368789e-185,5.444146333880579e-184
BRCA,myeloid_inflammatory_context,Myeloid,TGFB_PCA_17349583,1082,0.388205603833678,3.060891744088253e-40,7.948091211379523e-40
BRCA,myeloid_inflammatory_context,Myeloid,Rotterdam_ERneg_PCA_15721472,1082,0.3510876032576835,9.693394010910155e-33,2.22780158087669e-32
BRCA,myeloid_inflammatory_context,Myeloid,HER2_Immune_PCA_18006808,1082,0.8108918365732527,1.4503117520032562e-253,5.758902139341396e-252
BRCA,myeloid_inflammatory_context,Myeloid,IR7_score,1082,0.5717047781123753,6.438765283270764e-95,3.481797528925741e-94
BRCA,myeloid_inflammatory_context,Myeloid,Buck14_score,1082,0.1648550877977668,4.930667149697918e-08,6.99421885120122e-08
BRCA,myeloid_inflammatory_context,Myeloid,TAMsurr_score,1082,0.6637056734278052,2.3577864135276463e-138,2.246297388719859e-137
BRCA,myeloid_inflammatory_context,Myeloid,Immune_NSCLC_score,1082,0.5944171967426742,2.389549713261061e-104,1.4671727359074686e-103
BRCA,myeloid_inflammatory_context,Myeloid,Module3_IFN_score,1082,0.4861287127407494,2.943800910692661e-65,1.1082544604960603e-64
BRCA,myeloid_inflammatory_context,Myeloid,Module4_TcellBcell_score,1082,0.7046360346579454,4.0823580880526446e-163,5.25012482246014e-162
BRCA,myeloid_inflammatory_context,Myeloid,Module5_TcellBcell_score,1082,0.7711330693266019,5.348269594901011e-214,1.372386160201014e-212
BRCA,myeloid_inflammatory_context,Myeloid,Module11_Prolif_score,1082,0.090882403203138,0.0027697175737795,0.0033056743311454
BRCA,myeloid_inflammatory_context,Myeloid,GP11_Immune_IFN,1082,0.5449522150385255,1.029756240693616e-84,4.953027364609435e-84
BRCA,myeloid_inflammatory_context,Myeloid,GP2_ImmuneTcellBcell_score,1082,0.7892330512395238,6.041805089099041e-231,1.9220713265905726e-229
BRCA,myeloid_inflammatory_context,Myeloid,CD8_CD68_ratio,1082,-0.2128938819543516,1.4831203976808377e-12,2.395538884615129e-12
BRCA,myeloid_inflammatory_context,Myeloid,TAMsurr_TcClassII_ratio,1082,-0.1579355304831182,1.7710065931744749e-07,2.471594629776589e-07
BRCA,myeloid_inflammatory_context,Myeloid,CHANG_CORE_SERUM_RESPONSE_UP,1082,0.1576425010121908,1.8673083097575514e-07,2.603988004378641e-07
BRCA,myeloid_inflammatory_context,Myeloid,CSR_Activated_15701700,1082,0.0062431462954494,0.8374742812552672,0.8472866077791805
BRCA,myeloid_inflammatory_context,Myeloid,CD103pos_CD103neg_ratio_25446897,1082,-0.159336473118802,1.3730814084062165e-07,1.9211838636136366e-07
COAD,myeloid_inflammatory_context,Myeloid,ICS5_score,439,0.6582353915056124,7.47900834248766e-56,2.4421251730571948e-55
COAD,myeloid_inflammatory_context,Myeloid,LIexpression_score,439,0.7069637403567345,9.871781271023971e-68,3.8441295715368935e-67
COAD,myeloid_inflammatory_context,Myeloid,Chemokine12_score,439,0.8728960189471725,2.774540040593819e-138,2.634118293338635e-137
COAD,myeloid_inflammatory_context,Myeloid,NHI_5gene_score,439,0.6979870526695072,2.305761338568459e-65,8.692544478040483e-65
COAD,myeloid_inflammatory_context,Myeloid,CD68,439,0.7123772716339503,3.3276403485522554e-69,1.321340401176954e-68
COAD,myeloid_inflammatory_context,Myeloid,CD8A,439,0.6386198187258056,1.1310388913083178e-51,3.441192152526425e-51
COAD,myeloid_inflammatory_context,Myeloid,PD1_data,439,0.6273785766062652,2.063891408384397e-49,6.101939816093e-49
COAD,myeloid_inflammatory_context,Myeloid,PDL1_data,439,0.7378809556272242,1.2558995201209151e-76,5.4569436018033375e-76
COAD,myeloid_inflammatory_context,Myeloid,PD1_PDL1_score,439,0.7439375938963539,1.6113587686203498e-78,7.196873317975945e-78
COAD,myeloid_inflammatory_context,Myeloid,CTLA4_data,439,0.6782841573989818,1.839612431234754e-60,6.439827301104932e-60
COAD,myeloid_inflammatory_context,Myeloid,Bcell_mg_IGJ,439,0.670908402289601,1.0056789479761491e-58,3.404414111381612e-58
COAD,myeloid_inflammatory_context,Myeloid,Bcell_receptors_score,439,0.7498286518502509,2.066106309171439e-80,9.4530011117684e-80
COAD,myeloid_inflammatory_context,Myeloid,STAT1_score,439,0.8467945491835351,7.049533988864864e-122,5.478494985632123e-121
COAD,myeloid_inflammatory_context,Myeloid,CSF1_response,439,0.951823380407675,1.8356139800549227e-226,5.421531246529592e-225
COAD,myeloid_inflammatory_context,Myeloid,TcClassII_score,439,0.8180797824728834,4.759767250309042e-107,3.0426714267545463e-106
COAD,myeloid_inflammatory_context,Myeloid,IL12_score_21050467,439,0.7274877653037675,1.6817634548986552e-73,7.075632787818007e-73
COAD,myeloid_inflammatory_context,Myeloid,IL4_score_21050467,439,0.5079501884733687,3.584017268290946e-30,7.95798119979704e-30
COAD,myeloid_inflammatory_context,Myeloid,IL2_score_21050467,439,0.6930762127180804,4.1840612777785787e-64,1.553671901100032e-63
COAD,myeloid_inflammatory_context,Myeloid,IL13_score_21050467,439,0.4440433209156837,1.2297392767115356e-22,2.4072622041420487e-22
COAD,myeloid_inflammatory_context,Myeloid,IFNG_score_21050467,439,0.7547781397147504,4.831956515860086e-82,2.254360501396129e-81
COAD,myeloid_inflammatory_context,Myeloid,TGFB_score_21050467,439,0.6615036279645238,1.4019806799972065e-56,4.622287817687758e-56
COAD,myeloid_inflammatory_context,Myeloid,TREM1_data,439,0.7877268823688303,5.480690165232153e-94,2.9374339407746715e-93
COAD,myeloid_inflammatory_context,Myeloid,DAP12_data,439,0.9351498108909586,4.572709467649098e-199,9.458380039547944e-198
COAD,myeloid_inflammatory_context,Myeloid,Tcell_receptors_score,439,0.6824652253337762,1.8066029060933024e-61,6.42767809623778e-61
COAD,myeloid_inflammatory_context,Myeloid,IL8_21978456,439,0.3448690099988647,1.0496131607532797e-13,1.7493552679221332e-13
COAD,myeloid_inflammatory_context,Myeloid,IFN_21978456,439,0.5417228681584395,7.606974893403943e-35,1.8134068106975215e-34
COAD,myeloid_inflammatory_context,Myeloid,MHC1_21978456,439,0.3416054662911334,1.8449981997172279e-13,3.04606683048914e-13
COAD,myeloid_inflammatory_context,Myeloid,MHC2_21978456,439,0.8434851745061793,5.1004583336798204e-120,3.8323885822124617e-119
COAD,myeloid_inflammatory_context,Myeloid,Bcell_21978456,439,-0.1341649018265246,0.0048657003617099,0.0057293095168186
COAD,myeloid_inflammatory_context,Myeloid,Tcell_21978456,439,0.8518263145989795,8.607222310317547e-125,6.936783610092958e-124
COAD,myeloid_inflammatory_context,Myeloid,CD103pos_mean_25446897,439,0.6782554483022494,1.8689122858835e-60,6.529789874891614e-60
COAD,myeloid_inflammatory_context,Myeloid,CD103neg_mean_25446897,439,0.932064292655456,8.336904870612528e-195,1.6313943343932431e-193
COAD,myeloid_inflammatory_context,Myeloid,IgG_19272155,439,0.4531805652600806,1.2798588023836047e-23,2.541961257746188e-23
COAD,myeloid_inflammatory_context,Myeloid,Interferon_19272155,439,0.5590264524869001,1.881458341733649e-37,4.679987827631938e-37
COAD,myeloid_inflammatory_context,Myeloid,LCK_19272155,439,0.8543798590089184,2.5985867009194455e-126,2.125761150827336e-125
COAD,myeloid_inflammatory_context,Myeloid,MHC.I_19272155,439,0.3421394244552501,1.683109174134401e-13,2.783859503585024e-13
COAD,myeloid_inflammatory_context,Myeloid,MHC.II_19272155,439,0.8817475301542326,1.0877099036394736e-144,1.120670809810367e-143
COAD,myeloid_inflammatory_context,Myeloid,STAT1_19272155,439,0.675584511766583,8.065676183782716e-60,2.784091271559516e-59
COAD,myeloid_inflammatory_context,Myeloid,Troester_WoundSig_19887484,439,0.7311650355511464,1.3682687967983232e-74,5.810602852914034e-74
COAD,myeloid_inflammatory_context,Myeloid,MDACC.FNA.1_20805453,439,0.9240321581722843,1.3601812907060148e-184,2.3490114988700702e-183
COAD,myeloid_inflammatory_context,Myeloid,IGG_Cluster_21214954,439,0.6144176897025863,6.448122757834568e-47,1.834612332773015e-46
COAD,myeloid_inflammatory_context,Myeloid,Minterferon_Cluster_21214954,439,0.692321153198412,6.499760511489363e-64,2.4086305982630885e-63
COAD,myeloid_inflammatory_context,Myeloid,Immune_cell_Cluster_21214954,439,0.8970383551769728,4.5459126904789715e-157,5.495503341379024e-156
COAD,myeloid_inflammatory_context,Myeloid,MCD3_CD8_21214954,439,0.667396962493688,6.489981211095517e-58,2.172646017745207e-57
COAD,myeloid_inflammatory_context,Myeloid,Interferon_Cluster_21214954,439,0.5896289653063679,1.8675368870502025e-42,4.994694282235567e-42
COAD,myeloid_inflammatory_context,Myeloid,B_cell_PCA_16704732,439,0.7473866501152444,1.2759328329971136e-79,5.769804332090024e-79
COAD,myeloid_inflammatory_context,Myeloid,CD8_PCA_16704732,439,0.7399623620935181,2.849692992404411e-77,1.2491804898211115e-76
COAD,myeloid_inflammatory_context,Myeloid,GRANS_PCA_16704732,439,0.4798569004422276,1.1559593967691334e-26,2.423282897273251e-26
COAD,myeloid_inflammatory_context,Myeloid,LYMPHS_PCA_16704732,439,0.0691696625041266,0.1479342575638229,0.1601835909926745
COAD,myeloid_inflammatory_context,Myeloid,T_cell_PCA_16704732,439,0.7821538362252574,8.031818098752314e-92,4.1691880207263917e-91
COAD,myeloid_inflammatory_context,Myeloid,TGFB_PCA_17349583,439,0.6740352485178439,1.870413225738477e-59,6.427699272278784e-59
COAD,myeloid_inflammatory_context,Myeloid,Rotterdam_ERneg_PCA_15721472,439,0.0044089384953475,0.9266069975216475,0.9320898791637874
COAD,myeloid_inflammatory_context,Myeloid,HER2_Immune_PCA_18006808,439,0.8817561341826672,1.0716132665500179e-144,1.1061814364387282e-143
COAD,myeloid_inflammatory_context,Myeloid,IR7_score,439,0.45714168394688,4.6975469393970384e-24,9.429762121889257e-24
COAD,myeloid_inflammatory_context,Myeloid,Buck14_score,439,0.1250229909280129,0.008732559664358,0.0101225494511203
COAD,myeloid_inflammatory_context,Myeloid,TAMsurr_score,439,0.6789755809562735,1.2566451706955246e-60,4.4132664484077816e-60
COAD,myeloid_inflammatory_context,Myeloid,Immune_NSCLC_score,439,0.4172714605375507,6.358186743039367e-20,1.1947680788301954e-19
COAD,myeloid_inflammatory_context,Myeloid,Module3_IFN_score,439,0.5958105068624532,1.5660609602522103e-43,4.246944976955147e-43
COAD,myeloid_inflammatory_context,Myeloid,Module4_TcellBcell_score,439,0.7783131263839494,2.29424395544069e-90,1.1686036626963816e-89
COAD,myeloid_inflammatory_context,Myeloid,Module5_TcellBcell_score,439,0.8525885881098371,3.0485634170239697e-125,2.471562591447153e-124
COAD,myeloid_inflammatory_context,Myeloid,Module11_Prolif_score,439,-0.0497840049980644,0.2979859148692099,0.3152554214096658
COAD,myeloid_inflammatory_context,Myeloid,GP11_Immune_IFN,439,0.5768535774786264,2.654909231985351e-40,6.903779264818504e-40
COAD,myeloid_inflammatory_context,Myeloid,GP2_ImmuneTcellBcell_score,439,0.8576515596153285,2.6548682853419396e-128,2.2356785560774234e-127
COAD,myeloid_inflammatory_context,Myeloid,CD8_CD68_ratio,439,0.0803236553589842,0.09278505963053,0.1018669474046586
COAD,myeloid_inflammatory_context,Myeloid,TAMsurr_TcClassII_ratio,439,-0.4083596996853144,4.509567521451829e-19,8.358448830220766e-19
COAD,myeloid_inflammatory_context,Myeloid,CHANG_CORE_SERUM_RESPONSE_UP,439,-0.0342855392177226,0.4736676255223614,0.4916527156728957
COAD,myeloid_inflammatory_context,Myeloid,CSR_Activated_15701700,439,-0.3975540874219042,4.4882394827494714e-18,8.179572122665702e-18
COAD,myeloid_inflammatory_context,Myeloid,CD103pos_CD103neg_ratio_25446897,439,-0.5246754429343451,2.02128097846788e-32,4.618130416995072e-32
GBM,myeloid_inflammatory_context,Myeloid,ICS5_score,153,0.5797448165869218,4.088916022500495e-15,7.0413748535621055e-15
GBM,myeloid_inflammatory_context,Myeloid,LIexpression_score,153,0.7614560166885465,3.1462596782814667e-30,6.991688173958816e-30
GBM,myeloid_inflammatory_context,Myeloid,Chemokine12_score,153,0.8033928432320605,8.069163870541271e-36,1.9596540828457373e-35
GBM,myeloid_inflammatory_context,Myeloid,NHI_5gene_score,153,0.3085018696473804,0.0001045727640512,0.0001324198874391
GBM,myeloid_inflammatory_context,Myeloid,CD68,153,0.9092624004786608,2.3482531284738365e-59,8.059619570282442e-59
GBM,myeloid_inflammatory_context,Myeloid,CD8A,153,0.3386181160250429,1.8580574595299213e-05,2.4251037859507608e-05
GBM,myeloid_inflammatory_context,Myeloid,PD1_data,153,0.4539019805621707,3.799899290696011e-09,5.5823527251920865e-09
GBM,myeloid_inflammatory_context,Myeloid,PDL1_data,153,0.2817964407931465,0.0004173935027981,0.0005164022413513
GBM,myeloid_inflammatory_context,Myeloid,PD1_PDL1_score,153,0.4782858171994613,4.035253757408151e-10,6.096023449125337e-10
GBM,myeloid_inflammatory_context,Myeloid,CTLA4_data,153,0.562994174097295,3.596474578195417e-14,6.057220342223861e-14
GBM,myeloid_inflammatory_context,Myeloid,Bcell_mg_IGJ,153,0.7643205607601891,1.423469579685289e-30,3.177543911977009e-30
GBM,myeloid_inflammatory_context,Myeloid,Bcell_receptors_score,153,0.8161721283258868,8.471319264050101e-38,2.119778141510237e-37
GBM,myeloid_inflammatory_context,Myeloid,STAT1_score,153,0.7804092286276817,1.3295893029550906e-32,3.0428968481597357e-32
GBM,myeloid_inflammatory_context,Myeloid,CSF1_response,153,0.952762046126718,4.846861243393778e-80,2.2101362249842542e-79
GBM,myeloid_inflammatory_context,Myeloid,TcClassII_score,153,0.8235686337911781,5.13793601125124e-39,1.310378429498675e-38
GBM,myeloid_inflammatory_context,Myeloid,IL12_score_21050467,153,0.7561282886360285,1.3357326073161078e-29,2.931176032190249e-29
GBM,myeloid_inflammatory_context,Myeloid,IL4_score_21050467,153,0.6633394984788173,9.408535193941803e-21,1.7946154086621116e-20
GBM,myeloid_inflammatory_context,Myeloid,IL2_score_21050467,153,0.8111662940494901,5.260373825690177e-37,1.3001560023514114e-36
GBM,myeloid_inflammatory_context,Myeloid,IL13_score_21050467,153,0.5132106891746732,1.1761976387967122e-11,1.8530307428479912e-11
GBM,myeloid_inflammatory_context,Myeloid,IFNG_score_21050467,153,0.6899903502070684,5.941647247140287e-23,1.1673008676216384e-22
GBM,myeloid_inflammatory_context,Myeloid,TGFB_score_21050467,153,0.3617201105372573,4.34677289791626e-06,5.79427703128264e-06
GBM,myeloid_inflammatory_context,Myeloid,TREM1_data,153,0.7008000455687508,6.4962212772666685e-24,1.2982896307248597e-23
GBM,myeloid_inflammatory_context,Myeloid,DAP12_data,153,0.9037582320758264,1.620643597013079e-57,5.392233130123027e-57
GBM,myeloid_inflammatory_context,Myeloid,Tcell_receptors_score,153,0.6608030772117459,1.48323496940054e-20,2.820272014519027e-20
GBM,myeloid_inflammatory_context,Myeloid,IL8_21978456,153,0.6175632932598876,1.857101962825765e-17,3.341923479249805e-17
GBM,myeloid_inflammatory_context,Myeloid,IFN_21978456,153,0.264159730877997,0.0009686099546286,0.0011790642544595
GBM,myeloid_inflammatory_context,Myeloid,MHC1_21978456,153,0.5098701129001313,1.6786759671948688e-11,2.634736659417221e-11
GBM,myeloid_inflammatory_context,Myeloid,MHC2_21978456,153,0.807433697406983,1.9821861824852737e-36,4.863821755850198e-36
GBM,myeloid_inflammatory_context,Myeloid,Bcell_21978456,153,-0.2258965675261038,0.0049903196096521,0.0058722341934906
GBM,myeloid_inflammatory_context,Myeloid,Tcell_21978456,153,0.888710561013673,5.2478549789211955e-53,1.6322659282636537e-52
GBM,myeloid_inflammatory_context,Myeloid,CD103pos_mean_25446897,153,0.5882123324794094,1.2984363252576232e-15,2.2661192202122134e-15
GBM,myeloid_inflammatory_context,Myeloid,CD103neg_mean_25446897,153,0.9339257233994074,2.3969390085110727e-69,9.5526360485716e-69
GBM,myeloid_inflammatory_context,Myeloid,IgG_19272155,153,0.2834968860082413,0.0003837064031718,0.0004758347906043
GBM,myeloid_inflammatory_context,Myeloid,Interferon_19272155,153,0.256386501335733,0.0013792281655371,0.0016684459018283
GBM,myeloid_inflammatory_context,Myeloid,LCK_19272155,153,0.8996043749118381,3.3538974279184696e-56,1.0984468397276626e-55
GBM,myeloid_inflammatory_context,Myeloid,MHC.I_19272155,153,0.4804595717734954,3.275510329751198e-10,4.955965265190696e-10
GBM,myeloid_inflammatory_context,Myeloid,MHC.II_19272155,153,0.894555908487797,1.120494596851984e-54,3.577165849104925e-54
GBM,myeloid_inflammatory_context,Myeloid,STAT1_19272155,153,0.4170355844790445,8.207319447401389e-08,1.1554818269633425e-07
GBM,myeloid_inflammatory_context,Myeloid,Troester_WoundSig_19887484,153,0.6782330156943159,5.926654555226713e-22,1.1469584055650416e-21
GBM,myeloid_inflammatory_context,Myeloid,MDACC.FNA.1_20805453,153,0.9265559060697904,5.31068570901783e-66,2.0160593340584087e-65
GBM,myeloid_inflammatory_context,Myeloid,IGG_Cluster_21214954,153,0.8083775755871173,1.4211885775186853e-36,3.4983103446613793e-36
GBM,myeloid_inflammatory_context,Myeloid,Minterferon_Cluster_21214954,153,0.4059748301234368,1.9250398711867757e-07,2.6838075087791026e-07
GBM,myeloid_inflammatory_context,Myeloid,Immune_cell_Cluster_21214954,153,0.904698242933537,8.009340078666551e-58,2.6746967481857603e-57
GBM,myeloid_inflammatory_context,Myeloid,MCD3_CD8_21214954,153,0.5654369302892994,2.639224783178613e-14,4.4629725895218086e-14
GBM,myeloid_inflammatory_context,Myeloid,Interferon_Cluster_21214954,153,0.3466520579523675,1.1357136857448297e-05,1.4908982747229422e-05
GBM,myeloid_inflammatory_context,Myeloid,B_cell_PCA_16704732,153,0.9044343013572368,9.769285797190814e-58,3.258425183121889e-57
GBM,myeloid_inflammatory_context,Myeloid,CD8_PCA_16704732,153,0.7547277284119389,1.9414066884654768e-29,4.2517119103269705e-29
GBM,myeloid_inflammatory_context,Myeloid,GRANS_PCA_16704732,153,0.8575296153658438,1.942332924866716e-45,5.407518480693415e-45
GBM,myeloid_inflammatory_context,Myeloid,LYMPHS_PCA_16704732,153,0.2176899467921139,0.0068698140756635,0.0080248633394051
GBM,myeloid_inflammatory_context,Myeloid,T_cell_PCA_16704732,153,0.8303445780225964,3.5059060460841684e-40,9.09495893690886e-40
GBM,myeloid_inflammatory_context,Myeloid,TGFB_PCA_17349583,153,0.4755676587590784,5.227109434735978e-10,7.87686297090408e-10
GBM,myeloid_inflammatory_context,Myeloid,Rotterdam_ERneg_PCA_15721472,153,0.053177774966994,0.5138590267630392,0.5309388614607661
GBM,myeloid_inflammatory_context,Myeloid,HER2_Immune_PCA_18006808,153,0.9225101523863132,2.6081423157613132e-64,9.711358109337128e-64
GBM,myeloid_inflammatory_context,Myeloid,IR7_score,153,0.5339418063876268,1.183557550350334e-12,1.920236526664425e-12
GBM,myeloid_inflammatory_context,Myeloid,Buck14_score,153,0.1168230013923499,0.1504058568629387,0.162795038068919
GBM,myeloid_inflammatory_context,Myeloid,TAMsurr_score,153,0.4981839625802474,5.654693324984735e-11,8.756484966671495e-11
GBM,myeloid_inflammatory_context,Myeloid,Immune_NSCLC_score,153,0.7500033506225455,6.729073666169179e-29,1.460157987393711e-28
GBM,myeloid_inflammatory_context,Myeloid,Module3_IFN_score,153,0.288842333811178,0.0002934956394911,0.0003654420413897
GBM,myeloid_inflammatory_context,Myeloid,Module4_TcellBcell_score,153,0.8437401051774019,1.202813784001815e-42,3.22807448691163e-42
GBM,myeloid_inflammatory_context,Myeloid,Module5_TcellBcell_score,153,0.8650838325760924,4.278413097489911e-47,1.2217620603855706e-46
GBM,myeloid_inflammatory_context,Myeloid,Module11_Prolif_score,153,-0.3727802125634943,2.0808607632347835e-06,2.803338918275686e-06
GBM,myeloid_inflammatory_context,Myeloid,GP11_Immune_IFN,153,0.4020325885811575,2.5894211162875165e-07,3.60083100015442e-07
GBM,myeloid_inflammatory_context,Myeloid,GP2_ImmuneTcellBcell_score,153,0.8194794435136353,2.458046606370569e-38,6.187771188642248e-38
GBM,myeloid_inflammatory_context,Myeloid,CD8_CD68_ratio,153,-0.3557981782639692,6.377309601965216e-06,8.449236296807301e-06
GBM,myeloid_inflammatory_context,Myeloid,TAMsurr_TcClassII_ratio,153,-0.3585102114497152,5.355658140941653e-06,7.118196991625358e-06
GBM,myeloid_inflammatory_context,Myeloid,CHANG_CORE_SERUM_RESPONSE_UP,153,-0.0707137466209965,0.3850683373960197,0.4039282212561411
GBM,myeloid_inflammatory_context,Myeloid,CSR_Activated_15701700,153,-0.2343820546626655,0.003544332217643,0.0042025211996464
GBM,myeloid_inflammatory_context,Myeloid,CD103pos_CD103neg_ratio_25446897,153,-0.5375324487125851,7.824728776465599e-13,1.2744468426339178e-12
HNSC,myeloid_inflammatory_context,Myeloid,ICS5_score,514,0.6623405816278216,3.3101619954077914e-66,1.2627826967053565e-65
HNSC,myeloid_inflammatory_context,Myeloid,LIexpression_score,514,0.7097491026646479,6.250062371944681e-80,2.840462765528744e-79
HNSC,myeloid_inflammatory_context,Myeloid,Chemokine12_score,514,0.8102500174194868,6.817593355539569e-121,5.223620824526092e-120
HNSC,myeloid_inflammatory_context,Myeloid,NHI_5gene_score,514,0.5639827000725415,1.6996704351864893e-44,4.679254639379808e-44
HNSC,myeloid_inflammatory_context,Myeloid,CD68,514,0.5835093160830231,3.1714489398209004e-48,9.230969626873031e-48
HNSC,myeloid_inflammatory_context,Myeloid,CD8A,514,0.70301232902682,8.166953556412153e-78,3.6120510038115526e-77
HNSC,myeloid_inflammatory_context,Myeloid,PD1_data,514,0.7414539525956292,9.109477877657055e-91,4.67064652728128e-90
HNSC,myeloid_inflammatory_context,Myeloid,PDL1_data,514,0.5038691261440934,1.9087043133625546e-34,4.508619828350976e-34
HNSC,myeloid_inflammatory_context,Myeloid,PD1_PDL1_score,514,0.7102985590028998,4.17453436735805e-80,1.905156624029177e-79
HNSC,myeloid_inflammatory_context,Myeloid,CTLA4_data,514,0.755125160263634,6.03972657459278e-96,3.3121081215508804e-95
HNSC,myeloid_inflammatory_context,Myeloid,Bcell_mg_IGJ,514,0.395738174636002,1.0202375574830516e-20,1.9439903021743613e-20
HNSC,myeloid_inflammatory_context,Myeloid,Bcell_receptors_score,514,0.6855126255685732,1.3802163780050026e-72,5.73596416833248e-72
HNSC,myeloid_inflammatory_context,Myeloid,STAT1_score,514,0.83153411913278,7.844064960925998e-133,6.961127795666791e-132
HNSC,myeloid_inflammatory_context,Myeloid,CSF1_response,514,0.9214520483600224,2.2190158553549602e-212,5.614626164246968e-211
HNSC,myeloid_inflammatory_context,Myeloid,TcClassII_score,514,0.8166240259309916,2.6434226516985176e-124,2.099302076677363e-123
HNSC,myeloid_inflammatory_context,Myeloid,IL12_score_21050467,514,0.7625138110433884,6.879964970022677e-99,3.9396852038866705e-98
HNSC,myeloid_inflammatory_context,Myeloid,IL4_score_21050467,514,0.5980676982509353,3.56736624443313e-51,1.078736652013131e-50
HNSC,myeloid_inflammatory_context,Myeloid,IL2_score_21050467,514,0.7133607691599555,4.327040308900513e-81,1.988099601386722e-80
HNSC,myeloid_inflammatory_context,Myeloid,IL13_score_21050467,514,0.4860260798790655,7.89635456527622e-32,1.7898403681292764e-31
HNSC,myeloid_inflammatory_context,Myeloid,IFNG_score_21050467,514,0.6087734733914533,1.9299709195062062e-53,6.047835139466453e-53
HNSC,myeloid_inflammatory_context,Myeloid,TGFB_score_21050467,514,0.2599367671568895,2.204741107276585e-09,3.263616768322346e-09
HNSC,myeloid_inflammatory_context,Myeloid,TREM1_data,514,0.2645114622164717,1.1213057512199595e-09,1.6762581166904591e-09
HNSC,myeloid_inflammatory_context,Myeloid,DAP12_data,514,0.9327416610879784,5.504419529191588e-229,1.6728515217207954e-227
HNSC,myeloid_inflammatory_context,Myeloid,Tcell_receptors_score,514,0.7532236485335261,3.3234336555762506e-95,1.80794790863348e-94
HNSC,myeloid_inflammatory_context,Myeloid,IL8_21978456,514,0.0833134266665685,0.059089079683299,0.0657350906906231
HNSC,myeloid_inflammatory_context,Myeloid,IFN_21978456,514,0.394533901031004,1.36577893569466e-20,2.598753903525341e-20
HNSC,myeloid_inflammatory_context,Myeloid,MHC1_21978456,514,0.4830752848754355,2.067816006524468e-31,4.661798207829716e-31
HNSC,myeloid_inflammatory_context,Myeloid,MHC2_21978456,514,0.8353782946464001,3.6248733471247885e-135,3.314169917371235e-134
HNSC,myeloid_inflammatory_context,Myeloid,Bcell_21978456,514,-0.065114451501073,0.1404230596594167,0.1523233189525876
HNSC,myeloid_inflammatory_context,Myeloid,Tcell_21978456,514,0.7998326050508755,1.379542698421165e-115,9.658574362176493e-115
HNSC,myeloid_inflammatory_context,Myeloid,CD103pos_mean_25446897,514,0.6700034458986212,2.978780368130129e-68,1.1683176065340956e-67
HNSC,myeloid_inflammatory_context,Myeloid,CD103neg_mean_25446897,514,0.8795597291423959,2.744806003124612e-167,3.7422918939844335e-166
HNSC,myeloid_inflammatory_context,Myeloid,IgG_19272155,514,0.2726493203484134,3.2613877598637596e-10,4.936546859671356e-10
HNSC,myeloid_inflammatory_context,Myeloid,Interferon_19272155,514,0.3878699331670651,6.714816509002987e-20,1.2609113499819209e-19
HNSC,myeloid_inflammatory_context,Myeloid,LCK_19272155,514,0.8400746362415505,4.198912392945248e-138,3.9656394822260674e-137
HNSC,myeloid_inflammatory_context,Myeloid,MHC.I_19272155,514,0.4639997168698302,8.361559758983904e-29,1.807186535116108e-28
HNSC,myeloid_inflammatory_context,Myeloid,MHC.II_19272155,514,0.8759274577146212,3.3779218450616783e-164,4.4172824127729626e-163
HNSC,myeloid_inflammatory_context,Myeloid,STAT1_19272155,514,0.6277459379135615,1.1196757394636142e-57,3.7299669459167555e-57
HNSC,myeloid_inflammatory_context,Myeloid,Troester_WoundSig_19887484,514,0.317864982731307,1.568178096296202e-13,2.5969220224813815e-13
HNSC,myeloid_inflammatory_context,Myeloid,MDACC.FNA.1_20805453,514,0.8893769683079502,3.629213762054587e-176,5.484145240438042e-175
HNSC,myeloid_inflammatory_context,Myeloid,IGG_Cluster_21214954,514,0.5025546329451992,3.01171339886763e-34,7.092519865731562e-34
HNSC,myeloid_inflammatory_context,Myeloid,Minterferon_Cluster_21214954,514,0.595015998754743,1.5239870218386173e-50,4.582912879382022e-50
HNSC,myeloid_inflammatory_context,Myeloid,Immune_cell_Cluster_21214954,514,0.886713889776494,1.1195780186727818e-173,1.6416453966522732e-172
HNSC,myeloid_inflammatory_context,Myeloid,MCD3_CD8_21214954,514,0.3635988354725297,1.6443446494046953e-17,2.962979427877291e-17
HNSC,myeloid_inflammatory_context,Myeloid,Interferon_Cluster_21214954,514,0.4329919600408333,6.672149300066772e-25,1.3568782127986261e-24
HNSC,myeloid_inflammatory_context,Myeloid,B_cell_PCA_16704732,514,0.6943964534150691,3.4117666065896853e-75,1.4591203097364693e-74
HNSC,myeloid_inflammatory_context,Myeloid,CD8_PCA_16704732,514,0.7665649672261882,1.5053543818069692e-100,8.786617850890464e-100
HNSC,myeloid_inflammatory_context,Myeloid,GRANS_PCA_16704732,514,0.299084393195702,4.412438363630569e-12,7.0516053754848105e-12
HNSC,myeloid_inflammatory_context,Myeloid,LYMPHS_PCA_16704732,514,0.06298608184084,0.1538877601178643,0.1664312952368154
HNSC,myeloid_inflammatory_context,Myeloid,T_cell_PCA_16704732,514,0.8024246508437288,7.066934689774726e-117,5.08520168153102e-116
HNSC,myeloid_inflammatory_context,Myeloid,TGFB_PCA_17349583,514,0.3186310605196195,1.3616513800663672e-13,2.2611060767890837e-13
HNSC,myeloid_inflammatory_context,Myeloid,Rotterdam_ERneg_PCA_15721472,514,0.2548485269034949,4.606586196459743e-09,6.7473960443567585e-09
HNSC,myeloid_inflammatory_context,Myeloid,HER2_Immune_PCA_18006808,514,0.8581003969808786,2.5243186722045703e-150,2.78545508657056e-149
HNSC,myeloid_inflammatory_context,Myeloid,IR7_score,514,0.5976161879238818,4.426687203498668e-51,1.337843243724042e-50
HNSC,myeloid_inflammatory_context,Myeloid,Buck14_score,514,0.2055198282378936,2.622600074035523e-06,3.52357233952908e-06
HNSC,myeloid_inflammatory_context,Myeloid,TAMsurr_score,514,0.5997987602098491,1.5545533797637208e-51,4.719179902854153e-51
HNSC,myeloid_inflammatory_context,Myeloid,Immune_NSCLC_score,514,0.5759930041042405,9.25509799383437e-47,2.6236442462980182e-46
HNSC,myeloid_inflammatory_context,Myeloid,Module3_IFN_score,514,0.4360183676695287,2.889672769162759e-25,5.916379324142043e-25
HNSC,myeloid_inflammatory_context,Myeloid,Module4_TcellBcell_score,514,0.7591831943000069,1.505148909029001e-97,8.458688083799345e-97
HNSC,myeloid_inflammatory_context,Myeloid,Module5_TcellBcell_score,514,0.8249093435764466,6.072716003411082e-129,5.129747679900044e-128
HNSC,myeloid_inflammatory_context,Myeloid,Module11_Prolif_score,514,-0.1583377079032704,0.0003136189803429,0.0003901411509411
HNSC,myeloid_inflammatory_context,Myeloid,GP11_Immune_IFN,514,0.4682953499206204,2.2360895455287177e-29,4.8872346836786754e-29
HNSC,myeloid_inflammatory_context,Myeloid,GP2_ImmuneTcellBcell_score,514,0.8056913326716815,1.5674893585653893e-118,1.1523165014318535e-117
HNSC,myeloid_inflammatory_context,Myeloid,CD8_CD68_ratio,514,0.297987575677003,5.322842630197843e-12,8.481623874714783e-12
HNSC,myeloid_inflammatory_context,Myeloid,TAMsurr_TcClassII_ratio,514,-0.3977949779653021,6.182137973861801e-21,1.182103008007318e-20
HNSC,myeloid_inflammatory_context,Myeloid,CHANG_CORE_SERUM_RESPONSE_UP,514,-0.1719614332700712,8.914997582972135e-05,0.0001132063185139
HNSC,myeloid_inflammatory_context,Myeloid,CSR_Activated_15701700,514,-0.3066360242681229,1.1867200165445085e-12,1.9247933482415407e-12
HNSC,myeloid_inflammatory_context,Myeloid,CD103pos_CD103neg_ratio_25446897,514,-0.1962405064088138,7.398140231196635e-06,9.780287450233215e-06
KIRC,myeloid_inflammatory_context,Myeloid,ICS5_score,515,0.537970575121165,5.672766153671616e-40,1.4639396525604169e-39
KIRC,myeloid_inflammatory_context,Myeloid,LIexpression_score,515,0.6892814432505443,8.037052810059271e-74,3.39453162163994e-73
KIRC,myeloid_inflammatory_context,Myeloid,Chemokine12_score,515,0.6642011776161817,7.978279171534407e-67,3.0694369655691074e-66
KIRC,myeloid_inflammatory_context,Myeloid,NHI_5gene_score,515,0.5509711897518018,3.1755440795902974e-42,8.459823600867393e-42
KIRC,myeloid_inflammatory_context,Myeloid,CD68,515,0.7021700197243612,1.0580735146051922e-77,4.6644407775139754e-77
KIRC,myeloid_inflammatory_context,Myeloid,CD8A,515,0.5535645763513851,1.0981821210075605e-42,2.9516357402574746e-42
KIRC,myeloid_inflammatory_context,Myeloid,PD1_data,515,0.5721059951096579,4.1956621672137795e-46,1.178946394093128e-45
KIRC,myeloid_inflammatory_context,Myeloid,PDL1_data,515,0.2226372007737056,3.319025096494741e-07,4.6036452128840886e-07
KIRC,myeloid_inflammatory_context,Myeloid,PD1_PDL1_score,515,0.5590257382236943,1.138324960686407e-43,3.0916064833420133e-43
KIRC,myeloid_inflammatory_context,Myeloid,CTLA4_data,515,0.5481347204727872,1.0036598415689735e-41,2.660774628720865e-41
KIRC,myeloid_inflammatory_context,Myeloid,Bcell_mg_IGJ,515,0.5228016056629189,1.8214563214519275e-37,4.5328098758913484e-37
KIRC,myeloid_inflammatory_context,Myeloid,Bcell_receptors_score,515,0.7766256147881826,5.061948080535382e-105,3.1506862194636706e-104
KIRC,myeloid_inflammatory_context,Myeloid,STAT1_score,515,0.7763919940986818,6.400939548851653e-105,3.979555559514628e-104
KIRC,myeloid_inflammatory_context,Myeloid,CSF1_response,515,0.936053045509764,7.283179000909433e-235,2.3867767328281507e-233
KIRC,myeloid_inflammatory_context,Myeloid,TcClassII_score,515,0.7460980109163916,1.1499016164402903e-92,6.038093429956737e-92
KIRC,myeloid_inflammatory_context,Myeloid,IL12_score_21050467,515,0.6831915985622983,4.664196666689649e-72,1.9193063439328053e-71
KIRC,myeloid_inflammatory_context,Myeloid,IL4_score_21050467,515,0.5833254502687854,2.797803952678136e-48,8.147780247627974e-48
KIRC,myeloid_inflammatory_context,Myeloid,IL2_score_21050467,515,0.7467632404266438,6.463436040238046e-93,3.410387202608629e-92
KIRC,myeloid_inflammatory_context,Myeloid,IL13_score_21050467,515,0.3040178867151468,1.7884952223147718e-12,2.8793767414597095e-12
KIRC,myeloid_inflammatory_context,Myeloid,IFNG_score_21050467,515,0.6154391389047065,5.323470004828436e-55,1.7095440865564758e-54
KIRC,myeloid_inflammatory_context,Myeloid,TGFB_score_21050467,515,0.3361388468483434,4.544794461552389e-15,7.806656732189767e-15
KIRC,myeloid_inflammatory_context,Myeloid,TREM1_data,515,0.5236566965640135,1.3257538590263203e-37,3.303756753597427e-37
KIRC,myeloid_inflammatory_context,Myeloid,DAP12_data,515,0.8822947197789455,5.216172677598161e-170,7.257283725353963e-169
KIRC,myeloid_inflammatory_context,Myeloid,Tcell_receptors_score,515,0.6444000840586654,9.202779412431209e-62,3.2979657446393786e-61
KIRC,myeloid_inflammatory_context,Myeloid,IL8_21978456,515,0.2873288154730591,3.0255904684962295e-11,4.724228515677236e-11
KIRC,myeloid_inflammatory_context,Myeloid,IFN_21978456,515,0.3729293591836107,1.942700682317928e-18,3.560745185919652e-18
KIRC,myeloid_inflammatory_context,Myeloid,MHC1_21978456,515,0.3406286296719752,1.8607138765568958e-15,3.2329235031841304e-15
KIRC,myeloid_inflammatory_context,Myeloid,MHC2_21978456,515,0.7791845366164679,3.799558562489456e-106,2.3867896743582723e-105
KIRC,myeloid_inflammatory_context,Myeloid,Bcell_21978456,515,-0.1168586184588633,0.007940232943023,0.0092375678379053
KIRC,myeloid_inflammatory_context,Myeloid,Tcell_21978456,515,0.7953037321762038,1.3543275706608207e-113,9.279020131479677e-113
KIRC,myeloid_inflammatory_context,Myeloid,CD103pos_mean_25446897,515,0.6372650277733798,4.981192235700394e-60,1.725967246000646e-59
KIRC,myeloid_inflammatory_context,Myeloid,CD103neg_mean_25446897,515,0.8826199435358456,2.680524011243237e-170,3.7485991314044243e-169
KIRC,myeloid_inflammatory_context,Myeloid,IgG_19272155,515,0.4414841570570232,5.593398408969219e-26,1.1578419842006296e-25
KIRC,myeloid_inflammatory_context,Myeloid,Interferon_19272155,515,0.3405822213036686,1.878108911031474e-15,3.262104877398218e-15
KIRC,myeloid_inflammatory_context,Myeloid,LCK_19272155,515,0.7860589147657373,3.0368492450377644e-109,1.9904168545789687e-108
KIRC,myeloid_inflammatory_context,Myeloid,MHC.I_19272155,515,0.3706316626652594,3.249846018608594e-18,5.9326048124935416e-18
KIRC,myeloid_inflammatory_context,Myeloid,MHC.II_19272155,515,0.8385561441501465,2.082699252166009e-137,1.950066081201908e-136
KIRC,myeloid_inflammatory_context,Myeloid,STAT1_19272155,515,0.5091216763374086,2.6003763070582316e-35,6.248254024026848e-35
KIRC,myeloid_inflammatory_context,Myeloid,Troester_WoundSig_19887484,515,0.3845514015988308,1.350385641760723e-19,2.521832437754319e-19
KIRC,myeloid_inflammatory_context,Myeloid,MDACC.FNA.1_20805453,515,0.901309640997818,1.5853501906775017e-188,2.865217620360667e-187
KIRC,myeloid_inflammatory_context,Myeloid,IGG_Cluster_21214954,515,0.6733205923156615,2.739817423607745e-69,1.089518039797232e-68
KIRC,myeloid_inflammatory_context,Myeloid,Minterferon_Cluster_21214954,515,0.5610115082751955,4.940556479667101e-44,1.3485512919914213e-43
KIRC,myeloid_inflammatory_context,Myeloid,Immune_cell_Cluster_21214954,515,0.8348645726021168,4.122334111462913e-135,3.762667376905746e-134
KIRC,myeloid_inflammatory_context,Myeloid,MCD3_CD8_21214954,515,-0.0116188595530422,0.7925181593473309,0.80419675188388
KIRC,myeloid_inflammatory_context,Myeloid,Interferon_Cluster_21214954,515,0.4495095959251937,5.574222358368368e-27,1.175339908121082e-26
KIRC,myeloid_inflammatory_context,Myeloid,B_cell_PCA_16704732,515,0.8043717877716807,4.370754649825453e-118,3.1829859832731545e-117
KIRC,myeloid_inflammatory_context,Myeloid,CD8_PCA_16704732,515,0.5517015640110965,2.3569735775373884e-42,6.285262873433036e-42
KIRC,myeloid_inflammatory_context,Myeloid,GRANS_PCA_16704732,515,0.6427334193892318,2.3602446657810427e-61,8.359199857974528e-61
KIRC,myeloid_inflammatory_context,Myeloid,LYMPHS_PCA_16704732,515,0.2517006272310402,6.971230825437331e-09,1.0145397455960162e-08
KIRC,myeloid_inflammatory_context,Myeloid,T_cell_PCA_16704732,515,0.6811115096507747,1.8253821801159835e-71,7.471842783920956e-71
KIRC,myeloid_inflammatory_context,Myeloid,TGFB_PCA_17349583,515,0.3637480100258085,1.481447821060682e-17,2.6729937467894228e-17
KIRC,myeloid_inflammatory_context,Myeloid,Rotterdam_ERneg_PCA_15721472,515,0.1156524094762715,0.0086137855653369,0.009989126726803
KIRC,myeloid_inflammatory_context,Myeloid,HER2_Immune_PCA_18006808,515,0.8290880881807619,1.250172654239207e-131,1.0916435375700298e-130
KIRC,myeloid_inflammatory_context,Myeloid,IR7_score,515,0.6505802556225414,2.658554943794298e-63,9.706401942443612e-63
KIRC,myeloid_inflammatory_context,Myeloid,Buck14_score,515,0.0228010026684998,0.605681982552609,0.6215638530628547
KIRC,myeloid_inflammatory_context,Myeloid,TAMsurr_score,515,0.5707837423475948,7.477597723338078e-46,2.09357342331236e-45
KIRC,myeloid_inflammatory_context,Myeloid,Immune_NSCLC_score,515,0.5489229357620666,7.297716474385936e-42,1.9394029125871757e-41
KIRC,myeloid_inflammatory_context,Myeloid,Module3_IFN_score,515,0.4258444767820181,4.209967013904246e-24,8.454123497836507e-24
KIRC,myeloid_inflammatory_context,Myeloid,Module4_TcellBcell_score,515,0.7141034895255634,1.7384957022541035e-81,8.0557211416203775e-81
KIRC,myeloid_inflammatory_context,Myeloid,Module5_TcellBcell_score,515,0.7744166690552002,4.6040966035720794e-104,2.798467656249397e-103
KIRC,myeloid_inflammatory_context,Myeloid,Module11_Prolif_score,515,0.4020890528087619,1.964644085718255e-21,3.7752256539411175e-21
KIRC,myeloid_inflammatory_context,Myeloid,GP11_Immune_IFN,515,0.5822129365080191,4.6383967781344764e-48,1.3479101748424972e-47
KIRC,myeloid_inflammatory_context,Myeloid,GP2_ImmuneTcellBcell_score,515,0.7948054129713991,2.3546566972396515e-113,1.6051795028801635e-112
KIRC,myeloid_inflammatory_context,Myeloid,CD8_CD68_ratio,515,0.0178167355346399,0.6866719184028264,0.7018968876571544
KIRC,myeloid_inflammatory_context,Myeloid,TAMsurr_TcClassII_ratio,515,-0.243494937076043,2.1833621017957284e-08,3.142193077716604e-08
KIRC,myeloid_inflammatory_context,Myeloid,CHANG_CORE_SERUM_RESPONSE_UP,515,0.260886186882437,1.8499920496444287e-09,2.742969950958216e-09
KIRC,myeloid_inflammatory_context,Myeloid,CSR_Activated_15701700,515,0.2068103033091015,2.2108091088900606e-06,2.9754580782686614e-06
KIRC,myeloid_inflammatory_context,Myeloid,CD103pos_CD103neg_ratio_25446897,515,-0.0862470132402512,0.0504478978063487,0.0564800502297874
LUAD,myeloid_inflammatory_context,Myeloid,ICS5_score,510,0.5046676017105776,2.612204246470898e-34,6.157015208319622e-34
LUAD,myeloid_inflammatory_context,Myeloid,LIexpression_score,510,0.5520872654244207,5.019844135207571e-42,1.3360054841256938e-41
LUAD,myeloid_inflammatory_context,Myeloid,Chemokine12_score,510,0.7053468740610221,6.0950400938709e-78,2.7000829080340142e-77
LUAD,myeloid_inflammatory_context,Myeloid,NHI_5gene_score,510,0.5791074480497942,5.253225406923928e-47,1.4969903726383535e-46
LUAD,myeloid_inflammatory_context,Myeloid,CD68,510,0.8578182054878444,5.811447318914871e-149,6.31023421455028e-148
LUAD,myeloid_inflammatory_context,Myeloid,CD8A,510,0.4944868583104951,8.338407209173755e-33,1.9180099457888044e-32
LUAD,myeloid_inflammatory_context,Myeloid,PD1_data,510,0.5129564213685937,1.4272436755822262e-35,3.449225053383968e-35
LUAD,myeloid_inflammatory_context,Myeloid,PDL1_data,510,0.6449518500705061,2.5938951985192648e-61,9.174765851719638e-61
LUAD,myeloid_inflammatory_context,Myeloid,PD1_PDL1_score,510,0.6571210057243905,2.3539200267199866e-64,8.770770510518305e-64
LUAD,myeloid_inflammatory_context,Myeloid,CTLA4_data,510,0.543208096871775,1.7382461315513291e-40,4.535280074647113e-40
LUAD,myeloid_inflammatory_context,Myeloid,Bcell_mg_IGJ,510,0.3424432007949365,1.7726813363260576e-15,3.0819387886269584e-15
LUAD,myeloid_inflammatory_context,Myeloid,Bcell_receptors_score,510,0.5938963865880608,6.196657782364321e-50,1.8471133334828443e-49
LUAD,myeloid_inflammatory_context,Myeloid,STAT1_score,510,0.763663650657871,1.3540749435680076e-98,7.713264600010432e-98
LUAD,myeloid_inflammatory_context,Myeloid,CSF1_response,510,0.9091705126956612,2.061352182317944e-195,4.062955026017977e-194
LUAD,myeloid_inflammatory_context,Myeloid,TcClassII_score,510,0.7378361802812381,9.116933910445052e-89,4.55428103515345e-88
LUAD,myeloid_inflammatory_context,Myeloid,IL12_score_21050467,510,0.6552610834283409,7.012730163471889e-64,2.593422983636103e-63
LUAD,myeloid_inflammatory_context,Myeloid,IL4_score_21050467,510,0.5263737193222081,1.0860774605695974e-37,2.7114554316193718e-37
LUAD,myeloid_inflammatory_context,Myeloid,IL2_score_21050467,510,0.6539297010813979,1.5247549008207817e-63,5.59316699963928e-63
LUAD,myeloid_inflammatory_context,Myeloid,IL13_score_21050467,510,0.4909437963388667,2.708824716323581e-32,6.163114369218016e-32
LUAD,myeloid_inflammatory_context,Myeloid,IFNG_score_21050467,510,0.5918300034837919,1.6233940457529004e-49,4.815301858721799e-49
LUAD,myeloid_inflammatory_context,Myeloid,TGFB_score_21050467,510,0.3787177563616501,7.720907295591133e-19,1.4247535850751614e-18
LUAD,myeloid_inflammatory_context,Myeloid,TREM1_data,510,0.168836999311678,0.0001275937103955,0.0001610463537243
LUAD,myeloid_inflammatory_context,Myeloid,DAP12_data,510,0.913935463222751,4.391355151919268e-201,9.331629697828445e-200
LUAD,myeloid_inflammatory_context,Myeloid,Tcell_receptors_score,510,0.5909965082746974,2.3893663481834936e-49,7.05271456002073e-49
LUAD,myeloid_inflammatory_context,Myeloid,IL8_21978456,510,0.238388591272105,5.062072404506397e-08,7.176876174228511e-08
LUAD,myeloid_inflammatory_context,Myeloid,IFN_21978456,510,0.4169277023120363,7.2540666165129e-23,1.423597488954913e-22
LUAD,myeloid_inflammatory_context,Myeloid,MHC1_21978456,510,0.5348305674252298,4.47781977133696e-39,1.1436309650738527e-38
LUAD,myeloid_inflammatory_context,Myeloid,MHC2_21978456,510,0.708573266527398,5.983703170774379e-79,2.690193822232449e-78
LUAD,myeloid_inflammatory_context,Myeloid,Bcell_21978456,510,-0.0737644615301842,0.0961092177008298,0.1053463921604904
LUAD,myeloid_inflammatory_context,Myeloid,Tcell_21978456,510,0.7404224238267385,1.0684743476803249e-89,5.391929917793106e-89
LUAD,myeloid_inflammatory_context,Myeloid,CD103pos_mean_25446897,510,0.4807420704675231,7.467622251110341e-31,1.6703891877483654e-30
LUAD,myeloid_inflammatory_context,Myeloid,CD103neg_mean_25446897,510,0.8705434857511717,1.4724098100109434e-158,1.8204339469226208e-157
LUAD,myeloid_inflammatory_context,Myeloid,IgG_19272155,510,0.1484739098938845,0.0007697601706815,0.0009397431168105
LUAD,myeloid_inflammatory_context,Myeloid,Interferon_19272155,510,0.3996551720082684,5.570353463451282e-21,1.0666217121145714e-20
LUAD,myeloid_inflammatory_context,Myeloid,LCK_19272155,510,0.7482351061668361,1.4035300837873127e-92,7.355687529675319e-92
LUAD,myeloid_inflammatory_context,Myeloid,MHC.I_19272155,510,0.5270016465679145,8.597564872387598e-38,2.1493912180968995e-37
LUAD,myeloid_inflammatory_context,Myeloid,MHC.II_19272155,510,0.7986956818989935,3.8359239245539925e-114,2.641446348047306e-113
LUAD,myeloid_inflammatory_context,Myeloid,STAT1_19272155,510,0.5980599060611047,8.712595733388683e-51,2.62730159587774e-50
LUAD,myeloid_inflammatory_context,Myeloid,Troester_WoundSig_19887484,510,0.448421593792677,1.346971655150847e-26,2.821534772437662e-26
LUAD,myeloid_inflammatory_context,Myeloid,MDACC.FNA.1_20805453,510,0.8681660175321583,1.0874144184563287e-156,1.3058574914795648e-155
LUAD,myeloid_inflammatory_context,Myeloid,IGG_Cluster_21214954,510,0.386352650725396,1.3316822638679762e-19,2.488612681360972e-19
LUAD,myeloid_inflammatory_context,Myeloid,Minterferon_Cluster_21214954,510,0.6039869306751057,5.076027831293457e-52,1.5600899097308703e-51
LUAD,myeloid_inflammatory_context,Myeloid,Immune_cell_Cluster_21214954,510,0.8319404548874476,4.7364904043598885e-132,4.162602229356672e-131
LUAD,myeloid_inflammatory_context,Myeloid,MCD3_CD8_21214954,510,0.3554445460322161,1.2393652346499511e-16,2.1961390477184799e-16
LUAD,myeloid_inflammatory_context,Myeloid,Interferon_Cluster_21214954,510,0.4476820710380877,1.6654239320500706e-26,3.48190091865964e-26
LUAD,myeloid_inflammatory_context,Myeloid,B_cell_PCA_16704732,510,0.6099201693038779,2.77578684497468e-53,8.673337413361434e-53
LUAD,myeloid_inflammatory_context,Myeloid,CD8_PCA_16704732,510,0.6096122912488668,3.232481633714382e-53,1.0077192027166901e-52
LUAD,myeloid_inflammatory_context,Myeloid,GRANS_PCA_16704732,510,0.3525286158644855,2.2752105996831965e-16,4.0224717784454303e-16
LUAD,myeloid_inflammatory_context,Myeloid,LYMPHS_PCA_16704732,510,0.1144880561520247,0.0096626467443098,0.0111863797167579
LUAD,myeloid_inflammatory_context,Myeloid,T_cell_PCA_16704732,510,0.6747803652844762,4.975220544899029e-69,1.972682198560548e-68
LUAD,myeloid_inflammatory_context,Myeloid,TGFB_PCA_17349583,510,0.4369736731882909,3.396967680274228e-25,6.9471820228164655e-25
LUAD,myeloid_inflammatory_context,Myeloid,Rotterdam_ERneg_PCA_15721472,510,0.2206428182614078,4.835041285775045e-07,6.667331963147338e-07
LUAD,myeloid_inflammatory_context,Myeloid,HER2_Immune_PCA_18006808,510,0.7755313678793465,1.5190462769081414e-103,9.181790829311432e-103
LUAD,myeloid_inflammatory_context,Myeloid,IR7_score,510,0.4472318202544726,1.8946495405392067e-26,3.9596210144192406e-26
LUAD,myeloid_inflammatory_context,Myeloid,Buck14_score,510,0.1354558349268873,0.0021719152862826,0.0026024711800391
LUAD,myeloid_inflammatory_context,Myeloid,TAMsurr_score,510,0.631145813838967,5.0309914855366084e-58,1.6883771549240686e-57
LUAD,myeloid_inflammatory_context,Myeloid,Immune_NSCLC_score,510,0.4747027895181982,5.050452846877554e-30,1.1186670800901419e-29
LUAD,myeloid_inflammatory_context,Myeloid,Module3_IFN_score,510,0.4661467770729121,7.103682834157882e-29,1.5396029728214695e-28
LUAD,myeloid_inflammatory_context,Myeloid,Module4_TcellBcell_score,510,0.6288853168448929,1.6756646460071568e-57,5.571892221441892e-57
LUAD,myeloid_inflammatory_context,Myeloid,Module5_TcellBcell_score,510,0.7168604745044888,1.3285429331521436e-81,6.16661566241268e-81
LUAD,myeloid_inflammatory_context,Myeloid,Module11_Prolif_score,510,-0.0149392906433242,0.7364428622411334,0.7496723747364832
LUAD,myeloid_inflammatory_context,Myeloid,GP11_Immune_IFN,510,0.4775458829059547,2.063395627655232e-30,4.5947082335016215e-30
LUAD,myeloid_inflammatory_context,Myeloid,GP2_ImmuneTcellBcell_score,510,0.777481408741973,2.1831155131015328e-104,1.343455700370174e-103
LUAD,myeloid_inflammatory_context,Myeloid,CD8_CD68_ratio,510,-0.2999349614103928,4.621525698147852e-12,7.383582906879388e-12
LUAD,myeloid_inflammatory_context,Myeloid,TAMsurr_TcClassII_ratio,510,-0.2291863490325054,1.669006290712041e-07,2.3322358647504499e-07
LUAD,myeloid_inflammatory_context,Myeloid,CHANG_CORE_SERUM_RESPONSE_UP,510,-0.0031553223114641,0.9433320640639729,0.9469877151703288
LUAD,myeloid_inflammatory_context,Myeloid,CSR_Activated_15701700,510,-0.0981624298358045,0.0266411189165693,0.0302184501472346
LUAD,myeloid_inflammatory_context,Myeloid,CD103pos_CD103neg_ratio_25446897,510,-0.3884632866649774,8.125303382223394e-20,1.5236694381004916e-19
LUSC,myeloid_inflammatory_context,Myeloid,ICS5_score,486,0.7285479440999696,1.4746646259556283e-81,6.839024352257985e-81
LUSC,myeloid_inflammatory_context,Myeloid,LIexpression_score,486,0.7617236995291446,2.801325710440087e-93,1.4882042836712962e-92
LUSC,myeloid_inflammatory_context,Myeloid,Chemokine12_score,486,0.8232756579494409,4.123928787621214e-121,3.173150297688741e-120
LUSC,myeloid_inflammatory_context,Myeloid,NHI_5gene_score,486,0.60599186594525,4.758212474581903e-50,1.4214539188207332e-49
LUSC,myeloid_inflammatory_context,Myeloid,CD68,486,0.8256473984506615,2.1411798013971588e-122,1.6759738301583519e-121
LUSC,myeloid_inflammatory_context,Myeloid,CD8A,486,0.684492160293917,1.944781553935215e-68,7.638708775023515e-68
LUSC,myeloid_inflammatory_context,Myeloid,PD1_data,486,0.6528848365242352,2.2520486084653768e-60,7.848266771333537e-60
LUSC,myeloid_inflammatory_context,Myeloid,PDL1_data,486,0.3372267158219973,2.1707728665609882e-14,3.6765268972888464e-14
LUSC,myeloid_inflammatory_context,Myeloid,PD1_PDL1_score,486,0.5888622642066049,1.08497745628301e-46,3.0709039345367195e-46
LUSC,myeloid_inflammatory_context,Myeloid,CTLA4_data,486,0.7220290473820522,1.860264436137942e-79,8.398206251112369e-79
LUSC,myeloid_inflammatory_context,Myeloid,Bcell_mg_IGJ,486,0.6087232706690593,1.3273520479950206e-50,3.996012806360217e-50
LUSC,myeloid_inflammatory_context,Myeloid,Bcell_receptors_score,486,0.7564460570017223,2.7384516241398246e-91,1.4133943866528132e-90
LUSC,myeloid_inflammatory_context,Myeloid,STAT1_score,486,0.8448323769323473,1.4709757996681542e-133,1.3226625372222744e-132
LUSC,myeloid_inflammatory_context,Myeloid,CSF1_response,486,0.9453323281303948,1.1243537590663032e-237,3.7990586641743406e-236
LUSC,myeloid_inflammatory_context,Myeloid,TcClassII_score,486,0.8649658118800476,4.9173379010101854e-147,5.23489592592865e-146
LUSC,myeloid_inflammatory_context,Myeloid,IL12_score_21050467,486,0.7940622603465575,1.0272872051182604e-106,6.528554200751561e-106
LUSC,myeloid_inflammatory_context,Myeloid,IL4_score_21050467,486,0.5907958250943904,4.638668187766522e-47,1.3225552904323836e-46
LUSC,myeloid_inflammatory_context,Myeloid,IL2_score_21050467,486,0.7821570229856777,1.6791908197976762e-101,9.918347513245776e-101
LUSC,myeloid_inflammatory_context,Myeloid,IL13_score_21050467,486,0.5709917815577269,2.1458539309287883e-43,5.810575104157595e-43
LUSC,myeloid_inflammatory_context,Myeloid,IFNG_score_21050467,486,0.6661402130245438,1.234024061741008e-63,4.5358722269399207e-63
LUSC,myeloid_inflammatory_context,Myeloid,TGFB_score_21050467,486,0.3865809750968218,9.01792753184855e-19,1.6601531564553677e-18
LUSC,myeloid_inflammatory_context,Myeloid,TREM1_data,486,0.5908813075295177,4.467053741214615e-47,1.274961823305745e-46
LUSC,myeloid_inflammatory_context,Myeloid,DAP12_data,486,0.9410804461960348,4.953054444378099e-230,1.5396923529952488e-228
LUSC,myeloid_inflammatory_context,Myeloid,Tcell_receptors_score,486,0.7741392762858016,3.5839137701611966e-98,2.033002180362556e-97
LUSC,myeloid_inflammatory_context,Myeloid,IL8_21978456,486,0.3029624309029761,8.932770893502206e-12,1.4142687328478464e-11
LUSC,myeloid_inflammatory_context,Myeloid,IFN_21978456,486,0.4449232693374177,5.2884549679677145e-25,1.078709974718574e-24
LUSC,myeloid_inflammatory_context,Myeloid,MHC1_21978456,486,0.6390877195165023,3.7790352728809256e-57,1.2527697674876438e-56
LUSC,myeloid_inflammatory_context,Myeloid,MHC2_21978456,486,0.8865673548439849,3.720908973264988e-164,4.842522682909458e-163
LUSC,myeloid_inflammatory_context,Myeloid,Bcell_21978456,486,-0.1531568696718451,0.000704765013758,0.0008627186487047
LUSC,myeloid_inflammatory_context,Myeloid,Tcell_21978456,486,0.8411235162329056,2.7577850346462213e-131,2.400376094156071e-130
LUSC,myeloid_inflammatory_context,Myeloid,CD103pos_mean_25446897,486,0.6851722171444434,1.2708252174884167e-68,5.016900713452094e-68
LUSC,myeloid_inflammatory_context,Myeloid,CD103neg_mean_25446897,486,0.8476544474335136,2.4989271731881125e-135,2.2885797680375977e-134
LUSC,myeloid_inflammatory_context,Myeloid,IgG_19272155,486,0.3933894739230083,1.947494367025364e-19,3.629451646665975e-19
LUSC,myeloid_inflammatory_context,Myeloid,Interferon_19272155,486,0.4314683304521358,1.863509733655386e-23,3.689044014223181e-23
LUSC,myeloid_inflammatory_context,Myeloid,LCK_19272155,486,0.8652492738134941,3.0669510347830785e-147,3.277841577449892e-146
LUSC,myeloid_inflammatory_context,Myeloid,MHC.I_19272155,486,0.6359263347664313,1.96430197641716e-56,6.464490472903417e-56
LUSC,myeloid_inflammatory_context,Myeloid,MHC.II_19272155,486,0.9173717321020716,9.049866616169642e-196,1.7902281597077406e-194
LUSC,myeloid_inflammatory_context,Myeloid,STAT1_19272155,486,0.6503271987979807,9.184857523540713e-60,3.1663894124246815e-59
LUSC,myeloid_inflammatory_context,Myeloid,Troester_WoundSig_19887484,486,0.4824344824026876,1.0681712181793513e-29,2.3506680529513235e-29
LUSC,myeloid_inflammatory_context,Myeloid,MDACC.FNA.1_20805453,486,0.9254167259158236,4.2366503976295277e-206,9.765838204705353e-205
LUSC,myeloid_inflammatory_context,Myeloid,IGG_Cluster_21214954,486,0.6815805157828317,1.1866941112083694e-67,4.614450296621536e-67
LUSC,myeloid_inflammatory_context,Myeloid,Minterferon_Cluster_21214954,486,0.6375079050361915,8.632622109414877e-57,2.851333592909346e-56
LUSC,myeloid_inflammatory_context,Myeloid,Immune_cell_Cluster_21214954,486,0.8998041009333823,1.811994843226557e-176,2.768890996391143e-175
LUSC,myeloid_inflammatory_context,Myeloid,MCD3_CD8_21214954,486,0.5939347138033566,1.153445297004841e-47,3.318213863408956e-47
LUSC,myeloid_inflammatory_context,Myeloid,Interferon_Cluster_21214954,486,0.4833004935815503,8.189377192884042e-30,1.8058456396144785e-29
LUSC,myeloid_inflammatory_context,Myeloid,B_cell_PCA_16704732,486,0.7798168530305349,1.626667107257489e-100,9.484532758285894e-100
LUSC,myeloid_inflammatory_context,Myeloid,CD8_PCA_16704732,486,0.7615330545094876,3.3124854512653357e-93,1.758041059013017e-92
LUSC,myeloid_inflammatory_context,Myeloid,GRANS_PCA_16704732,486,0.5271182071784564,4.191820289158896e-36,1.0253373369165645e-35
LUSC,myeloid_inflammatory_context,Myeloid,LYMPHS_PCA_16704732,486,-0.1167972168210194,0.0099651184961588,0.0115340945998093
LUSC,myeloid_inflammatory_context,Myeloid,T_cell_PCA_16704732,486,0.8612465945756757,2.1845710164852e-144,2.2422766659772628e-143
LUSC,myeloid_inflammatory_context,Myeloid,TGFB_PCA_17349583,486,0.5730735447892502,9.077808047356257e-44,2.467929823968917e-43
LUSC,myeloid_inflammatory_context,Myeloid,Rotterdam_ERneg_PCA_15721472,486,0.2223855803553033,7.341635772599143e-07,1.0062609877283785e-06
LUSC,myeloid_inflammatory_context,Myeloid,HER2_Immune_PCA_18006808,486,0.8817594419007451,4.652503137402573e-160,5.831709001721198e-159
LUSC,myeloid_inflammatory_context,Myeloid,IR7_score,486,0.7010613958298564,4.3420930325142433e-73,1.8142078415420494e-72
LUSC,myeloid_inflammatory_context,Myeloid,Buck14_score,486,0.1644692549261759,0.0002712850231941,0.0003384840656367
LUSC,myeloid_inflammatory_context,Myeloid,TAMsurr_score,486,0.6674483846104561,5.758954595907784e-64,2.1355632584688717e-63
LUSC,myeloid_inflammatory_context,Myeloid,Immune_NSCLC_score,486,0.6493237328367234,1.5884990746789465e-59,5.462348271968058e-59
LUSC,myeloid_inflammatory_context,Myeloid,Module3_IFN_score,486,0.4814849293006698,1.4281847571639648e-29,3.132792370553214e-29
LUSC,myeloid_inflammatory_context,Myeloid,Module4_TcellBcell_score,486,0.8034618083103913,4.424698674260775e-111,2.94979911617385e-110
LUSC,myeloid_inflammatory_context,Myeloid,Module5_TcellBcell_score,486,0.840681774121427,5.09778417768082e-131,4.4229578830276984e-130
LUSC,myeloid_inflammatory_context,Myeloid,Module11_Prolif_score,486,-0.3523822484039079,1.1786772521137849e-15,2.0590893550093103e-15
LUSC,myeloid_inflammatory_context,Myeloid,GP11_Immune_IFN,486,0.4787340169905805,3.2961716345733715e-29,7.183963818941963e-29
LUSC,myeloid_inflammatory_context,Myeloid,GP2_ImmuneTcellBcell_score,486,0.8990422671044767,1.0291118786642543e-175,1.5380133571246002e-174
LUSC,myeloid_inflammatory_context,Myeloid,CD8_CD68_ratio,486,-0.187507621475939,3.182595644273399e-05,4.119276779644846e-05
LUSC,myeloid_inflammatory_context,Myeloid,TAMsurr_TcClassII_ratio,486,-0.5016887990698135,2.4196027093934918e-32,5.514301943485797e-32
LUSC,myeloid_inflammatory_context,Myeloid,CHANG_CORE_SERUM_RESPONSE_UP,486,-0.1960250880758106,1.345177069733387e-05,1.7641666488306716e-05
LUSC,myeloid_inflammatory_context,Myeloid,CSR_Activated_15701700,486,-0.3912734136506478,3.1478434565590883e-19,5.850450428316174e-19
LUSC,myeloid_inflammatory_context,Myeloid,CD103pos_CD103neg_ratio_25446897,486,-0.1226876612482779,0.00676957597189,0.0079111693420154
OV,myeloid_inflammatory_context,Myeloid,ICS5_score,269,0.7094319941285221,1.8411420765247868e-42,4.926617263302923e-42
OV,myeloid_inflammatory_context,Myeloid,LIexpression_score,269,0.7500539434179782,7.443635903072045e-50,2.2163863882163068e-49
OV,myeloid_inflammatory_context,Myeloid,Chemokine12_score,269,0.773919247307346,6.689065473064496e-55,2.144284983704824e-54
OV,myeloid_inflammatory_context,Myeloid,NHI_5gene_score,269,0.416734134564139,1.0028346787848357e-12,1.6284837768923896e-12
OV,myeloid_inflammatory_context,Myeloid,CD68,269,0.93513829427063,2.4755419394793684e-122,1.934906343501116e-121
OV,myeloid_inflammatory_context,Myeloid,CD8A,269,0.6573465697270263,1.1566991121807991e-34,2.745394053343606e-34
OV,myeloid_inflammatory_context,Myeloid,PD1_data,269,0.6062565310296887,2.1885677459614e-28,4.705853177086962e-28
OV,myeloid_inflammatory_context,Myeloid,PDL1_data,269,0.4996378078102729,2.1555500615049992e-18,3.944228837735349e-18
OV,myeloid_inflammatory_context,Myeloid,PD1_PDL1_score,269,0.6354738916779717,7.852793627476612e-32,1.7807085174436334e-31
OV,myeloid_inflammatory_context,Myeloid,CTLA4_data,269,0.722748848531663,9.706273406135196e-45,2.681672286915971e-44
OV,myeloid_inflammatory_context,Myeloid,Bcell_mg_IGJ,269,0.4671512326841627,5.485832022502373e-16,9.63918804987497e-16
OV,myeloid_inflammatory_context,Myeloid,Bcell_receptors_score,269,0.7746766629534495,4.5199194771176955e-55,1.4523545159787515e-54
OV,myeloid_inflammatory_context,Myeloid,STAT1_score,269,0.8193197023925691,1.8598731080994065e-66,7.140232680353402e-66
OV,myeloid_inflammatory_context,Myeloid,CSF1_response,269,0.9644128942091512,2.805695216938183e-156,3.3618903039964133e-155
OV,myeloid_inflammatory_context,Myeloid,TcClassII_score,269,0.7718102134633944,1.9765943099109487e-54,6.288112892348281e-54
OV,myeloid_inflammatory_context,Myeloid,IL12_score_21050467,269,0.8116992484911255,2.6625309715963296e-64,9.90709198733518e-64
OV,myeloid_inflammatory_context,Myeloid,IL4_score_21050467,269,0.5832515191242084,6.492924977044969e-26,1.3420027308178051e-25
OV,myeloid_inflammatory_context,Myeloid,IL2_score_21050467,269,0.7387869726317344,1.1484888471843618e-47,3.305703348509486e-47
OV,myeloid_inflammatory_context,Myeloid,IL13_score_21050467,269,0.3229350411519459,6.036640845617761e-08,8.531911197755423e-08
OV,myeloid_inflammatory_context,Myeloid,IFNG_score_21050467,269,0.6485838998551464,1.6812501435393862e-33,3.913564732928653e-33
OV,myeloid_inflammatory_context,Myeloid,TGFB_score_21050467,269,0.3271364647348174,3.9670469695581476e-08,5.6464509456819263e-08
OV,myeloid_inflammatory_context,Myeloid,TREM1_data,269,0.5669636382553285,2.8037986483493384e-24,5.638693030321775e-24
OV,myeloid_inflammatory_context,Myeloid,DAP12_data,269,0.924054523096868,1.6305320450056215e-113,1.1157351351988152e-112
OV,myeloid_inflammatory_context,Myeloid,Tcell_receptors_score,269,0.7579894825747346,1.8153927058775522e-51,5.504869743575185e-51
OV,myeloid_inflammatory_context,Myeloid,IL8_21978456,269,0.3771345802384109,1.6125388180175238e-10,2.46272071027943e-10
OV,myeloid_inflammatory_context,Myeloid,IFN_21978456,269,0.2592613142466108,1.660394160351361e-05,2.1707628532351363e-05
OV,myeloid_inflammatory_context,Myeloid,MHC1_21978456,269,0.546519038407572,2.37970634863197e-22,4.641664588224425e-22
OV,myeloid_inflammatory_context,Myeloid,MHC2_21978456,269,0.7301459647691152,4.604920409866695e-46,1.2926092378573178e-45
OV,myeloid_inflammatory_context,Myeloid,Bcell_21978456,269,-0.00745006217377,0.9031977742239744,0.9097196615031328
OV,myeloid_inflammatory_context,Myeloid,Tcell_21978456,269,0.8904856140610453,2.692636256800476e-93,1.431861313489207e-92
OV,myeloid_inflammatory_context,Myeloid,CD103pos_mean_25446897,269,0.6408529350931322,1.659154908612019e-32,3.7955436092722386e-32
OV,myeloid_inflammatory_context,Myeloid,CD103neg_mean_25446897,269,0.9077493288666548,1.0069209110771924e-102,6.0260173336192815e-102
OV,myeloid_inflammatory_context,Myeloid,IgG_19272155,269,0.3982323812624332,1.1709798398266662e-11,1.8453448229018147e-11
OV,myeloid_inflammatory_context,Myeloid,Interferon_19272155,269,0.2388562882170082,7.598815770338424e-05,9.687733253021098e-05
OV,myeloid_inflammatory_context,Myeloid,LCK_19272155,269,0.9042715333295732,1.1076735852662556e-100,6.472335449890903e-100
OV,myeloid_inflammatory_context,Myeloid,MHC.I_19272155,269,0.544063533642749,3.9755458410288873e-22,7.718404487936169e-22
OV,myeloid_inflammatory_context,Myeloid,MHC.II_19272155,269,0.8266241325319186,1.2746061204280263e-68,5.0281778789909076e-68
OV,myeloid_inflammatory_context,Myeloid,STAT1_19272155,269,0.6227838502654016,2.729171978329856e-30,6.067305092813409e-30
OV,myeloid_inflammatory_context,Myeloid,Troester_WoundSig_19887484,269,0.3237285220296423,5.5792106614972537e-08,7.89771168320194e-08
OV,myeloid_inflammatory_context,Myeloid,MDACC.FNA.1_20805453,269,0.9051205882362438,3.575406619664162e-101,2.1072819080144145e-100
OV,myeloid_inflammatory_context,Myeloid,IGG_Cluster_21214954,269,0.6015830394443927,7.221579083279178e-28,1.5412079330340812e-27
OV,myeloid_inflammatory_context,Myeloid,Minterferon_Cluster_21214954,269,0.4889942275892874,1.4126732841151238e-17,2.5522891616028813e-17
OV,myeloid_inflammatory_context,Myeloid,Immune_cell_Cluster_21214954,269,0.910981311220062,1.0762470607243524e-104,6.653163648114179e-104
OV,myeloid_inflammatory_context,Myeloid,MCD3_CD8_21214954,269,0.2742881432811414,4.981299344487812e-06,6.625493504648825e-06
OV,myeloid_inflammatory_context,Myeloid,Interferon_Cluster_21214954,269,0.2910115750280875,1.196427770241307e-06,1.627955745400878e-06
OV,myeloid_inflammatory_context,Myeloid,B_cell_PCA_16704732,269,0.8077525642778405,3.188471363100424e-63,1.1633322746657482e-62
OV,myeloid_inflammatory_context,Myeloid,CD8_PCA_16704732,269,0.7641986418894839,8.973240434543092e-53,2.783034661568667e-52
OV,myeloid_inflammatory_context,Myeloid,GRANS_PCA_16704732,269,0.693409680294316,6.9317867361587195e-40,1.7871525992750442e-39
OV,myeloid_inflammatory_context,Myeloid,LYMPHS_PCA_16704732,269,0.4242418637913284,3.540591893994276e-13,5.813709599555949e-13
OV,myeloid_inflammatory_context,Myeloid,T_cell_PCA_16704732,269,0.8388393405522887,1.7766359777266594e-72,7.349733626488994e-72
OV,myeloid_inflammatory_context,Myeloid,TGFB_PCA_17349583,269,0.4908467238919405,1.0232235140155812e-17,1.852358042011568e-17
OV,myeloid_inflammatory_context,Myeloid,Rotterdam_ERneg_PCA_15721472,269,0.3197413796426039,8.270743455641639e-08,1.163808701466387e-07
OV,myeloid_inflammatory_context,Myeloid,HER2_Immune_PCA_18006808,269,0.8951687951718894,1.0900835342162253e-95,5.9538699057593026e-95
OV,myeloid_inflammatory_context,Myeloid,IR7_score,269,0.6990613995056754,8.949520394025808e-41,2.3440246000722384e-40
OV,myeloid_inflammatory_context,Myeloid,Buck14_score,269,-0.0692932914691183,0.2573974384816244,0.273538203817159
OV,myeloid_inflammatory_context,Myeloid,TAMsurr_score,269,0.5731509737557565,6.874415413022171e-25,1.396967495212574e-24
OV,myeloid_inflammatory_context,Myeloid,Immune_NSCLC_score,269,0.7613361024311495,3.630823525508258e-52,1.1178087141349702e-51
OV,myeloid_inflammatory_context,Myeloid,Module3_IFN_score,269,0.2880123200639814,1.5557816209020302e-06,2.107433271341396e-06
OV,myeloid_inflammatory_context,Myeloid,Module4_TcellBcell_score,269,0.8160217549248433,1.6396586896071433e-65,6.194266160738097e-65
OV,myeloid_inflammatory_context,Myeloid,Module5_TcellBcell_score,269,0.829704764545431,1.4521982581610573e-69,5.808793032644228e-69
OV,myeloid_inflammatory_context,Myeloid,Module11_Prolif_score,269,-0.0499747313578845,0.4143058024256913,0.4332609698569321
OV,myeloid_inflammatory_context,Myeloid,GP11_Immune_IFN,269,0.3292140972218242,3.2157225440688965e-08,4.589068898146588e-08
OV,myeloid_inflammatory_context,Myeloid,GP2_ImmuneTcellBcell_score,269,0.8854401337077422,7.746672071247232e-91,3.979404727817276e-90
OV,myeloid_inflammatory_context,Myeloid,CD8_CD68_ratio,269,-0.3070465516284747,2.789918045425462e-07,3.875677775054779e-07
OV,myeloid_inflammatory_context,Myeloid,TAMsurr_TcClassII_ratio,269,-0.4173472275224597,9.219885546944725e-13,1.4989891624440912e-12
OV,myeloid_inflammatory_context,Myeloid,CHANG_CORE_SERUM_RESPONSE_UP,269,-0.0207221607526727,0.7351202923639281,0.7484661033987963
OV,myeloid_inflammatory_context,Myeloid,CSR_Activated_15701700,269,-0.1546319504843378,0.0110968040579813,0.0128166908865007
OV,myeloid_inflammatory_context,Myeloid,CD103pos_CD103neg_ratio_25446897,269,-0.4785191882161721,8.43953779526807e-17,1.4998721204266026e-16
PAAD,myeloid_inflammatory_context,Myeloid,ICS5_score,156,0.4201852668451564,4.7394518922065455e-08,6.728240682046872e-08
PAAD,myeloid_inflammatory_context,Myeloid,LIexpression_score,156,0.5325070451035481,8.376213697495605e-13,1.362637634999285e-12
PAAD,myeloid_inflammatory_context,Myeloid,Chemokine12_score,156,0.7076069605348421,5.349088488407741e-25,1.0906687172765407e-24
PAAD,myeloid_inflammatory_context,Myeloid,NHI_5gene_score,156,0.5220982490371605,2.752605051882202e-12,4.417159729274094e-12
PAAD,myeloid_inflammatory_context,Myeloid,CD68,156,0.7307821788050353,2.534832335817568e-27,5.371830115639879e-27
PAAD,myeloid_inflammatory_context,Myeloid,CD8A,156,0.5227778669022615,2.550010954350428e-12,4.095677470229208e-12
PAAD,myeloid_inflammatory_context,Myeloid,PD1_data,156,0.4614948151407875,1.3322117633853786e-09,1.983912398800016e-09
PAAD,myeloid_inflammatory_context,Myeloid,PDL1_data,156,0.4255148319230469,3.0694135083207524e-08,4.3848764404582166e-08
PAAD,myeloid_inflammatory_context,Myeloid,PD1_PDL1_score,156,0.5432702869730465,2.3433713672563975e-13,3.8606723918457913e-13
PAAD,myeloid_inflammatory_context,Myeloid,CTLA4_data,156,0.5652887546176558,1.4952186788390157e-14,2.5386983810500142e-14
PAAD,myeloid_inflammatory_context,Myeloid,Bcell_mg_IGJ,156,0.527592836839188,1.4763426369198124e-12,2.386717368452832e-12
PAAD,myeloid_inflammatory_context,Myeloid,Bcell_receptors_score,156,0.5744748779061497,4.4608235821886645e-15,7.667260754220013e-15
PAAD,myeloid_inflammatory_context,Myeloid,STAT1_score,156,0.7494914723839748,2.2085468518372267e-29,4.8289770393868604e-29
PAAD,myeloid_inflammatory_context,Myeloid,CSF1_response,156,0.8841371909228084,9.279771981779332e-53,2.876464933383451e-52
PAAD,myeloid_inflammatory_context,Myeloid,TcClassII_score,156,0.707268732910812,5.761271523130875e-25,1.1729534837511962e-24
PAAD,myeloid_inflammatory_context,Myeloid,IL12_score_21050467,156,0.629789816653811,1.2846897906974704e-18,2.361051507227784e-18
PAAD,myeloid_inflammatory_context,Myeloid,IL4_score_21050467,156,0.3792195476600654,1.0503614034774752e-06,1.4309957512941312e-06
PAAD,myeloid_inflammatory_context,Myeloid,IL2_score_21050467,156,0.6403480281222567,2.239549980462679e-19,4.1694565002453707e-19
PAAD,myeloid_inflammatory_context,Myeloid,IL13_score_21050467,156,0.4219728184684167,4.100248464814177e-08,5.8314644832912745e-08
PAAD,myeloid_inflammatory_context,Myeloid,IFNG_score_21050467,156,0.4334422037287027,1.5860513039344292e-08,2.288018852665949e-08
PAAD,myeloid_inflammatory_context,Myeloid,TGFB_score_21050467,156,0.3450477667872352,1.0278445106109716e-05,1.350923927935174e-05
PAAD,myeloid_inflammatory_context,Myeloid,TREM1_data,156,0.585029745161827,1.0599556061278433e-15,1.8522834877402724e-15
PAAD,myeloid_inflammatory_context,Myeloid,DAP12_data,156,0.9083992208160748,3.360290416537918e-60,1.167303950572559e-59
PAAD,myeloid_inflammatory_context,Myeloid,Tcell_receptors_score,156,0.581290006480062,1.7741885025663633e-15,3.0835736274635837e-15
PAAD,myeloid_inflammatory_context,Myeloid,IL8_21978456,156,0.2118411278468808,0.0079351730938961,0.0092336559638064
PAAD,myeloid_inflammatory_context,Myeloid,IFN_21978456,156,0.3012975928940589,0.0001322944516466,0.0001668633936837
PAAD,myeloid_inflammatory_context,Myeloid,MHC1_21978456,156,0.1391428451762262,0.0832105867734167,0.0917255505668464
PAAD,myeloid_inflammatory_context,Myeloid,MHC2_21978456,156,0.7200455184839815,3.234990370127535e-26,6.722057911953319e-26
PAAD,myeloid_inflammatory_context,Myeloid,Bcell_21978456,156,-0.0976184135351011,0.225380137559599,0.2404997937081636
PAAD,myeloid_inflammatory_context,Myeloid,Tcell_21978456,156,0.7253781353226595,9.271112876462722e-27,1.948796524264189e-26
PAAD,myeloid_inflammatory_context,Myeloid,CD103pos_mean_25446897,156,0.5480994452434765,1.303671441354811e-13,2.166811072707049e-13
PAAD,myeloid_inflammatory_context,Myeloid,CD103neg_mean_25446897,156,0.9088650408560004,2.311151623925766e-60,8.049081199843896e-60
PAAD,myeloid_inflammatory_context,Myeloid,IgG_19272155,156,0.262104695839963,0.0009486166902938,0.0011557614322953
PAAD,myeloid_inflammatory_context,Myeloid,Interferon_19272155,156,0.3118318912550888,7.409881268335409e-05,9.44907503510188e-05
PAAD,myeloid_inflammatory_context,Myeloid,LCK_19272155,156,0.721720851574971,2.1914069416376319e-26,4.571032884397513e-26
PAAD,myeloid_inflammatory_context,Myeloid,MHC.I_19272155,156,0.1939499881067667,0.0152648063726725,0.0174969546286006
PAAD,myeloid_inflammatory_context,Myeloid,MHC.II_19272155,156,0.7987419196788418,8.416091297522486e-36,2.0420845967226727e-35
PAAD,myeloid_inflammatory_context,Myeloid,STAT1_19272155,156,0.5552263716604693,5.392355514866544e-14,9.03988104803513e-14
PAAD,myeloid_inflammatory_context,Myeloid,Troester_WoundSig_19887484,156,0.5569996973336263,4.314797921487148e-14,7.244598979287062e-14
PAAD,myeloid_inflammatory_context,Myeloid,MDACC.FNA.1_20805453,156,0.8446735824263218,1.2060589237129126e-43,3.273932407683755e-43
PAAD,myeloid_inflammatory_context,Myeloid,IGG_Cluster_21214954,156,0.4621706627048726,1.2515171888231351e-09,1.866297562280113e-09
PAAD,myeloid_inflammatory_context,Myeloid,Minterferon_Cluster_21214954,156,0.4425854203233671,7.250022869964974e-09,1.0545487810858145e-08
PAAD,myeloid_inflammatory_context,Myeloid,Immune_cell_Cluster_21214954,156,0.8157607750786299,1.8899892982961102e-38,4.777668114651877e-38
PAAD,myeloid_inflammatory_context,Myeloid,MCD3_CD8_21214954,156,0.5329613883137614,7.94492403332591e-13,1.293636238889343e-12
PAAD,myeloid_inflammatory_context,Myeloid,Interferon_Cluster_21214954,156,0.3186040998245641,5.045559824659933e-05,6.475075594751128e-05
PAAD,myeloid_inflammatory_context,Myeloid,B_cell_PCA_16704732,156,0.536912645603831,5.000107437085907e-13,8.175709184775273e-13
PAAD,myeloid_inflammatory_context,Myeloid,CD8_PCA_16704732,156,0.6070547439667836,4.441488144898577e-17,7.924465565184735e-17
PAAD,myeloid_inflammatory_context,Myeloid,GRANS_PCA_16704732,156,-0.123076923076923,0.1258453568452112,0.136892369773635
PAAD,myeloid_inflammatory_context,Myeloid,LYMPHS_PCA_16704732,156,-0.0130897251505429,0.8711619952506763,0.8792432753550424
PAAD,myeloid_inflammatory_context,Myeloid,T_cell_PCA_16704732,156,0.624096347457761,3.2060060054266815e-18,5.8545393318298595e-18
PAAD,myeloid_inflammatory_context,Myeloid,TGFB_PCA_17349583,156,0.4492093132789831,4.052217035753926e-09,5.9482084928497995e-09
PAAD,myeloid_inflammatory_context,Myeloid,Rotterdam_ERneg_PCA_15721472,156,-0.3307141745146316,2.4793759735388686e-05,3.217510805355784e-05
PAAD,myeloid_inflammatory_context,Myeloid,HER2_Immune_PCA_18006808,156,0.7482669785525754,3.051040680204793e-29,6.655036607984791e-29
PAAD,myeloid_inflammatory_context,Myeloid,IR7_score,156,0.4924649404392686,6.581134421592054e-11,1.0173734371543271e-10
PAAD,myeloid_inflammatory_context,Myeloid,Buck14_score,156,0.1446888342912957,0.0715259056322107,0.079166007454573
PAAD,myeloid_inflammatory_context,Myeloid,TAMsurr_score,156,0.6079251220348677,3.8983398462076905e-17,6.971390126025586e-17
PAAD,myeloid_inflammatory_context,Myeloid,Immune_NSCLC_score,156,0.4881675462185393,1.0173036397083915e-10,1.5659682512772072e-10
PAAD,myeloid_inflammatory_context,Myeloid,Module3_IFN_score,156,0.3448278042072987,1.0421725798520911e-05,1.3694248392259363e-05
PAAD,myeloid_inflammatory_context,Myeloid,Module4_TcellBcell_score,156,0.609413475367862,3.116066407610952e-17,5.579789748980768e-17
PAAD,myeloid_inflammatory_context,Myeloid,Module5_TcellBcell_score,156,0.7343170399039374,1.0669454501733763e-27,2.271695987844684e-27
PAAD,myeloid_inflammatory_context,Myeloid,Module11_Prolif_score,156,-0.2573031203921602,0.0011842666962543,0.0014370758036189
PAAD,myeloid_inflammatory_context,Myeloid,GP11_Immune_IFN,156,0.3686703171585258,2.1846333262893704e-06,2.941684478963905e-06
PAAD,myeloid_inflammatory_context,Myeloid,GP2_ImmuneTcellBcell_score,156,0.7483920289124751,2.9522481959430694e-29,6.442130038479863e-29
PAAD,myeloid_inflammatory_context,Myeloid,CD8_CD68_ratio,156,0.0405588658311074,0.6151661877394996,0.6311776803664424
PAAD,myeloid_inflammatory_context,Myeloid,TAMsurr_TcClassII_ratio,156,-0.1047702061852911,0.1930392922967833,0.2070452977315656
PAAD,myeloid_inflammatory_context,Myeloid,CHANG_CORE_SERUM_RESPONSE_UP,156,-0.1982807126328282,0.0130905992630804,0.0150555729368198
PAAD,myeloid_inflammatory_context,Myeloid,CSR_Activated_15701700,156,-0.3479103347672863,8.575728762298388e-06,1.1301347981323458e-05
PAAD,myeloid_inflammatory_context,Myeloid,CD103pos_CD103neg_ratio_25446897,156,-0.1720378783628726,0.0317527805864576,0.0358371631515206
UCEC,myeloid_inflammatory_context,Myeloid,ICS5_score,528,0.6194233050312112,2.924281190053564e-57,9.700054679202064e-57
UCEC,myeloid_inflammatory_context,Myeloid,LIexpression_score,528,0.7435132320051979,5.600350000743889e-94,2.9986125988234996e-93
UCEC,myeloid_inflammatory_context,Myeloid,Chemokine12_score,528,0.7248642251943965,3.52910550744189e-87,1.7311392209633797e-86
UCEC,myeloid_inflammatory_context,Myeloid,NHI_5gene_score,528,0.4475352615451511,2.284316183864333e-27,4.8447095673380005e-27
UCEC,myeloid_inflammatory_context,Myeloid,CD68,528,0.8248930608510473,2.0829647026953623e-132,1.8365199323602544e-131
UCEC,myeloid_inflammatory_context,Myeloid,CD8A,528,0.5875247687962325,2.569230829174373e-50,7.704859818472209e-50
UCEC,myeloid_inflammatory_context,Myeloid,PD1_data,528,0.5325180218399382,5.280615039845819e-40,1.3646815114850956e-39
UCEC,myeloid_inflammatory_context,Myeloid,PDL1_data,528,0.4841606639954755,2.209979933027575e-32,5.042907229727352e-32
UCEC,myeloid_inflammatory_context,Myeloid,PD1_PDL1_score,528,0.5966060048986614,3.2503309393800946e-52,1.0023696320990769e-51
UCEC,myeloid_inflammatory_context,Myeloid,CTLA4_data,528,0.5735725481067628,1.6273727822882214e-47,4.666793851158632e-47
UCEC,myeloid_inflammatory_context,Myeloid,Bcell_mg_IGJ,528,0.5192749661663716,8.567497120020714e-38,2.1428590497890893e-37
UCEC,myeloid_inflammatory_context,Myeloid,Bcell_receptors_score,528,0.7561526512591923,6.222096829225243e-99,3.578034540273289e-98
UCEC,myeloid_inflammatory_context,Myeloid,STAT1_score,528,0.8057493406813,9.437321218014128e-122,7.313251770085021e-121
UCEC,myeloid_inflammatory_context,Myeloid,CSF1_response,528,0.9254537783955544,7.15970690350966e-224,2.0717449763347102e-222
UCEC,myeloid_inflammatory_context,Myeloid,TcClassII_score,528,0.8050150365415419,2.2895118092830103e-121,1.769168216264144e-120
UCEC,myeloid_inflammatory_context,Myeloid,IL12_score_21050467,528,0.7135547774621113,2.5359018265062245e-83,1.2027293754310253e-82
UCEC,myeloid_inflammatory_context,Myeloid,IL4_score_21050467,528,0.6068586119518242,1.973354117876656e-54,6.281478292129318e-54
UCEC,myeloid_inflammatory_context,Myeloid,IL2_score_21050467,528,0.6339984683012527,1.0450170124156572e-60,3.672411206421948e-60
UCEC,myeloid_inflammatory_context,Myeloid,IL13_score_21050467,528,0.2606588667587742,1.196465467721487e-09,1.7871422691940935e-09
UCEC,myeloid_inflammatory_context,Myeloid,IFNG_score_21050467,528,0.560653739317728,4.882230055576166e-45,1.352997019986467e-44
UCEC,myeloid_inflammatory_context,Myeloid,TGFB_score_21050467,528,0.1881669335668017,1.3463203764231926e-05,1.7652405031916528e-05
UCEC,myeloid_inflammatory_context,Myeloid,TREM1_data,528,0.429299471737766,4.342096400379886e-25,8.870073007159811e-25
UCEC,myeloid_inflammatory_context,Myeloid,DAP12_data,528,0.9052715161713212,1.0649598300855131e-197,2.145696842838959e-196
UCEC,myeloid_inflammatory_context,Myeloid,Tcell_receptors_score,528,0.7079122992407758,1.8150150715885922e-81,8.403133608035696e-81
UCEC,myeloid_inflammatory_context,Myeloid,IL8_21978456,528,0.2276628073390693,1.2332502356125314e-07,1.727757219091468e-07
UCEC,myeloid_inflammatory_context,Myeloid,IFN_21978456,528,0.3231264283369341,2.6897939521278743e-14,4.5470724361639654e-14
UCEC,myeloid_inflammatory_context,Myeloid,MHC1_21978456,528,0.534501549715015,2.416373646622997e-40,6.286500544059829e-40
UCEC,myeloid_inflammatory_context,Myeloid,MHC2_21978456,528,0.7525583805780522,1.7110866133908954e-97,9.596197089532445e-97
UCEC,myeloid_inflammatory_context,Myeloid,Bcell_21978456,528,-0.0280380757439585,0.5203114364041144,0.5372995850490475
UCEC,myeloid_inflammatory_context,Myeloid,Tcell_21978456,528,0.8045162210745677,4.171263202707443e-121,3.2050383930407484e-120
UCEC,myeloid_inflammatory_context,Myeloid,CD103pos_mean_25446897,528,0.5869424443694576,3.3842571164242907e-50,1.0126709963337809e-49
UCEC,myeloid_inflammatory_context,Myeloid,CD103neg_mean_25446897,528,0.9004030505973732,2.895633891518085e-192,5.4506049722693376e-191
UCEC,myeloid_inflammatory_context,Myeloid,IgG_19272155,528,0.5245589091497407,1.1552315620179207e-38,2.9298180407354264e-38
UCEC,myeloid_inflammatory_context,Myeloid,Interferon_19272155,528,0.3047425860992729,8.25935379062354e-13,1.3444310179830058e-12
UCEC,myeloid_inflammatory_context,Myeloid,LCK_19272155,528,0.8175411776083176,3.622798902708952e-128,3.0413620417803547e-127
UCEC,myeloid_inflammatory_context,Myeloid,MHC.I_19272155,528,0.537880108924743,6.304433170856538e-41,1.6528248891305814e-40
UCEC,myeloid_inflammatory_context,Myeloid,MHC.II_19272155,528,0.8110033388227137,1.4859043893104535e-124,1.188723511448363e-123
UCEC,myeloid_inflammatory_context,Myeloid,STAT1_19272155,528,0.6417214988150044,1.3078223091661088e-62,4.727277981304738e-62
UCEC,myeloid_inflammatory_context,Myeloid,Troester_WoundSig_19887484,528,0.2297786097580031,9.346178134733898e-08,1.313099407359308e-07
UCEC,myeloid_inflammatory_context,Myeloid,MDACC.FNA.1_20805453,528,0.9006627467334649,1.5101272432589637e-192,2.892638099763648e-191
UCEC,myeloid_inflammatory_context,Myeloid,IGG_Cluster_21214954,528,0.6788501293946231,1.4150950027949732e-72,5.876425049774544e-72
UCEC,myeloid_inflammatory_context,Myeloid,Minterferon_Cluster_21214954,528,0.5334717542480685,3.628398889705643e-40,9.403758913767839e-40
UCEC,myeloid_inflammatory_context,Myeloid,Immune_cell_Cluster_21214954,528,0.8841487828090827,5.6969207482848516e-176,8.584833482179942e-175
UCEC,myeloid_inflammatory_context,Myeloid,MCD3_CD8_21214954,528,0.2718758186710889,2.118878241688309e-10,3.2227299708249726e-10
UCEC,myeloid_inflammatory_context,Myeloid,Interferon_Cluster_21214954,528,0.3523906672264638,6.979284393841615e-17,1.241979296777834e-16
UCEC,myeloid_inflammatory_context,Myeloid,B_cell_PCA_16704732,528,0.7886580148022505,3.3868634262097006e-113,2.300191889960146e-112
UCEC,myeloid_inflammatory_context,Myeloid,CD8_PCA_16704732,528,0.7028203593688206,7.851853157841165e-80,3.559506764887995e-79
UCEC,myeloid_inflammatory_context,Myeloid,GRANS_PCA_16704732,528,0.5228788988892745,2.1928081173223235e-38,5.532873913837403e-38
UCEC,myeloid_inflammatory_context,Myeloid,LYMPHS_PCA_16704732,528,0.1473080956200806,0.0006852820104983,0.0008394357435512
UCEC,myeloid_inflammatory_context,Myeloid,T_cell_PCA_16704732,528,0.728013572792703,2.749142639622112e-88,1.3632940710614663e-87
UCEC,myeloid_inflammatory_context,Myeloid,TGFB_PCA_17349583,528,0.3145318712258204,1.3735281463351117e-13,2.2794365820814545e-13
UCEC,myeloid_inflammatory_context,Myeloid,Rotterdam_ERneg_PCA_15721472,528,0.1995075511045366,3.837491494909812e-06,5.1279670184989865e-06
UCEC,myeloid_inflammatory_context,Myeloid,HER2_Immune_PCA_18006808,528,0.8520028621968863,5.982280840876182e-150,6.548009612548576e-149
UCEC,myeloid_inflammatory_context,Myeloid,IR7_score,528,0.6922999726897442,1.4694045167376518e-76,6.37445021615058e-76
UCEC,myeloid_inflammatory_context,Myeloid,Buck14_score,528,0.2333634065553522,5.806847640616532e-08,8.21139879515309e-08
UCEC,myeloid_inflammatory_context,Myeloid,TAMsurr_score,528,0.5698926747347516,8.477407589149385e-47,2.4056910425129192e-46
UCEC,myeloid_inflammatory_context,Myeloid,Immune_NSCLC_score,528,0.6102342907158748,3.528162696581507e-55,1.1377122151395019e-54
UCEC,myeloid_inflammatory_context,Myeloid,Module3_IFN_score,528,0.3548342692941232,4.1237643054901855e-17,7.364831852221473e-17
UCEC,myeloid_inflammatory_context,Myeloid,Module4_TcellBcell_score,528,0.744208435997332,3.0432378574781363e-94,1.6342758089517336e-93
UCEC,myeloid_inflammatory_context,Myeloid,Module5_TcellBcell_score,528,0.812110993067824,3.7141842926314376e-125,3.006720617844497e-124
UCEC,myeloid_inflammatory_context,Myeloid,Module11_Prolif_score,528,-0.199092773359304,4.022954280060135e-06,5.370520560374757e-06
UCEC,myeloid_inflammatory_context,Myeloid,GP11_Immune_IFN,528,0.4126389214445288,3.9995029887223785e-23,7.880223201249453e-23
UCEC,myeloid_inflammatory_context,Myeloid,GP2_ImmuneTcellBcell_score,528,0.8157311400869454,3.747133642395621e-127,3.107379118084173e-126
UCEC,myeloid_inflammatory_context,Myeloid,CD8_CD68_ratio,528,-0.2947771874934086,4.793148334148624e-12,7.65328058050147e-12
UCEC,myeloid_inflammatory_context,Myeloid,TAMsurr_TcClassII_ratio,528,-0.3380523974722786,1.3968202786847865e-15,2.437043719065182e-15
UCEC,myeloid_inflammatory_context,Myeloid,CHANG_CORE_SERUM_RESPONSE_UP,528,-0.0776808880067615,0.0745153329939054,0.0823741945716004
UCEC,myeloid_inflammatory_context,Myeloid,CSR_Activated_15701700,528,-0.1349380554954608,0.0018866699025577,0.0022696780782649
UCEC,myeloid_inflammatory_context,Myeloid,CD103pos_CD103neg_ratio_25446897,528,-0.3662519161512969,3.3188052784826782e-18,6.0564578044098516e-18
BRCA,proteasome_antigen_processing,Proteasome,ICS5_score,1082,0.284167579001676,1.516887662780322e-21,2.9189490221170677e-21
BRCA,proteasome_antigen_processing,Proteasome,LIexpression_score,1082,0.241387245922173,8.259582266713813e-16,1.4461579507860685e-15
BRCA,proteasome_antigen_processing,Proteasome,Chemokine12_score,1082,0.3644160093341255,2.54457769283597e-35,6.12500117213614e-35
BRCA,proteasome_antigen_processing,Proteasome,NHI_5gene_score,1082,0.3490206638620132,2.375550648215086e-32,5.416175828285862e-32
BRCA,proteasome_antigen_processing,Proteasome,CD68,1082,0.2857136097285603,8.99012158400066e-22,1.7348797948550405e-21
BRCA,proteasome_antigen_processing,Proteasome,CD8A,1082,0.2097953596395951,3.153676264879269e-12,5.050338204575574e-12
BRCA,proteasome_antigen_processing,Proteasome,PD1_data,1082,0.3211430915821317,2.2293588805473148e-27,4.7318424932412764e-27
BRCA,proteasome_antigen_processing,Proteasome,PDL1_data,1082,0.0203462415049042,0.5037760877217276,0.5210155736133456
BRCA,proteasome_antigen_processing,Proteasome,PD1_PDL1_score,1082,0.2113799855701297,2.1472906018622026e-12,3.453950583716848e-12
BRCA,proteasome_antigen_processing,Proteasome,CTLA4_data,1082,0.3678400260197661,5.279388869552552e-36,1.2878867914962278e-35
BRCA,proteasome_antigen_processing,Proteasome,Bcell_mg_IGJ,1082,0.25293734603746,2.958515813131456e-17,5.299415878641792e-17
BRCA,proteasome_antigen_processing,Proteasome,Bcell_receptors_score,1082,0.1918393972140232,1.9887340777303e-10,3.028755146375373e-10
BRCA,proteasome_antigen_processing,Proteasome,STAT1_score,1082,0.3794166700202046,2.2452622257417212e-38,5.65735363966418e-38
BRCA,proteasome_antigen_processing,Proteasome,CSF1_response,1082,0.1991759160880024,3.832459785929927e-11,5.961847650974779e-11
BRCA,proteasome_antigen_processing,Proteasome,TcClassII_score,1082,0.2775441755269538,1.3747154978136912e-20,2.6148434643728952e-20
BRCA,proteasome_antigen_processing,Proteasome,IL12_score_21050467,1082,0.2123094931250989,1.7114272418411589e-12,2.756933430742051e-12
BRCA,proteasome_antigen_processing,Proteasome,IL4_score_21050467,1082,0.0038795171908185,0.898572440221289,0.9053961983337308
BRCA,proteasome_antigen_processing,Proteasome,IL2_score_21050467,1082,0.1367123382527214,6.391973264919992e-06,8.466602035832665e-06
BRCA,proteasome_antigen_processing,Proteasome,IL13_score_21050467,1082,-0.1946327650867499,1.0704828579540108e-10,1.6464310848939267e-10
BRCA,proteasome_antigen_processing,Proteasome,IFNG_score_21050467,1082,0.464792043302171,4.341426509457672e-59,1.485368566757845e-58
BRCA,proteasome_antigen_processing,Proteasome,TGFB_score_21050467,1082,-0.2213683269840655,1.7744035271942265e-13,2.9312952286476135e-13
BRCA,proteasome_antigen_processing,Proteasome,TREM1_data,1082,0.2380806218513692,2.0761229696510345e-15,3.5991424330470446e-15
BRCA,proteasome_antigen_processing,Proteasome,DAP12_data,1082,0.4173607703364663,7.550995506048878e-47,2.1472773420233084e-46
BRCA,proteasome_antigen_processing,Proteasome,Tcell_receptors_score,1082,0.2434953563717522,4.556169777672133e-16,8.016029621777622e-16
BRCA,proteasome_antigen_processing,Proteasome,IL8_21978456,1082,0.0818205742062047,0.0070856444195051,0.0082698789191392
BRCA,proteasome_antigen_processing,Proteasome,IFN_21978456,1082,0.4350849575412482,3.3857667074478736e-51,1.0243921517528605e-50
BRCA,proteasome_antigen_processing,Proteasome,MHC1_21978456,1082,0.4542318092463312,3.4113314280271807e-56,1.1165850161533011e-55
BRCA,proteasome_antigen_processing,Proteasome,MHC2_21978456,1082,0.2533761207720494,2.5982067867450158e-17,4.6647673002946816e-17
BRCA,proteasome_antigen_processing,Proteasome,Bcell_21978456,1082,-0.1591408678535064,1.4229382507142922e-07,1.990430466414438e-07
BRCA,proteasome_antigen_processing,Proteasome,Tcell_21978456,1082,0.2337672980941379,6.766812792129966e-15,1.1579572692414915e-14
BRCA,proteasome_antigen_processing,Proteasome,CD103pos_mean_25446897,1082,-0.0303899483349464,0.317932710819903,0.335705346828469
BRCA,proteasome_antigen_processing,Proteasome,CD103neg_mean_25446897,1082,0.0834701200363847,0.0060093912785591,0.0070394247535232
BRCA,proteasome_antigen_processing,Proteasome,IgG_19272155,1082,0.1484214035464015,9.40579277295448e-07,1.2843251175921782e-06
BRCA,proteasome_antigen_processing,Proteasome,Interferon_19272155,1082,0.4235644373364199,2.4291558405807435e-48,7.081783372325426e-48
BRCA,proteasome_antigen_processing,Proteasome,LCK_19272155,1082,0.2058290045074382,8.144087118058467e-12,1.2924105578249144e-11
BRCA,proteasome_antigen_processing,Proteasome,MHC.I_19272155,1082,0.4923886658104955,3.756045315137133e-67,1.448113856438413e-66
BRCA,proteasome_antigen_processing,Proteasome,MHC.II_19272155,1082,0.2217506602678908,1.608962244046428e-13,2.6636502153416217e-13
BRCA,proteasome_antigen_processing,Proteasome,STAT1_19272155,1082,0.4381339607573877,5.691080521408597e-52,1.7461634538332072e-51
BRCA,proteasome_antigen_processing,Proteasome,Troester_WoundSig_19887484,1082,-0.1809371440781675,2.042795726930994e-09,3.0247165907742524e-09
BRCA,proteasome_antigen_processing,Proteasome,MDACC.FNA.1_20805453,1082,0.2324985570790327,9.536333354068229e-15,1.626258728718845e-14
BRCA,proteasome_antigen_processing,Proteasome,IGG_Cluster_21214954,1082,0.1912188674352251,2.279228912650564e-10,3.4614755122331284e-10
BRCA,proteasome_antigen_processing,Proteasome,Minterferon_Cluster_21214954,1082,0.4236132426129876,2.363681604504244e-48,6.898298244905087e-48
BRCA,proteasome_antigen_processing,Proteasome,Immune_cell_Cluster_21214954,1082,0.3038923533921572,1.493983375207542e-24,3.0168038460018662e-24
BRCA,proteasome_antigen_processing,Proteasome,MCD3_CD8_21214954,1082,-0.2552658448689782,1.480904119107824e-17,2.672899272709543e-17
BRCA,proteasome_antigen_processing,Proteasome,Interferon_Cluster_21214954,1082,0.4598917647790611,9.857698636274988e-58,3.285899545424996e-57
BRCA,proteasome_antigen_processing,Proteasome,B_cell_PCA_16704732,1082,0.1758070983315623,5.82612085737824e-09,8.513053307584643e-09
BRCA,proteasome_antigen_processing,Proteasome,CD8_PCA_16704732,1082,0.3032814838764994,1.8664556996891973e-24,3.7633502617899314e-24
BRCA,proteasome_antigen_processing,Proteasome,GRANS_PCA_16704732,1082,0.4155657824022022,2.0139985206608183e-46,5.676762669634638e-46
BRCA,proteasome_antigen_processing,Proteasome,LYMPHS_PCA_16704732,1082,-0.0409222404851332,0.1785948045175503,0.1921589668859718
BRCA,proteasome_antigen_processing,Proteasome,T_cell_PCA_16704732,1082,0.2090065831353634,3.814294519758118e-12,6.101076797260853e-12
BRCA,proteasome_antigen_processing,Proteasome,TGFB_PCA_17349583,1082,-0.1064519342456799,0.000452289935875,0.0005586869325977
BRCA,proteasome_antigen_processing,Proteasome,Rotterdam_ERneg_PCA_15721472,1082,0.2689424925595057,2.2026456291288323e-19,4.1021541329889934e-19
BRCA,proteasome_antigen_processing,Proteasome,HER2_Immune_PCA_18006808,1082,0.2363806831659967,3.3166736366571124e-15,5.726024939198571e-15
BRCA,proteasome_antigen_processing,Proteasome,IR7_score,1082,0.2910817423517255,1.4250379106089072e-22,2.786558674950559e-22
BRCA,proteasome_antigen_processing,Proteasome,Buck14_score,1082,-0.0411329460133385,0.1763670373767452,0.1898746652146238
BRCA,proteasome_antigen_processing,Proteasome,TAMsurr_score,1082,0.41729095269602,7.845568196262655e-47,2.2287149340819243e-46
BRCA,proteasome_antigen_processing,Proteasome,Immune_NSCLC_score,1082,0.3272917494255459,1.9733739474191981e-28,4.244821776971309e-28
BRCA,proteasome_antigen_processing,Proteasome,Module3_IFN_score,1082,0.4166776159892665,1.0976440369766488e-46,3.1035257594350154e-46
BRCA,proteasome_antigen_processing,Proteasome,Module4_TcellBcell_score,1082,0.2034274670024204,1.4331923330960568e-11,2.252691791979933e-11
BRCA,proteasome_antigen_processing,Proteasome,Module5_TcellBcell_score,1082,0.3342553191952949,1.1833265211893129e-29,2.600927787987824e-29
BRCA,proteasome_antigen_processing,Proteasome,Module11_Prolif_score,1082,0.3983033119398749,1.8684196441818708e-42,4.994694282235567e-42
BRCA,proteasome_antigen_processing,Proteasome,GP11_Immune_IFN,1082,0.4930730188515407,2.318788613209777e-67,8.971699897483064e-67
BRCA,proteasome_antigen_processing,Proteasome,GP2_ImmuneTcellBcell_score,1082,0.0962476560860911,0.0015262279167006,0.0018429922012989
BRCA,proteasome_antigen_processing,Proteasome,CD8_CD68_ratio,1082,-0.0417695479488574,0.1697620129872002,0.1830898791931739
BRCA,proteasome_antigen_processing,Proteasome,TAMsurr_TcClassII_ratio,1082,0.2021920850591937,1.9116108920391812e-11,2.9977409203497106e-11
BRCA,proteasome_antigen_processing,Proteasome,CHANG_CORE_SERUM_RESPONSE_UP,1082,0.662214493324273,1.5877337767900275e-137,1.489184783747888e-136
BRCA,proteasome_antigen_processing,Proteasome,CSR_Activated_15701700,1082,0.6328317825107,3.9697645895399197e-122,3.098352850372621e-121
BRCA,proteasome_antigen_processing,Proteasome,CD103pos_CD103neg_ratio_25446897,1082,-0.1041538109475359,0.0006005020502352,0.0007374110955485
COAD,proteasome_antigen_processing,Proteasome,ICS5_score,439,0.1423505662796594,0.0027960928546881,0.0033356897213823
COAD,proteasome_antigen_processing,Proteasome,LIexpression_score,439,0.0209965103447348,0.6608645530810956,0.67653428091102
COAD,proteasome_antigen_processing,Proteasome,Chemokine12_score,439,0.2375223123112614,4.786345340825978e-07,6.60185564251859e-07
COAD,proteasome_antigen_processing,Proteasome,NHI_5gene_score,439,0.2448561475851792,2.0475658722687523e-07,2.8531655597187524e-07
COAD,proteasome_antigen_processing,Proteasome,CD68,439,0.0467729435490855,0.3282014010806892,0.346279212932302
COAD,proteasome_antigen_processing,Proteasome,CD8A,439,0.1725521614417439,0.0002808596473552,0.0003501091846041
COAD,proteasome_antigen_processing,Proteasome,PD1_data,439,0.1414124587077488,0.0029837417817654,0.0035548741333342
COAD,proteasome_antigen_processing,Proteasome,PDL1_data,439,0.1695732213349838,0.0003587545921655,0.000445373113049
COAD,proteasome_antigen_processing,Proteasome,PD1_PDL1_score,439,0.1631681100021594,0.0005990766070133,0.0007358267649926
COAD,proteasome_antigen_processing,Proteasome,CTLA4_data,439,0.0591271446508147,0.2163095153398987,0.2311834505793809
COAD,proteasome_antigen_processing,Proteasome,Bcell_mg_IGJ,439,0.1256933489245592,0.0083760424686758,0.0097300173029247
COAD,proteasome_antigen_processing,Proteasome,Bcell_receptors_score,439,-0.0531253906062323,0.266692570510548,0.2830844065516842
COAD,proteasome_antigen_processing,Proteasome,STAT1_score,439,0.1871102425475884,8.009876666874789e-05,0.0001019745590166
COAD,proteasome_antigen_processing,Proteasome,CSF1_response,439,0.0235468819300748,0.6227026897067353,0.638549035250639
COAD,proteasome_antigen_processing,Proteasome,TcClassII_score,439,0.1728706175380152,0.0002735402890771,0.00034121971396
COAD,proteasome_antigen_processing,Proteasome,IL12_score_21050467,439,0.1258756583105932,0.0082813561496028,0.0096220797637419
COAD,proteasome_antigen_processing,Proteasome,IL4_score_21050467,439,-0.1911328765040725,5.566354180013544e-05,7.12996626778283e-05
COAD,proteasome_antigen_processing,Proteasome,IL2_score_21050467,439,-0.0723608091997735,0.1300791952302314,0.1413283047837944
COAD,proteasome_antigen_processing,Proteasome,IL13_score_21050467,439,-0.0874162624099302,0.0672714269623631,0.0745936735987067
COAD,proteasome_antigen_processing,Proteasome,IFNG_score_21050467,439,0.3573369815745148,1.1441153583732538e-14,1.9462124920420576e-14
COAD,proteasome_antigen_processing,Proteasome,TGFB_score_21050467,439,-0.1755056344641166,0.0002194631989602,0.000274644537001
COAD,proteasome_antigen_processing,Proteasome,TREM1_data,439,0.1684247448783153,0.0003938372152448,0.0004881463775192
COAD,proteasome_antigen_processing,Proteasome,DAP12_data,439,0.169047613053465,0.000374432485468,0.0004646242520406
COAD,proteasome_antigen_processing,Proteasome,Tcell_receptors_score,439,0.1365921183415833,0.0041410447660323,0.0048983003973072
COAD,proteasome_antigen_processing,Proteasome,IL8_21978456,439,0.2792532882556016,2.630084821021537e-09,3.886895253017431e-09
COAD,proteasome_antigen_processing,Proteasome,IFN_21978456,439,0.2818705497044005,1.840170877914779e-09,2.7291520108659753e-09
COAD,proteasome_antigen_processing,Proteasome,MHC1_21978456,439,0.2675161105751349,1.2468469558743318e-08,1.802989750121309e-08
COAD,proteasome_antigen_processing,Proteasome,MHC2_21978456,439,0.1626672960454347,0.0006230985667685,0.0007642967763744
COAD,proteasome_antigen_processing,Proteasome,Bcell_21978456,439,-0.1983620273162451,2.8395849824902844e-05,3.6788145522141335e-05
COAD,proteasome_antigen_processing,Proteasome,Tcell_21978456,439,0.050025252330943,0.2956478645989154,0.3130253762978007
COAD,proteasome_antigen_processing,Proteasome,CD103pos_mean_25446897,439,-0.0757987010127261,0.1127589702595383,0.1232093172103212
COAD,proteasome_antigen_processing,Proteasome,CD103neg_mean_25446897,439,-0.0696633902874535,0.1450558231410379,0.1571606608020805
COAD,proteasome_antigen_processing,Proteasome,IgG_19272155,439,-0.1661466266425876,0.0004730707734823,0.0005834289294364
COAD,proteasome_antigen_processing,Proteasome,Interferon_19272155,439,0.2712419218423424,7.669252949972605e-09,1.1149314817704696e-08
COAD,proteasome_antigen_processing,Proteasome,LCK_19272155,439,0.0307663252894294,0.5202627636983133,0.5372995850490475
COAD,proteasome_antigen_processing,Proteasome,MHC.I_19272155,439,0.2607199917479263,2.968682397009264e-08,4.243203426098369e-08
COAD,proteasome_antigen_processing,Proteasome,MHC.II_19272155,439,0.1494167869091132,0.001693264508535,0.0020392647612199
COAD,proteasome_antigen_processing,Proteasome,STAT1_19272155,439,0.3706807441925598,9.557607764848136e-16,1.6712756747275428e-15
COAD,proteasome_antigen_processing,Proteasome,Troester_WoundSig_19887484,439,-0.1372539063195365,0.0039611759026139,0.0046896184788291
COAD,proteasome_antigen_processing,Proteasome,MDACC.FNA.1_20805453,439,0.0448324573352055,0.3486878942037241,0.367039888635499
COAD,proteasome_antigen_processing,Proteasome,IGG_Cluster_21214954,439,-0.0542277470629431,0.2568816216889111,0.2730967406659521
COAD,proteasome_antigen_processing,Proteasome,Minterferon_Cluster_21214954,439,0.2566585005111647,4.9281323289522714e-08,6.992446497000613e-08
COAD,proteasome_antigen_processing,Proteasome,Immune_cell_Cluster_21214954,439,0.1395722248249353,0.0033854652330461,0.0040176550758662
COAD,proteasome_antigen_processing,Proteasome,MCD3_CD8_21214954,439,-0.1915222732012516,5.371514925493827e-05,6.885259470944019e-05
COAD,proteasome_antigen_processing,Proteasome,Interferon_Cluster_21214954,439,0.3098585486256244,3.1837069963700735e-11,4.968263356354906e-11
COAD,proteasome_antigen_processing,Proteasome,B_cell_PCA_16704732,439,-0.0459646048175297,0.3366389013075075,0.3549061285102405
COAD,proteasome_antigen_processing,Proteasome,CD8_PCA_16704732,439,0.2006494297650104,2.2831400174936945e-05,2.967809246156678e-05
COAD,proteasome_antigen_processing,Proteasome,GRANS_PCA_16704732,439,0.33167666293935,9.857873373877973e-13,1.6017572029240197e-12
COAD,proteasome_antigen_processing,Proteasome,LYMPHS_PCA_16704732,439,0.0622827586422122,0.1927411019850335,0.2067662383747944
COAD,proteasome_antigen_processing,Proteasome,T_cell_PCA_16704732,439,0.0611659971657399,0.2008569236422563,0.2152179760909739
COAD,proteasome_antigen_processing,Proteasome,TGFB_PCA_17349583,439,-0.091934302733529,0.0542514319273664,0.0605887476257182
COAD,proteasome_antigen_processing,Proteasome,Rotterdam_ERneg_PCA_15721472,439,0.1913249105202519,5.469448500593768e-05,7.007489364868133e-05
COAD,proteasome_antigen_processing,Proteasome,HER2_Immune_PCA_18006808,439,0.039697669824566,0.4067003847177226,0.4254711717046944
COAD,proteasome_antigen_processing,Proteasome,IR7_score,439,0.0494391173359676,0.3013497193247904,0.3186282746602254
COAD,proteasome_antigen_processing,Proteasome,Buck14_score,439,-0.0298859547140042,0.5322766245682985,0.549134238128493
COAD,proteasome_antigen_processing,Proteasome,TAMsurr_score,439,0.3468769402883413,7.394040658585372e-14,1.2368874902430637e-13
COAD,proteasome_antigen_processing,Proteasome,Immune_NSCLC_score,439,0.2596727304911844,3.3859484837518e-08,4.8281939060576136e-08
COAD,proteasome_antigen_processing,Proteasome,Module3_IFN_score,439,0.2611934410678579,2.7967924311719157e-08,4.0017229946278855e-08
COAD,proteasome_antigen_processing,Proteasome,Module4_TcellBcell_score,439,0.0069312274864534,0.8848584952986508,0.8925700379055553
COAD,proteasome_antigen_processing,Proteasome,Module5_TcellBcell_score,439,0.1531767370918808,0.001285144007565,0.0015563631792417
COAD,proteasome_antigen_processing,Proteasome,Module11_Prolif_score,439,0.3694951166694664,1.1972618053608348e-15,2.0908841801486165e-15
COAD,proteasome_antigen_processing,Proteasome,GP11_Immune_IFN,439,0.3579936826021712,1.0152731735083071e-14,1.7302901202647844e-14
COAD,proteasome_antigen_processing,Proteasome,GP2_ImmuneTcellBcell_score,439,-0.0056852278782419,0.9054495821242804,0.9116501437638506
COAD,proteasome_antigen_processing,Proteasome,CD8_CD68_ratio,439,0.1400773069209877,0.0032705830937363,0.0038838620453887
COAD,proteasome_antigen_processing,Proteasome,TAMsurr_TcClassII_ratio,439,0.1416669160637413,0.0029317427207966,0.0034936868348595
COAD,proteasome_antigen_processing,Proteasome,CHANG_CORE_SERUM_RESPONSE_UP,439,0.644794113340536,5.901147296649817e-53,1.8344137882157144e-52
COAD,proteasome_antigen_processing,Proteasome,CSR_Activated_15701700,439,0.5779552634655915,1.7463239076676304e-40,4.551989486205995e-40
COAD,proteasome_antigen_processing,Proteasome,CD103pos_CD103neg_ratio_25446897,439,0.0096441455053334,0.8403108684996539,0.8498403280606278
GBM,proteasome_antigen_processing,Proteasome,ICS5_score,153,0.3805503062469006,1.2198748486769049e-06,1.6586151404154868e-06
GBM,proteasome_antigen_processing,Proteasome,LIexpression_score,153,0.4485874996349411,6.0544174069514115e-09,8.83951441057855e-09
GBM,proteasome_antigen_processing,Proteasome,Chemokine12_score,153,0.4842926871765728,2.2593195968318846e-10,3.4321973210738485e-10
GBM,proteasome_antigen_processing,Proteasome,NHI_5gene_score,153,0.2050212429469395,0.0110144323954936,0.0127269567186672
GBM,proteasome_antigen_processing,Proteasome,CD68,153,0.2819991539665716,0.0004132387272222,0.0005117274473228
GBM,proteasome_antigen_processing,Proteasome,CD8A,153,0.276815727862627,0.0005324382291192,0.0006551603633586
GBM,proteasome_antigen_processing,Proteasome,PD1_data,153,0.2160337877921733,0.0073178308026435,0.0085317187240422
GBM,proteasome_antigen_processing,Proteasome,PDL1_data,153,0.0213518958289506,0.79334277325851,0.8048833805532067
GBM,proteasome_antigen_processing,Proteasome,PD1_PDL1_score,153,0.145234774523936,0.0732560397728924,0.0810150145079355
GBM,proteasome_antigen_processing,Proteasome,CTLA4_data,153,0.1150324388608393,0.1568022302700876,0.1694822437252686
GBM,proteasome_antigen_processing,Proteasome,Bcell_mg_IGJ,153,0.3561477222467935,6.2359658760496204e-06,8.265997652463433e-06
GBM,proteasome_antigen_processing,Proteasome,Bcell_receptors_score,153,0.2602581489303622,0.0011581495959845,0.0014063245094097
GBM,proteasome_antigen_processing,Proteasome,STAT1_score,153,0.4454656405936525,7.930543981548678e-09,1.152609117275576e-08
GBM,proteasome_antigen_processing,Proteasome,CSF1_response,153,0.2856424865996929,0.0003447899877661,0.0004286237507878
GBM,proteasome_antigen_processing,Proteasome,TcClassII_score,153,0.3683711018616529,2.8002903887741343e-06,3.757666431902144e-06
GBM,proteasome_antigen_processing,Proteasome,IL12_score_21050467,153,0.318446517362926,6.0306955410789554e-05,7.717474416247828e-05
GBM,proteasome_antigen_processing,Proteasome,IL4_score_21050467,153,-0.0732814656963263,0.3680035931625398,0.386698772803596
GBM,proteasome_antigen_processing,Proteasome,IL2_score_21050467,153,0.1373572110065174,0.0904333221118425,0.0993652337484192
GBM,proteasome_antigen_processing,Proteasome,IL13_score_21050467,153,-0.0466926787100066,0.5665547500484909,0.5826196295394689
GBM,proteasome_antigen_processing,Proteasome,IFNG_score_21050467,153,0.5272506131639257,2.5263617893815653e-12,4.058891947500211e-12
GBM,proteasome_antigen_processing,Proteasome,TGFB_score_21050467,153,-0.1081380826214331,0.1833436863248801,0.1970347004360624
GBM,proteasome_antigen_processing,Proteasome,TREM1_data,153,0.2734127040636506,0.0006271574636187,0.000769102029325
GBM,proteasome_antigen_processing,Proteasome,DAP12_data,153,0.5866313287091729,1.612649187401198e-15,2.8046072824368664e-15
GBM,proteasome_antigen_processing,Proteasome,Tcell_receptors_score,153,0.4160501521182635,8.866056629877956e-08,1.2459661086679428e-07
GBM,proteasome_antigen_processing,Proteasome,IL8_21978456,153,0.2336891694476833,0.0036463869874594,0.004322585576766
GBM,proteasome_antigen_processing,Proteasome,IFN_21978456,153,0.2636370337608727,0.0009922357985632,0.0012075531866183
GBM,proteasome_antigen_processing,Proteasome,MHC1_21978456,153,0.3806631898320479,1.2103236553614963e-06,1.6464517842376946e-06
GBM,proteasome_antigen_processing,Proteasome,MHC2_21978456,153,0.3531123540070948,7.56914078508844e-06,1.0001487945319678e-05
GBM,proteasome_antigen_processing,Proteasome,Bcell_21978456,153,-0.4209974342537321,6.002214913772375e-08,8.485459753358034e-08
GBM,proteasome_antigen_processing,Proteasome,Tcell_21978456,153,0.4120971079058828,1.2054718425327297e-07,1.6892753280211358e-07
GBM,proteasome_antigen_processing,Proteasome,CD103pos_mean_25446897,153,0.0881918098989509,0.2783469769720229,0.2952822844633004
GBM,proteasome_antigen_processing,Proteasome,CD103neg_mean_25446897,153,0.2913031241204615,0.000258965602237,0.0003233355235643
GBM,proteasome_antigen_processing,Proteasome,IgG_19272155,153,-0.0587549892991078,0.4706495286034161,0.4887065156714227
GBM,proteasome_antigen_processing,Proteasome,Interferon_19272155,153,0.2610991558937997,0.0011146351403058,0.0013546950766898
GBM,proteasome_antigen_processing,Proteasome,LCK_19272155,153,0.3531006268183617,7.574779483587601e-06,1.0006508108479006e-05
GBM,proteasome_antigen_processing,Proteasome,MHC.I_19272155,153,0.4208335183159223,6.08090925554291e-08,8.587784618419893e-08
GBM,proteasome_antigen_processing,Proteasome,MHC.II_19272155,153,0.3734168308471713,1.992808293366025e-06,2.6860448751018773e-06
GBM,proteasome_antigen_processing,Proteasome,STAT1_19272155,153,0.4315839997589064,2.549845866608685e-08,3.654152137605703e-08
GBM,proteasome_antigen_processing,Proteasome,Troester_WoundSig_19887484,153,0.0578619007411577,0.4774323877180692,0.4953713883628259
GBM,proteasome_antigen_processing,Proteasome,MDACC.FNA.1_20805453,153,0.3494068550506408,9.56308307860865e-06,1.258117822191803e-05
GBM,proteasome_antigen_processing,Proteasome,IGG_Cluster_21214954,153,0.3575857383868058,5.685097762377962e-06,7.548677526808912e-06
GBM,proteasome_antigen_processing,Proteasome,Minterferon_Cluster_21214954,153,0.2764665674882393,0.000541510688464,0.000666173257631
GBM,proteasome_antigen_processing,Proteasome,Immune_cell_Cluster_21214954,153,0.4323140739549407,2.401049766872829e-08,3.4481812913907585e-08
GBM,proteasome_antigen_processing,Proteasome,MCD3_CD8_21214954,153,0.0698555711733037,0.3908767536716574,0.4095593150709904
GBM,proteasome_antigen_processing,Proteasome,Interferon_Cluster_21214954,153,0.328153270877729,3.4578399121796885e-05,4.464906034241041e-05
GBM,proteasome_antigen_processing,Proteasome,B_cell_PCA_16704732,153,0.2687854904520685,0.0007809238505478,0.0009531581213776
GBM,proteasome_antigen_processing,Proteasome,CD8_PCA_16704732,153,0.4393570825459369,1.334449833194352e-08,1.9281293738585062e-08
GBM,proteasome_antigen_processing,Proteasome,GRANS_PCA_16704732,153,0.3342653664000348,2.412380578999374e-05,3.131317191542972e-05
GBM,proteasome_antigen_processing,Proteasome,LYMPHS_PCA_16704732,153,0.1271192687601356,0.1173853751405302,0.1280738950590622
GBM,proteasome_antigen_processing,Proteasome,T_cell_PCA_16704732,153,0.3608017369627276,4.6153174384587925e-06,6.144720231330356e-06
GBM,proteasome_antigen_processing,Proteasome,TGFB_PCA_17349583,153,0.060787045142159,0.4554145284294277,0.4737913625274597
GBM,proteasome_antigen_processing,Proteasome,Rotterdam_ERneg_PCA_15721472,153,-0.0210201481479073,0.79648322000832,0.8079188358838822
GBM,proteasome_antigen_processing,Proteasome,HER2_Immune_PCA_18006808,153,0.3417735515258734,1.5338824922722024e-05,2.007293903767328e-05
GBM,proteasome_antigen_processing,Proteasome,IR7_score,153,0.4259579429858067,4.0335424419021084e-08,5.73959479046494e-08
GBM,proteasome_antigen_processing,Proteasome,Buck14_score,153,-0.0906814004956851,0.2649503392846757,0.28134488497143
GBM,proteasome_antigen_processing,Proteasome,TAMsurr_score,153,0.4763077479795745,4.872566273672836e-10,7.346663117732878e-10
GBM,proteasome_antigen_processing,Proteasome,Immune_NSCLC_score,153,0.422007559004463,5.5383980368716785e-08,7.84402117172141e-08
GBM,proteasome_antigen_processing,Proteasome,Module3_IFN_score,153,0.2653293204011294,0.000917601396725,0.0011184744786431
GBM,proteasome_antigen_processing,Proteasome,Module4_TcellBcell_score,153,0.3358200578658196,2.198581090095432e-05,2.859942881424953e-05
GBM,proteasome_antigen_processing,Proteasome,Module5_TcellBcell_score,153,0.4332589495128194,2.220822684128011e-08,3.1952592969204914e-08
GBM,proteasome_antigen_processing,Proteasome,Module11_Prolif_score,153,0.0499410290431962,0.5398411659342668,0.5565161915259449
GBM,proteasome_antigen_processing,Proteasome,GP11_Immune_IFN,153,0.3041996269262019,0.00013189816839,0.0001664021419392
GBM,proteasome_antigen_processing,Proteasome,GP2_ImmuneTcellBcell_score,153,0.1469156070070925,0.0699569780413347,0.0775161191475048
GBM,proteasome_antigen_processing,Proteasome,CD8_CD68_ratio,153,0.0336855401966956,0.6793374080374367,0.6947914081074743
GBM,proteasome_antigen_processing,Proteasome,TAMsurr_TcClassII_ratio,153,0.087828267048222,0.2803407500063292,0.2973393800028136
GBM,proteasome_antigen_processing,Proteasome,CHANG_CORE_SERUM_RESPONSE_UP,153,0.607708667891845,8.117627503305935e-17,1.4431337783654996e-16
GBM,proteasome_antigen_processing,Proteasome,CSR_Activated_15701700,153,0.4832690150762396,2.4960319141027107e-10,3.7865068635579326e-10
GBM,proteasome_antigen_processing,Proteasome,CD103pos_CD103neg_ratio_25446897,153,-0.2517827421016173,0.0016919099461677,0.0020380846118584
HNSC,proteasome_antigen_processing,Proteasome,ICS5_score,514,0.1227258599486361,0.0053337725712994,0.0062682486039898
HNSC,proteasome_antigen_processing,Proteasome,LIexpression_score,514,0.0559563288583709,0.2053264099817633,0.2198338260776997
HNSC,proteasome_antigen_processing,Proteasome,Chemokine12_score,514,0.2593937630869818,2.386923630521569e-09,3.5304145051760027e-09
HNSC,proteasome_antigen_processing,Proteasome,NHI_5gene_score,514,0.3280683838991425,2.312256570460584e-14,3.914931759509984e-14
HNSC,proteasome_antigen_processing,Proteasome,CD68,514,0.0385297558990998,0.3833573369839237,0.4022885635016484
HNSC,proteasome_antigen_processing,Proteasome,CD8A,514,0.1644900581182065,0.0001798827377617,0.0002256831396272
HNSC,proteasome_antigen_processing,Proteasome,PD1_data,514,0.2105741785975074,1.4607397364915097e-06,1.9811578575202723e-06
HNSC,proteasome_antigen_processing,Proteasome,PDL1_data,514,0.0421613520210818,0.340103378790308,0.3583502577221142
HNSC,proteasome_antigen_processing,Proteasome,PD1_PDL1_score,514,0.1424570926604957,0.0012020488916428,0.001457353681867
HNSC,proteasome_antigen_processing,Proteasome,CTLA4_data,514,0.235462632412337,6.610872973031678e-08,9.321707872807757e-08
HNSC,proteasome_antigen_processing,Proteasome,Bcell_mg_IGJ,514,-0.0340122972090424,0.4416218345739083,0.4605871894329105
HNSC,proteasome_antigen_processing,Proteasome,Bcell_receptors_score,514,-0.0969457316488949,0.0279676700259819,0.0316768946369647
HNSC,proteasome_antigen_processing,Proteasome,STAT1_score,514,0.2598638620497167,2.2283924518104928e-09,3.297729852516072e-09
HNSC,proteasome_antigen_processing,Proteasome,CSF1_response,514,-0.0053674984077797,0.9033788021811616,0.9097335586570752
HNSC,proteasome_antigen_processing,Proteasome,TcClassII_score,514,0.1920319230133446,1.1655663375482654e-05,1.5297179436097863e-05
HNSC,proteasome_antigen_processing,Proteasome,IL12_score_21050467,514,0.1003290658581731,0.0229166238173175,0.0260535911319137
HNSC,proteasome_antigen_processing,Proteasome,IL4_score_21050467,514,-0.1024026433968583,0.0202284439507466,0.0230697557844992
HNSC,proteasome_antigen_processing,Proteasome,IL2_score_21050467,514,-0.1214966278429039,0.0058149649898354,0.0068175451604967
HNSC,proteasome_antigen_processing,Proteasome,IL13_score_21050467,514,-0.0553931774017068,0.2099309116299353,0.2245426974571074
HNSC,proteasome_antigen_processing,Proteasome,IFNG_score_21050467,514,0.5094545719488002,2.6879738233119606e-35,6.455884149588107e-35
HNSC,proteasome_antigen_processing,Proteasome,TGFB_score_21050467,514,-0.3441048495295625,9.83605454496304e-16,1.7194131338238732e-15
HNSC,proteasome_antigen_processing,Proteasome,TREM1_data,514,0.0872473535123927,0.0480427840387344,0.0538427575547415
HNSC,proteasome_antigen_processing,Proteasome,DAP12_data,514,0.2377453354193509,4.8876952944903024e-08,6.936880355342355e-08
HNSC,proteasome_antigen_processing,Proteasome,Tcell_receptors_score,514,0.1336539961877744,0.0023941988585502,0.0028656637602889
HNSC,proteasome_antigen_processing,Proteasome,IL8_21978456,514,0.0756557905535147,0.0866176706726028,0.0953267506491926
HNSC,proteasome_antigen_processing,Proteasome,IFN_21978456,514,0.4674277982869396,2.9229899190603157e-29,6.380844767130064e-29
HNSC,proteasome_antigen_processing,Proteasome,MHC1_21978456,514,0.5056161659899296,1.0378855723285503e-34,2.4666218931705173e-34
HNSC,proteasome_antigen_processing,Proteasome,MHC2_21978456,514,0.1611992240254845,0.00024277018629,0.000303393019393
HNSC,proteasome_antigen_processing,Proteasome,Bcell_21978456,514,-0.0310122258130562,0.4829581175136195,0.5007227290402307
HNSC,proteasome_antigen_processing,Proteasome,Tcell_21978456,514,0.0053922417217352,0.9029355861070272,0.9096239978559684
HNSC,proteasome_antigen_processing,Proteasome,CD103pos_mean_25446897,514,-0.1767592231471431,5.591399299013467e-05,7.160360684235702e-05
HNSC,proteasome_antigen_processing,Proteasome,CD103neg_mean_25446897,514,-0.0118915530375866,0.7879656299215124,0.7998755414765867
HNSC,proteasome_antigen_processing,Proteasome,IgG_19272155,514,-0.1547684613311087,0.0004290450399525,0.0005305762712757
HNSC,proteasome_antigen_processing,Proteasome,Interferon_19272155,514,0.461687231966948,1.6877121778662567e-28,3.636100692115816e-28
HNSC,proteasome_antigen_processing,Proteasome,LCK_19272155,514,0.0298527734500311,0.4994776087626768,0.5167664875749262
HNSC,proteasome_antigen_processing,Proteasome,MHC.I_19272155,514,0.5054517806693879,1.0992863222364963e-34,2.6114050624308044e-34
HNSC,proteasome_antigen_processing,Proteasome,MHC.II_19272155,514,0.0902053104306634,0.0409253053724351,0.0459701964125639
HNSC,proteasome_antigen_processing,Proteasome,STAT1_19272155,514,0.4050138242430073,1.0361237367545244e-21,1.9973469624183605e-21
HNSC,proteasome_antigen_processing,Proteasome,Troester_WoundSig_19887484,514,-0.3250277170894192,4.1217582134845516e-14,6.929037293373288e-14
HNSC,proteasome_antigen_processing,Proteasome,MDACC.FNA.1_20805453,514,0.0180369987656359,0.683299628986172,0.6985810903373005
HNSC,proteasome_antigen_processing,Proteasome,IGG_Cluster_21214954,514,-0.1202175427252871,0.0063567681574643,0.0074383348626814
HNSC,proteasome_antigen_processing,Proteasome,Minterferon_Cluster_21214954,514,0.4309376446883486,1.1718558946915123e-24,2.3707311517745736e-24
HNSC,proteasome_antigen_processing,Proteasome,Immune_cell_Cluster_21214954,514,0.1520188661505052,0.0005437279781898,0.0006685985988591
HNSC,proteasome_antigen_processing,Proteasome,MCD3_CD8_21214954,514,-0.3373370979749374,3.813021063141643e-15,6.57459099318242e-15
HNSC,proteasome_antigen_processing,Proteasome,Interferon_Cluster_21214954,514,0.5149113437715084,3.822816339482526e-36,9.354980155998623e-36
HNSC,proteasome_antigen_processing,Proteasome,B_cell_PCA_16704732,514,-0.0799968558769525,0.0699639972452663,0.0775161191475048
HNSC,proteasome_antigen_processing,Proteasome,CD8_PCA_16704732,514,0.2542572465048809,5.013269500497634e-09,7.33320410935927e-09
HNSC,proteasome_antigen_processing,Proteasome,GRANS_PCA_16704732,514,0.198995696292578,5.464786307117109e-06,7.261464951323174e-06
HNSC,proteasome_antigen_processing,Proteasome,LYMPHS_PCA_16704732,514,-0.1515745460047612,0.0005647369655278,0.0006941186381543
HNSC,proteasome_antigen_processing,Proteasome,T_cell_PCA_16704732,514,0.0709825101748794,0.1079677832421743,0.1180592443894328
HNSC,proteasome_antigen_processing,Proteasome,TGFB_PCA_17349583,514,-0.1854477608230844,2.327485272709319e-05,3.02400761488863e-05
HNSC,proteasome_antigen_processing,Proteasome,Rotterdam_ERneg_PCA_15721472,514,-0.003355764153449,0.9395022996138774,0.9436655298928164
HNSC,proteasome_antigen_processing,Proteasome,HER2_Immune_PCA_18006808,514,0.050829413765325,0.2500118617279867,0.2658972683871451
HNSC,proteasome_antigen_processing,Proteasome,IR7_score,514,0.2216703854381397,3.8410272800516754e-07,5.316841832946848e-07
HNSC,proteasome_antigen_processing,Proteasome,Buck14_score,514,-0.1536407260699075,0.0004730475664128,0.0005834289294364
HNSC,proteasome_antigen_processing,Proteasome,TAMsurr_score,514,0.3901023125786064,3.954472591602002e-20,7.456613829571885e-20
HNSC,proteasome_antigen_processing,Proteasome,Immune_NSCLC_score,514,0.1007208221326367,0.0223862480584284,0.0254612564160256
HNSC,proteasome_antigen_processing,Proteasome,Module3_IFN_score,514,0.4528432254168525,2.3580101794697952e-27,4.999055095992083e-27
HNSC,proteasome_antigen_processing,Proteasome,Module4_TcellBcell_score,514,-0.0029872703665696,0.9461348104721448,0.9496260828355104
HNSC,proteasome_antigen_processing,Proteasome,Module5_TcellBcell_score,514,0.1635204525274577,0.0001966124672361,0.0002463883487133
HNSC,proteasome_antigen_processing,Proteasome,Module11_Prolif_score,514,0.0735431886808395,0.0958058602683739,0.1050350422934208
HNSC,proteasome_antigen_processing,Proteasome,GP11_Immune_IFN,514,0.5172697538327482,1.6275137380664613e-36,4.000756771387957e-36
HNSC,proteasome_antigen_processing,Proteasome,GP2_ImmuneTcellBcell_score,514,-0.0888326617682473,0.0441089855331246,0.0494850239843674
HNSC,proteasome_antigen_processing,Proteasome,CD8_CD68_ratio,514,0.1683262564054452,0.0001259113028113,0.0001589597324886
HNSC,proteasome_antigen_processing,Proteasome,TAMsurr_TcClassII_ratio,514,0.2246817315071516,2.640618183626422e-07,3.671086869135634e-07
HNSC,proteasome_antigen_processing,Proteasome,CHANG_CORE_SERUM_RESPONSE_UP,514,0.5466922283063902,2.1450601149945126e-41,5.650908971220409e-41
HNSC,proteasome_antigen_processing,Proteasome,CSR_Activated_15701700,514,0.6006664783550906,1.0231741962446897e-51,3.116499231562772e-51
HNSC,proteasome_antigen_processing,Proteasome,CD103pos_CD103neg_ratio_25446897,514,-0.2047483724049317,2.864008690544095e-06,3.841273983372751e-06
KIRC,proteasome_antigen_processing,Proteasome,ICS5_score,515,0.3791412676327615,4.734558928053399e-19,8.760544411092003e-19
KIRC,proteasome_antigen_processing,Proteasome,LIexpression_score,515,0.3865368838421334,8.471366215936537e-20,1.5874692461141838e-19
KIRC,proteasome_antigen_processing,Proteasome,Chemokine12_score,515,0.3885656339765473,5.243313061160644e-20,9.86635179962432e-20
KIRC,proteasome_antigen_processing,Proteasome,NHI_5gene_score,515,0.1467221573042642,0.000838823671671,0.0010233686418233
KIRC,proteasome_antigen_processing,Proteasome,CD68,515,0.2610549907847729,1.8045595719678227e-09,2.678527713916768e-09
KIRC,proteasome_antigen_processing,Proteasome,CD8A,515,0.3416365105962738,1.5196631956385418e-15,2.647123850231722e-15
KIRC,proteasome_antigen_processing,Proteasome,PD1_data,515,0.4032908102941652,1.4565734171654594e-21,2.803878057105485e-21
KIRC,proteasome_antigen_processing,Proteasome,PDL1_data,515,-0.1783648272492246,4.6893635935902e-05,6.023645324470056e-05
KIRC,proteasome_antigen_processing,Proteasome,PD1_PDL1_score,515,0.2254584351487674,2.3314956778567617e-07,3.2438200735398425e-07
KIRC,proteasome_antigen_processing,Proteasome,CTLA4_data,515,0.2788225696841496,1.1926167537404663e-10,1.8311699521163244e-10
KIRC,proteasome_antigen_processing,Proteasome,Bcell_mg_IGJ,515,0.2492221355518643,9.883988947173231e-09,1.433073024323624e-08
KIRC,proteasome_antigen_processing,Proteasome,Bcell_receptors_score,515,0.2250853627356497,2.443610015984759e-07,3.398935946550009e-07
KIRC,proteasome_antigen_processing,Proteasome,STAT1_score,515,0.33437996663044,6.422926551856604e-15,1.1008418538783846e-14
KIRC,proteasome_antigen_processing,Proteasome,CSF1_response,515,0.180986200956416,3.6053369642775687e-05,4.6509445306307736e-05
KIRC,proteasome_antigen_processing,Proteasome,TcClassII_score,515,0.3359595952674186,4.708335999873014e-15,8.085021413923357e-15
KIRC,proteasome_antigen_processing,Proteasome,IL12_score_21050467,515,0.2430364326799848,2.324397784119136e-08,3.3407460886679254e-08
KIRC,proteasome_antigen_processing,Proteasome,IL4_score_21050467,515,0.1829081262803804,2.9662721880144875e-05,3.8402000720606405e-05
KIRC,proteasome_antigen_processing,Proteasome,IL2_score_21050467,515,0.1796029721346673,4.1437249176074986e-05,5.336615424191476e-05
KIRC,proteasome_antigen_processing,Proteasome,IL13_score_21050467,515,-0.0870086305974667,0.0484402090588205,0.0542658025700131
KIRC,proteasome_antigen_processing,Proteasome,IFNG_score_21050467,515,0.5822353930929224,4.5913935972420055e-48,1.334964252752352e-47
KIRC,proteasome_antigen_processing,Proteasome,TGFB_score_21050467,515,0.0031904602554425,0.9424210061427344,0.9462477433400656
KIRC,proteasome_antigen_processing,Proteasome,TREM1_data,515,0.2104052992297516,1.4552589466310025e-06,1.974216625853529e-06
KIRC,proteasome_antigen_processing,Proteasome,DAP12_data,515,0.5358484514059044,1.2946540479969513e-39,3.323698924541489e-39
KIRC,proteasome_antigen_processing,Proteasome,Tcell_receptors_score,515,0.3444349532898194,8.62810705253126e-16,1.5101963438149953e-15
KIRC,proteasome_antigen_processing,Proteasome,IL8_21978456,515,0.154981754051632,0.0004157169371836,0.0005144449814101
KIRC,proteasome_antigen_processing,Proteasome,IFN_21978456,515,0.2136982411726398,9.858016214864406e-07,1.345399102078835e-06
KIRC,proteasome_antigen_processing,Proteasome,MHC1_21978456,515,0.3456453534389468,6.742445137513187e-16,1.1824275160564713e-15
KIRC,proteasome_antigen_processing,Proteasome,MHC2_21978456,515,0.3049139368487876,1.528505242067022e-12,2.4681117592296226e-12
KIRC,proteasome_antigen_processing,Proteasome,Bcell_21978456,515,-0.0739758614604363,0.0935427654940988,0.1026366769439083
KIRC,proteasome_antigen_processing,Proteasome,Tcell_21978456,515,0.3267221921176084,2.8223164430891484e-14,4.768137096399058e-14
KIRC,proteasome_antigen_processing,Proteasome,CD103pos_mean_25446897,515,0.009327057487116,0.8327664113724603,0.8428370749518482
KIRC,proteasome_antigen_processing,Proteasome,CD103neg_mean_25446897,515,0.0985169572725198,0.0253705074535636,0.0288132694253416
KIRC,proteasome_antigen_processing,Proteasome,IgG_19272155,515,0.1832098641351978,2.876262402281631e-05,3.7245578358514814e-05
KIRC,proteasome_antigen_processing,Proteasome,Interferon_19272155,515,0.1570182457279407,0.0003477416523809,0.0004320956119124
KIRC,proteasome_antigen_processing,Proteasome,LCK_19272155,515,0.2819883121751048,7.197255158222709e-11,1.1116714384080504e-10
KIRC,proteasome_antigen_processing,Proteasome,MHC.I_19272155,515,0.3957643940628503,9.30104614989948e-21,1.7759807320271386e-20
KIRC,proteasome_antigen_processing,Proteasome,MHC.II_19272155,515,0.2426721409630617,2.4427007267595052e-08,3.5070709827320426e-08
KIRC,proteasome_antigen_processing,Proteasome,STAT1_19272155,515,0.2567625236552212,3.377505080628534e-09,4.971219599193513e-09
KIRC,proteasome_antigen_processing,Proteasome,Troester_WoundSig_19887484,515,0.0784497099073637,0.0752851266723464,0.0831913648380184
KIRC,proteasome_antigen_processing,Proteasome,MDACC.FNA.1_20805453,515,0.3052593480389334,1.4384887760175656e-12,2.3269042347712028e-12
KIRC,proteasome_antigen_processing,Proteasome,IGG_Cluster_21214954,515,0.3176155386385491,1.555343161450585e-13,2.577236307734141e-13
KIRC,proteasome_antigen_processing,Proteasome,Minterferon_Cluster_21214954,515,0.2538359068648899,5.144955656719011e-09,7.523806121653608e-09
KIRC,proteasome_antigen_processing,Proteasome,Immune_cell_Cluster_21214954,515,0.3011140209068235,2.9646188788793827e-12,4.7545774472593865e-12
KIRC,proteasome_antigen_processing,Proteasome,MCD3_CD8_21214954,515,-0.1771334462285789,5.298904534905044e-05,6.795389125385063e-05
KIRC,proteasome_antigen_processing,Proteasome,Interferon_Cluster_21214954,515,0.3569059479697831,6.455593695325969e-17,1.149163275607764e-16
KIRC,proteasome_antigen_processing,Proteasome,B_cell_PCA_16704732,515,0.2217989565807172,3.682943848193413e-07,5.101913555938928e-07
KIRC,proteasome_antigen_processing,Proteasome,CD8_PCA_16704732,515,0.4239062710849536,7.081152666161974e-24,1.4136319450980233e-23
KIRC,proteasome_antigen_processing,Proteasome,GRANS_PCA_16704732,515,0.3592564726620145,3.9089961380906566e-17,6.988149520608995e-17
KIRC,proteasome_antigen_processing,Proteasome,LYMPHS_PCA_16704732,515,-0.2087436506032856,1.7671701120013792e-06,2.3907996541376533e-06
KIRC,proteasome_antigen_processing,Proteasome,T_cell_PCA_16704732,515,0.2785771254290572,1.2399090178284492e-10,1.9021728869111008e-10
KIRC,proteasome_antigen_processing,Proteasome,TGFB_PCA_17349583,515,0.0633931657494466,0.1508403886544289,0.1632328852755308
KIRC,proteasome_antigen_processing,Proteasome,Rotterdam_ERneg_PCA_15721472,515,0.0295723036157508,0.5031012626037674,0.5204165941366219
KIRC,proteasome_antigen_processing,Proteasome,HER2_Immune_PCA_18006808,515,0.2883821839676899,2.5446626407260088e-11,3.9801508814115837e-11
KIRC,proteasome_antigen_processing,Proteasome,IR7_score,515,0.408804055936107,3.6336375097277496e-22,7.062160790610562e-22
KIRC,proteasome_antigen_processing,Proteasome,Buck14_score,515,-0.0121484899781588,0.7832906130692194,0.7955752306005516
KIRC,proteasome_antigen_processing,Proteasome,TAMsurr_score,515,0.2739989065698855,2.5430885090467975e-10,3.856816696184717e-10
KIRC,proteasome_antigen_processing,Proteasome,Immune_NSCLC_score,515,0.1411811749091708,0.0013170940928168,0.0015943462093733
KIRC,proteasome_antigen_processing,Proteasome,Module3_IFN_score,515,0.1538094072461719,0.0004602658720956,0.0005682810586019
KIRC,proteasome_antigen_processing,Proteasome,Module4_TcellBcell_score,515,0.2853311484058425,4.193020261933236e-11,6.51342953310017e-11
KIRC,proteasome_antigen_processing,Proteasome,Module5_TcellBcell_score,515,0.3322135689751737,9.80474666081545e-15,1.6715080487256674e-14
KIRC,proteasome_antigen_processing,Proteasome,Module11_Prolif_score,515,0.2864172867764876,3.5124838998589953e-11,5.4750465373160266e-11
KIRC,proteasome_antigen_processing,Proteasome,GP11_Immune_IFN,515,0.4569245704109719,6.265032547271708e-28,1.3375893664504746e-27
KIRC,proteasome_antigen_processing,Proteasome,GP2_ImmuneTcellBcell_score,515,0.1296936673838649,0.0031929093803427,0.0037957663962116
KIRC,proteasome_antigen_processing,Proteasome,CD8_CD68_ratio,515,0.1596686096590942,0.0002747438879248,0.000342642537898
KIRC,proteasome_antigen_processing,Proteasome,TAMsurr_TcClassII_ratio,515,-0.0859430768379609,0.0512682815896856,0.0573513164400349
KIRC,proteasome_antigen_processing,Proteasome,CHANG_CORE_SERUM_RESPONSE_UP,515,0.7553237323253833,3.3062900947409445e-96,1.8186267052973448e-95
KIRC,proteasome_antigen_processing,Proteasome,CSR_Activated_15701700,515,0.7216839015764847,5.416056831066567e-84,2.5799780351140214e-83
KIRC,proteasome_antigen_processing,Proteasome,CD103pos_CD103neg_ratio_25446897,515,-0.0679870968903891,0.123339411680421,0.1343276075158139
LUAD,proteasome_antigen_processing,Proteasome,ICS5_score,510,0.1721064556905424,9.369691291304056e-05,0.0001188692178747
LUAD,proteasome_antigen_processing,Proteasome,LIexpression_score,510,0.1190677982871912,0.0071043315802965,0.0082899107243271
LUAD,proteasome_antigen_processing,Proteasome,Chemokine12_score,510,0.3113163301228373,6.349105203432995e-13,1.0362775969599605e-12
LUAD,proteasome_antigen_processing,Proteasome,NHI_5gene_score,510,0.3809239065414652,4.668489214093388e-19,8.644173357613354e-19
LUAD,proteasome_antigen_processing,Proteasome,CD68,510,0.1055476297019828,0.0171062576620803,0.0195582264988897
LUAD,proteasome_antigen_processing,Proteasome,CD8A,510,0.2428242041832377,2.7981335052838496e-08,4.002589079343713e-08
LUAD,proteasome_antigen_processing,Proteasome,PD1_data,510,0.229050557795525,1.698021523469898e-07,2.37156279529557e-07
LUAD,proteasome_antigen_processing,Proteasome,PDL1_data,510,0.1302906636152896,0.0032011435537836,0.0038038927331986
LUAD,proteasome_antigen_processing,Proteasome,PD1_PDL1_score,510,0.207048500492223,2.410787479066506e-06,3.242196263565338e-06
LUAD,proteasome_antigen_processing,Proteasome,CTLA4_data,510,0.1974754291256461,7.022701438780708e-06,9.290733420955022e-06
LUAD,proteasome_antigen_processing,Proteasome,Bcell_mg_IGJ,510,0.1862337622862852,2.3109341142635084e-05,3.0032206358321757e-05
LUAD,proteasome_antigen_processing,Proteasome,Bcell_receptors_score,510,-0.0159536107794627,0.7192793536020939,0.7330235450721976
LUAD,proteasome_antigen_processing,Proteasome,STAT1_score,510,0.2437536390276793,2.4676264354049012e-08,3.5419229046445025e-08
LUAD,proteasome_antigen_processing,Proteasome,CSF1_response,510,0.0239290393096806,0.5897868037987029,0.6055946041270184
LUAD,proteasome_antigen_processing,Proteasome,TcClassII_score,510,0.1137799895451568,0.010124006523235,0.0117105242369548
LUAD,proteasome_antigen_processing,Proteasome,IL12_score_21050467,510,0.1512530162727215,0.0006099986607113,0.0007489037946895
LUAD,proteasome_antigen_processing,Proteasome,IL4_score_21050467,510,-0.0620800862658162,0.1615504050961685,0.1744757204135709
LUAD,proteasome_antigen_processing,Proteasome,IL2_score_21050467,510,-0.0134497714002951,0.7618845188877633,0.7744117680772482
LUAD,proteasome_antigen_processing,Proteasome,IL13_score_21050467,510,-0.2099559088570396,1.7248010392993714e-06,2.3340591178578555e-06
LUAD,proteasome_antigen_processing,Proteasome,IFNG_score_21050467,510,0.509071300753249,5.63083203893265e-35,1.3458579214320571e-34
LUAD,proteasome_antigen_processing,Proteasome,TGFB_score_21050467,510,-0.13239612443436,0.0027373762750828,0.0032677917350122
LUAD,proteasome_antigen_processing,Proteasome,TREM1_data,510,-0.0017808163010258,0.9679991750475522,0.9701391879621746
LUAD,proteasome_antigen_processing,Proteasome,DAP12_data,510,0.2226985723880628,3.757620677588226e-07,5.204036783625242e-07
LUAD,proteasome_antigen_processing,Proteasome,Tcell_receptors_score,510,0.1712815956949257,0.0001013422675069,0.0001284786612066
LUAD,proteasome_antigen_processing,Proteasome,IL8_21978456,510,0.1088553327247937,0.0139099611896223,0.0159742851744871
LUAD,proteasome_antigen_processing,Proteasome,IFN_21978456,510,0.2792211525287865,1.377864233829066e-10,2.1090549893162966e-10
LUAD,proteasome_antigen_processing,Proteasome,MHC1_21978456,510,0.2815497685473688,9.537288138468048e-11,1.4685210153769082e-10
LUAD,proteasome_antigen_processing,Proteasome,MHC2_21978456,510,0.0282166366456644,0.5249169627529466,0.5417469697165679
LUAD,proteasome_antigen_processing,Proteasome,Bcell_21978456,510,-0.2935821624698594,1.3483522793273926e-11,2.122406365607933e-11
LUAD,proteasome_antigen_processing,Proteasome,Tcell_21978456,510,0.1063379405087991,0.0162891668617331,0.0186396861017728
LUAD,proteasome_antigen_processing,Proteasome,CD103pos_mean_25446897,510,-0.1649483878591474,0.0001828683585586,0.0002293760365595
LUAD,proteasome_antigen_processing,Proteasome,CD103neg_mean_25446897,510,-0.040315068359626,0.3635730051457883,0.3821169142181392
LUAD,proteasome_antigen_processing,Proteasome,IgG_19272155,510,-0.0870881733939323,0.0493404511724912,0.0552515550387715
LUAD,proteasome_antigen_processing,Proteasome,Interferon_19272155,510,0.2645345794592052,1.296770106618852e-09,1.9321910106838007e-09
LUAD,proteasome_antigen_processing,Proteasome,LCK_19272155,510,0.0703092108107997,0.1127682335276083,0.1232093172103212
LUAD,proteasome_antigen_processing,Proteasome,MHC.I_19272155,510,0.325454913969173,4.773968230480263e-14,8.010606777857073e-14
LUAD,proteasome_antigen_processing,Proteasome,MHC.II_19272155,510,0.0520435876654282,0.2407072098673564,0.2564024322847893
LUAD,proteasome_antigen_processing,Proteasome,STAT1_19272155,510,0.4239789882711627,1.1452273232273393e-23,2.278725910152423e-23
LUAD,proteasome_antigen_processing,Proteasome,Troester_WoundSig_19887484,510,-0.2048715491015281,3.0881457015722493e-06,4.137810989298778e-06
LUAD,proteasome_antigen_processing,Proteasome,MDACC.FNA.1_20805453,510,0.0512772242529228,0.2477131221390314,0.2636070783326156
LUAD,proteasome_antigen_processing,Proteasome,IGG_Cluster_21214954,510,0.0590198919999258,0.1832724183591047,0.1969970274399387
LUAD,proteasome_antigen_processing,Proteasome,Minterferon_Cluster_21214954,510,0.3156998102599979,2.8881682445344163e-13,4.749587439621288e-13
LUAD,proteasome_antigen_processing,Proteasome,Immune_cell_Cluster_21214954,510,0.1737133654182522,8.033636066999292e-05,0.0001022052857915
LUAD,proteasome_antigen_processing,Proteasome,MCD3_CD8_21214954,510,-0.352335639099568,2.368018782742386e-16,4.1851923905518463e-16
LUAD,proteasome_antigen_processing,Proteasome,Interferon_Cluster_21214954,510,0.310977896850619,6.743565201912817e-13,1.0996701048682773e-12
LUAD,proteasome_antigen_processing,Proteasome,B_cell_PCA_16704732,510,-0.0043448166089533,0.9220279987674364,0.927655319640254
LUAD,proteasome_antigen_processing,Proteasome,CD8_PCA_16704732,510,0.2684976589793608,7.175930093931313e-10,1.077478876924823e-09
LUAD,proteasome_antigen_processing,Proteasome,GRANS_PCA_16704732,510,0.3069480416490481,1.3741095975052528e-12,2.2247488721513616e-12
LUAD,proteasome_antigen_processing,Proteasome,LYMPHS_PCA_16704732,510,0.2155774560188915,8.906427140328551e-07,1.2167494636712032e-06
LUAD,proteasome_antigen_processing,Proteasome,T_cell_PCA_16704732,510,0.0842622218066944,0.0572205065040352,0.0637476050341903
LUAD,proteasome_antigen_processing,Proteasome,TGFB_PCA_17349583,510,-0.0044486234470391,0.9201712207069862,0.9259584610887912
LUAD,proteasome_antigen_processing,Proteasome,Rotterdam_ERneg_PCA_15721472,510,-0.0333259145880259,0.4526725038716522,0.471299219341969
LUAD,proteasome_antigen_processing,Proteasome,HER2_Immune_PCA_18006808,510,0.0826918278888604,0.0620331018436108,0.0688413043715306
LUAD,proteasome_antigen_processing,Proteasome,IR7_score,510,0.1363262277262968,0.0020318131424692,0.0024399698664531
LUAD,proteasome_antigen_processing,Proteasome,Buck14_score,510,-0.197558946914731,6.959027068830726e-06,9.2087344330915e-06
LUAD,proteasome_antigen_processing,Proteasome,TAMsurr_score,510,0.2954880636499813,9.806119574169118e-12,1.548484484280987e-11
LUAD,proteasome_antigen_processing,Proteasome,Immune_NSCLC_score,510,0.2217707599543995,4.2116998621277066e-07,5.819570040633661e-07
LUAD,proteasome_antigen_processing,Proteasome,Module3_IFN_score,510,0.2908543589652689,2.1182063508183098e-11,3.3178930459117776e-11
LUAD,proteasome_antigen_processing,Proteasome,Module4_TcellBcell_score,510,0.0679762963532551,0.1252443568477147,0.1362931188740884
LUAD,proteasome_antigen_processing,Proteasome,Module5_TcellBcell_score,510,0.2410142908958987,3.5688864851834975e-08,5.083724137051119e-08
LUAD,proteasome_antigen_processing,Proteasome,Module11_Prolif_score,510,0.4935382402513102,1.1446474553331063e-32,2.6284855031709987e-32
LUAD,proteasome_antigen_processing,Proteasome,GP11_Immune_IFN,510,0.3676656534392111,9.066483819145156e-18,1.6424133192191026e-17
LUAD,proteasome_antigen_processing,Proteasome,GP2_ImmuneTcellBcell_score,510,-0.0622978860747615,0.160081654131016,0.1729581327651891
LUAD,proteasome_antigen_processing,Proteasome,CD8_CD68_ratio,510,0.1583387283383938,0.0003310743270292,0.0004116672774947
LUAD,proteasome_antigen_processing,Proteasome,TAMsurr_TcClassII_ratio,510,0.2112157676098963,1.4896496601541272e-06,2.019863945971698e-06
LUAD,proteasome_antigen_processing,Proteasome,CHANG_CORE_SERUM_RESPONSE_UP,510,0.7263501391883284,9.230274935421588e-85,4.443601384840127e-84
LUAD,proteasome_antigen_processing,Proteasome,CSR_Activated_15701700,510,0.6418689360597689,1.454731363783159e-60,5.102345982579229e-60
LUAD,proteasome_antigen_processing,Proteasome,CD103pos_CD103neg_ratio_25446897,510,-0.1232160918303918,0.0053295708964161,0.0062646641479048
LUSC,proteasome_antigen_processing,Proteasome,ICS5_score,486,0.2457774078757238,4.0484861807690577e-08,5.7593527257802495e-08
LUSC,proteasome_antigen_processing,Proteasome,LIexpression_score,486,0.1938908857542202,1.6750680416380066e-05,2.188895062817861e-05
LUSC,proteasome_antigen_processing,Proteasome,Chemokine12_score,486,0.3261763274633587,1.6456478452069081e-13,2.722726361899507e-13
LUSC,proteasome_antigen_processing,Proteasome,NHI_5gene_score,486,0.3734175059919629,1.58019246815216e-17,2.8492698133071763e-17
LUSC,proteasome_antigen_processing,Proteasome,CD68,486,0.1695564418653474,0.0001729664711101,0.0002172564310411
LUSC,proteasome_antigen_processing,Proteasome,CD8A,486,0.3079828714274143,3.8778805236588106e-12,6.2009612136107975e-12
LUSC,proteasome_antigen_processing,Proteasome,PD1_data,486,0.1837384537546928,4.603383591228267e-05,5.9159949766788966e-05
LUSC,proteasome_antigen_processing,Proteasome,PDL1_data,486,0.1649831936696061,0.0002593786386739,0.0003237769147284
LUSC,proteasome_antigen_processing,Proteasome,PD1_PDL1_score,486,0.2145377630151596,1.814286853305583e-06,2.452713837470768e-06
LUSC,proteasome_antigen_processing,Proteasome,CTLA4_data,486,0.1836387275285751,4.6480973612771366e-05,5.972047625259241e-05
LUSC,proteasome_antigen_processing,Proteasome,Bcell_mg_IGJ,486,0.2116594200898718,2.5072172760804663e-06,3.3710484384275176e-06
LUSC,proteasome_antigen_processing,Proteasome,Bcell_receptors_score,486,0.0821242442390075,0.0704732467234993,0.0780485468599015
LUSC,proteasome_antigen_processing,Proteasome,STAT1_score,486,0.3039750480273834,7.558759315783705e-12,1.2002233122552059e-11
LUSC,proteasome_antigen_processing,Proteasome,CSF1_response,486,0.1389160027172596,0.0021443962104802,0.002570629216618
LUSC,proteasome_antigen_processing,Proteasome,TcClassII_score,486,0.2277519533977817,3.879038020643934e-07,5.368091282702366e-07
LUSC,proteasome_antigen_processing,Proteasome,IL12_score_21050467,486,0.2026760483283556,6.687726405116901e-06,8.854035445080541e-06
LUSC,proteasome_antigen_processing,Proteasome,IL4_score_21050467,486,-0.1398761239509156,0.0019955483367369,0.0023974785671044
LUSC,proteasome_antigen_processing,Proteasome,IL2_score_21050467,486,0.0079820048155475,0.8606740260997817,0.8691417675854488
LUSC,proteasome_antigen_processing,Proteasome,IL13_score_21050467,486,-0.0714429808797059,0.1157316938693876,0.1263456581676638
LUSC,proteasome_antigen_processing,Proteasome,IFNG_score_21050467,486,0.4220717153006651,2.0435057467824572e-22,3.988758974702752e-22
LUSC,proteasome_antigen_processing,Proteasome,TGFB_score_21050467,486,-0.2555597443365561,1.0997814248696171e-08,1.5932918645248247e-08
LUSC,proteasome_antigen_processing,Proteasome,TREM1_data,486,0.1502970084641968,0.0008882367007726,0.0010829241712692
LUSC,proteasome_antigen_processing,Proteasome,DAP12_data,486,0.2695695189068587,1.5446964091545776e-09,2.296569681825882e-09
LUSC,proteasome_antigen_processing,Proteasome,Tcell_receptors_score,486,0.261629849895144,4.765046779240734e-09,6.977618971485758e-09
LUSC,proteasome_antigen_processing,Proteasome,IL8_21978456,486,0.1321713893129157,0.0035106007732452,0.0041643410829598
LUSC,proteasome_antigen_processing,Proteasome,IFN_21978456,486,0.330715509070747,7.23219179821846e-14,1.210930236451475e-13
LUSC,proteasome_antigen_processing,Proteasome,MHC1_21978456,486,0.2899241296874938,7.24505509515805e-11,1.1184194017497104e-10
LUSC,proteasome_antigen_processing,Proteasome,MHC2_21978456,486,0.2007300517661858,8.224820033575094e-06,1.0849423128673256e-05
LUSC,proteasome_antigen_processing,Proteasome,Bcell_21978456,486,-0.3651689637919022,8.903401348706722e-17,1.5807605527729951e-16
LUSC,proteasome_antigen_processing,Proteasome,Tcell_21978456,486,0.2001750175741511,8.72154885205589e-06,1.14879481247419e-05
LUSC,proteasome_antigen_processing,Proteasome,CD103pos_mean_25446897,486,-0.0285323515050856,0.5303214758391472,0.5472209462376633
LUSC,proteasome_antigen_processing,Proteasome,CD103neg_mean_25446897,486,0.0690023687012082,0.1287425529760749,0.1399040128225823
LUSC,proteasome_antigen_processing,Proteasome,IgG_19272155,486,-0.0909004831513311,0.0451852146419287,0.0506715249746634
LUSC,proteasome_antigen_processing,Proteasome,Interferon_19272155,486,0.3206201237745963,4.4192318097094874e-13,7.245515685599641e-13
LUSC,proteasome_antigen_processing,Proteasome,LCK_19272155,486,0.1767739699044422,8.93178584157634e-05,0.000113393033788
LUSC,proteasome_antigen_processing,Proteasome,MHC.I_19272155,486,0.3233520245593308,2.725912722357157e-13,4.4854704203336163e-13
LUSC,proteasome_antigen_processing,Proteasome,MHC.II_19272155,486,0.215340913664448,1.6563807445450087e-06,2.242586174794636e-06
LUSC,proteasome_antigen_processing,Proteasome,STAT1_19272155,486,0.436589114434329,4.894333518348602e-24,9.813923457359528e-24
LUSC,proteasome_antigen_processing,Proteasome,Troester_WoundSig_19887484,486,-0.2074274554847687,4.001682853059451e-06,5.344747046561113e-06
LUSC,proteasome_antigen_processing,Proteasome,MDACC.FNA.1_20805453,486,0.1226420037707448,0.0067903166867838,0.0079337033453831
LUSC,proteasome_antigen_processing,Proteasome,IGG_Cluster_21214954,486,0.1275095890779717,0.0048737450524006,0.0057375401612333
LUSC,proteasome_antigen_processing,Proteasome,Minterferon_Cluster_21214954,486,0.3441244471048289,5.879020001289735e-15,1.0085735984552556e-14
LUSC,proteasome_antigen_processing,Proteasome,Immune_cell_Cluster_21214954,486,0.2528341439648857,1.590000952613734e-08,2.293108478849076e-08
LUSC,proteasome_antigen_processing,Proteasome,MCD3_CD8_21214954,486,-0.2071080844330702,4.143788884741026e-06,5.529117373802105e-06
LUSC,proteasome_antigen_processing,Proteasome,Interferon_Cluster_21214954,486,0.3512578773981109,1.4710764304910358e-15,2.5657761403883408e-15
LUSC,proteasome_antigen_processing,Proteasome,B_cell_PCA_16704732,486,0.0982370001014283,0.0303618257619585,0.0343099983683121
LUSC,proteasome_antigen_processing,Proteasome,CD8_PCA_16704732,486,0.2828659751266408,2.1534409209759166e-10,3.27409687258496e-10
LUSC,proteasome_antigen_processing,Proteasome,GRANS_PCA_16704732,486,0.3345067644362763,3.601255165190527e-14,6.063394645198535e-14
LUSC,proteasome_antigen_processing,Proteasome,LYMPHS_PCA_16704732,486,-0.0078094620673658,0.8636560394638325,0.8719912499412118
LUSC,proteasome_antigen_processing,Proteasome,T_cell_PCA_16704732,486,0.1715804114235296,0.0001440875671195,0.0001815696931041
LUSC,proteasome_antigen_processing,Proteasome,TGFB_PCA_17349583,486,-0.1120051988861188,0.0134878911518775,0.0155026680469499
LUSC,proteasome_antigen_processing,Proteasome,Rotterdam_ERneg_PCA_15721472,486,0.1611288939053295,0.0003620090151751,0.0004493107557729
LUSC,proteasome_antigen_processing,Proteasome,HER2_Immune_PCA_18006808,486,0.1685572717331163,0.0001891460972289,0.0002371409930688
LUSC,proteasome_antigen_processing,Proteasome,IR7_score,486,0.2183869589188569,1.1689677361117512e-06,1.5913875086206023e-06
LUSC,proteasome_antigen_processing,Proteasome,Buck14_score,486,-0.0549290517193445,0.2267674337428569,0.2418378434740525
LUSC,proteasome_antigen_processing,Proteasome,TAMsurr_score,486,0.3683299119779362,4.617126262913019e-17,8.232437518927178e-17
LUSC,proteasome_antigen_processing,Proteasome,Immune_NSCLC_score,486,0.2589546779422985,6.907103456794901e-09,1.0057452570921912e-08
LUSC,proteasome_antigen_processing,Proteasome,Module3_IFN_score,486,0.3348767676923974,3.3626064925363036e-14,5.6686022061969296e-14
LUSC,proteasome_antigen_processing,Proteasome,Module4_TcellBcell_score,486,0.1624447327022625,0.0003233340293618,0.0004021346867234
LUSC,proteasome_antigen_processing,Proteasome,Module5_TcellBcell_score,486,0.2839960984311462,1.8124695929352962e-10,2.7641812687322715e-10
LUSC,proteasome_antigen_processing,Proteasome,Module11_Prolif_score,486,0.2574277225870692,8.521455044898854e-09,1.2374990775293585e-08
LUSC,proteasome_antigen_processing,Proteasome,GP11_Immune_IFN,486,0.3652764810951324,8.707777669534835e-17,1.5465331544978618e-16
LUSC,proteasome_antigen_processing,Proteasome,GP2_ImmuneTcellBcell_score,486,0.0926291551496918,0.0412330126960447,0.0463062735479941
LUSC,proteasome_antigen_processing,Proteasome,CD8_CD68_ratio,486,0.1280661462310413,0.0046890705827349,0.0055273118028337
LUSC,proteasome_antigen_processing,Proteasome,TAMsurr_TcClassII_ratio,486,0.0897431424413751,0.0480053662127047,0.0538119085508167
LUSC,proteasome_antigen_processing,Proteasome,CHANG_CORE_SERUM_RESPONSE_UP,486,0.592140554856463,2.5602093027213287e-47,7.326427462811168e-47
LUSC,proteasome_antigen_processing,Proteasome,CSR_Activated_15701700,486,0.5172423507933843,1.3211222876930172e-34,3.1288224836961313e-34
LUSC,proteasome_antigen_processing,Proteasome,CD103pos_CD103neg_ratio_25446897,486,-0.138484298400984,0.0022145744312934,0.0026524185174452
OV,proteasome_antigen_processing,Proteasome,ICS5_score,269,0.3968926732177817,1.3909283039764268e-11,2.188157887111556e-11
OV,proteasome_antigen_processing,Proteasome,LIexpression_score,269,0.3478259261314247,4.56591597796042e-09,6.689626426098757e-09
OV,proteasome_antigen_processing,Proteasome,Chemokine12_score,269,0.4005327144532519,8.697740154175285e-12,1.3778598264040056e-11
OV,proteasome_antigen_processing,Proteasome,NHI_5gene_score,269,0.3389392952301339,1.1784039810597908e-08,1.7044715918546294e-08
OV,proteasome_antigen_processing,Proteasome,CD68,269,0.3066726919032961,2.8891520688396146e-07,4.0125063197568315e-07
OV,proteasome_antigen_processing,Proteasome,CD8A,269,0.3532665780248972,2.517745364865835e-09,3.7228961089617133e-09
OV,proteasome_antigen_processing,Proteasome,PD1_data,269,0.3121447044368786,1.7238162345269766e-07,2.4069713336310964e-07
OV,proteasome_antigen_processing,Proteasome,PDL1_data,269,0.1721803106779668,0.0046258310069481,0.0054563141105373
OV,proteasome_antigen_processing,Proteasome,PD1_PDL1_score,269,0.295361048142891,8.130918091301857e-07,1.112200010477297e-06
OV,proteasome_antigen_processing,Proteasome,CTLA4_data,269,0.3719916149429957,2.9717930405914286e-10,4.5032184236260095e-10
OV,proteasome_antigen_processing,Proteasome,Bcell_mg_IGJ,269,0.2786032661968965,3.4780809629077084e-06,4.652264676227669e-06
OV,proteasome_antigen_processing,Proteasome,Bcell_receptors_score,269,0.2397567551072573,7.124808196784704e-05,9.096211356608494e-05
OV,proteasome_antigen_processing,Proteasome,STAT1_score,269,0.4412221547843875,3.0492187325296534e-14,5.1450837174197614e-14
OV,proteasome_antigen_processing,Proteasome,CSF1_response,269,0.2917847064791165,1.1175618146872576e-06,1.521786300850734e-06
OV,proteasome_antigen_processing,Proteasome,TcClassII_score,269,0.4226365728107612,4.433025391608814e-13,7.265940985342557e-13
OV,proteasome_antigen_processing,Proteasome,IL12_score_21050467,269,0.335423871966068,1.7007510480620978e-08,2.4508836295252483e-08
OV,proteasome_antigen_processing,Proteasome,IL4_score_21050467,269,-0.0229734299300996,0.7075956685837455,0.7216573747835725
OV,proteasome_antigen_processing,Proteasome,IL2_score_21050467,269,0.1014056269775094,0.0969724447032779,0.1062711722775648
OV,proteasome_antigen_processing,Proteasome,IL13_score_21050467,269,0.0499263517880069,0.4147583831488972,0.4336508945473766
OV,proteasome_antigen_processing,Proteasome,IFNG_score_21050467,269,0.5001435666202826,1.9681036770208722e-18,3.604876768684695e-18
OV,proteasome_antigen_processing,Proteasome,TGFB_score_21050467,269,-0.1603683073333816,0.0084121512619455,0.0097698767858633
OV,proteasome_antigen_processing,Proteasome,TREM1_data,269,0.2883882079598283,1.505654344867845e-06,2.041056475474976e-06
OV,proteasome_antigen_processing,Proteasome,DAP12_data,269,0.4823431860028526,4.425961382982045e-17,7.899353649416772e-17
OV,proteasome_antigen_processing,Proteasome,Tcell_receptors_score,269,0.3788338357777407,1.3144893694028702e-10,2.0143161040990458e-10
OV,proteasome_antigen_processing,Proteasome,IL8_21978456,269,0.1674946727005303,0.0058906898740774,0.0069033504771609
OV,proteasome_antigen_processing,Proteasome,IFN_21978456,269,0.3497265839328758,3.7134348554375677e-09,5.4582776583573e-09
OV,proteasome_antigen_processing,Proteasome,MHC1_21978456,269,0.4008720956666677,8.322790027889425e-12,1.3199993513620543e-11
OV,proteasome_antigen_processing,Proteasome,MHC2_21978456,269,0.4095425627570406,2.6541240040177805e-12,4.261639486970698e-12
OV,proteasome_antigen_processing,Proteasome,Bcell_21978456,269,-0.3375477091889153,1.3633584083043626e-08,1.9693759270248893e-08
OV,proteasome_antigen_processing,Proteasome,Tcell_21978456,269,0.3660655828663374,5.932178017484499e-10,8.929454459080153e-10
OV,proteasome_antigen_processing,Proteasome,CD103pos_mean_25446897,269,0.1497173826399001,0.0139720095657249,0.0160387702126067
OV,proteasome_antigen_processing,Proteasome,CD103neg_mean_25446897,269,0.1838238127281316,0.002472157786163,0.002955073249116
OV,proteasome_antigen_processing,Proteasome,IgG_19272155,269,0.11662849782771,0.0560731819741456,0.0625590873542559
OV,proteasome_antigen_processing,Proteasome,Interferon_19272155,269,0.3506742466953648,3.348126819384423e-09,4.929312556820368e-09
OV,proteasome_antigen_processing,Proteasome,LCK_19272155,269,0.3289787630895689,3.2933797798022754e-08,4.697426849010062e-08
OV,proteasome_antigen_processing,Proteasome,MHC.I_19272155,269,0.43138249757756,1.2838207151763282e-13,2.1344696487039202e-13
OV,proteasome_antigen_processing,Proteasome,MHC.II_19272155,269,0.4143000015874829,1.3977482415730656e-12,2.2623476447954408e-12
OV,proteasome_antigen_processing,Proteasome,STAT1_19272155,269,0.5045053542695445,8.924227378940314e-19,1.6445730671217924e-18
OV,proteasome_antigen_processing,Proteasome,Troester_WoundSig_19887484,269,-0.1168640174986613,0.0555753120573182,0.0620418012706363
OV,proteasome_antigen_processing,Proteasome,MDACC.FNA.1_20805453,269,0.3502707498045103,3.499203310444349e-09,5.147557060253451e-09
OV,proteasome_antigen_processing,Proteasome,IGG_Cluster_21214954,269,0.2597105117875775,1.6033744833877288e-05,2.0972246188096285e-05
OV,proteasome_antigen_processing,Proteasome,Minterferon_Cluster_21214954,269,0.4042931582607031,5.322802490864298e-12,8.481623874714783e-12
OV,proteasome_antigen_processing,Proteasome,Immune_cell_Cluster_21214954,269,0.4029525245373463,6.345695035672661e-12,1.009373713276587e-11
OV,proteasome_antigen_processing,Proteasome,MCD3_CD8_21214954,269,-0.0805316787394632,0.1879034439702197,0.2017755103035916
OV,proteasome_antigen_processing,Proteasome,Interferon_Cluster_21214954,269,0.4091248864490896,2.806477942260188e-12,4.502282514271726e-12
OV,proteasome_antigen_processing,Proteasome,B_cell_PCA_16704732,269,0.2863588325964438,1.795858969078365e-06,2.429008650369544e-06
OV,proteasome_antigen_processing,Proteasome,CD8_PCA_16704732,269,0.3825439689014652,8.378844911248901e-11,1.2930756402040854e-10
OV,proteasome_antigen_processing,Proteasome,GRANS_PCA_16704732,269,0.3794442096620846,1.2211006319321706e-10,1.873846949989001e-10
OV,proteasome_antigen_processing,Proteasome,LYMPHS_PCA_16704732,269,0.147385747840722,0.0155514514953927,0.0178180067680995
OV,proteasome_antigen_processing,Proteasome,T_cell_PCA_16704732,269,0.3306286091053494,2.7848627854869845e-08,3.985702066048197e-08
OV,proteasome_antigen_processing,Proteasome,TGFB_PCA_17349583,269,-0.0026120952277323,0.9659868232027302,0.96830077726605
OV,proteasome_antigen_processing,Proteasome,Rotterdam_ERneg_PCA_15721472,269,0.237143770879079,8.583195754329684e-05,0.0001090184097678
OV,proteasome_antigen_processing,Proteasome,HER2_Immune_PCA_18006808,269,0.3371285878934447,1.4243555261153313e-08,2.055848782718865e-08
OV,proteasome_antigen_processing,Proteasome,IR7_score,269,0.3818009003006907,9.173839553911633e-11,1.4137588434356738e-10
OV,proteasome_antigen_processing,Proteasome,Buck14_score,269,-0.1310058326742206,0.0317205166084404,0.0358081781178493
OV,proteasome_antigen_processing,Proteasome,TAMsurr_score,269,0.450913955624603,7.066873178768492e-15,1.2089242167453015e-14
OV,proteasome_antigen_processing,Proteasome,Immune_NSCLC_score,269,0.4262131306088014,2.682162334506023e-13,4.4148148561914563e-13
OV,proteasome_antigen_processing,Proteasome,Module3_IFN_score,269,0.3562871381281922,1.8003378173022822e-09,2.672990645776314e-09
OV,proteasome_antigen_processing,Proteasome,Module4_TcellBcell_score,269,0.3167219407060082,1.1101433748090553e-07,1.5568909406963805e-07
OV,proteasome_antigen_processing,Proteasome,Module5_TcellBcell_score,269,0.414519782518605,1.3566153953366605e-12,2.197078818288608e-12
OV,proteasome_antigen_processing,Proteasome,Module11_Prolif_score,269,0.2547113032593111,2.3570936071848126e-05,3.061014376482545e-05
OV,proteasome_antigen_processing,Proteasome,GP11_Immune_IFN,269,0.3778465652898039,1.480421044079723e-10,2.2647611023041878e-10
OV,proteasome_antigen_processing,Proteasome,GP2_ImmuneTcellBcell_score,269,0.2679797240162111,8.330683392862541e-06,1.09864042805266e-05
OV,proteasome_antigen_processing,Proteasome,CD8_CD68_ratio,269,0.0355009339917512,0.5620967589199064,0.5783632246121224
OV,proteasome_antigen_processing,Proteasome,TAMsurr_TcClassII_ratio,269,-0.1183365195932087,0.0525449439327444,0.058731147522936
OV,proteasome_antigen_processing,Proteasome,CHANG_CORE_SERUM_RESPONSE_UP,269,0.5632925995516854,6.367240862354944e-24,1.273448172470989e-23
OV,proteasome_antigen_processing,Proteasome,CSR_Activated_15701700,269,0.5234892315692836,2.494360940413632e-20,4.7230503013749244e-20
OV,proteasome_antigen_processing,Proteasome,CD103pos_CD103neg_ratio_25446897,269,-0.1064331543079464,0.0814285036167056,0.0897974984137195
PAAD,proteasome_antigen_processing,Proteasome,ICS5_score,156,0.0397165205489907,0.622532782426137,0.6384951614627046
PAAD,proteasome_antigen_processing,Proteasome,LIexpression_score,156,-0.0981130345863225,0.2230271508010747,0.2380356484908469
PAAD,proteasome_antigen_processing,Proteasome,Chemokine12_score,156,8.218615163344976e-05,0.9991875549927832,0.9991875549927832
PAAD,proteasome_antigen_processing,Proteasome,NHI_5gene_score,156,0.1086724771363008,0.1768859596626081,0.1903956510812403
PAAD,proteasome_antigen_processing,Proteasome,CD68,156,-0.0445988427507791,0.5803766988205157,0.5964952279583611
PAAD,proteasome_antigen_processing,Proteasome,CD8A,156,-0.162491890025642,0.0426940933055167,0.0479372275711065
PAAD,proteasome_antigen_processing,Proteasome,PD1_data,156,0.0218790056063163,0.7863115215454545,0.7984944329302357
PAAD,proteasome_antigen_processing,Proteasome,PDL1_data,156,-0.2012544521068588,0.0117594125198114,0.0135560932629315
PAAD,proteasome_antigen_processing,Proteasome,PD1_PDL1_score,156,-0.111461983313163,0.1659656868058088,0.1790665085727092
PAAD,proteasome_antigen_processing,Proteasome,CTLA4_data,156,0.0006732958384488,0.9933442600361204,0.993526893656278
PAAD,proteasome_antigen_processing,Proteasome,Bcell_mg_IGJ,156,-0.0736056594693371,0.3611478359886185,0.3797147715071675
PAAD,proteasome_antigen_processing,Proteasome,Bcell_receptors_score,156,-0.129139732262806,0.1081162796749233,0.1181978620240319
PAAD,proteasome_antigen_processing,Proteasome,STAT1_score,156,0.0346984158594668,0.6671759126689748,0.682866785497502
PAAD,proteasome_antigen_processing,Proteasome,CSF1_response,156,-0.175804219788125,0.0281448599825303,0.0318709488561543
PAAD,proteasome_antigen_processing,Proteasome,TcClassII_score,156,-0.045414170789145,0.5734679174205352,0.5895059468570882
PAAD,proteasome_antigen_processing,Proteasome,IL12_score_21050467,156,-0.1367641864078649,0.0886700956003086,0.0975066343371091
PAAD,proteasome_antigen_processing,Proteasome,IL4_score_21050467,156,0.0161843498601254,0.8410662048349181,0.850288079223556
PAAD,proteasome_antigen_processing,Proteasome,IL2_score_21050467,156,-0.1848974447132572,0.0208463332351287,0.0237545146206746
PAAD,proteasome_antigen_processing,Proteasome,IL13_score_21050467,156,-0.1783916460808064,0.0258741915280109,0.0293730387964064
PAAD,proteasome_antigen_processing,Proteasome,IFNG_score_21050467,156,0.3920993757800024,4.1459153482344484e-07,5.730126904063871e-07
PAAD,proteasome_antigen_processing,Proteasome,TGFB_score_21050467,156,-0.2571575106744103,0.0011921849876183,0.0014457169711645
PAAD,proteasome_antigen_processing,Proteasome,TREM1_data,156,0.0590778052437882,0.4638101693995146,0.4820648302509284
PAAD,proteasome_antigen_processing,Proteasome,DAP12_data,156,0.0699406913942784,0.385615311237908,0.4044240009898244
PAAD,proteasome_antigen_processing,Proteasome,Tcell_receptors_score,156,-0.1244646046371955,0.1216016240195421,0.1325411409870384
PAAD,proteasome_antigen_processing,Proteasome,IL8_21978456,156,-0.1007855099492658,0.2106147525228855,0.2252298513317274
PAAD,proteasome_antigen_processing,Proteasome,IFN_21978456,156,0.2691248755353953,0.000680704865141,0.0008340167717043
PAAD,proteasome_antigen_processing,Proteasome,MHC1_21978456,156,0.3540187084279119,5.79212240872584e-06,7.687032423388282e-06
PAAD,proteasome_antigen_processing,Proteasome,MHC2_21978456,156,0.0060090720867379,0.9406520553267304,0.9446459628904216
PAAD,proteasome_antigen_processing,Proteasome,Bcell_21978456,156,-0.117456933169396,0.1442082785428814,0.1563046493869844
PAAD,proteasome_antigen_processing,Proteasome,Tcell_21978456,156,-0.1426498711890123,0.0756565687109156,0.0835848362687614
PAAD,proteasome_antigen_processing,Proteasome,CD103pos_mean_25446897,156,-0.2667604431730176,0.0007619684807098,0.0009308575196635
PAAD,proteasome_antigen_processing,Proteasome,CD103neg_mean_25446897,156,-0.1654754943022869,0.0389778789284797,0.0438279581171826
PAAD,proteasome_antigen_processing,Proteasome,IgG_19272155,156,-0.1038028540768062,0.197204614065491,0.2113878030573934
PAAD,proteasome_antigen_processing,Proteasome,Interferon_19272155,156,0.2530213312745422,0.001438368718798,0.0017388279622803
PAAD,proteasome_antigen_processing,Proteasome,LCK_19272155,156,-0.1676154952505887,0.0364832619370372,0.0410483857161287
PAAD,proteasome_antigen_processing,Proteasome,MHC.I_19272155,156,0.3856983339116549,6.613192032341863e-07,9.073332826214308e-07
PAAD,proteasome_antigen_processing,Proteasome,MHC.II_19272155,156,-0.1126740528836275,0.1613804004544275,0.1743267232867525
PAAD,proteasome_antigen_processing,Proteasome,STAT1_19272155,156,0.1771587118575507,0.026935834887817,0.0305463710214143
PAAD,proteasome_antigen_processing,Proteasome,Troester_WoundSig_19887484,156,-0.3351095565975637,1.9014365877633256e-05,2.4805311840365685e-05
PAAD,proteasome_antigen_processing,Proteasome,MDACC.FNA.1_20805453,156,-0.1252786626406348,0.1191641920245064,0.1299625510451714
PAAD,proteasome_antigen_processing,Proteasome,IGG_Cluster_21214954,156,-0.1073098259866289,0.1824092594632788,0.1961079785534064
PAAD,proteasome_antigen_processing,Proteasome,Minterferon_Cluster_21214954,156,0.2360530385588436,0.0030108229242822,0.0035847836962344
PAAD,proteasome_antigen_processing,Proteasome,Immune_cell_Cluster_21214954,156,-0.0764331210191082,0.3429463357372215,0.3612757680887849
PAAD,proteasome_antigen_processing,Proteasome,MCD3_CD8_21214954,156,-0.296429643912693,0.0001716623596634,0.0002156681839652
PAAD,proteasome_antigen_processing,Proteasome,Interferon_Cluster_21214954,156,0.3134105672424965,6.780512474892307e-05,8.662749615644469e-05
PAAD,proteasome_antigen_processing,Proteasome,B_cell_PCA_16704732,156,-0.1272020356877558,0.1135559482166809,0.1240201482229962
PAAD,proteasome_antigen_processing,Proteasome,CD8_PCA_16704732,156,-0.0676566952580941,0.4013583274852428,0.4201249377563442
PAAD,proteasome_antigen_processing,Proteasome,GRANS_PCA_16704732,156,0.2975265129364163,0.0001619413039087,0.0002036903337026
PAAD,proteasome_antigen_processing,Proteasome,LYMPHS_PCA_16704732,156,0.0025572537181331,0.9747246442040663,0.9765197172136504
PAAD,proteasome_antigen_processing,Proteasome,T_cell_PCA_16704732,156,-0.1650519195207914,0.0394882833050497,0.0443835250370806
PAAD,proteasome_antigen_processing,Proteasome,TGFB_PCA_17349583,156,-0.2034535596510566,0.0108529494845641,0.012545695961757
PAAD,proteasome_antigen_processing,Proteasome,Rotterdam_ERneg_PCA_15721472,156,0.2675777746344142,0.0007329196485528,0.0008963765485898
PAAD,proteasome_antigen_processing,Proteasome,HER2_Immune_PCA_18006808,156,-0.137927328475921,0.0859657625759084,0.0946475912594499
PAAD,proteasome_antigen_processing,Proteasome,IR7_score,156,0.0317175826486189,0.6942712208037894,0.7085995199198151
PAAD,proteasome_antigen_processing,Proteasome,Buck14_score,156,-0.0987562222473655,0.219993518478696,0.2349361485127809
PAAD,proteasome_antigen_processing,Proteasome,TAMsurr_score,156,0.1361588533126607,0.0901041327870499,0.0990235317902124
PAAD,proteasome_antigen_processing,Proteasome,Immune_NSCLC_score,156,0.1106053493787624,0.1692644031341848,0.182589401754901
PAAD,proteasome_antigen_processing,Proteasome,Module3_IFN_score,156,0.2477185440407137,0.0018216731058814,0.0021924561274325
PAAD,proteasome_antigen_processing,Proteasome,Module4_TcellBcell_score,156,-0.1525090483791942,0.0573476848861933,0.0638762092098468
PAAD,proteasome_antigen_processing,Proteasome,Module5_TcellBcell_score,156,-0.0318092519626323,0.6934319503519923,0.7078757383964793
PAAD,proteasome_antigen_processing,Proteasome,Module11_Prolif_score,156,0.4539985996727702,2.640153405449417e-09,3.900715514841073e-09
PAAD,proteasome_antigen_processing,Proteasome,GP11_Immune_IFN,156,0.3542591435195603,5.702384842387328e-06,7.569783685355555e-06
PAAD,proteasome_antigen_processing,Proteasome,GP2_ImmuneTcellBcell_score,156,-0.2244276662582438,0.0048538281818784,0.0057165675058278
PAAD,proteasome_antigen_processing,Proteasome,CD8_CD68_ratio,156,-0.1250177806578053,0.1199411548688016,0.1307574914802166
PAAD,proteasome_antigen_processing,Proteasome,TAMsurr_TcClassII_ratio,156,0.2411157744845038,0.0024279378844821,0.0029041297474896
PAAD,proteasome_antigen_processing,Proteasome,CHANG_CORE_SERUM_RESPONSE_UP,156,0.7190977139712376,4.027389524134552e-26,8.35264926088142e-26
PAAD,proteasome_antigen_processing,Proteasome,CSR_Activated_15701700,156,0.7036094002148792,1.2776175353307327e-24,2.5818125528228776e-24
PAAD,proteasome_antigen_processing,Proteasome,CD103pos_CD103neg_ratio_25446897,156,-0.1779789935191982,0.0262254541955198,0.0297655895730499
UCEC,proteasome_antigen_processing,Proteasome,ICS5_score,528,0.286235055782239,2.051233321925488e-11,3.2157663605978827e-11
UCEC,proteasome_antigen_processing,Proteasome,LIexpression_score,528,0.2549575563886592,2.7970316524956634e-09,4.129132208840274e-09
UCEC,proteasome_antigen_processing,Proteasome,Chemokine12_score,528,0.3036448765824779,1.005800945411881e-12,1.6328132327784636e-12
UCEC,proteasome_antigen_processing,Proteasome,NHI_5gene_score,528,0.3160711578707333,1.0296332993110417e-13,1.7165814122746146e-13
UCEC,proteasome_antigen_processing,Proteasome,CD68,528,0.2920787072793925,7.627391707528228e-12,1.2107677528145188e-11
UCEC,proteasome_antigen_processing,Proteasome,CD8A,528,0.1814641523598073,2.7320659136119823e-05,3.542893580464645e-05
UCEC,proteasome_antigen_processing,Proteasome,PD1_data,528,0.1890261690917204,1.2273179644779893e-05,1.6099854658211382e-05
UCEC,proteasome_antigen_processing,Proteasome,PDL1_data,528,0.1048325273727015,0.015961167138182,0.0182681988705471
UCEC,proteasome_antigen_processing,Proteasome,PD1_PDL1_score,528,0.1826883199134636,2.4053324001725285e-05,3.1229136651404665e-05
UCEC,proteasome_antigen_processing,Proteasome,CTLA4_data,528,0.1932032803613659,7.780147136468977e-06,1.0272815636502727e-05
UCEC,proteasome_antigen_processing,Proteasome,Bcell_mg_IGJ,528,0.2496154500142405,6.084391022577905e-09,8.876129569006114e-09
UCEC,proteasome_antigen_processing,Proteasome,Bcell_receptors_score,528,0.2305473920846615,8.444826558178177e-08,1.1879973228986109e-07
UCEC,proteasome_antigen_processing,Proteasome,STAT1_score,528,0.3871340934011114,2.529882191906862e-20,4.7886427014520975e-20
UCEC,proteasome_antigen_processing,Proteasome,CSF1_response,528,0.2369672562151265,3.5706270919749074e-08,5.0848720890951564e-08
UCEC,proteasome_antigen_processing,Proteasome,TcClassII_score,528,0.3322511132193015,4.4955944895012625e-15,7.724584340772859e-15
UCEC,proteasome_antigen_processing,Proteasome,IL12_score_21050467,528,0.167779879264174,0.0001072202179234,0.0001357407459863
UCEC,proteasome_antigen_processing,Proteasome,IL4_score_21050467,528,0.025733042338994,0.5551929183329247,0.5715839280338968
UCEC,proteasome_antigen_processing,Proteasome,IL2_score_21050467,528,0.0271058968775041,0.5342811270576757,0.5510977116408334
UCEC,proteasome_antigen_processing,Proteasome,IL13_score_21050467,528,-0.0245671765663719,0.573259307797299,0.5894028793077503
UCEC,proteasome_antigen_processing,Proteasome,IFNG_score_21050467,528,0.4743463654395966,5.598156443835358e-31,1.2527343091100102e-30
UCEC,proteasome_antigen_processing,Proteasome,TGFB_score_21050467,528,-0.2338846488451907,5.415090515634624e-08,7.671378230482385e-08
UCEC,proteasome_antigen_processing,Proteasome,TREM1_data,528,0.2868651490901598,1.8457167252641125e-11,2.8960770076252583e-11
UCEC,proteasome_antigen_processing,Proteasome,DAP12_data,528,0.4022901913086439,5.859737392952016e-22,1.134411794222739e-21
UCEC,proteasome_antigen_processing,Proteasome,Tcell_receptors_score,528,0.2330419103929459,6.061985966077059e-08,8.56328321357029e-08
UCEC,proteasome_antigen_processing,Proteasome,IL8_21978456,528,0.028457499348681,0.5140877352581379,0.5310743030391702
UCEC,proteasome_antigen_processing,Proteasome,IFN_21978456,528,0.4068654821186679,1.8090734565648352e-22,3.5349711220232416e-22
UCEC,proteasome_antigen_processing,Proteasome,MHC1_21978456,528,0.4177471002406771,1.0265077954089369e-23,2.0447463958347186e-23
UCEC,proteasome_antigen_processing,Proteasome,MHC2_21978456,528,0.3229522948406196,2.781586595778005e-14,4.700786294200791e-14
UCEC,proteasome_antigen_processing,Proteasome,Bcell_21978456,528,-0.1198208250157798,0.0058390491666224,0.0068443067154548
UCEC,proteasome_antigen_processing,Proteasome,Tcell_21978456,528,0.2183274704580408,4.059710629960832e-07,5.615262096869293e-07
UCEC,proteasome_antigen_processing,Proteasome,CD103pos_mean_25446897,528,0.1323178289626978,0.0023142056164642,0.0027705278506965
UCEC,proteasome_antigen_processing,Proteasome,CD103neg_mean_25446897,528,0.2458555246220414,1.040273995839554e-08,1.5078845023626895e-08
UCEC,proteasome_antigen_processing,Proteasome,IgG_19272155,528,0.1437946623471905,0.0009211811075929,0.0011225862959914
UCEC,proteasome_antigen_processing,Proteasome,Interferon_19272155,528,0.3870354595636518,2.590998445274649e-20,4.9026196668849016e-20
UCEC,proteasome_antigen_processing,Proteasome,LCK_19272155,528,0.219545200572986,3.485561372230433e-07,4.832174787189999e-07
UCEC,proteasome_antigen_processing,Proteasome,MHC.I_19272155,528,0.4640395579780997,1.4929231565249122e-29,3.273479230751924e-29
UCEC,proteasome_antigen_processing,Proteasome,MHC.II_19272155,528,0.2848524750377094,2.5835689397631925e-11,4.039843355076679e-11
UCEC,proteasome_antigen_processing,Proteasome,STAT1_19272155,528,0.3909544574447218,9.973643490253584e-21,1.9010729007350912e-20
UCEC,proteasome_antigen_processing,Proteasome,Troester_WoundSig_19887484,528,-0.2057386485654796,1.866143398294328e-06,2.519687288836224e-06
UCEC,proteasome_antigen_processing,Proteasome,MDACC.FNA.1_20805453,528,0.3216214829220588,3.592195639580525e-14,6.051887358104076e-14
UCEC,proteasome_antigen_processing,Proteasome,IGG_Cluster_21214954,528,0.2157965470000841,5.557962078838164e-07,7.650636059939172e-07
UCEC,proteasome_antigen_processing,Proteasome,Minterferon_Cluster_21214954,528,0.4050313412785705,2.9041800416427793e-22,5.652500689279684e-22
UCEC,proteasome_antigen_processing,Proteasome,Immune_cell_Cluster_21214954,528,0.316794856083372,8.986491081482193e-14,1.5000463787438825e-13
UCEC,proteasome_antigen_processing,Proteasome,MCD3_CD8_21214954,528,-0.0740333215410065,0.0892330690754564,0.0980860569348318
UCEC,proteasome_antigen_processing,Proteasome,Interferon_Cluster_21214954,528,0.4333522331236886,1.3902687167763176e-25,2.8593806500049785e-25
UCEC,proteasome_antigen_processing,Proteasome,B_cell_PCA_16704732,528,0.2205364542905073,3.07670112518064e-07,4.271887218219164e-07
UCEC,proteasome_antigen_processing,Proteasome,CD8_PCA_16704732,528,0.2768895012909612,9.521073618036107e-11,1.4664394247484831e-10
UCEC,proteasome_antigen_processing,Proteasome,GRANS_PCA_16704732,528,0.2861561355128014,2.078498809104729e-11,3.2575723196570805e-11
UCEC,proteasome_antigen_processing,Proteasome,LYMPHS_PCA_16704732,528,0.0912058852883753,0.0361573767950948,0.0406901385530235
UCEC,proteasome_antigen_processing,Proteasome,T_cell_PCA_16704732,528,0.1589374922107161,0.0002456206432879,0.0003068143052781
UCEC,proteasome_antigen_processing,Proteasome,TGFB_PCA_17349583,528,-0.1107068195003676,0.0109074716719697,0.0126060433175091
UCEC,proteasome_antigen_processing,Proteasome,Rotterdam_ERneg_PCA_15721472,528,0.099609866766267,0.0220717102563726,0.0251192685762901
UCEC,proteasome_antigen_processing,Proteasome,HER2_Immune_PCA_18006808,528,0.257409645784487,1.9461287258208942e-09,2.883939054335512e-09
UCEC,proteasome_antigen_processing,Proteasome,IR7_score,528,0.3154843088261111,1.1494313668718585e-13,1.9133741235565819e-13
UCEC,proteasome_antigen_processing,Proteasome,Buck14_score,528,-0.013884742812402,0.750252605778004,0.7630162975196003
UCEC,proteasome_antigen_processing,Proteasome,TAMsurr_score,528,0.3618534702379302,8.866834789192017e-18,1.606781520759646e-17
UCEC,proteasome_antigen_processing,Proteasome,Immune_NSCLC_score,528,0.3023192898906437,1.2745635563739309e-12,2.066654469947596e-12
UCEC,proteasome_antigen_processing,Proteasome,Module3_IFN_score,528,0.389197021583386,1.532751318189433e-20,2.913405720108496e-20
UCEC,proteasome_antigen_processing,Proteasome,Module4_TcellBcell_score,528,0.1946135399184833,6.655488503055899e-06,8.813499867727382e-06
UCEC,proteasome_antigen_processing,Proteasome,Module5_TcellBcell_score,528,0.3127570540321144,1.9109323293009293e-13,3.1520533266819455e-13
UCEC,proteasome_antigen_processing,Proteasome,Module11_Prolif_score,528,0.181233204823591,2.798247956863416e-05,3.626988059408383e-05
UCEC,proteasome_antigen_processing,Proteasome,GP11_Immune_IFN,528,0.4530192525874205,4.426000868348785e-28,9.48677885099188e-28
UCEC,proteasome_antigen_processing,Proteasome,GP2_ImmuneTcellBcell_score,528,0.1472390287421853,0.0006893221452396,0.0008441946128104
UCEC,proteasome_antigen_processing,Proteasome,CD8_CD68_ratio,528,-0.1188480246069541,0.0062542713926535,0.0073199734027614
UCEC,proteasome_antigen_processing,Proteasome,TAMsurr_TcClassII_ratio,528,-0.017834662113543,0.6826346219245939,0.6980323953514644
UCEC,proteasome_antigen_processing,Proteasome,CHANG_CORE_SERUM_RESPONSE_UP,528,0.479567113490074,1.016300865491189e-31,2.300739370899737e-31
UCEC,proteasome_antigen_processing,Proteasome,CSR_Activated_15701700,528,0.5428369384908454,8.540819544635598e-42,2.2675479903766542e-41
UCEC,proteasome_antigen_processing,Proteasome,CD103pos_CD103neg_ratio_25446897,528,-0.1485918848325368,0.0006140687033646,0.0007537305384258
BRCA,tgfb_emt_exclusion_context,TGF/EMT,ICS5_score,1082,0.1492577658247232,8.154848092467148e-07,1.1151929015339688e-06
BRCA,tgfb_emt_exclusion_context,TGF/EMT,LIexpression_score,1082,0.1846826196081676,9.32187890194103e-10,1.396228557999978e-09
BRCA,tgfb_emt_exclusion_context,TGF/EMT,Chemokine12_score,1082,0.1981464427449017,4.8473048357730835e-11,7.519058541946273e-11
BRCA,tgfb_emt_exclusion_context,TGF/EMT,NHI_5gene_score,1082,0.181014631908759,2.010240604114917e-09,2.9773234103961743e-09
BRCA,tgfb_emt_exclusion_context,TGF/EMT,CD68,1082,0.3643780495284583,2.589057518882542e-35,6.223805966734878e-35
BRCA,tgfb_emt_exclusion_context,TGF/EMT,CD8A,1082,0.1448211114380198,1.723169971093938e-06,2.332432108173929e-06
BRCA,tgfb_emt_exclusion_context,TGF/EMT,PD1_data,1082,0.0846385864146097,0.0053385247146582,0.0062724782824494
BRCA,tgfb_emt_exclusion_context,TGF/EMT,PDL1_data,1082,0.2307592302719522,1.5213074986484898e-14,2.5821880788292622e-14
BRCA,tgfb_emt_exclusion_context,TGF/EMT,PD1_PDL1_score,1082,0.17559389754293,6.0814664224088635e-09,8.874242848150273e-09
BRCA,tgfb_emt_exclusion_context,TGF/EMT,CTLA4_data,1082,0.1565198016810076,2.2852364530230762e-07,3.181086567155971e-07
BRCA,tgfb_emt_exclusion_context,TGF/EMT,Bcell_mg_IGJ,1082,0.2124044683482028,1.6721101242430616e-12,2.695193800261409e-12
BRCA,tgfb_emt_exclusion_context,TGF/EMT,Bcell_receptors_score,1082,0.2591667083194449,4.572488714773472e-18,8.330321034282548e-18
BRCA,tgfb_emt_exclusion_context,TGF/EMT,STAT1_score,1082,0.1786894905374552,3.245479656319358e-09,4.7807769646296544e-09
BRCA,tgfb_emt_exclusion_context,TGF/EMT,CSF1_response,1082,0.3950570245662635,9.812484125919755e-42,2.6026286516335185e-41
BRCA,tgfb_emt_exclusion_context,TGF/EMT,TcClassII_score,1082,0.2321391165973853,1.0505904776486312e-14,1.7899192603847652e-14
BRCA,tgfb_emt_exclusion_context,TGF/EMT,IL12_score_21050467,1082,0.2326553890289884,9.141366200486317e-15,1.5603712623359135e-14
BRCA,tgfb_emt_exclusion_context,TGF/EMT,IL4_score_21050467,1082,0.4436622670701208,2.141304074874832e-53,6.702355677398784e-53
BRCA,tgfb_emt_exclusion_context,TGF/EMT,IL2_score_21050467,1082,0.3309067167442009,4.620956719125602e-29,1.0047164089545676e-28
BRCA,tgfb_emt_exclusion_context,TGF/EMT,IL13_score_21050467,1082,0.5739674618525414,7.984133031021188e-96,4.36958588418061e-95
BRCA,tgfb_emt_exclusion_context,TGF/EMT,IFNG_score_21050467,1082,0.2535020618050745,2.503024995520563e-17,4.498333655643166e-17
BRCA,tgfb_emt_exclusion_context,TGF/EMT,TGFB_score_21050467,1082,0.9361148244748196,0,0
BRCA,tgfb_emt_exclusion_context,TGF/EMT,TREM1_data,1082,0.326301013188506,2.927664015762724e-28,6.287600570765582e-28
BRCA,tgfb_emt_exclusion_context,TGF/EMT,DAP12_data,1082,0.2644559612096521,9.000792038063458e-19,1.6575595357841981e-18
BRCA,tgfb_emt_exclusion_context,TGF/EMT,Tcell_receptors_score,1082,0.2000290668308666,3.1514608977354626e-11,4.919353596465113e-11
BRCA,tgfb_emt_exclusion_context,TGF/EMT,IL8_21978456,1082,0.237738213584604,2.282235114951597e-15,3.952677180941321e-15
BRCA,tgfb_emt_exclusion_context,TGF/EMT,IFN_21978456,1082,0.0200389238140283,0.5102426382147791,0.5273024224712003
BRCA,tgfb_emt_exclusion_context,TGF/EMT,MHC1_21978456,1082,0.0497390014895865,0.1020020495629149,0.1116705875673691
BRCA,tgfb_emt_exclusion_context,TGF/EMT,MHC2_21978456,1082,0.2844407021875639,1.3833170339772217e-21,2.664746694347056e-21
BRCA,tgfb_emt_exclusion_context,TGF/EMT,Bcell_21978456,1082,-0.0569945733416986,0.0609134994145675,0.0676678449694195
BRCA,tgfb_emt_exclusion_context,TGF/EMT,Tcell_21978456,1082,0.2496810824050861,7.695747346654234e-17,1.3690276509417603e-16
BRCA,tgfb_emt_exclusion_context,TGF/EMT,CD103pos_mean_25446897,1082,0.2945403815152081,4.2584018488594244e-23,8.384258435684136e-23
BRCA,tgfb_emt_exclusion_context,TGF/EMT,CD103neg_mean_25446897,1082,0.4645414863760495,5.099295299604668e-59,1.7391953874513726e-58
BRCA,tgfb_emt_exclusion_context,TGF/EMT,IgG_19272155,1082,0.1289109403229091,2.1071546913074252e-05,2.7439801122369925e-05
BRCA,tgfb_emt_exclusion_context,TGF/EMT,Interferon_19272155,1082,0.0147295969394673,0.6284013644566349,0.6442712820663576
BRCA,tgfb_emt_exclusion_context,TGF/EMT,LCK_19272155,1082,0.277646829837909,1.3291501313954008e-20,2.529942867316648e-20
BRCA,tgfb_emt_exclusion_context,TGF/EMT,MHC.I_19272155,1082,0.0423056906239904,0.1643444317839163,0.1773524516771484
BRCA,tgfb_emt_exclusion_context,TGF/EMT,MHC.II_19272155,1082,0.318366871168016,6.541472221916125e-27,1.3787527658746118e-26
BRCA,tgfb_emt_exclusion_context,TGF/EMT,STAT1_19272155,1082,0.1102597381974589,0.0002793310865966,0.0003482835459742
BRCA,tgfb_emt_exclusion_context,TGF/EMT,Troester_WoundSig_19887484,1082,0.6742715089558128,2.3115070781549156e-144,2.363646335556906e-143
BRCA,tgfb_emt_exclusion_context,TGF/EMT,MDACC.FNA.1_20805453,1082,0.3923546759326365,3.8484921890542036e-41,1.011391183983327e-40
BRCA,tgfb_emt_exclusion_context,TGF/EMT,IGG_Cluster_21214954,1082,0.2077331522360171,5.176916012776638e-12,8.256353887277897e-12
BRCA,tgfb_emt_exclusion_context,TGF/EMT,Minterferon_Cluster_21214954,1082,0.0876305620973146,0.0039176380546121,0.004639083808683
BRCA,tgfb_emt_exclusion_context,TGF/EMT,Immune_cell_Cluster_21214954,1082,0.2678067881208226,3.153507955585824e-19,5.858976529503717e-19
BRCA,tgfb_emt_exclusion_context,TGF/EMT,MCD3_CD8_21214954,1082,0.492896006485097,2.6271654866196848e-67,1.0157626330640428e-66
BRCA,tgfb_emt_exclusion_context,TGF/EMT,Interferon_Cluster_21214954,1082,0.0216929942776578,0.4759550361072844,0.4939327349148468
BRCA,tgfb_emt_exclusion_context,TGF/EMT,B_cell_PCA_16704732,1082,0.2620002820002612,1.9230497432701033e-18,3.527104046995738e-18
BRCA,tgfb_emt_exclusion_context,TGF/EMT,CD8_PCA_16704732,1082,0.1790321817970643,3.025449526743329e-09,4.462702121877362e-09
BRCA,tgfb_emt_exclusion_context,TGF/EMT,GRANS_PCA_16704732,1082,0.2160385184259902,6.814952679966543e-13,1.110645373847154e-12
BRCA,tgfb_emt_exclusion_context,TGF/EMT,LYMPHS_PCA_16704732,1082,-0.1212004347861177,6.418459945215229e-05,8.207903644092818e-05
BRCA,tgfb_emt_exclusion_context,TGF/EMT,T_cell_PCA_16704732,1082,0.2992437053943455,8.021079095742765e-24,1.5995113739311086e-23
BRCA,tgfb_emt_exclusion_context,TGF/EMT,TGFB_PCA_17349583,1082,0.9302331959328848,0,0
BRCA,tgfb_emt_exclusion_context,TGF/EMT,Rotterdam_ERneg_PCA_15721472,1082,0.084010468378873,0.0056902549863748,0.0066770895439773
BRCA,tgfb_emt_exclusion_context,TGF/EMT,HER2_Immune_PCA_18006808,1082,0.2952299350096357,3.340370365027176e-23,6.586304742931438e-23
BRCA,tgfb_emt_exclusion_context,TGF/EMT,IR7_score,1082,0.089903849850926,0.0030778518680609,0.0036621859497487
BRCA,tgfb_emt_exclusion_context,TGF/EMT,Buck14_score,1082,-0.0706908496945429,0.0200446841237715,0.0228649783252918
BRCA,tgfb_emt_exclusion_context,TGF/EMT,TAMsurr_score,1082,0.1182175671969964,9.706981041580204e-05,0.0001230908551659
BRCA,tgfb_emt_exclusion_context,TGF/EMT,Immune_NSCLC_score,1082,-0.0754586931016614,0.0130357121489435,0.0149956172743187
BRCA,tgfb_emt_exclusion_context,TGF/EMT,Module3_IFN_score,1082,0.0244706661211674,0.4213262735526075,0.440264104519052
BRCA,tgfb_emt_exclusion_context,TGF/EMT,Module4_TcellBcell_score,1082,0.2359529784737331,3.729417025127316e-15,6.4324757820838935e-15
BRCA,tgfb_emt_exclusion_context,TGF/EMT,Module5_TcellBcell_score,1082,0.1919582569515532,1.9373696480087738e-10,2.9521823207752745e-10
BRCA,tgfb_emt_exclusion_context,TGF/EMT,Module11_Prolif_score,1082,-0.2213001873691836,1.8055923202709918e-13,2.9819132429490564e-13
BRCA,tgfb_emt_exclusion_context,TGF/EMT,GP11_Immune_IFN,1082,0.0415752680191591,0.1717578152589372,0.1851493343349238
BRCA,tgfb_emt_exclusion_context,TGF/EMT,GP2_ImmuneTcellBcell_score,1082,0.4322229634342294,1.776054654894525e-50,5.332084615135881e-50
BRCA,tgfb_emt_exclusion_context,TGF/EMT,CD8_CD68_ratio,1082,-0.1854652815105099,7.895963053319012e-10,1.1846122175966746e-09
BRCA,tgfb_emt_exclusion_context,TGF/EMT,TAMsurr_TcClassII_ratio,1082,-0.1425143654781276,2.5205742344928465e-06,3.3881699618584342e-06
BRCA,tgfb_emt_exclusion_context,TGF/EMT,CHANG_CORE_SERUM_RESPONSE_UP,1082,-0.168664380727418,2.3827775320839316e-08,3.423747959465553e-08
BRCA,tgfb_emt_exclusion_context,TGF/EMT,CSR_Activated_15701700,1082,-0.3433947353043369,2.634529443157191e-31,5.927146472611712e-31
BRCA,tgfb_emt_exclusion_context,TGF/EMT,CD103pos_CD103neg_ratio_25446897,1082,-0.0904560137444626,0.0029003479201301,0.0034570317014697
COAD,tgfb_emt_exclusion_context,TGF/EMT,ICS5_score,439,0.3318576001453232,9.56651147279254e-13,1.5548796657302485e-12
COAD,tgfb_emt_exclusion_context,TGF/EMT,LIexpression_score,439,0.4137007185435521,1.4037447921428708e-19,2.6196815331928705e-19
COAD,tgfb_emt_exclusion_context,TGF/EMT,Chemokine12_score,439,0.5927305843665198,5.420699430853044e-43,1.4627284178492342e-42
COAD,tgfb_emt_exclusion_context,TGF/EMT,NHI_5gene_score,439,0.4112938061726062,2.3813491272988645e-19,4.430416981021144e-19
COAD,tgfb_emt_exclusion_context,TGF/EMT,CD68,439,0.498163701934765,6.510953917927819e-29,1.4133914331016492e-28
COAD,tgfb_emt_exclusion_context,TGF/EMT,CD8A,439,0.3015967433320226,1.1039902875010185e-10,1.69748647936844e-10
COAD,tgfb_emt_exclusion_context,TGF/EMT,PD1_data,439,0.3285336289226646,1.6548218711441197e-12,2.668118251044461e-12
COAD,tgfb_emt_exclusion_context,TGF/EMT,PDL1_data,439,0.4357134255725852,9.122627945380717e-22,1.7598261001018118e-21
COAD,tgfb_emt_exclusion_context,TGF/EMT,PD1_PDL1_score,439,0.4216846544619261,2.357812402730909e-20,4.4660513477911375e-20
COAD,tgfb_emt_exclusion_context,TGF/EMT,CTLA4_data,439,0.4456455383947909,8.310812782405141e-23,1.629218794100323e-22
COAD,tgfb_emt_exclusion_context,TGF/EMT,Bcell_mg_IGJ,439,0.3546093486521073,1.8737090587825204e-14,3.1763718540906544e-14
COAD,tgfb_emt_exclusion_context,TGF/EMT,Bcell_receptors_score,439,0.5338981761692032,1.0259892074251845e-33,2.3975005534334205e-33
COAD,tgfb_emt_exclusion_context,TGF/EMT,STAT1_score,439,0.4976586052449481,7.542947347619492e-29,1.632204994870725e-28
COAD,tgfb_emt_exclusion_context,TGF/EMT,CSF1_response,439,0.6932819826110559,3.7099001967111674e-64,1.378542149597592e-63
COAD,tgfb_emt_exclusion_context,TGF/EMT,TcClassII_score,439,0.4682771116297727,2.6139578649353897e-25,5.359943756218816e-25
COAD,tgfb_emt_exclusion_context,TGF/EMT,IL12_score_21050467,439,0.3896961117540757,2.265588593079792e-17,4.072968257222098e-17
COAD,tgfb_emt_exclusion_context,TGF/EMT,IL4_score_21050467,439,0.5533123527730632,1.419629296462172e-36,3.4960540392730724e-36
COAD,tgfb_emt_exclusion_context,TGF/EMT,IL2_score_21050467,439,0.528923392052737,5.1799983563191284e-33,1.1940335194227143e-32
COAD,tgfb_emt_exclusion_context,TGF/EMT,IL13_score_21050467,439,0.3918755925915304,1.452275682797503e-17,2.6220974823824816e-17
COAD,tgfb_emt_exclusion_context,TGF/EMT,IFNG_score_21050467,439,0.5042919218908573,1.071183590775463e-29,2.3563440088226926e-29
COAD,tgfb_emt_exclusion_context,TGF/EMT,TGFB_score_21050467,439,0.947480920329007,1.7536882280094534e-218,4.892340492498167e-217
COAD,tgfb_emt_exclusion_context,TGF/EMT,TREM1_data,439,0.7127849904170751,2.5696287723851353e-69,1.0225881874012536e-68
COAD,tgfb_emt_exclusion_context,TGF/EMT,DAP12_data,439,0.650773770491728,3.164200834291428e-54,1.0013526782167171e-53
COAD,tgfb_emt_exclusion_context,TGF/EMT,Tcell_receptors_score,439,0.3500278656882956,4.245386400345532e-14,7.130256874924266e-14
COAD,tgfb_emt_exclusion_context,TGF/EMT,IL8_21978456,439,0.082522145836209,0.0841590468684575,0.0927147053390864
COAD,tgfb_emt_exclusion_context,TGF/EMT,IFN_21978456,439,0.3683596502111603,1.4842677601267149e-15,2.5871248366194585e-15
COAD,tgfb_emt_exclusion_context,TGF/EMT,MHC1_21978456,439,0.1602352256019563,0.0007529770667088,0.0009204933130103
COAD,tgfb_emt_exclusion_context,TGF/EMT,MHC2_21978456,439,0.5068948107952662,4.9219365947553575e-30,1.0906450132573989e-29
COAD,tgfb_emt_exclusion_context,TGF/EMT,Bcell_21978456,439,-0.0961191007870051,0.0441315201302991,0.0495000968059437
COAD,tgfb_emt_exclusion_context,TGF/EMT,Tcell_21978456,439,0.5282625938886587,6.410025697654456e-33,1.4756893692441912e-32
COAD,tgfb_emt_exclusion_context,TGF/EMT,CD103pos_mean_25446897,439,0.5261052359401018,1.280965326458828e-32,2.9340847898677995e-32
COAD,tgfb_emt_exclusion_context,TGF/EMT,CD103neg_mean_25446897,439,0.7365990038422028,3.109178070785851e-76,1.3423752940535738e-75
COAD,tgfb_emt_exclusion_context,TGF/EMT,IgG_19272155,439,0.2861490875172532,1.0180999802978782e-09,1.5232298935149775e-09
COAD,tgfb_emt_exclusion_context,TGF/EMT,Interferon_19272155,439,0.3803235560729813,1.4774338875653262e-16,2.617141109851961e-16
COAD,tgfb_emt_exclusion_context,TGF/EMT,LCK_19272155,439,0.54541113683448,2.178960004669852e-35,5.254229798494678e-35
COAD,tgfb_emt_exclusion_context,TGF/EMT,MHC.I_19272155,439,0.1720289215931622,0.0002932840857787,0.0003652622313728
COAD,tgfb_emt_exclusion_context,TGF/EMT,MHC.II_19272155,439,0.5380851899461909,2.5715371407859182e-34,6.063789356686344e-34
COAD,tgfb_emt_exclusion_context,TGF/EMT,STAT1_19272155,439,0.3403357505101635,2.293662443608487e-13,3.7799223548107146e-13
COAD,tgfb_emt_exclusion_context,TGF/EMT,Troester_WoundSig_19887484,439,0.8634832923270475,5.6115281406858806e-132,4.92366340085987e-131
COAD,tgfb_emt_exclusion_context,TGF/EMT,MDACC.FNA.1_20805453,439,0.6717083158489635,6.552832986506042e-59,2.2279632154120547e-58
COAD,tgfb_emt_exclusion_context,TGF/EMT,IGG_Cluster_21214954,439,0.3628597149725744,4.152928252232022e-15,7.149344839285506e-15
COAD,tgfb_emt_exclusion_context,TGF/EMT,Minterferon_Cluster_21214954,439,0.4182876022597092,5.066387055982975e-20,9.536728575967952e-20
COAD,tgfb_emt_exclusion_context,TGF/EMT,Immune_cell_Cluster_21214954,439,0.5532082925374281,1.4723187843212487e-36,3.6208924894699787e-36
COAD,tgfb_emt_exclusion_context,TGF/EMT,MCD3_CD8_21214954,439,0.8375234567613229,8.926521337566781e-117,6.389510010047801e-116
COAD,tgfb_emt_exclusion_context,TGF/EMT,Interferon_Cluster_21214954,439,0.3741913508260321,4.87838362187328e-16,8.577377796700273e-16
COAD,tgfb_emt_exclusion_context,TGF/EMT,B_cell_PCA_16704732,439,0.5081258515549388,3.3993264946877755e-30,7.550974328747038e-30
COAD,tgfb_emt_exclusion_context,TGF/EMT,CD8_PCA_16704732,439,0.3971800504911931,4.852559830446309e-18,8.837604779922306e-18
COAD,tgfb_emt_exclusion_context,TGF/EMT,GRANS_PCA_16704732,439,0.1291855406187369,0.0067204846221593,0.0078571752298617
COAD,tgfb_emt_exclusion_context,TGF/EMT,LYMPHS_PCA_16704732,439,-0.0815325449645141,0.0879582562027995,0.0967629754789139
COAD,tgfb_emt_exclusion_context,TGF/EMT,T_cell_PCA_16704732,439,0.4497976781612159,2.981481431714146e-23,5.887208344292179e-23
COAD,tgfb_emt_exclusion_context,TGF/EMT,TGFB_PCA_17349583,439,0.9601621283742624,4.261153654507389e-244,1.5453783920346796e-242
COAD,tgfb_emt_exclusion_context,TGF/EMT,Rotterdam_ERneg_PCA_15721472,439,-0.2309456435164762,1.0015657060434843e-06,1.365885545469179e-06
COAD,tgfb_emt_exclusion_context,TGF/EMT,HER2_Immune_PCA_18006808,439,0.5916144519732977,8.473133468175872e-43,2.2807444862383346e-42
COAD,tgfb_emt_exclusion_context,TGF/EMT,IR7_score,439,0.1253260437540038,0.008569746115827,0.0099422944913838
COAD,tgfb_emt_exclusion_context,TGF/EMT,Buck14_score,439,-0.0590132221017567,0.2171974295676899,0.2320412444713733
COAD,tgfb_emt_exclusion_context,TGF/EMT,TAMsurr_score,439,0.3850183058612684,5.819387547918267e-17,1.0362510068960841e-16
COAD,tgfb_emt_exclusion_context,TGF/EMT,Immune_NSCLC_score,439,-0.0752353504854357,0.115465980004317,0.1260808774033489
COAD,tgfb_emt_exclusion_context,TGF/EMT,Module3_IFN_score,439,0.387570471337924,3.4846844464248854e-17,6.235751114655058e-17
COAD,tgfb_emt_exclusion_context,TGF/EMT,Module4_TcellBcell_score,439,0.4756607785569552,3.628178577108817e-26,7.530443136006091e-26
COAD,tgfb_emt_exclusion_context,TGF/EMT,Module5_TcellBcell_score,439,0.5030841422601009,1.5331747957844677e-29,3.3603831140481493e-29
COAD,tgfb_emt_exclusion_context,TGF/EMT,Module11_Prolif_score,439,-0.2199718332603283,3.273096923135092e-06,4.383468060525578e-06
COAD,tgfb_emt_exclusion_context,TGF/EMT,GP11_Immune_IFN,439,0.3602535943695411,6.715906125378549e-15,1.1499694467126e-14
COAD,tgfb_emt_exclusion_context,TGF/EMT,GP2_ImmuneTcellBcell_score,439,0.6395051454523415,7.436675521270731e-52,2.2727817323434145e-51
COAD,tgfb_emt_exclusion_context,TGF/EMT,CD8_CD68_ratio,439,-0.1047457434316289,0.0282031093666306,0.0319302632579543
COAD,tgfb_emt_exclusion_context,TGF/EMT,TAMsurr_TcClassII_ratio,439,-0.2267331334658392,1.5891064942947706e-06,2.152038667902304e-06
COAD,tgfb_emt_exclusion_context,TGF/EMT,CHANG_CORE_SERUM_RESPONSE_UP,439,-0.196938082714418,3.24846438466601e-05,4.2025318079864665e-05
COAD,tgfb_emt_exclusion_context,TGF/EMT,CSR_Activated_15701700,439,-0.5589619782186266,1.9252750616637333e-37,4.786789915653889e-37
COAD,tgfb_emt_exclusion_context,TGF/EMT,CD103pos_CD103neg_ratio_25446897,439,-0.4278297520282545,5.780188407316972e-21,1.1056337881787736e-20
GBM,tgfb_emt_exclusion_context,TGF/EMT,ICS5_score,153,0.1343767171940546,0.097714347382819,0.1070626484919508
GBM,tgfb_emt_exclusion_context,TGF/EMT,LIexpression_score,153,0.2545507850955218,0.0014969685438743,0.0018080614739512
GBM,tgfb_emt_exclusion_context,TGF/EMT,Chemokine12_score,153,0.33652675851301,2.10741707884672e-05,2.7439801122369925e-05
GBM,tgfb_emt_exclusion_context,TGF/EMT,NHI_5gene_score,153,0.0699107394153833,0.3905017796452339,0.4093120773160062
GBM,tgfb_emt_exclusion_context,TGF/EMT,CD68,153,0.462571357970308,1.7467906304693043e-09,2.5941962953188688e-09
GBM,tgfb_emt_exclusion_context,TGF/EMT,CD8A,153,0.1178215872780262,0.1469252566961337,0.1591227147973258
GBM,tgfb_emt_exclusion_context,TGF/EMT,PD1_data,153,0.2164425651124057,0.007204902413782,0.0084018583346139
GBM,tgfb_emt_exclusion_context,TGF/EMT,PDL1_data,153,0.3660715108425412,3.26371140989642e-06,4.371974900230614e-06
GBM,tgfb_emt_exclusion_context,TGF/EMT,PD1_PDL1_score,153,0.365438241590023,3.403590341793576e-06,4.555356655339775e-06
GBM,tgfb_emt_exclusion_context,TGF/EMT,CTLA4_data,153,0.2133600271801647,0.0080960379994578,0.0094168156333228
GBM,tgfb_emt_exclusion_context,TGF/EMT,Bcell_mg_IGJ,153,0.4142341146985109,1.0215041133801963e-07,1.4336899836915036e-07
GBM,tgfb_emt_exclusion_context,TGF/EMT,Bcell_receptors_score,153,0.3133437817001669,8.018296246018663e-05,0.0001020578651809
GBM,tgfb_emt_exclusion_context,TGF/EMT,STAT1_score,153,0.187174308745114,0.0205175945065232,0.0233897137710575
GBM,tgfb_emt_exclusion_context,TGF/EMT,CSF1_response,153,0.4749528190069239,5.540485702155197e-10,8.344474590178371e-10
GBM,tgfb_emt_exclusion_context,TGF/EMT,TcClassII_score,153,0.3566740687566327,6.028715565440025e-06,7.995176176497743e-06
GBM,tgfb_emt_exclusion_context,TGF/EMT,IL12_score_21050467,153,0.2889744414512216,0.0002915384416972,0.0003631713127623
GBM,tgfb_emt_exclusion_context,TGF/EMT,IL4_score_21050467,153,0.6961722488038276,1.6959018744360548e-23,3.3633635424470063e-23
GBM,tgfb_emt_exclusion_context,TGF/EMT,IL2_score_21050467,153,0.6429364210465086,3.245494066534995e-19,6.027821004421432e-19
GBM,tgfb_emt_exclusion_context,TGF/EMT,IL13_score_21050467,153,0.3588204448634042,5.249220178598319e-06,6.978435428048597e-06
GBM,tgfb_emt_exclusion_context,TGF/EMT,IFNG_score_21050467,153,0.3576353986570704,5.6669237106328655e-06,7.526383053184274e-06
GBM,tgfb_emt_exclusion_context,TGF/EMT,TGFB_score_21050467,153,0.912685216287375,1.4691163564035792e-60,5.146164184697663e-60
GBM,tgfb_emt_exclusion_context,TGF/EMT,TREM1_data,153,0.5762187690307071,6.5291072702975976e-15,1.1183357541063896e-14
GBM,tgfb_emt_exclusion_context,TGF/EMT,DAP12_data,153,0.292890134578391,0.000238739033538,0.0002984237919225
GBM,tgfb_emt_exclusion_context,TGF/EMT,Tcell_receptors_score,153,0.1938804229825901,0.0163354722675877,0.0186887421946745
GBM,tgfb_emt_exclusion_context,TGF/EMT,IL8_21978456,153,0.5722662270649886,1.0959949291104764e-14,1.8661071719439725e-14
GBM,tgfb_emt_exclusion_context,TGF/EMT,IFN_21978456,153,-0.1787456609438033,0.0270590485165151,0.0306733119253682
GBM,tgfb_emt_exclusion_context,TGF/EMT,MHC1_21978456,153,0.272401043385991,0.0006581733095905,0.0008067739531709
GBM,tgfb_emt_exclusion_context,TGF/EMT,MHC2_21978456,153,0.3362821628622892,2.138558890827223e-05,2.782530582659673e-05
GBM,tgfb_emt_exclusion_context,TGF/EMT,Bcell_21978456,153,-0.0995725425392988,0.2207298618789334,0.2356762411425707
GBM,tgfb_emt_exclusion_context,TGF/EMT,Tcell_21978456,153,0.3315547082193886,2.832691656737862e-05,3.67075812592996e-05
GBM,tgfb_emt_exclusion_context,TGF/EMT,CD103pos_mean_25446897,153,0.178846329431872,0.0269714722176254,0.0305804103509551
GBM,tgfb_emt_exclusion_context,TGF/EMT,CD103neg_mean_25446897,153,0.5147728948038545,9.946203944782535e-12,1.5701494329546427e-11
GBM,tgfb_emt_exclusion_context,TGF/EMT,IgG_19272155,153,0.1517534270677137,0.0611301844387143,0.067894692394162
GBM,tgfb_emt_exclusion_context,TGF/EMT,Interferon_19272155,153,-0.1804043702207103,0.0256466389613746,0.0291207923084696
GBM,tgfb_emt_exclusion_context,TGF/EMT,LCK_19272155,153,0.3787010798229183,1.386937224833706e-06,1.8834095115065805e-06
GBM,tgfb_emt_exclusion_context,TGF/EMT,MHC.I_19272155,153,0.2232203362855918,0.0055452663065076,0.0065097645031078
GBM,tgfb_emt_exclusion_context,TGF/EMT,MHC.II_19272155,153,0.374351654537413,1.86990663473166e-06,2.5241419585459623e-06
GBM,tgfb_emt_exclusion_context,TGF/EMT,STAT1_19272155,153,0.0758983654812141,0.351100003438883,0.3694359804076448
GBM,tgfb_emt_exclusion_context,TGF/EMT,Troester_WoundSig_19887484,153,0.6377172878720866,7.694674897462951e-19,1.4203946875533917e-18
GBM,tgfb_emt_exclusion_context,TGF/EMT,MDACC.FNA.1_20805453,153,0.4703946872446511,8.500692969466583e-10,1.2742840935215822e-09
GBM,tgfb_emt_exclusion_context,TGF/EMT,IGG_Cluster_21214954,153,0.3889509685833809,6.741414452170018e-07,9.246922496168658e-07
GBM,tgfb_emt_exclusion_context,TGF/EMT,Minterferon_Cluster_21214954,153,0.001588195086647,0.984455163628104,0.9857040312983714
GBM,tgfb_emt_exclusion_context,TGF/EMT,Immune_cell_Cluster_21214954,153,0.3780708455631056,1.448691816332677e-06,1.9657978251059523e-06
GBM,tgfb_emt_exclusion_context,TGF/EMT,MCD3_CD8_21214954,153,0.4978698381486054,5.838657064011152e-11,9.033644604158323e-11
GBM,tgfb_emt_exclusion_context,TGF/EMT,Interferon_Cluster_21214954,153,-0.0941323897980244,0.2471185277734521,0.2630257857733476
GBM,tgfb_emt_exclusion_context,TGF/EMT,B_cell_PCA_16704732,153,0.4240082358372648,4.719190095495932e-08,6.701225298746507e-08
GBM,tgfb_emt_exclusion_context,TGF/EMT,CD8_PCA_16704732,153,0.3356720678702102,2.2181365044419443e-05,2.884001573653006e-05
GBM,tgfb_emt_exclusion_context,TGF/EMT,GRANS_PCA_16704732,153,0.7301136030487559,9.43384803333994e-27,1.9822376709683e-26
GBM,tgfb_emt_exclusion_context,TGF/EMT,LYMPHS_PCA_16704732,153,0.3395721925133689,1.7537907182872227e-05,2.290665427966985e-05
GBM,tgfb_emt_exclusion_context,TGF/EMT,T_cell_PCA_16704732,153,0.4231869781405384,5.0403181926706765e-08,7.147896498469363e-08
GBM,tgfb_emt_exclusion_context,TGF/EMT,TGFB_PCA_17349583,153,0.9360575034326252,2.1851029219869108e-70,8.818219507128185e-70
GBM,tgfb_emt_exclusion_context,TGF/EMT,Rotterdam_ERneg_PCA_15721472,153,-0.0776959759827447,0.3397755849584929,0.3580742313394424
GBM,tgfb_emt_exclusion_context,TGF/EMT,HER2_Immune_PCA_18006808,153,0.4479413775079409,6.403717452453666e-09,9.329465169080864e-09
GBM,tgfb_emt_exclusion_context,TGF/EMT,IR7_score,153,0.1184143513864875,0.1448882032284999,0.1570103238173385
GBM,tgfb_emt_exclusion_context,TGF/EMT,Buck14_score,153,0.0678116879963022,0.4049209838476155,0.4236911237028329
GBM,tgfb_emt_exclusion_context,TGF/EMT,TAMsurr_score,153,0.2001795933684478,0.0131035092619719,0.0150672353382218
GBM,tgfb_emt_exclusion_context,TGF/EMT,Immune_NSCLC_score,153,0.2104526020934689,0.0090246896693717,0.0104500450833082
GBM,tgfb_emt_exclusion_context,TGF/EMT,Module3_IFN_score,153,-0.1458862278408998,0.0719627473256809,0.0796171131689453
GBM,tgfb_emt_exclusion_context,TGF/EMT,Module4_TcellBcell_score,153,0.3511475063792511,8.571437443975176e-06,1.1298429778343825e-05
GBM,tgfb_emt_exclusion_context,TGF/EMT,Module5_TcellBcell_score,153,0.3629327329017731,4.014830854962237e-06,5.360991617818991e-06
GBM,tgfb_emt_exclusion_context,TGF/EMT,Module11_Prolif_score,153,-0.157532869607173,0.0518044949655091,0.057939237790372
GBM,tgfb_emt_exclusion_context,TGF/EMT,GP11_Immune_IFN,153,-0.0044381189064626,0.9565793767289434,0.95940114480189
GBM,tgfb_emt_exclusion_context,TGF/EMT,GP2_ImmuneTcellBcell_score,153,0.677729591253053,6.524490411334626e-22,1.2608606691886452e-21
GBM,tgfb_emt_exclusion_context,TGF/EMT,CD8_CD68_ratio,153,-0.2303272055931917,0.0041801129906616,0.0049434379715651
GBM,tgfb_emt_exclusion_context,TGF/EMT,TAMsurr_TcClassII_ratio,153,-0.1249163390732776,0.1239286128225033,0.1349152799188349
GBM,tgfb_emt_exclusion_context,TGF/EMT,CHANG_CORE_SERUM_RESPONSE_UP,153,-0.0304305833737776,0.7088468894144445,0.7227979528424702
GBM,tgfb_emt_exclusion_context,TGF/EMT,CSR_Activated_15701700,153,-0.1243940583172453,0.1255204793014612,0.1365662814799897
GBM,tgfb_emt_exclusion_context,TGF/EMT,CD103pos_CD103neg_ratio_25446897,153,-0.4819304963031728,2.84195133479515e-10,4.3076665537156916e-10
HNSC,tgfb_emt_exclusion_context,TGF/EMT,ICS5_score,514,0.003889902061413,0.929895909044104,0.934879642432069
HNSC,tgfb_emt_exclusion_context,TGF/EMT,LIexpression_score,514,-0.0254322246566788,0.5651035094800877,0.5813470294197574
HNSC,tgfb_emt_exclusion_context,TGF/EMT,Chemokine12_score,514,0.1530365153468418,0.000498315474757,0.0006138668891934
HNSC,tgfb_emt_exclusion_context,TGF/EMT,NHI_5gene_score,514,0.0993143282620938,0.0243413005486057,0.0276617244588292
HNSC,tgfb_emt_exclusion_context,TGF/EMT,CD68,514,0.3315761752925198,1.1773641991073686e-14,2.0021448087352563e-14
HNSC,tgfb_emt_exclusion_context,TGF/EMT,CD8A,514,-0.0514185964751055,0.2445569884393232,0.2604012560403049
HNSC,tgfb_emt_exclusion_context,TGF/EMT,PD1_data,514,-0.0500944861986709,0.2569341090847631,0.273099170265946
HNSC,tgfb_emt_exclusion_context,TGF/EMT,PDL1_data,514,0.1895761461367519,1.5127614506485e-05,1.980607049705858e-05
HNSC,tgfb_emt_exclusion_context,TGF/EMT,PD1_PDL1_score,514,0.0680485008955356,0.1233663065636182,0.1343300055456531
HNSC,tgfb_emt_exclusion_context,TGF/EMT,CTLA4_data,514,0.0689716740382308,0.1183470805216007,0.1290972765264705
HNSC,tgfb_emt_exclusion_context,TGF/EMT,Bcell_mg_IGJ,514,0.0839675908701437,0.057118499680329,0.0636469967761143
HNSC,tgfb_emt_exclusion_context,TGF/EMT,Bcell_receptors_score,514,0.0746859958643475,0.0907434054139358,0.0996858088553737
HNSC,tgfb_emt_exclusion_context,TGF/EMT,STAT1_score,514,0.0578648919310549,0.1902663682117442,0.2042322500141848
HNSC,tgfb_emt_exclusion_context,TGF/EMT,CSF1_response,514,0.3012188093216533,3.0560027806069104e-12,4.899692050250985e-12
HNSC,tgfb_emt_exclusion_context,TGF/EMT,TcClassII_score,514,0.0331039594678511,0.4539194652861061,0.4725070591573704
HNSC,tgfb_emt_exclusion_context,TGF/EMT,IL12_score_21050467,514,0.063051990231746,0.1534566232736186,0.1659980176195039
HNSC,tgfb_emt_exclusion_context,TGF/EMT,IL4_score_21050467,514,0.3983406396507037,5.4095890938449424e-21,1.0362029813562144e-20
HNSC,tgfb_emt_exclusion_context,TGF/EMT,IL2_score_21050467,514,0.2002089101721843,4.7760067187190095e-06,6.355547101230776e-06
HNSC,tgfb_emt_exclusion_context,TGF/EMT,IL13_score_21050467,514,0.2810376067863409,8.741787635705189e-11,1.3483222211011122e-10
HNSC,tgfb_emt_exclusion_context,TGF/EMT,IFNG_score_21050467,514,0.2186954619336012,5.533343055857395e-07,7.61867532874316e-07
HNSC,tgfb_emt_exclusion_context,TGF/EMT,TGFB_score_21050467,514,0.9404600657354356,4.248012646150398e-242,1.5104044964090304e-240
HNSC,tgfb_emt_exclusion_context,TGF/EMT,TREM1_data,514,0.3580769786212833,5.3929742758743677e-17,9.606345795925528e-17
HNSC,tgfb_emt_exclusion_context,TGF/EMT,DAP12_data,514,0.2458096448818438,1.6405313330076703e-08,2.3647298493804256e-08
HNSC,tgfb_emt_exclusion_context,TGF/EMT,Tcell_receptors_score,514,-0.0118080026814299,0.7894202836294053,0.8012026759223815
HNSC,tgfb_emt_exclusion_context,TGF/EMT,IL8_21978456,514,0.1441250332345428,0.0010502482931763,0.0012770117824943
HNSC,tgfb_emt_exclusion_context,TGF/EMT,IFN_21978456,514,0.009379391874696,0.832003685403967,0.8422218177516896
HNSC,tgfb_emt_exclusion_context,TGF/EMT,MHC1_21978456,514,0.0795252002633377,0.0716358633424917,0.0792715818924237
HNSC,tgfb_emt_exclusion_context,TGF/EMT,MHC2_21978456,514,0.1158899631162034,0.0085415808113556,0.0099117319995253
HNSC,tgfb_emt_exclusion_context,TGF/EMT,Bcell_21978456,514,-0.2704421706535302,4.5776632005939804e-10,6.907763609218102e-10
HNSC,tgfb_emt_exclusion_context,TGF/EMT,Tcell_21978456,514,0.0766905339009021,0.0823835638796346,0.09083230391269
HNSC,tgfb_emt_exclusion_context,TGF/EMT,CD103pos_mean_25446897,514,0.1538654927783046,0.00046395591402,0.0005725771715674
HNSC,tgfb_emt_exclusion_context,TGF/EMT,CD103neg_mean_25446897,514,0.3863882548015477,9.521064729444961e-20,1.7835603349924446e-19
HNSC,tgfb_emt_exclusion_context,TGF/EMT,IgG_19272155,514,-0.1531683428476701,0.0004926977783026,0.0006072215482479
HNSC,tgfb_emt_exclusion_context,TGF/EMT,Interferon_19272155,514,0.0337315432451883,0.4454024022437122,0.4644410711531137
HNSC,tgfb_emt_exclusion_context,TGF/EMT,LCK_19272155,514,0.1429960789705888,0.0011509163847687,0.0013981655053912
HNSC,tgfb_emt_exclusion_context,TGF/EMT,MHC.I_19272155,514,0.0828436398896745,0.0605386909470877,0.0673064538631018
HNSC,tgfb_emt_exclusion_context,TGF/EMT,MHC.II_19272155,514,0.16797891970747,0.0001300863077107,0.0001641543757704
HNSC,tgfb_emt_exclusion_context,TGF/EMT,STAT1_19272155,514,0.0176662055050956,0.6894683611593067,0.7044905869095845
HNSC,tgfb_emt_exclusion_context,TGF/EMT,Troester_WoundSig_19887484,514,0.6761423378720474,6.17043698084083e-70,2.4809443588894395e-69
HNSC,tgfb_emt_exclusion_context,TGF/EMT,MDACC.FNA.1_20805453,514,0.2516963397342672,7.214174453816231e-09,1.0496151117614414e-08
HNSC,tgfb_emt_exclusion_context,TGF/EMT,IGG_Cluster_21214954,514,-0.0206824606702421,0.6399188597992438,0.6559560198432045
HNSC,tgfb_emt_exclusion_context,TGF/EMT,Minterferon_Cluster_21214954,514,0.0169915218684264,0.7007455022998431,0.7150732568957319
HNSC,tgfb_emt_exclusion_context,TGF/EMT,Immune_cell_Cluster_21214954,514,0.1432748380396793,0.0011252647374103,0.0013673085037999
HNSC,tgfb_emt_exclusion_context,TGF/EMT,MCD3_CD8_21214954,514,0.532536176971223,5.486215512879942e-39,1.3985479095626472e-38
HNSC,tgfb_emt_exclusion_context,TGF/EMT,Interferon_Cluster_21214954,514,-0.0037505906276679,0.9324004798350504,0.9372202083365584
HNSC,tgfb_emt_exclusion_context,TGF/EMT,B_cell_PCA_16704732,514,0.0597287942023012,0.1763574312695735,0.1898746652146238
HNSC,tgfb_emt_exclusion_context,TGF/EMT,CD8_PCA_16704732,514,-0.0092838663908651,0.8336896099139449,0.8436144862224443
HNSC,tgfb_emt_exclusion_context,TGF/EMT,GRANS_PCA_16704732,514,-0.1263427062852611,0.0041187864881928,0.004873031425787
HNSC,tgfb_emt_exclusion_context,TGF/EMT,LYMPHS_PCA_16704732,514,0.0308090968472022,0.4858306871224828,0.5033172610828998
HNSC,tgfb_emt_exclusion_context,TGF/EMT,T_cell_PCA_16704732,514,0.0990331600707692,0.0247493515874523,0.0281136923440677
HNSC,tgfb_emt_exclusion_context,TGF/EMT,TGFB_PCA_17349583,514,0.95642568535508,6.66817297472664e-276,3.0483076455893207e-274
HNSC,tgfb_emt_exclusion_context,TGF/EMT,Rotterdam_ERneg_PCA_15721472,514,-0.4112333221945967,2.1464032692585647e-22,4.188103940016711e-22
HNSC,tgfb_emt_exclusion_context,TGF/EMT,HER2_Immune_PCA_18006808,514,0.1504269320024871,0.0006225381912509,0.0007637816329285
HNSC,tgfb_emt_exclusion_context,TGF/EMT,IR7_score,514,-0.124981561522596,0.004543078008493,0.0053633559822487
HNSC,tgfb_emt_exclusion_context,TGF/EMT,Buck14_score,514,-0.1853825463222638,2.343204898742592e-05,3.043704548509957e-05
HNSC,tgfb_emt_exclusion_context,TGF/EMT,TAMsurr_score,514,0.0707753352107654,0.1090027706039324,0.1191430725508122
HNSC,tgfb_emt_exclusion_context,TGF/EMT,Immune_NSCLC_score,514,-0.1845707881453098,2.5474991457706116e-05,3.30512648533082e-05
HNSC,tgfb_emt_exclusion_context,TGF/EMT,Module3_IFN_score,514,0.0281274849965444,0.5246020603051654,0.5415247074117836
HNSC,tgfb_emt_exclusion_context,TGF/EMT,Module4_TcellBcell_score,514,0.0582686945641758,0.1871867474331305,0.2010455885560177
HNSC,tgfb_emt_exclusion_context,TGF/EMT,Module5_TcellBcell_score,514,0.0649456644685496,0.1414567214067552,0.1534139881285384
HNSC,tgfb_emt_exclusion_context,TGF/EMT,Module11_Prolif_score,514,-0.2293863644467393,1.4550413708387394e-07,2.0348136394248698e-07
HNSC,tgfb_emt_exclusion_context,TGF/EMT,GP11_Immune_IFN,514,-0.0160733500634341,0.7161982989561738,0.7301571863421262
HNSC,tgfb_emt_exclusion_context,TGF/EMT,GP2_ImmuneTcellBcell_score,514,0.2823713459785136,7.061370331195844e-11,1.0909927464273044e-10
HNSC,tgfb_emt_exclusion_context,TGF/EMT,CD8_CD68_ratio,514,-0.2936448330384971,1.1099686701521024e-11,1.7507189230581144e-11
HNSC,tgfb_emt_exclusion_context,TGF/EMT,TAMsurr_TcClassII_ratio,514,0.0274493112818768,0.5346517235065045,0.551375426706234
HNSC,tgfb_emt_exclusion_context,TGF/EMT,CHANG_CORE_SERUM_RESPONSE_UP,514,-0.1900946004244909,1.4321384698309186e-05,1.875953112419985e-05
HNSC,tgfb_emt_exclusion_context,TGF/EMT,CSR_Activated_15701700,514,-0.2639084973229142,1.2267277623227975e-09,1.8303343464169007e-09
HNSC,tgfb_emt_exclusion_context,TGF/EMT,CD103pos_CD103neg_ratio_25446897,514,-0.2567375681273606,3.5105372831204314e-09,5.1628339605772235e-09
KIRC,tgfb_emt_exclusion_context,TGF/EMT,ICS5_score,515,0.0344783257831291,0.4349385834417335,0.4539650602308193
KIRC,tgfb_emt_exclusion_context,TGF/EMT,LIexpression_score,515,0.1593638917610436,0.0002823413736788,0.0003517950235485
KIRC,tgfb_emt_exclusion_context,TGF/EMT,Chemokine12_score,515,0.2179908836162627,5.878204566031768e-07,8.083274226292421e-07
KIRC,tgfb_emt_exclusion_context,TGF/EMT,NHI_5gene_score,515,0.0796539729567634,0.0709004467821209,0.0785056850182653
KIRC,tgfb_emt_exclusion_context,TGF/EMT,CD68,515,0.0931637957677806,0.0345422257575675,0.0389208177550056
KIRC,tgfb_emt_exclusion_context,TGF/EMT,CD8A,515,0.0422027362525602,0.3391575250480397,0.3574921403335276
KIRC,tgfb_emt_exclusion_context,TGF/EMT,PD1_data,515,-0.029378874349483,0.5058993549640126,0.5229132606886241
KIRC,tgfb_emt_exclusion_context,TGF/EMT,PDL1_data,515,-0.1038650417887305,0.0183872906133272,0.0210140464152311
KIRC,tgfb_emt_exclusion_context,TGF/EMT,PD1_PDL1_score,515,-0.0583800116072689,0.1859144007833005,0.1997184716155519
KIRC,tgfb_emt_exclusion_context,TGF/EMT,CTLA4_data,515,-0.0139385258084283,0.75233482952014,0.7649909294559928
KIRC,tgfb_emt_exclusion_context,TGF/EMT,Bcell_mg_IGJ,515,0.3496329296846748,2.9695049692848756e-16,5.239736306490342e-16
KIRC,tgfb_emt_exclusion_context,TGF/EMT,Bcell_receptors_score,515,0.2331116551369008,8.737914070733292e-08,1.228592725375785e-07
KIRC,tgfb_emt_exclusion_context,TGF/EMT,STAT1_score,515,0.0835309131885774,0.0581820726833331,0.0647658022093988
KIRC,tgfb_emt_exclusion_context,TGF/EMT,CSF1_response,515,0.2160667208549838,7.421019085856787e-07,1.0168852349385622e-06
KIRC,tgfb_emt_exclusion_context,TGF/EMT,TcClassII_score,515,0.0427243842492641,0.3332159466408888,0.3513655262117533
KIRC,tgfb_emt_exclusion_context,TGF/EMT,IL12_score_21050467,515,0.12213047048951,0.0055160539372029,0.0064768688578424
KIRC,tgfb_emt_exclusion_context,TGF/EMT,IL4_score_21050467,515,0.4436643694095585,3.007725349251867e-26,6.254597056548225e-26
KIRC,tgfb_emt_exclusion_context,TGF/EMT,IL2_score_21050467,515,0.4239961323172288,6.91299604102526e-24,1.3805689597348537e-23
KIRC,tgfb_emt_exclusion_context,TGF/EMT,IL13_score_21050467,515,0.3511456068714665,2.1689610876565987e-16,3.835873965166416e-16
KIRC,tgfb_emt_exclusion_context,TGF/EMT,IFNG_score_21050467,515,0.2833153642697762,5.8129018509902447e-11,8.996354500536821e-11
KIRC,tgfb_emt_exclusion_context,TGF/EMT,TGFB_score_21050467,515,0.9004425818625651,1.3309021807801695e-187,2.3816144287645136e-186
KIRC,tgfb_emt_exclusion_context,TGF/EMT,TREM1_data,515,0.2153555640974537,8.084250886286951e-07,1.1063729514817866e-06
KIRC,tgfb_emt_exclusion_context,TGF/EMT,DAP12_data,515,0.1118167304693196,0.0111065887990215,0.012825269171445
KIRC,tgfb_emt_exclusion_context,TGF/EMT,Tcell_receptors_score,515,0.1112615756359237,0.0115159233311229,0.0132810309351936
KIRC,tgfb_emt_exclusion_context,TGF/EMT,IL8_21978456,515,0.2083400724637053,1.8520792634520813e-06,2.5019397052841627e-06
KIRC,tgfb_emt_exclusion_context,TGF/EMT,IFN_21978456,515,0.0869537581593291,0.0485825859249349,0.0544140966505344
KIRC,tgfb_emt_exclusion_context,TGF/EMT,MHC1_21978456,515,-0.1997176242457405,4.938225984601019e-06,6.56980908687443e-06
KIRC,tgfb_emt_exclusion_context,TGF/EMT,MHC2_21978456,515,0.015521200221928,0.7252902576965258,0.7389666907902119
KIRC,tgfb_emt_exclusion_context,TGF/EMT,Bcell_21978456,515,-0.2572865266369807,3.1306036573545644e-09,4.6140568669761135e-09
KIRC,tgfb_emt_exclusion_context,TGF/EMT,Tcell_21978456,515,0.1492345988518567,0.0006800794166903,0.0008334381677845
KIRC,tgfb_emt_exclusion_context,TGF/EMT,CD103pos_mean_25446897,515,0.2423821244466451,2.5410287034551092e-08,3.6424759280094323e-08
KIRC,tgfb_emt_exclusion_context,TGF/EMT,CD103neg_mean_25446897,515,0.3215959214331871,7.429058411973452e-14,1.2423632880767165e-13
KIRC,tgfb_emt_exclusion_context,TGF/EMT,IgG_19272155,515,0.0841834483436618,0.0562395975805263,0.0627318865774171
KIRC,tgfb_emt_exclusion_context,TGF/EMT,Interferon_19272155,515,0.1150381582649399,0.0089759819957876,0.0103980711365171
KIRC,tgfb_emt_exclusion_context,TGF/EMT,LCK_19272155,515,0.1955218473645833,7.839365424678356e-06,1.0345984451783178e-05
KIRC,tgfb_emt_exclusion_context,TGF/EMT,MHC.I_19272155,515,-0.1887936178672502,1.611688218204716e-05,2.1075922853446287e-05
KIRC,tgfb_emt_exclusion_context,TGF/EMT,MHC.II_19272155,515,0.083895992087699,0.0570885632225935,0.0636266715695367
KIRC,tgfb_emt_exclusion_context,TGF/EMT,STAT1_19272155,515,-0.0082603783280333,0.8516563183121171,0.8605145563926293
KIRC,tgfb_emt_exclusion_context,TGF/EMT,Troester_WoundSig_19887484,515,0.6706530981222645,1.4710282949592743e-68,5.794637164792507e-68
KIRC,tgfb_emt_exclusion_context,TGF/EMT,MDACC.FNA.1_20805453,515,0.1904288790334855,1.355833487778849e-05,1.7772853430161297e-05
KIRC,tgfb_emt_exclusion_context,TGF/EMT,IGG_Cluster_21214954,515,0.1817239424938867,3.3459782891439434e-05,4.32559930915947e-05
KIRC,tgfb_emt_exclusion_context,TGF/EMT,Minterferon_Cluster_21214954,515,0.0380631655445059,0.3886852254941668,0.407486534339616
KIRC,tgfb_emt_exclusion_context,TGF/EMT,Immune_cell_Cluster_21214954,515,0.152875168446204,0.0004989045851564,0.0006144534623615
KIRC,tgfb_emt_exclusion_context,TGF/EMT,MCD3_CD8_21214954,515,0.5650443133087746,8.913251804501577e-45,2.4638257020573467e-44
KIRC,tgfb_emt_exclusion_context,TGF/EMT,Interferon_Cluster_21214954,515,0.1302143656284454,0.003071723086142,0.003655693193746
KIRC,tgfb_emt_exclusion_context,TGF/EMT,B_cell_PCA_16704732,515,0.2370981052870186,5.16968865322628e-08,7.327542020206086e-08
KIRC,tgfb_emt_exclusion_context,TGF/EMT,CD8_PCA_16704732,515,0.1006772836403317,0.0223135458953302,0.0253838748788365
KIRC,tgfb_emt_exclusion_context,TGF/EMT,GRANS_PCA_16704732,515,0.2629833867295113,1.3566417577270727e-09,2.019740328964224e-09
KIRC,tgfb_emt_exclusion_context,TGF/EMT,LYMPHS_PCA_16704732,515,0.2528872704532962,5.890361395253039e-09,8.602299594678263e-09
KIRC,tgfb_emt_exclusion_context,TGF/EMT,T_cell_PCA_16704732,515,0.1688336244630029,0.0001182117792675,0.0001494821197618
KIRC,tgfb_emt_exclusion_context,TGF/EMT,TGFB_PCA_17349583,515,0.8892089944955875,2.391494403492497e-176,3.623880098885567e-175
KIRC,tgfb_emt_exclusion_context,TGF/EMT,Rotterdam_ERneg_PCA_15721472,515,-0.2769554085339186,1.6016218871625853e-10,2.446734924505606e-10
KIRC,tgfb_emt_exclusion_context,TGF/EMT,HER2_Immune_PCA_18006808,515,0.1900060652163969,1.4180089684969447e-05,1.858339867170171e-05
KIRC,tgfb_emt_exclusion_context,TGF/EMT,IR7_score,515,0.1036605098173991,0.01861976407651,0.0212707930651438
KIRC,tgfb_emt_exclusion_context,TGF/EMT,Buck14_score,515,-0.1248293244581589,0.0045532604431764,0.005374210633734
KIRC,tgfb_emt_exclusion_context,TGF/EMT,TAMsurr_score,515,0.1550400618351165,0.0004136096892082,0.0005120702570079
KIRC,tgfb_emt_exclusion_context,TGF/EMT,Immune_NSCLC_score,515,-0.1875016458889575,1.8456264801817576e-05,2.4094571759512264e-05
KIRC,tgfb_emt_exclusion_context,TGF/EMT,Module3_IFN_score,515,0.0713921324380581,0.1056035718523469,0.1155437310693418
KIRC,tgfb_emt_exclusion_context,TGF/EMT,Module4_TcellBcell_score,515,0.1785515367136685,4.602943934823e-05,5.9159949766788966e-05
KIRC,tgfb_emt_exclusion_context,TGF/EMT,Module5_TcellBcell_score,515,0.1292442595411857,0.0033009792512081,0.0039182472455972
KIRC,tgfb_emt_exclusion_context,TGF/EMT,Module11_Prolif_score,515,0.195460463217006,7.891975168176713e-06,1.0412889865360495e-05
KIRC,tgfb_emt_exclusion_context,TGF/EMT,GP11_Immune_IFN,515,0.1770081350278443,5.364966611046718e-05,6.87848653407828e-05
KIRC,tgfb_emt_exclusion_context,TGF/EMT,GP2_ImmuneTcellBcell_score,515,0.3814236091652022,2.796902213141168e-19,5.199982241793559e-19
KIRC,tgfb_emt_exclusion_context,TGF/EMT,CD8_CD68_ratio,515,-0.0599051432201558,0.1746605189940928,0.1881491531342307
KIRC,tgfb_emt_exclusion_context,TGF/EMT,TAMsurr_TcClassII_ratio,515,0.1694629661911907,0.0001113778964887,0.0001409059899765
KIRC,tgfb_emt_exclusion_context,TGF/EMT,CHANG_CORE_SERUM_RESPONSE_UP,515,0.0932275713333337,0.0344182101153109,0.0387971535489622
KIRC,tgfb_emt_exclusion_context,TGF/EMT,CSR_Activated_15701700,515,-0.0391459956400023,0.3753237961392691,0.3941624422775336
KIRC,tgfb_emt_exclusion_context,TGF/EMT,CD103pos_CD103neg_ratio_25446897,515,-0.054238612645567,0.2191528955989891,0.2340843809264678
LUAD,tgfb_emt_exclusion_context,TGF/EMT,ICS5_score,510,0.1893617449052646,1.67056475930334e-05,2.1835349088443465e-05
LUAD,tgfb_emt_exclusion_context,TGF/EMT,LIexpression_score,510,0.2666770397919814,9.428867077980523e-10,1.411864489518691e-09
LUAD,tgfb_emt_exclusion_context,TGF/EMT,Chemokine12_score,510,0.3690619494036064,6.6764681764945575e-18,1.2126873749626175e-17
LUAD,tgfb_emt_exclusion_context,TGF/EMT,NHI_5gene_score,510,0.3506271483628418,3.369700528137745e-16,5.94010721745604e-16
LUAD,tgfb_emt_exclusion_context,TGF/EMT,CD68,510,0.380911870563245,4.681369209734859e-19,8.6650726440822155e-19
LUAD,tgfb_emt_exclusion_context,TGF/EMT,CD8A,510,0.2146966165781314,9.889895613393596e-07,1.3494113904404605e-06
LUAD,tgfb_emt_exclusion_context,TGF/EMT,PD1_data,510,0.249633159479499,1.100967774331994e-08,1.5945859138354756e-08
LUAD,tgfb_emt_exclusion_context,TGF/EMT,PDL1_data,510,0.3742006287524206,2.137301037739837e-18,3.912152639739137e-18
LUAD,tgfb_emt_exclusion_context,TGF/EMT,PD1_PDL1_score,510,0.356212633978218,1.0549945852418864e-16,1.871875585034528e-16
LUAD,tgfb_emt_exclusion_context,TGF/EMT,CTLA4_data,510,0.2916090094482135,1.8702888701174497e-11,2.933786462929333e-11
LUAD,tgfb_emt_exclusion_context,TGF/EMT,Bcell_mg_IGJ,510,0.3199392737821898,1.3315972595736528e-13,2.2125501197558562e-13
LUAD,tgfb_emt_exclusion_context,TGF/EMT,Bcell_receptors_score,510,0.3086802887516328,1.0132570187451958e-12,1.6444266652666665e-12
LUAD,tgfb_emt_exclusion_context,TGF/EMT,STAT1_score,510,0.2893182855168837,2.725907346000606e-11,4.2611884948974994e-11
LUAD,tgfb_emt_exclusion_context,TGF/EMT,CSF1_response,510,0.418314352283021,5.063142705973552e-23,9.957880086947258e-23
LUAD,tgfb_emt_exclusion_context,TGF/EMT,TcClassII_score,510,0.2203706344729502,4.998246126105284e-07,6.8888925578953e-07
LUAD,tgfb_emt_exclusion_context,TGF/EMT,IL12_score_21050467,510,0.3209449869126767,1.106168547542074e-13,1.8424852720847773e-13
LUAD,tgfb_emt_exclusion_context,TGF/EMT,IL4_score_21050467,510,0.4852919318938031,1.7248855076244043e-31,3.8919025970455246e-31
LUAD,tgfb_emt_exclusion_context,TGF/EMT,IL2_score_21050467,510,0.449156905503697,1.0901667384015051e-26,2.287121888509136e-26
LUAD,tgfb_emt_exclusion_context,TGF/EMT,IL13_score_21050467,510,0.4285858930099112,3.348181877769942e-24,6.728522133383261e-24
LUAD,tgfb_emt_exclusion_context,TGF/EMT,IFNG_score_21050467,510,0.4215595642671286,2.168212954161163e-23,4.289119443867901e-23
LUAD,tgfb_emt_exclusion_context,TGF/EMT,TGFB_score_21050467,510,0.9018324541317794,2.904565453960463e-187,5.163671918151935e-186
LUAD,tgfb_emt_exclusion_context,TGF/EMT,TREM1_data,510,0.1544716905232802,0.0004636250697127,0.0005722987018918
LUAD,tgfb_emt_exclusion_context,TGF/EMT,DAP12_data,510,0.3061278647842417,1.5862044483758361e-12,2.558242573129128e-12
LUAD,tgfb_emt_exclusion_context,TGF/EMT,Tcell_receptors_score,510,0.2715964012158935,4.4873916510617556e-10,6.773421360093215e-10
LUAD,tgfb_emt_exclusion_context,TGF/EMT,IL8_21978456,510,0.3113089513867033,6.357459600679843e-13,1.0373299408427816e-12
LUAD,tgfb_emt_exclusion_context,TGF/EMT,IFN_21978456,510,0.1389069978842011,0.0016635861325154,0.0020048534694027
LUAD,tgfb_emt_exclusion_context,TGF/EMT,MHC1_21978456,510,0.1486170127740095,0.0007606683425808,0.0009294779388229
LUAD,tgfb_emt_exclusion_context,TGF/EMT,MHC2_21978456,510,0.1638130845314961,0.0002028256624756,0.0002540574726841
LUAD,tgfb_emt_exclusion_context,TGF/EMT,Bcell_21978456,510,-0.1660642334223153,0.0001650588669395,0.0002075636237058
LUAD,tgfb_emt_exclusion_context,TGF/EMT,Tcell_21978456,510,0.3348426834093769,7.933870903164479e-15,1.3555357321989562e-14
LUAD,tgfb_emt_exclusion_context,TGF/EMT,CD103pos_mean_25446897,510,0.2309851057826984,1.326986693111133e-07,1.8581229370719601e-07
LUAD,tgfb_emt_exclusion_context,TGF/EMT,CD103neg_mean_25446897,510,0.3948604893925485,1.7781658966513872e-20,3.377521814868556e-20
LUAD,tgfb_emt_exclusion_context,TGF/EMT,IgG_19272155,510,0.2054388851445935,2.895895037142902e-06,3.883083313299824e-06
LUAD,tgfb_emt_exclusion_context,TGF/EMT,Interferon_19272155,510,0.1318465901715068,0.0028521195982799,0.0034010369606845
LUAD,tgfb_emt_exclusion_context,TGF/EMT,LCK_19272155,510,0.3502188669181699,3.664927402878248e-16,6.454258682958131e-16
LUAD,tgfb_emt_exclusion_context,TGF/EMT,MHC.I_19272155,510,0.1701290970210415,0.0001130120239095,0.0001429401092927
LUAD,tgfb_emt_exclusion_context,TGF/EMT,MHC.II_19272155,510,0.2435050226699975,2.5521333432556837e-08,3.6564670495946596e-08
LUAD,tgfb_emt_exclusion_context,TGF/EMT,STAT1_19272155,510,0.2772637603041089,1.872244534806878e-10,2.8537434209440783e-10
LUAD,tgfb_emt_exclusion_context,TGF/EMT,Troester_WoundSig_19887484,510,0.6411780693943433,2.1350794265378712e-60,7.445405179721807e-60
LUAD,tgfb_emt_exclusion_context,TGF/EMT,MDACC.FNA.1_20805453,510,0.3995210058506274,5.75572909192028e-21,1.1017299880382237e-20
LUAD,tgfb_emt_exclusion_context,TGF/EMT,IGG_Cluster_21214954,510,0.3505854932447613,3.3987171655971584e-16,5.989316935810995e-16
LUAD,tgfb_emt_exclusion_context,TGF/EMT,Minterferon_Cluster_21214954,510,0.2484040180093505,1.3055430381933757e-08,1.8868634770913823e-08
LUAD,tgfb_emt_exclusion_context,TGF/EMT,Immune_cell_Cluster_21214954,510,0.3521951868641507,2.43789596865059e-16,4.30729265003547e-16
LUAD,tgfb_emt_exclusion_context,TGF/EMT,MCD3_CD8_21214954,510,0.3665296471861275,1.1616639370832133e-17,2.100183389076996e-17
LUAD,tgfb_emt_exclusion_context,TGF/EMT,Interferon_Cluster_21214954,510,0.1497203066679112,0.0006938395653848,0.0008495357271424
LUAD,tgfb_emt_exclusion_context,TGF/EMT,B_cell_PCA_16704732,510,0.3379068863965962,4.35756704867973e-15,7.494627856494887e-15
LUAD,tgfb_emt_exclusion_context,TGF/EMT,CD8_PCA_16704732,510,0.2672988392992956,8.591331462509151e-10,1.2871617503731696e-09
LUAD,tgfb_emt_exclusion_context,TGF/EMT,GRANS_PCA_16704732,510,0.2455931531393141,1.921235932819657e-08,2.7671494505001144e-08
LUAD,tgfb_emt_exclusion_context,TGF/EMT,LYMPHS_PCA_16704732,510,0.1947156220318172,9.468461804994762e-06,1.2459707842083093e-05
LUAD,tgfb_emt_exclusion_context,TGF/EMT,T_cell_PCA_16704732,510,0.3432026532162228,1.522678061829437e-15,2.651526458499404e-15
LUAD,tgfb_emt_exclusion_context,TGF/EMT,TGFB_PCA_17349583,510,0.9249802744765292,1.3224036020928232e-215,3.5092076075048573e-214
LUAD,tgfb_emt_exclusion_context,TGF/EMT,Rotterdam_ERneg_PCA_15721472,510,0.0334446476828361,0.451062986018703,0.4697133698203951
LUAD,tgfb_emt_exclusion_context,TGF/EMT,HER2_Immune_PCA_18006808,510,0.3780733776808609,8.936603786396588e-19,1.6462961259057716e-18
LUAD,tgfb_emt_exclusion_context,TGF/EMT,IR7_score,510,0.1283065642579755,0.0037023779147919,0.0043870476707619
LUAD,tgfb_emt_exclusion_context,TGF/EMT,Buck14_score,510,-0.1652441837854607,0.0001779794880594,0.0002233983421881
LUAD,tgfb_emt_exclusion_context,TGF/EMT,TAMsurr_score,510,0.2396322666767699,4.2919025654328717e-08,6.102443794028966e-08
LUAD,tgfb_emt_exclusion_context,TGF/EMT,Immune_NSCLC_score,510,0.0371792068591497,0.4021126046792714,0.4208335070133198
LUAD,tgfb_emt_exclusion_context,TGF/EMT,Module3_IFN_score,510,0.1765346602008338,6.111707890593256e-05,7.817467887333015e-05
LUAD,tgfb_emt_exclusion_context,TGF/EMT,Module4_TcellBcell_score,510,0.3225365909922318,8.236179820772349e-14,1.3760693558047168e-13
LUAD,tgfb_emt_exclusion_context,TGF/EMT,Module5_TcellBcell_score,510,0.3481545100640714,5.593375871924058e-16,9.824980543515294e-16
LUAD,tgfb_emt_exclusion_context,TGF/EMT,Module11_Prolif_score,510,0.0605090030774488,0.1724470308229883,0.1858383216475943
LUAD,tgfb_emt_exclusion_context,TGF/EMT,GP11_Immune_IFN,510,0.1800184478099115,4.334904755707741e-05,5.577550111412041e-05
LUAD,tgfb_emt_exclusion_context,TGF/EMT,GP2_ImmuneTcellBcell_score,510,0.4380180104230266,2.543396929188123e-25,5.217224470129483e-25
LUAD,tgfb_emt_exclusion_context,TGF/EMT,CD8_CD68_ratio,510,-0.154019196221819,0.0004820136957436,0.0005943233238544
LUAD,tgfb_emt_exclusion_context,TGF/EMT,TAMsurr_TcClassII_ratio,510,-0.0366074703423965,0.4093936942721439,0.4282064404615387
LUAD,tgfb_emt_exclusion_context,TGF/EMT,CHANG_CORE_SERUM_RESPONSE_UP,510,0.0271772765411152,0.5403019520908496,0.5568856800633236
LUAD,tgfb_emt_exclusion_context,TGF/EMT,CSR_Activated_15701700,510,0.0122838336501629,0.7819814653885055,0.7943938696010215
LUAD,tgfb_emt_exclusion_context,TGF/EMT,CD103pos_CD103neg_ratio_25446897,510,-0.2017419524180219,4.38819141268712e-06,5.848055189862307e-06
LUSC,tgfb_emt_exclusion_context,TGF/EMT,ICS5_score,486,0.3476862150543116,2.956689658768697e-15,5.1094001727133775e-15
LUSC,tgfb_emt_exclusion_context,TGF/EMT,LIexpression_score,486,0.3622328311491433,1.627961780653838e-16,2.882848986574505e-16
LUSC,tgfb_emt_exclusion_context,TGF/EMT,Chemokine12_score,486,0.4252193861630446,9.238656839339196e-23,1.8098053009004405e-22
LUSC,tgfb_emt_exclusion_context,TGF/EMT,NHI_5gene_score,486,0.2889015095375722,8.499736166541198e-11,1.3113603161084547e-10
LUSC,tgfb_emt_exclusion_context,TGF/EMT,CD68,486,0.5205778452752395,4.171682292676549e-35,1.00017415919614e-34
LUSC,tgfb_emt_exclusion_context,TGF/EMT,CD8A,486,0.2270339788128584,4.228546883654759e-07,5.841364917999464e-07
LUSC,tgfb_emt_exclusion_context,TGF/EMT,PD1_data,486,0.2595117229156287,6.395473702317546e-09,9.319950961855732e-09
LUSC,tgfb_emt_exclusion_context,TGF/EMT,PDL1_data,486,0.1242984774181654,0.0060732084643429,0.007112648879661
LUSC,tgfb_emt_exclusion_context,TGF/EMT,PD1_PDL1_score,486,0.2295221439836304,3.131992463097319e-07,4.347547588479055e-07
LUSC,tgfb_emt_exclusion_context,TGF/EMT,CTLA4_data,486,0.3784310980853826,5.39144274907997e-18,9.809180118727437e-18
LUSC,tgfb_emt_exclusion_context,TGF/EMT,Bcell_mg_IGJ,486,0.4084485133436583,5.771848657925937e-21,1.104426897612279e-20
LUSC,tgfb_emt_exclusion_context,TGF/EMT,Bcell_receptors_score,486,0.4171348816374665,6.979950879831313e-22,1.3474426112946184e-21
LUSC,tgfb_emt_exclusion_context,TGF/EMT,STAT1_score,486,0.3865021231150622,9.177517067283977e-19,1.688961192355373e-18
LUSC,tgfb_emt_exclusion_context,TGF/EMT,CSF1_response,486,0.5404085132330745,3.359999133656046e-38,8.438778987575664e-38
LUSC,tgfb_emt_exclusion_context,TGF/EMT,TcClassII_score,486,0.4174058551337009,6.528285259917389e-22,1.2611460161204049e-21
LUSC,tgfb_emt_exclusion_context,TGF/EMT,IL12_score_21050467,486,0.3786946356096746,5.092514415775067e-18,9.271512189362909e-18
LUSC,tgfb_emt_exclusion_context,TGF/EMT,IL4_score_21050467,486,0.5950397049978113,7.041188195817842e-48,2.0342041309213523e-47
LUSC,tgfb_emt_exclusion_context,TGF/EMT,IL2_score_21050467,486,0.5446549289573044,6.86640933866769e-39,1.747930126455416e-38
LUSC,tgfb_emt_exclusion_context,TGF/EMT,IL13_score_21050467,486,0.5684516113065241,6.079927988273986e-43,1.638177724428454e-42
LUSC,tgfb_emt_exclusion_context,TGF/EMT,IFNG_score_21050467,486,0.4258088984778371,7.954906629401979e-23,1.560010528621008e-22
LUSC,tgfb_emt_exclusion_context,TGF/EMT,TGFB_score_21050467,486,0.9047219699879218,1.7301158433892936e-181,2.869460423182243e-180
LUSC,tgfb_emt_exclusion_context,TGF/EMT,TREM1_data,486,0.5655305534072302,1.9915335961046988e-42,5.318577694064586e-42
LUSC,tgfb_emt_exclusion_context,TGF/EMT,DAP12_data,486,0.4774082454739809,4.9191507077865967e-29,1.069124244920459e-28
LUSC,tgfb_emt_exclusion_context,TGF/EMT,Tcell_receptors_score,486,0.3303924083433402,7.671551469467615e-14,1.2825212044838297e-13
LUSC,tgfb_emt_exclusion_context,TGF/EMT,IL8_21978456,486,0.291976944339984,5.2475523263356674e-11,8.135276333789123e-11
LUSC,tgfb_emt_exclusion_context,TGF/EMT,IFN_21978456,486,0.2205338747428346,9.116126804063804e-07,1.2450848559906376e-06
LUSC,tgfb_emt_exclusion_context,TGF/EMT,MHC1_21978456,486,0.3840835815088264,1.5681935969754772e-18,2.878196075420579e-18
LUSC,tgfb_emt_exclusion_context,TGF/EMT,MHC2_21978456,486,0.4524971364420927,6.632533905084368e-26,1.37033742664865e-25
LUSC,tgfb_emt_exclusion_context,TGF/EMT,Bcell_21978456,486,-0.1520732797605784,0.0007697009191166,0.0009397431168105
LUSC,tgfb_emt_exclusion_context,TGF/EMT,Tcell_21978456,486,0.3979962568066695,6.764682225196629e-20,1.2698368290224174e-19
LUSC,tgfb_emt_exclusion_context,TGF/EMT,CD103pos_mean_25446897,486,0.372932351891882,1.7517488867756486e-17,3.155468193397195e-17
LUSC,tgfb_emt_exclusion_context,TGF/EMT,CD103neg_mean_25446897,486,0.497937190150901,8.172398241675676e-32,1.8516387519665003e-31
LUSC,tgfb_emt_exclusion_context,TGF/EMT,IgG_19272155,486,0.2640106267105601,3.4123720030568303e-09,5.021180334495309e-09
LUSC,tgfb_emt_exclusion_context,TGF/EMT,Interferon_19272155,486,0.2228447636129886,6.955892208590222e-07,9.538707742558812e-07
LUSC,tgfb_emt_exclusion_context,TGF/EMT,LCK_19272155,486,0.4454385953266401,4.599329807988224e-25,9.38850062118422e-25
LUSC,tgfb_emt_exclusion_context,TGF/EMT,MHC.I_19272155,486,0.3851401695596455,1.2416201529393492e-18,2.28266766880367e-18
LUSC,tgfb_emt_exclusion_context,TGF/EMT,MHC.II_19272155,486,0.467677887395192,8.812174266404877e-28,1.878457210393516e-27
LUSC,tgfb_emt_exclusion_context,TGF/EMT,STAT1_19272155,486,0.262212053924478,4.392771266518602e-09,6.4394167851956875e-09
LUSC,tgfb_emt_exclusion_context,TGF/EMT,Troester_WoundSig_19887484,486,0.7236191599975206,5.790168490121374e-80,2.633655232964906e-79
LUSC,tgfb_emt_exclusion_context,TGF/EMT,MDACC.FNA.1_20805453,486,0.5521864538599713,3.882785526547759e-40,1.0058263459247529e-39
LUSC,tgfb_emt_exclusion_context,TGF/EMT,IGG_Cluster_21214954,486,0.4275539785412198,5.099742460022354e-23,1.0026237434955406e-22
LUSC,tgfb_emt_exclusion_context,TGF/EMT,Minterferon_Cluster_21214954,486,0.3139028123399492,1.4200492848792525e-12,2.2977596995071784e-12
LUSC,tgfb_emt_exclusion_context,TGF/EMT,Immune_cell_Cluster_21214954,486,0.4460699471366891,3.8749605820646474e-25,7.921753313202434e-25
LUSC,tgfb_emt_exclusion_context,TGF/EMT,MCD3_CD8_21214954,486,0.5950279725481068,7.078255326832655e-48,2.0438274404442483e-47
LUSC,tgfb_emt_exclusion_context,TGF/EMT,Interferon_Cluster_21214954,486,0.2488641289397196,2.699398108964676e-08,3.8644015033599574e-08
LUSC,tgfb_emt_exclusion_context,TGF/EMT,B_cell_PCA_16704732,486,0.4426192975582778,9.843651506722643e-25,1.9958801415047032e-24
LUSC,tgfb_emt_exclusion_context,TGF/EMT,CD8_PCA_16704732,486,0.3197285962548659,5.168500935219913e-13,8.448511144109474e-13
LUSC,tgfb_emt_exclusion_context,TGF/EMT,GRANS_PCA_16704732,486,0.3051380486605668,6.234407056484889e-12,9.922520300549384e-12
LUSC,tgfb_emt_exclusion_context,TGF/EMT,LYMPHS_PCA_16704732,486,-0.1284013052306178,0.0045809298366386,0.005404523598203
LUSC,tgfb_emt_exclusion_context,TGF/EMT,T_cell_PCA_16704732,486,0.4803056232025517,2.0459783933066545e-29,4.4771208606549475e-29
LUSC,tgfb_emt_exclusion_context,TGF/EMT,TGFB_PCA_17349583,486,0.9626216113959908,1.0384782933472232e-276,4.8701050998352535e-275
LUSC,tgfb_emt_exclusion_context,TGF/EMT,Rotterdam_ERneg_PCA_15721472,486,-0.0418903846367968,0.3567805147556279,0.3753405531368431
LUSC,tgfb_emt_exclusion_context,TGF/EMT,HER2_Immune_PCA_18006808,486,0.4761426973340823,7.19722104158683e-29,1.559254578503877e-28
LUSC,tgfb_emt_exclusion_context,TGF/EMT,IR7_score,486,0.288186760171102,9.499942154290472e-11,1.4635991311056406e-10
LUSC,tgfb_emt_exclusion_context,TGF/EMT,Buck14_score,486,-0.0700765639344213,0.1228828570060663,0.1339108057117389
LUSC,tgfb_emt_exclusion_context,TGF/EMT,TAMsurr_score,486,0.3488793575761901,2.344005918768859e-15,4.057076741362581e-15
LUSC,tgfb_emt_exclusion_context,TGF/EMT,Immune_NSCLC_score,486,0.1336273431422181,0.0031620296127588,0.0037615222159213
LUSC,tgfb_emt_exclusion_context,TGF/EMT,Module3_IFN_score,486,0.2432365853007099,5.6289193851842566e-08,7.966004540947545e-08
LUSC,tgfb_emt_exclusion_context,TGF/EMT,Module4_TcellBcell_score,486,0.4031739732914757,2.0204898136223902e-20,3.835123721600071e-20
LUSC,tgfb_emt_exclusion_context,TGF/EMT,Module5_TcellBcell_score,486,0.4003000555462981,3.961699497457336e-20,7.467652552379733e-20
LUSC,tgfb_emt_exclusion_context,TGF/EMT,Module11_Prolif_score,486,-0.4422206819702019,1.0955469969388355e-24,2.218003596333184e-24
LUSC,tgfb_emt_exclusion_context,TGF/EMT,GP11_Immune_IFN,486,0.2242222045428225,5.912051798820843e-07,8.127763908411773e-07
LUSC,tgfb_emt_exclusion_context,TGF/EMT,GP2_ImmuneTcellBcell_score,486,0.6009893494522547,4.776493220973584e-49,1.40682853936634e-48
LUSC,tgfb_emt_exclusion_context,TGF/EMT,CD8_CD68_ratio,486,-0.3459113319906835,4.168969760849779e-15,7.174690129396645e-15
LUSC,tgfb_emt_exclusion_context,TGF/EMT,TAMsurr_TcClassII_ratio,486,-0.2111037646999172,2.66741026212296e-06,3.5820073626138986e-06
LUSC,tgfb_emt_exclusion_context,TGF/EMT,CHANG_CORE_SERUM_RESPONSE_UP,486,-0.3342953569881579,3.7449839362585543e-14,6.3014885905495e-14
LUSC,tgfb_emt_exclusion_context,TGF/EMT,CSR_Activated_15701700,486,-0.4518819673310502,7.866100809709706e-26,1.62335312613129e-25
LUSC,tgfb_emt_exclusion_context,TGF/EMT,CD103pos_CD103neg_ratio_25446897,486,-0.1213739840961594,0.0073895597707334,0.0086135001398735
OV,tgfb_emt_exclusion_context,TGF/EMT,ICS5_score,269,0.3293471703894472,3.1725950321538306e-08,4.528710830468863e-08
OV,tgfb_emt_exclusion_context,TGF/EMT,LIexpression_score,269,0.3702879653775731,3.6303317184971584e-10,5.49040993845553e-10
OV,tgfb_emt_exclusion_context,TGF/EMT,Chemokine12_score,269,0.3989168776496866,1.0720745751576977e-11,1.6914401649819822e-11
OV,tgfb_emt_exclusion_context,TGF/EMT,NHI_5gene_score,269,0.0653403657153666,0.2856050301342356,0.3026868038048396
OV,tgfb_emt_exclusion_context,TGF/EMT,CD68,269,0.3748477636406493,2.1190634385369352e-10,3.2227299708249726e-10
OV,tgfb_emt_exclusion_context,TGF/EMT,CD8A,269,0.3220783095904281,6.571061421314769e-08,9.267973588787228e-08
OV,tgfb_emt_exclusion_context,TGF/EMT,PD1_data,269,0.2386048031378759,7.73640259312107e-05,9.853905433523442e-05
OV,tgfb_emt_exclusion_context,TGF/EMT,PDL1_data,269,0.1765065808012182,0.0036810041516669,0.0043626715871608
OV,tgfb_emt_exclusion_context,TGF/EMT,PD1_PDL1_score,269,0.2400369528053825,6.98307998583382e-05,8.917360357496709e-05
OV,tgfb_emt_exclusion_context,TGF/EMT,CTLA4_data,269,0.3175431791139181,1.025060717181458e-07,1.4383106271516974e-07
OV,tgfb_emt_exclusion_context,TGF/EMT,Bcell_mg_IGJ,269,0.1971665834396789,0.0011512876999186,0.001398304328546
OV,tgfb_emt_exclusion_context,TGF/EMT,Bcell_receptors_score,269,0.3259799675600116,4.4558638289829197e-08,6.332262076715537e-08
OV,tgfb_emt_exclusion_context,TGF/EMT,STAT1_score,269,0.2485590167375807,3.74670961591764e-05,4.831026383169462e-05
OV,tgfb_emt_exclusion_context,TGF/EMT,CSF1_response,269,0.4084538930752005,3.0692566128194927e-12,4.919492037047153e-12
OV,tgfb_emt_exclusion_context,TGF/EMT,TcClassII_score,269,0.2505397810420944,3.2315270453406494e-05,4.181614444969822e-05
OV,tgfb_emt_exclusion_context,TGF/EMT,IL12_score_21050467,269,0.3702552910786834,3.644253210355333e-10,5.509932591532241e-10
OV,tgfb_emt_exclusion_context,TGF/EMT,IL4_score_21050467,269,0.4414366955300214,2.9535896010282543e-14,4.986817948353104e-14
OV,tgfb_emt_exclusion_context,TGF/EMT,IL2_score_21050467,269,0.4609330147486006,1.4835353267694082e-15,2.586676980008199e-15
OV,tgfb_emt_exclusion_context,TGF/EMT,IL13_score_21050467,269,0.322901750341458,6.056601642746168e-08,8.557899464036144e-08
OV,tgfb_emt_exclusion_context,TGF/EMT,IFNG_score_21050467,269,0.2611608598091883,1.4316777593871932e-05,1.875801303243336e-05
OV,tgfb_emt_exclusion_context,TGF/EMT,TGFB_score_21050467,269,0.9219211818485306,5.690950058799211e-112,3.8220701629466314e-111
OV,tgfb_emt_exclusion_context,TGF/EMT,TREM1_data,269,0.3809218937237916,1.0209207768320651e-10,1.5710916622253003e-10
OV,tgfb_emt_exclusion_context,TGF/EMT,DAP12_data,269,0.3316004599091623,2.521714679373177e-08,3.616867757534976e-08
OV,tgfb_emt_exclusion_context,TGF/EMT,Tcell_receptors_score,269,0.3531518368504441,2.5498504179800304e-09,3.769344096144392e-09
OV,tgfb_emt_exclusion_context,TGF/EMT,IL8_21978456,269,0.2900948448879794,1.2968474637091262e-06,1.7619506000443671e-06
OV,tgfb_emt_exclusion_context,TGF/EMT,IFN_21978456,269,-0.0628764479954625,0.3042015189643784,0.3215186056277868
OV,tgfb_emt_exclusion_context,TGF/EMT,MHC1_21978456,269,0.1209800010141378,0.0474494674629551,0.0531997326872374
OV,tgfb_emt_exclusion_context,TGF/EMT,MHC2_21978456,269,0.1785928408123164,0.0032909717555834,0.0039072209407188
OV,tgfb_emt_exclusion_context,TGF/EMT,Bcell_21978456,269,0.0102736200169465,0.8668038355201252,0.8750070263925555
OV,tgfb_emt_exclusion_context,TGF/EMT,Tcell_21978456,269,0.3775718680451521,1.5300985705537138e-10,2.340100147262357e-10
OV,tgfb_emt_exclusion_context,TGF/EMT,CD103pos_mean_25446897,269,0.2762202852590603,4.244408821856255e-06,5.6619872464193294e-06
OV,tgfb_emt_exclusion_context,TGF/EMT,CD103neg_mean_25446897,269,0.4531223847067188,5.031524010493227e-15,8.634539626840112e-15
OV,tgfb_emt_exclusion_context,TGF/EMT,IgG_19272155,269,0.190617940633566,0.0016857092280451,0.0020310649392172
OV,tgfb_emt_exclusion_context,TGF/EMT,Interferon_19272155,269,-0.077154523896791,0.2071588184225428,0.2216648253773865
OV,tgfb_emt_exclusion_context,TGF/EMT,LCK_19272155,269,0.4047279717780371,5.026985098604102e-12,8.021941606455358e-12
OV,tgfb_emt_exclusion_context,TGF/EMT,MHC.I_19272155,269,0.1421304478429505,0.0196949712323262,0.0224754863653985
OV,tgfb_emt_exclusion_context,TGF/EMT,MHC.II_19272155,269,0.2309204027755307,0.0001326338574294,0.0001672527084878
OV,tgfb_emt_exclusion_context,TGF/EMT,STAT1_19272155,269,0.1077746336471299,0.0776399436527024,0.0857412288815877
OV,tgfb_emt_exclusion_context,TGF/EMT,Troester_WoundSig_19887484,269,0.7436003030698628,1.3781474236722468e-48,4.029929221200298e-48
OV,tgfb_emt_exclusion_context,TGF/EMT,MDACC.FNA.1_20805453,269,0.4336025675842086,9.31970872160304e-14,1.5547137517792255e-13
OV,tgfb_emt_exclusion_context,TGF/EMT,IGG_Cluster_21214954,269,0.29838271418088,6.193888468103233e-07,8.510925300955187e-07
OV,tgfb_emt_exclusion_context,TGF/EMT,Minterferon_Cluster_21214954,269,0.0442138953068789,0.47020958075832,0.4883429017421269
OV,tgfb_emt_exclusion_context,TGF/EMT,Immune_cell_Cluster_21214954,269,0.339390821416731,1.1237841462021505e-08,1.6259004668456645e-08
OV,tgfb_emt_exclusion_context,TGF/EMT,MCD3_CD8_21214954,269,0.6925229325064557,9.51639387323696e-40,2.4488733524318383e-39
OV,tgfb_emt_exclusion_context,TGF/EMT,Interferon_Cluster_21214954,269,-0.0792459879185239,0.195073048514975,0.209144143461069
OV,tgfb_emt_exclusion_context,TGF/EMT,B_cell_PCA_16704732,269,0.3651559989944989,6.587982465271083e-10,9.902908154483196e-10
OV,tgfb_emt_exclusion_context,TGF/EMT,CD8_PCA_16704732,269,0.3608337434318142,1.079455362098628e-09,1.6145826697323443e-09
OV,tgfb_emt_exclusion_context,TGF/EMT,GRANS_PCA_16704732,269,0.2603188459674672,1.529107692460121e-05,2.001526912171092e-05
OV,tgfb_emt_exclusion_context,TGF/EMT,LYMPHS_PCA_16704732,269,0.2479516913573396,3.919598535915659e-05,5.051555563937736e-05
OV,tgfb_emt_exclusion_context,TGF/EMT,T_cell_PCA_16704732,269,0.4297236384945183,1.6284755520564634e-13,2.695134470090405e-13
OV,tgfb_emt_exclusion_context,TGF/EMT,TGFB_PCA_17349583,269,0.9467094350766554,2.1947953876784507e-133,1.9573257227820935e-132
OV,tgfb_emt_exclusion_context,TGF/EMT,Rotterdam_ERneg_PCA_15721472,269,0.057304291202224,0.3491428917945299,0.3674477329004145
OV,tgfb_emt_exclusion_context,TGF/EMT,HER2_Immune_PCA_18006808,269,0.4021825205393671,7.017311803791423e-12,1.1149000062098522e-11
OV,tgfb_emt_exclusion_context,TGF/EMT,IR7_score,269,0.2892579956127336,1.3955145414348603e-06,1.8945842539070723e-06
OV,tgfb_emt_exclusion_context,TGF/EMT,Buck14_score,269,-0.1332807050748403,0.0288488256924361,0.0326409342277147
OV,tgfb_emt_exclusion_context,TGF/EMT,TAMsurr_score,269,0.0916070206587878,0.1339714846618866,0.1454700352416493
OV,tgfb_emt_exclusion_context,TGF/EMT,Immune_NSCLC_score,269,0.1591258077070263,0.0089388898243821,0.0103573079115312
OV,tgfb_emt_exclusion_context,TGF/EMT,Module3_IFN_score,269,-0.0574509908484219,0.3479084815573279,0.3662903308828845
OV,tgfb_emt_exclusion_context,TGF/EMT,Module4_TcellBcell_score,269,0.3928167072989353,2.3371522585552938e-11,3.659789374364076e-11
OV,tgfb_emt_exclusion_context,TGF/EMT,Module5_TcellBcell_score,269,0.3278770842006062,3.6816221431690134e-08,5.2415662022610396e-08
OV,tgfb_emt_exclusion_context,TGF/EMT,Module11_Prolif_score,269,-0.0627149356555112,0.305447848607876,0.3227731733540881
OV,tgfb_emt_exclusion_context,TGF/EMT,GP11_Immune_IFN,269,-0.0605327346727361,0.322616834292854,0.340585208335557
OV,tgfb_emt_exclusion_context,TGF/EMT,GP2_ImmuneTcellBcell_score,269,0.4661247756921949,6.473950021362229e-16,1.1360738102003396e-15
OV,tgfb_emt_exclusion_context,TGF/EMT,CD8_CD68_ratio,269,-0.1141769467408928,0.061478192415096,0.0682533401506372
OV,tgfb_emt_exclusion_context,TGF/EMT,TAMsurr_TcClassII_ratio,269,-0.2309143445809464,0.0001326893052293,0.0001672838517838
OV,tgfb_emt_exclusion_context,TGF/EMT,CHANG_CORE_SERUM_RESPONSE_UP,269,-0.1097486939070187,0.0723257408799037,0.0800024461949321
OV,tgfb_emt_exclusion_context,TGF/EMT,CSR_Activated_15701700,269,-0.2402350333396215,6.884492682312119e-05,8.793529042446096e-05
OV,tgfb_emt_exclusion_context,TGF/EMT,CD103pos_CD103neg_ratio_25446897,269,-0.2933391119586599,9.737895208769364e-07,1.3293387687755418e-06
PAAD,tgfb_emt_exclusion_context,TGF/EMT,ICS5_score,156,0.1713204648584663,0.0324827830180311,0.0366458605595374
PAAD,tgfb_emt_exclusion_context,TGF/EMT,LIexpression_score,156,0.2205737550756735,0.005657952205804,0.0066406170441367
PAAD,tgfb_emt_exclusion_context,TGF/EMT,Chemokine12_score,156,0.3032036794107885,0.0001193155200216,0.0001508077204734
PAAD,tgfb_emt_exclusion_context,TGF/EMT,NHI_5gene_score,156,0.3871071749481606,5.972345887654704e-07,8.208580502486507e-07
PAAD,tgfb_emt_exclusion_context,TGF/EMT,CD68,156,0.3072559652448689,9.557158118384988e-05,0.0001212192589508
PAAD,tgfb_emt_exclusion_context,TGF/EMT,CD8A,156,0.2240415610038403,0.0049294989428879,0.0058019200020143
PAAD,tgfb_emt_exclusion_context,TGF/EMT,PD1_data,156,0.1376830033506492,0.0865282800185775,0.0952476412992841
PAAD,tgfb_emt_exclusion_context,TGF/EMT,PDL1_data,156,0.3976583139320515,2.741604665042814e-07,3.809534962409427e-07
PAAD,tgfb_emt_exclusion_context,TGF/EMT,PD1_PDL1_score,156,0.3255509246750991,3.369035949206624e-05,4.354372906553584e-05
PAAD,tgfb_emt_exclusion_context,TGF/EMT,CTLA4_data,156,0.2606081631595962,0.0010169884074536,0.0012368470683093
PAAD,tgfb_emt_exclusion_context,TGF/EMT,Bcell_mg_IGJ,156,0.2787329730311542,0.0004259390453985,0.0005268550265957
PAAD,tgfb_emt_exclusion_context,TGF/EMT,Bcell_receptors_score,156,0.2893015757614073,0.0002493172369653,0.0003113603693966
PAAD,tgfb_emt_exclusion_context,TGF/EMT,STAT1_score,156,0.2565903124504358,0.0012234933297317,0.0014826918497974
PAAD,tgfb_emt_exclusion_context,TGF/EMT,CSF1_response,156,0.4570549359541627,2.001613443431654e-09,2.965353249528376e-09
PAAD,tgfb_emt_exclusion_context,TGF/EMT,TcClassII_score,156,0.2823094308608999,0.0003561700837823,0.0004422655228887
PAAD,tgfb_emt_exclusion_context,TGF/EMT,IL12_score_21050467,156,0.2216657091446292,0.005418828206473,0.0063654557208407
PAAD,tgfb_emt_exclusion_context,TGF/EMT,IL4_score_21050467,156,0.3058652463213794,0.0001031715805561,0.0001307368735675
PAAD,tgfb_emt_exclusion_context,TGF/EMT,IL2_score_21050467,156,0.389489614082216,5.021316645550723e-07,6.91893681656432e-07
PAAD,tgfb_emt_exclusion_context,TGF/EMT,IL13_score_21050467,156,0.4406322653863754,8.586391635430102e-09,1.2465964904387445e-08
PAAD,tgfb_emt_exclusion_context,TGF/EMT,IFNG_score_21050467,156,0.2423592501772896,0.0023013994239382,0.0027558029641699
PAAD,tgfb_emt_exclusion_context,TGF/EMT,TGFB_score_21050467,156,0.9117738867524198,2.131165916779776e-61,7.562650089551195e-61
PAAD,tgfb_emt_exclusion_context,TGF/EMT,TREM1_data,156,0.4866731572882568,1.1819884069726747e-10,1.8158760050639227e-10
PAAD,tgfb_emt_exclusion_context,TGF/EMT,DAP12_data,156,0.3476756637177798,8.704588097365789e-06,1.146838441503267e-05
PAAD,tgfb_emt_exclusion_context,TGF/EMT,Tcell_receptors_score,156,0.2118980259518579,0.0079180258082856,0.0092168483665826
PAAD,tgfb_emt_exclusion_context,TGF/EMT,IL8_21978456,156,0.177499960487427,0.0266383329404393,0.0302184501472346
PAAD,tgfb_emt_exclusion_context,TGF/EMT,IFN_21978456,156,0.0304151981160405,0.7062347722010486,0.7204044929258775
PAAD,tgfb_emt_exclusion_context,TGF/EMT,MHC1_21978456,156,-0.1967506414871894,0.0138256058572913,0.0158841173946494
PAAD,tgfb_emt_exclusion_context,TGF/EMT,MHC2_21978456,156,0.2960598062303424,0.0001750607296066,0.0002197854532794
PAAD,tgfb_emt_exclusion_context,TGF/EMT,Bcell_21978456,156,-0.1951672847770292,0.0146239523392598,0.0167765290437733
PAAD,tgfb_emt_exclusion_context,TGF/EMT,Tcell_21978456,156,0.3111346430434163,7.704918239324142e-05,9.82070178583021e-05
PAAD,tgfb_emt_exclusion_context,TGF/EMT,CD103pos_mean_25446897,156,0.2232175878364495,0.005094528643478,0.0059935631099742
PAAD,tgfb_emt_exclusion_context,TGF/EMT,CD103neg_mean_25446897,156,0.4695927043985395,6.244655368418592e-10,9.394614271072215e-10
PAAD,tgfb_emt_exclusion_context,TGF/EMT,IgG_19272155,156,0.0373378599008857,0.6435360346584053,0.6594153378304247
PAAD,tgfb_emt_exclusion_context,TGF/EMT,Interferon_19272155,156,0.0440786806583569,0.5848044337747698,0.6008189083540599
PAAD,tgfb_emt_exclusion_context,TGF/EMT,LCK_19272155,156,0.3164166837887815,5.718172875585176e-05,7.320983865187894e-05
PAAD,tgfb_emt_exclusion_context,TGF/EMT,MHC.I_19272155,156,-0.1177949754192457,0.1430492176916427,0.1551101742560367
PAAD,tgfb_emt_exclusion_context,TGF/EMT,MHC.II_19272155,156,0.3706468998435302,1.9082617528453967e-06,2.5740004799104782e-06
PAAD,tgfb_emt_exclusion_context,TGF/EMT,STAT1_19272155,156,0.2025969263936135,0.0111984662095687,0.012928619732609
PAAD,tgfb_emt_exclusion_context,TGF/EMT,Troester_WoundSig_19887484,156,0.5344206148320921,6.700737147495773e-13,1.0930137955735233e-12
PAAD,tgfb_emt_exclusion_context,TGF/EMT,MDACC.FNA.1_20805453,156,0.448809445725232,4.198536627937875e-09,6.1580046524621315e-09
PAAD,tgfb_emt_exclusion_context,TGF/EMT,IGG_Cluster_21214954,156,0.2261257132019408,0.0045332424845445,0.0053529062548127
PAAD,tgfb_emt_exclusion_context,TGF/EMT,Minterferon_Cluster_21214954,156,0.132308745166662,0.0996625323168313,0.1091532465881945
PAAD,tgfb_emt_exclusion_context,TGF/EMT,Immune_cell_Cluster_21214954,156,0.3396216276019029,1.4418594679697351e-05,1.8882319464986423e-05
PAAD,tgfb_emt_exclusion_context,TGF/EMT,MCD3_CD8_21214954,156,0.3571367609173238,4.72569860938105e-06,6.29013957304451e-06
PAAD,tgfb_emt_exclusion_context,TGF/EMT,Interferon_Cluster_21214954,156,0.0276935720946405,0.7314656117343232,0.7448844866781577
PAAD,tgfb_emt_exclusion_context,TGF/EMT,B_cell_PCA_16704732,156,0.2746281866890044,0.0005214823555843,0.0006419696796512
PAAD,tgfb_emt_exclusion_context,TGF/EMT,CD8_PCA_16704732,156,0.2360879962197259,0.0030063983321398,0.0035802992396761
PAAD,tgfb_emt_exclusion_context,TGF/EMT,GRANS_PCA_16704732,156,-0.2414028543882663,0.0023981768473069,0.0028697936756159
PAAD,tgfb_emt_exclusion_context,TGF/EMT,LYMPHS_PCA_16704732,156,0.0641937064373883,0.4259434474517449,0.4447470929246626
PAAD,tgfb_emt_exclusion_context,TGF/EMT,T_cell_PCA_16704732,156,0.2703197357399124,0.0006427459538443,0.0007880410162075
PAAD,tgfb_emt_exclusion_context,TGF/EMT,TGFB_PCA_17349583,156,0.924054404114657,3.347630639322348e-66,1.2761815471558213e-65
PAAD,tgfb_emt_exclusion_context,TGF/EMT,Rotterdam_ERneg_PCA_15721472,156,-0.4539128936740947,2.660627929112261e-09,3.929898434529107e-09
PAAD,tgfb_emt_exclusion_context,TGF/EMT,HER2_Immune_PCA_18006808,156,0.3345418912297892,1.9681889609886973e-05,2.5651528384711343e-05
PAAD,tgfb_emt_exclusion_context,TGF/EMT,IR7_score,156,0.1565032266019982,0.0510518637338912,0.0571327172829393
PAAD,tgfb_emt_exclusion_context,TGF/EMT,Buck14_score,156,-0.083572318733979,0.2996245983832274,0.3169274383054165
PAAD,tgfb_emt_exclusion_context,TGF/EMT,TAMsurr_score,156,0.2102434055440001,0.00843031722723,0.0097888848913833
PAAD,tgfb_emt_exclusion_context,TGF/EMT,Immune_NSCLC_score,156,-0.0038026960261399,0.9624224950566932,0.9649057082765226
PAAD,tgfb_emt_exclusion_context,TGF/EMT,Module3_IFN_score,156,0.0558296850057688,0.4887837483914268,0.5061838171043902
PAAD,tgfb_emt_exclusion_context,TGF/EMT,Module4_TcellBcell_score,156,0.2610074125586761,0.0009983194302589,0.0012146852383378
PAAD,tgfb_emt_exclusion_context,TGF/EMT,Module5_TcellBcell_score,156,0.3198073680005385,4.707970468336167e-05,6.046118826191868e-05
PAAD,tgfb_emt_exclusion_context,TGF/EMT,Module11_Prolif_score,156,-0.1161766309631944,0.148662799521189,0.1609404237602524
PAAD,tgfb_emt_exclusion_context,TGF/EMT,GP11_Immune_IFN,156,0.0609353354328442,0.4498508759478384,0.4688101082674791
PAAD,tgfb_emt_exclusion_context,TGF/EMT,GP2_ImmuneTcellBcell_score,156,0.4040738100019183,1.684989572619485e-07,2.353965915523882e-07
PAAD,tgfb_emt_exclusion_context,TGF/EMT,CD8_CD68_ratio,156,0.019617202193738,0.8079499302234163,0.8190919903867656
PAAD,tgfb_emt_exclusion_context,TGF/EMT,TAMsurr_TcClassII_ratio,156,-0.123925946941159,0.1232355649926228,0.1342413843732215
PAAD,tgfb_emt_exclusion_context,TGF/EMT,CHANG_CORE_SERUM_RESPONSE_UP,156,-0.1556588863108632,0.0523326716310501,0.0585059049882681
PAAD,tgfb_emt_exclusion_context,TGF/EMT,CSR_Activated_15701700,156,-0.2100286229533102,0.0084989243397815,0.0098643371897614
PAAD,tgfb_emt_exclusion_context,TGF/EMT,CD103pos_CD103neg_ratio_25446897,156,-0.1836530034716347,0.0217369835008689,0.0247538602145126
UCEC,tgfb_emt_exclusion_context,TGF/EMT,ICS5_score,528,0.1199920107284519,0.0057686009794461,0.0067661037792554
UCEC,tgfb_emt_exclusion_context,TGF/EMT,LIexpression_score,528,0.1725499831797323,6.735760311994705e-05,8.607595982440967e-05
UCEC,tgfb_emt_exclusion_context,TGF/EMT,Chemokine12_score,528,0.1848206950812429,1.9228751334780188e-05,2.5078975608056635e-05
UCEC,tgfb_emt_exclusion_context,TGF/EMT,NHI_5gene_score,528,0.0879387330158296,0.0434037654153533,0.0487239958438964
UCEC,tgfb_emt_exclusion_context,TGF/EMT,CD68,528,0.1289767196893343,0.0029872644007779,0.0035582917320411
UCEC,tgfb_emt_exclusion_context,TGF/EMT,CD8A,528,0.1985489761416399,4.279113983832251e-06,5.7068840578689495e-06
UCEC,tgfb_emt_exclusion_context,TGF/EMT,PD1_data,528,0.2047332165296747,2.0995408763410413e-06,2.8278044979686224e-06
UCEC,tgfb_emt_exclusion_context,TGF/EMT,PDL1_data,528,0.13421562099668,0.0019966779711095,0.0023983060637747
UCEC,tgfb_emt_exclusion_context,TGF/EMT,PD1_PDL1_score,528,0.2134286475654846,7.43134350854406e-07,1.018043532774608e-06
UCEC,tgfb_emt_exclusion_context,TGF/EMT,CTLA4_data,528,0.2148913439514235,6.213120827030921e-07,8.535196287638437e-07
UCEC,tgfb_emt_exclusion_context,TGF/EMT,Bcell_mg_IGJ,528,0.1118919243799902,0.0100800330763211,0.0116621395013158
UCEC,tgfb_emt_exclusion_context,TGF/EMT,Bcell_receptors_score,528,0.1366814794965453,0.0016436702255215,0.0019821693697267
UCEC,tgfb_emt_exclusion_context,TGF/EMT,STAT1_score,528,0.1051164762421089,0.0156763025445899,0.0179572722346955
UCEC,tgfb_emt_exclusion_context,TGF/EMT,CSF1_response,528,0.2608749475194569,1.1581031370537854e-09,1.7307915015309323e-09
UCEC,tgfb_emt_exclusion_context,TGF/EMT,TcClassII_score,528,0.1215560230094267,0.0051594992675981,0.0060673748412741
UCEC,tgfb_emt_exclusion_context,TGF/EMT,IL12_score_21050467,528,0.2522083813980443,4.1817686881797286e-09,6.135065173597013e-09
UCEC,tgfb_emt_exclusion_context,TGF/EMT,IL4_score_21050467,528,0.4247778105591971,1.5194597456244023e-24,3.0671098390340438e-24
UCEC,tgfb_emt_exclusion_context,TGF/EMT,IL2_score_21050467,528,0.3631872893249717,6.592383640741029e-18,1.1978145292461989e-17
UCEC,tgfb_emt_exclusion_context,TGF/EMT,IL13_score_21050467,528,0.2814690470813474,4.5198335597046046e-11,7.015091173978045e-11
UCEC,tgfb_emt_exclusion_context,TGF/EMT,IFNG_score_21050467,528,0.1390883783888924,0.0013552316774407,0.0016397821008179
UCEC,tgfb_emt_exclusion_context,TGF/EMT,TGFB_score_21050467,528,0.8512082776037765,2.187002047060515e-149,2.3842266805629663e-148
UCEC,tgfb_emt_exclusion_context,TGF/EMT,TREM1_data,528,0.1185091717297664,0.0064050126397644,0.0074915649882431
UCEC,tgfb_emt_exclusion_context,TGF/EMT,DAP12_data,528,0.0816870498516828,0.0606947552068903,0.0674661766092119
UCEC,tgfb_emt_exclusion_context,TGF/EMT,Tcell_receptors_score,528,0.2018145795683658,2.946151761791974e-06,3.948525642805701e-06
UCEC,tgfb_emt_exclusion_context,TGF/EMT,IL8_21978456,528,0.1500353372402924,0.000542230707796,0.0006669082184966
UCEC,tgfb_emt_exclusion_context,TGF/EMT,IFN_21978456,528,-0.1278419487429579,0.0032535771628271,0.0038645108658907
UCEC,tgfb_emt_exclusion_context,TGF/EMT,MHC1_21978456,528,-0.0329431117351086,0.4500173612595241,0.4688355063475531
UCEC,tgfb_emt_exclusion_context,TGF/EMT,MHC2_21978456,528,0.0398345454606227,0.3609683573917496,0.3795994324784685
UCEC,tgfb_emt_exclusion_context,TGF/EMT,Bcell_21978456,528,-0.0483517045220488,0.2674072448998774,0.2837876340724411
UCEC,tgfb_emt_exclusion_context,TGF/EMT,Tcell_21978456,528,0.2607946879496547,1.172210500171214e-09,1.7513938810577874e-09
UCEC,tgfb_emt_exclusion_context,TGF/EMT,CD103pos_mean_25446897,528,0.327600616470146,1.1272593407923632e-14,1.918739303476363e-14
UCEC,tgfb_emt_exclusion_context,TGF/EMT,CD103neg_mean_25446897,528,0.238514729200383,2.890718104524788e-08,4.1335806801528926e-08
UCEC,tgfb_emt_exclusion_context,TGF/EMT,IgG_19272155,528,0.1392903028033868,0.0013332860087853,0.0016135875167502
UCEC,tgfb_emt_exclusion_context,TGF/EMT,Interferon_19272155,528,-0.1248028463978705,0.0040763568551861,0.0048238810729198
UCEC,tgfb_emt_exclusion_context,TGF/EMT,LCK_19272155,528,0.2600838200861073,1.3046744518282654e-09,1.9434362042567807e-09
UCEC,tgfb_emt_exclusion_context,TGF/EMT,MHC.I_19272155,528,-0.0469667632471692,0.2813682102739208,0.2983709676199082
UCEC,tgfb_emt_exclusion_context,TGF/EMT,MHC.II_19272155,528,0.117000767010864,0.007116341766554,0.008302144372733
UCEC,tgfb_emt_exclusion_context,TGF/EMT,STAT1_19272155,528,0.0646788571804048,0.137745504056821,0.1494486521876957
UCEC,tgfb_emt_exclusion_context,TGF/EMT,Troester_WoundSig_19887484,528,0.6121799331399949,1.2957353791694944e-55,4.2157897504079244e-55
UCEC,tgfb_emt_exclusion_context,TGF/EMT,MDACC.FNA.1_20805453,528,0.2074152991527597,1.5312048067731995e-06,2.074658567583115e-06
UCEC,tgfb_emt_exclusion_context,TGF/EMT,IGG_Cluster_21214954,528,0.1921009377631893,8.78312126761364e-06,1.1566250228956236e-05
UCEC,tgfb_emt_exclusion_context,TGF/EMT,Minterferon_Cluster_21214954,528,-0.0296537284837671,0.496551674519903,0.5138370000738582
UCEC,tgfb_emt_exclusion_context,TGF/EMT,Immune_cell_Cluster_21214954,528,0.2005571986664531,3.4039567654331224e-06,4.555356655339775e-06
UCEC,tgfb_emt_exclusion_context,TGF/EMT,MCD3_CD8_21214954,528,0.6328559865672754,1.9769381682528752e-60,6.902787955902207e-60
UCEC,tgfb_emt_exclusion_context,TGF/EMT,Interferon_Cluster_21214954,528,-0.1272556852227026,0.0033994535270675,0.0040333756133582
UCEC,tgfb_emt_exclusion_context,TGF/EMT,B_cell_PCA_16704732,528,0.2060257366220178,1.8042004787685048e-06,2.4396844654488364e-06
UCEC,tgfb_emt_exclusion_context,TGF/EMT,CD8_PCA_16704732,528,0.1999566133676324,3.645920288256461e-06,4.87556695381395e-06
UCEC,tgfb_emt_exclusion_context,TGF/EMT,GRANS_PCA_16704732,528,0.0382499003735824,0.3804031182257127,0.3992654762006323
UCEC,tgfb_emt_exclusion_context,TGF/EMT,LYMPHS_PCA_16704732,528,-0.0303617980123551,0.4863235948836693,0.5037319794682332
UCEC,tgfb_emt_exclusion_context,TGF/EMT,T_cell_PCA_16704732,528,0.2884010564995321,1.4253476104171289e-11,2.241008959730977e-11
UCEC,tgfb_emt_exclusion_context,TGF/EMT,TGFB_PCA_17349583,528,0.8880278183208811,1.2553566400022613e-179,2.00268038756959e-178
UCEC,tgfb_emt_exclusion_context,TGF/EMT,Rotterdam_ERneg_PCA_15721472,528,-0.134786342634327,0.001909300527508,0.0022953800816892
UCEC,tgfb_emt_exclusion_context,TGF/EMT,HER2_Immune_PCA_18006808,528,0.2404052174256505,2.22879757828954e-08,3.205885464276863e-08
UCEC,tgfb_emt_exclusion_context,TGF/EMT,IR7_score,528,0.0837371855752898,0.0544860567278875,0.0608382899424688
UCEC,tgfb_emt_exclusion_context,TGF/EMT,Buck14_score,528,-0.179414748754018,3.3750835805556974e-05,4.361153130219238e-05
UCEC,tgfb_emt_exclusion_context,TGF/EMT,TAMsurr_score,528,0.0389580114866164,0.3716405720336242,0.3903697068667534
UCEC,tgfb_emt_exclusion_context,TGF/EMT,Immune_NSCLC_score,528,-0.1085036553163741,0.0126069249827482,0.0145115683254656
UCEC,tgfb_emt_exclusion_context,TGF/EMT,Module3_IFN_score,528,-0.1065595544530188,0.0142964379416272,0.0164042654297516
UCEC,tgfb_emt_exclusion_context,TGF/EMT,Module4_TcellBcell_score,528,0.2492423389364552,6.419510246691625e-09,9.349969408835994e-09
UCEC,tgfb_emt_exclusion_context,TGF/EMT,Module5_TcellBcell_score,528,0.1916305741495772,9.247577458357822e-06,1.2171986782837296e-05
UCEC,tgfb_emt_exclusion_context,TGF/EMT,Module11_Prolif_score,528,-0.1158188415519351,0.00772227720358,0.0089916926343055
UCEC,tgfb_emt_exclusion_context,TGF/EMT,GP11_Immune_IFN,528,-0.1148537588395237,0.0082508012474963,0.0095906749543547
UCEC,tgfb_emt_exclusion_context,TGF/EMT,GP2_ImmuneTcellBcell_score,528,0.3472315040874647,2.0882772553973964e-16,3.69438317702824e-16
UCEC,tgfb_emt_exclusion_context,TGF/EMT,CD8_CD68_ratio,528,0.0671797395355076,0.1231327821035872,0.1341562857287231
UCEC,tgfb_emt_exclusion_context,TGF/EMT,TAMsurr_TcClassII_ratio,528,-0.0939950395593255,0.0308109567776712,0.0348103021537968
UCEC,tgfb_emt_exclusion_context,TGF/EMT,CHANG_CORE_SERUM_RESPONSE_UP,528,-0.1407197481392131,0.0011870405151126,0.0014397994207831
UCEC,tgfb_emt_exclusion_context,TGF/EMT,CSR_Activated_15701700,528,-0.3043127436309584,8.922673532031027e-13,1.4511014652989177e-12
UCEC,tgfb_emt_exclusion_context,TGF/EMT,CD103pos_CD103neg_ratio_25446897,528,0.0775860139817959,0.0748713915047417,0.082750989391669
