sample_id,patient_id,sample_type_code,sample_type_label,cancer_hint,primary_disease_hint
TCGA-02-0047-01,TCGA-02-0047,1,Primary Solid Tumor,GBM,glioblastoma multiforme
TCGA-02-0055-01,TCGA-02-0055,1,Primary Solid Tumor,GBM,glioblastoma multiforme
TCGA-02-2483-01,TCGA-02-2483,1,Primary Solid Tumor,GBM,glioblastoma multiforme
TCGA-02-2485-01,TCGA-02-2485,1,Primary Solid Tumor,GBM,glioblastoma multiforme
TCGA-02-2486-01,TCGA-02-2486,1,Primary Solid Tumor,GBM,glioblastoma multiforme
TCGA-04-1348-01,TCGA-04-1348,1,Primary Solid Tumor,OV,ovarian serous cystadenocarcinoma
TCGA-04-1357-01,TCGA-04-1357,1,Primary Solid Tumor,OV,ovarian serous cystadenocarcinoma
TCGA-04-1362-01,TCGA-04-1362,1,Primary Solid Tumor,OV,ovarian serous cystadenocarcinoma
TCGA-04-1364-01,TCGA-04-1364,1,Primary Solid Tumor,OV,ovarian serous cystadenocarcinoma
TCGA-04-1365-01,TCGA-04-1365,1,Primary Solid Tumor,OV,ovarian serous cystadenocarcinoma
TCGA-04-1514-01,TCGA-04-1514,1,Primary Solid Tumor,OV,ovarian serous cystadenocarcinoma
TCGA-04-1519-01,TCGA-04-1519,1,Primary Solid Tumor,OV,ovarian serous cystadenocarcinoma
TCGA-05-4244-01,TCGA-05-4244,1,Primary Solid Tumor,LUAD,lung adenocarcinoma
TCGA-05-4249-01,TCGA-05-4249,1,Primary Solid Tumor,LUAD,lung adenocarcinoma
TCGA-05-4250-01,TCGA-05-4250,1,Primary Solid Tumor,LUAD,lung adenocarcinoma
TCGA-05-4382-01,TCGA-05-4382,1,Primary Solid Tumor,LUAD,lung adenocarcinoma
TCGA-05-4384-01,TCGA-05-4384,1,Primary Solid Tumor,LUAD,lung adenocarcinoma
TCGA-05-4389-01,TCGA-05-4389,1,Primary Solid Tumor,LUAD,lung adenocarcinoma
TCGA-05-4390-01,TCGA-05-4390,1,Primary Solid Tumor,LUAD,lung adenocarcinoma
TCGA-05-4395-01,TCGA-05-4395,1,Primary Solid Tumor,LUAD,lung adenocarcinoma
TCGA-05-4396-01,TCGA-05-4396,1,Primary Solid Tumor,LUAD,lung adenocarcinoma
TCGA-05-4397-01,TCGA-05-4397,1,Primary Solid Tumor,LUAD,lung adenocarcinoma
TCGA-05-4398-01,TCGA-05-4398,1,Primary Solid Tumor,LUAD,lung adenocarcinoma
TCGA-05-4402-01,TCGA-05-4402,1,Primary Solid Tumor,LUAD,lung adenocarcinoma
TCGA-05-4403-01,TCGA-05-4403,1,Primary Solid Tumor,LUAD,lung adenocarcinoma
TCGA-05-4405-01,TCGA-05-4405,1,Primary Solid Tumor,LUAD,lung adenocarcinoma
TCGA-05-4410-01,TCGA-05-4410,1,Primary Solid Tumor,LUAD,lung adenocarcinoma
TCGA-05-4415-01,TCGA-05-4415,1,Primary Solid Tumor,LUAD,lung adenocarcinoma
TCGA-05-4417-01,TCGA-05-4417,1,Primary Solid Tumor,LUAD,lung adenocarcinoma
TCGA-05-4418-01,TCGA-05-4418,1,Primary Solid Tumor,LUAD,lung adenocarcinoma
TCGA-05-4420-01,TCGA-05-4420,1,Primary Solid Tumor,LUAD,lung adenocarcinoma
TCGA-05-4422-01,TCGA-05-4422,1,Primary Solid Tumor,LUAD,lung adenocarcinoma
TCGA-05-4424-01,TCGA-05-4424,1,Primary Solid Tumor,LUAD,lung adenocarcinoma
TCGA-05-4425-01,TCGA-05-4425,1,Primary Solid Tumor,LUAD,lung adenocarcinoma
TCGA-05-4426-01,TCGA-05-4426,1,Primary Solid Tumor,LUAD,lung adenocarcinoma
TCGA-05-4427-01,TCGA-05-4427,1,Primary Solid Tumor,LUAD,lung adenocarcinoma
TCGA-05-4430-01,TCGA-05-4430,1,Primary Solid Tumor,LUAD,lung adenocarcinoma
TCGA-05-4432-01,TCGA-05-4432,1,Primary Solid Tumor,LUAD,lung adenocarcinoma
TCGA-05-4433-01,TCGA-05-4433,1,Primary Solid Tumor,LUAD,lung adenocarcinoma
TCGA-05-4434-01,TCGA-05-4434,1,Primary Solid Tumor,LUAD,lung adenocarcinoma
TCGA-05-5420-01,TCGA-05-5420,1,Primary Solid Tumor,LUAD,lung adenocarcinoma
TCGA-05-5423-01,TCGA-05-5423,1,Primary Solid Tumor,LUAD,lung adenocarcinoma
TCGA-05-5425-01,TCGA-05-5425,1,Primary Solid Tumor,LUAD,lung adenocarcinoma
TCGA-05-5428-01,TCGA-05-5428,1,Primary Solid Tumor,LUAD,lung adenocarcinoma
TCGA-05-5429-01,TCGA-05-5429,1,Primary Solid Tumor,LUAD,lung adenocarcinoma
TCGA-05-5715-01,TCGA-05-5715,1,Primary Solid Tumor,LUAD,lung adenocarcinoma
TCGA-06-0125-01,TCGA-06-0125,1,Primary Solid Tumor,GBM,glioblastoma multiforme
TCGA-06-0129-01,TCGA-06-0129,1,Primary Solid Tumor,GBM,glioblastoma multiforme
TCGA-06-0130-01,TCGA-06-0130,1,Primary Solid Tumor,GBM,glioblastoma multiforme
TCGA-06-0132-01,TCGA-06-0132,1,Primary Solid Tumor,GBM,glioblastoma multiforme
TCGA-06-0138-01,TCGA-06-0138,1,Primary Solid Tumor,GBM,glioblastoma multiforme
TCGA-06-0141-01,TCGA-06-0141,1,Primary Solid Tumor,GBM,glioblastoma multiforme
TCGA-06-0156-01,TCGA-06-0156,1,Primary Solid Tumor,GBM,glioblastoma multiforme
TCGA-06-0157-01,TCGA-06-0157,1,Primary Solid Tumor,GBM,glioblastoma multiforme
TCGA-06-0158-01,TCGA-06-0158,1,Primary Solid Tumor,GBM,glioblastoma multiforme
TCGA-06-0168-01,TCGA-06-0168,1,Primary Solid Tumor,GBM,glioblastoma multiforme
TCGA-06-0174-01,TCGA-06-0174,1,Primary Solid Tumor,GBM,glioblastoma multiforme
TCGA-06-0178-01,TCGA-06-0178,1,Primary Solid Tumor,GBM,glioblastoma multiforme
TCGA-06-0184-01,TCGA-06-0184,1,Primary Solid Tumor,GBM,glioblastoma multiforme
TCGA-06-0187-01,TCGA-06-0187,1,Primary Solid Tumor,GBM,glioblastoma multiforme
TCGA-06-0190-01,TCGA-06-0190,1,Primary Solid Tumor,GBM,glioblastoma multiforme
TCGA-06-0210-01,TCGA-06-0210,1,Primary Solid Tumor,GBM,glioblastoma multiforme
TCGA-06-0211-01,TCGA-06-0211,1,Primary Solid Tumor,GBM,glioblastoma multiforme
TCGA-06-0219-01,TCGA-06-0219,1,Primary Solid Tumor,GBM,glioblastoma multiforme
TCGA-06-0238-01,TCGA-06-0238,1,Primary Solid Tumor,GBM,glioblastoma multiforme
TCGA-06-0644-01,TCGA-06-0644,1,Primary Solid Tumor,GBM,glioblastoma multiforme
TCGA-06-0645-01,TCGA-06-0645,1,Primary Solid Tumor,GBM,glioblastoma multiforme
TCGA-06-0646-01,TCGA-06-0646,1,Primary Solid Tumor,GBM,glioblastoma multiforme
TCGA-06-0649-01,TCGA-06-0649,1,Primary Solid Tumor,GBM,glioblastoma multiforme
TCGA-06-0686-01,TCGA-06-0686,1,Primary Solid Tumor,GBM,glioblastoma multiforme
TCGA-06-0743-01,TCGA-06-0743,1,Primary Solid Tumor,GBM,glioblastoma multiforme
TCGA-06-0744-01,TCGA-06-0744,1,Primary Solid Tumor,GBM,glioblastoma multiforme
TCGA-06-0745-01,TCGA-06-0745,1,Primary Solid Tumor,GBM,glioblastoma multiforme
TCGA-06-0747-01,TCGA-06-0747,1,Primary Solid Tumor,GBM,glioblastoma multiforme
TCGA-06-0749-01,TCGA-06-0749,1,Primary Solid Tumor,GBM,glioblastoma multiforme
TCGA-06-0750-01,TCGA-06-0750,1,Primary Solid Tumor,GBM,glioblastoma multiforme
TCGA-06-0878-01,TCGA-06-0878,1,Primary Solid Tumor,GBM,glioblastoma multiforme
TCGA-06-0882-01,TCGA-06-0882,1,Primary Solid Tumor,GBM,glioblastoma multiforme
TCGA-06-1804-01,TCGA-06-1804,1,Primary Solid Tumor,GBM,glioblastoma multiforme
TCGA-06-2557-01,TCGA-06-2557,1,Primary Solid Tumor,GBM,glioblastoma multiforme
TCGA-06-2558-01,TCGA-06-2558,1,Primary Solid Tumor,GBM,glioblastoma multiforme
TCGA-06-2559-01,TCGA-06-2559,1,Primary Solid Tumor,GBM,glioblastoma multiforme
TCGA-06-2561-01,TCGA-06-2561,1,Primary Solid Tumor,GBM,glioblastoma multiforme
TCGA-06-2562-01,TCGA-06-2562,1,Primary Solid Tumor,GBM,glioblastoma multiforme
TCGA-06-2563-01,TCGA-06-2563,1,Primary Solid Tumor,GBM,glioblastoma multiforme
TCGA-06-2564-01,TCGA-06-2564,1,Primary Solid Tumor,GBM,glioblastoma multiforme
TCGA-06-2565-01,TCGA-06-2565,1,Primary Solid Tumor,GBM,glioblastoma multiforme
TCGA-06-2567-01,TCGA-06-2567,1,Primary Solid Tumor,GBM,glioblastoma multiforme
TCGA-06-2569-01,TCGA-06-2569,1,Primary Solid Tumor,GBM,glioblastoma multiforme
TCGA-06-2570-01,TCGA-06-2570,1,Primary Solid Tumor,GBM,glioblastoma multiforme
TCGA-06-5408-01,TCGA-06-5408,1,Primary Solid Tumor,GBM,glioblastoma multiforme
TCGA-06-5410-01,TCGA-06-5410,1,Primary Solid Tumor,GBM,glioblastoma multiforme
TCGA-06-5411-01,TCGA-06-5411,1,Primary Solid Tumor,GBM,glioblastoma multiforme
TCGA-06-5412-01,TCGA-06-5412,1,Primary Solid Tumor,GBM,glioblastoma multiforme
TCGA-06-5413-01,TCGA-06-5413,1,Primary Solid Tumor,GBM,glioblastoma multiforme
TCGA-06-5414-01,TCGA-06-5414,1,Primary Solid Tumor,GBM,glioblastoma multiforme
TCGA-06-5415-01,TCGA-06-5415,1,Primary Solid Tumor,GBM,glioblastoma multiforme
TCGA-06-5416-01,TCGA-06-5416,1,Primary Solid Tumor,GBM,glioblastoma multiforme
TCGA-06-5417-01,TCGA-06-5417,1,Primary Solid Tumor,GBM,glioblastoma multiforme
TCGA-06-5418-01,TCGA-06-5418,1,Primary Solid Tumor,GBM,glioblastoma multiforme
TCGA-06-5856-01,TCGA-06-5856,1,Primary Solid Tumor,GBM,glioblastoma multiforme
TCGA-06-5858-01,TCGA-06-5858,1,Primary Solid Tumor,GBM,glioblastoma multiforme
TCGA-06-5859-01,TCGA-06-5859,1,Primary Solid Tumor,GBM,glioblastoma multiforme
TCGA-08-0386-01,TCGA-08-0386,1,Primary Solid Tumor,GBM,glioblastoma multiforme
TCGA-09-0364-01,TCGA-09-0364,1,Primary Solid Tumor,OV,ovarian serous cystadenocarcinoma
TCGA-09-0366-01,TCGA-09-0366,1,Primary Solid Tumor,OV,ovarian serous cystadenocarcinoma
TCGA-09-0367-01,TCGA-09-0367,1,Primary Solid Tumor,OV,ovarian serous cystadenocarcinoma
TCGA-09-0369-01,TCGA-09-0369,1,Primary Solid Tumor,OV,ovarian serous cystadenocarcinoma
TCGA-09-1659-01,TCGA-09-1659,1,Primary Solid Tumor,OV,ovarian serous cystadenocarcinoma
TCGA-09-1662-01,TCGA-09-1662,1,Primary Solid Tumor,OV,ovarian serous cystadenocarcinoma
TCGA-09-1666-01,TCGA-09-1666,1,Primary Solid Tumor,OV,ovarian serous cystadenocarcinoma
TCGA-09-1667-01,TCGA-09-1667,1,Primary Solid Tumor,OV,ovarian serous cystadenocarcinoma
TCGA-09-1668-01,TCGA-09-1668,1,Primary Solid Tumor,OV,ovarian serous cystadenocarcinoma
TCGA-09-1669-01,TCGA-09-1669,1,Primary Solid Tumor,OV,ovarian serous cystadenocarcinoma
TCGA-09-1670-01,TCGA-09-1670,1,Primary Solid Tumor,OV,ovarian serous cystadenocarcinoma
TCGA-09-1673-01,TCGA-09-1673,1,Primary Solid Tumor,OV,ovarian serous cystadenocarcinoma
TCGA-09-1674-01,TCGA-09-1674,1,Primary Solid Tumor,OV,ovarian serous cystadenocarcinoma
TCGA-09-2044-01,TCGA-09-2044,1,Primary Solid Tumor,OV,ovarian serous cystadenocarcinoma
TCGA-09-2045-01,TCGA-09-2045,1,Primary Solid Tumor,OV,ovarian serous cystadenocarcinoma
TCGA-09-2048-01,TCGA-09-2048,1,Primary Solid Tumor,OV,ovarian serous cystadenocarcinoma
TCGA-09-2051-01,TCGA-09-2051,1,Primary Solid Tumor,OV,ovarian serous cystadenocarcinoma
TCGA-09-2054-01,TCGA-09-2054,1,Primary Solid Tumor,OV,ovarian serous cystadenocarcinoma
TCGA-09-2056-01,TCGA-09-2056,1,Primary Solid Tumor,OV,ovarian serous cystadenocarcinoma
TCGA-10-0928-01,TCGA-10-0928,1,Primary Solid Tumor,OV,ovarian serous cystadenocarcinoma
TCGA-10-0936-01,TCGA-10-0936,1,Primary Solid Tumor,OV,ovarian serous cystadenocarcinoma
TCGA-12-0616-01,TCGA-12-0616,1,Primary Solid Tumor,GBM,glioblastoma multiforme
TCGA-12-0618-01,TCGA-12-0618,1,Primary Solid Tumor,GBM,glioblastoma multiforme
TCGA-12-0619-01,TCGA-12-0619,1,Primary Solid Tumor,GBM,glioblastoma multiforme
TCGA-12-0821-01,TCGA-12-0821,1,Primary Solid Tumor,GBM,glioblastoma multiforme
TCGA-12-1597-01,TCGA-12-1597,1,Primary Solid Tumor,GBM,glioblastoma multiforme
TCGA-12-3650-01,TCGA-12-3650,1,Primary Solid Tumor,GBM,glioblastoma multiforme
TCGA-12-3652-01,TCGA-12-3652,1,Primary Solid Tumor,GBM,glioblastoma multiforme
TCGA-12-3653-01,TCGA-12-3653,1,Primary Solid Tumor,GBM,glioblastoma multiforme
TCGA-12-5295-01,TCGA-12-5295,1,Primary Solid Tumor,GBM,glioblastoma multiforme
TCGA-12-5299-01,TCGA-12-5299,1,Primary Solid Tumor,GBM,glioblastoma multiforme
TCGA-13-0730-01,TCGA-13-0730,1,Primary Solid Tumor,OV,ovarian serous cystadenocarcinoma
TCGA-13-0799-01,TCGA-13-0799,1,Primary Solid Tumor,OV,ovarian serous cystadenocarcinoma
TCGA-13-0800-01,TCGA-13-0800,1,Primary Solid Tumor,OV,ovarian serous cystadenocarcinoma
TCGA-13-0801-01,TCGA-13-0801,1,Primary Solid Tumor,OV,ovarian serous cystadenocarcinoma
TCGA-13-0890-01,TCGA-13-0890,1,Primary Solid Tumor,OV,ovarian serous cystadenocarcinoma
TCGA-13-0893-01,TCGA-13-0893,1,Primary Solid Tumor,OV,ovarian serous cystadenocarcinoma
TCGA-13-0897-01,TCGA-13-0897,1,Primary Solid Tumor,OV,ovarian serous cystadenocarcinoma
TCGA-13-0899-01,TCGA-13-0899,1,Primary Solid Tumor,OV,ovarian serous cystadenocarcinoma
TCGA-13-0913-01,TCGA-13-0913,1,Primary Solid Tumor,OV,ovarian serous cystadenocarcinoma
TCGA-13-0916-01,TCGA-13-0916,1,Primary Solid Tumor,OV,ovarian serous cystadenocarcinoma
TCGA-13-0920-01,TCGA-13-0920,1,Primary Solid Tumor,OV,ovarian serous cystadenocarcinoma
TCGA-13-0924-01,TCGA-13-0924,1,Primary Solid Tumor,OV,ovarian serous cystadenocarcinoma
TCGA-13-1403-01,TCGA-13-1403,1,Primary Solid Tumor,OV,ovarian serous cystadenocarcinoma
TCGA-13-1405-01,TCGA-13-1405,1,Primary Solid Tumor,OV,ovarian serous cystadenocarcinoma
TCGA-13-1410-01,TCGA-13-1410,1,Primary Solid Tumor,OV,ovarian serous cystadenocarcinoma
TCGA-13-1411-01,TCGA-13-1411,1,Primary Solid Tumor,OV,ovarian serous cystadenocarcinoma
TCGA-13-1481-01,TCGA-13-1481,1,Primary Solid Tumor,OV,ovarian serous cystadenocarcinoma
TCGA-13-1497-01,TCGA-13-1497,1,Primary Solid Tumor,OV,ovarian serous cystadenocarcinoma
TCGA-13-1498-01,TCGA-13-1498,1,Primary Solid Tumor,OV,ovarian serous cystadenocarcinoma
TCGA-13-1505-01,TCGA-13-1505,1,Primary Solid Tumor,OV,ovarian serous cystadenocarcinoma
TCGA-13-1506-01,TCGA-13-1506,1,Primary Solid Tumor,OV,ovarian serous cystadenocarcinoma
TCGA-13-1507-01,TCGA-13-1507,1,Primary Solid Tumor,OV,ovarian serous cystadenocarcinoma
TCGA-13-1511-01,TCGA-13-1511,1,Primary Solid Tumor,OV,ovarian serous cystadenocarcinoma
TCGA-13-1512-01,TCGA-13-1512,1,Primary Solid Tumor,OV,ovarian serous cystadenocarcinoma
TCGA-13-2060-01,TCGA-13-2060,1,Primary Solid Tumor,OV,ovarian serous cystadenocarcinoma
TCGA-13-A5FT-01,TCGA-13-A5FT,1,Primary Solid Tumor,OV,ovarian serous cystadenocarcinoma
TCGA-14-0781-01,TCGA-14-0781,1,Primary Solid Tumor,GBM,glioblastoma multiforme
TCGA-14-0787-01,TCGA-14-0787,1,Primary Solid Tumor,GBM,glioblastoma multiforme
TCGA-14-0789-01,TCGA-14-0789,1,Primary Solid Tumor,GBM,glioblastoma multiforme
TCGA-14-0790-01,TCGA-14-0790,1,Primary Solid Tumor,GBM,glioblastoma multiforme
TCGA-14-0817-01,TCGA-14-0817,1,Primary Solid Tumor,GBM,glioblastoma multiforme
TCGA-14-0871-01,TCGA-14-0871,1,Primary Solid Tumor,GBM,glioblastoma multiforme
TCGA-14-1034-01,TCGA-14-1034,1,Primary Solid Tumor,GBM,glioblastoma multiforme
TCGA-14-1823-01,TCGA-14-1823,1,Primary Solid Tumor,GBM,glioblastoma multiforme
TCGA-14-1825-01,TCGA-14-1825,1,Primary Solid Tumor,GBM,glioblastoma multiforme
TCGA-14-1829-01,TCGA-14-1829,1,Primary Solid Tumor,GBM,glioblastoma multiforme
TCGA-14-2554-01,TCGA-14-2554,1,Primary Solid Tumor,GBM,glioblastoma multiforme
TCGA-15-0742-01,TCGA-15-0742,1,Primary Solid Tumor,GBM,glioblastoma multiforme
TCGA-15-1444-01,TCGA-15-1444,1,Primary Solid Tumor,GBM,glioblastoma multiforme
TCGA-16-0846-01,TCGA-16-0846,1,Primary Solid Tumor,GBM,glioblastoma multiforme
TCGA-16-1045-01,TCGA-16-1045,1,Primary Solid Tumor,GBM,glioblastoma multiforme
TCGA-18-3406-01,TCGA-18-3406,1,Primary Solid Tumor,LUSC,lung squamous cell carcinoma
TCGA-18-3407-01,TCGA-18-3407,1,Primary Solid Tumor,LUSC,lung squamous cell carcinoma
TCGA-18-3408-01,TCGA-18-3408,1,Primary Solid Tumor,LUSC,lung squamous cell carcinoma
TCGA-18-3409-01,TCGA-18-3409,1,Primary Solid Tumor,LUSC,lung squamous cell carcinoma
TCGA-18-3410-01,TCGA-18-3410,1,Primary Solid Tumor,LUSC,lung squamous cell carcinoma
TCGA-18-3411-01,TCGA-18-3411,1,Primary Solid Tumor,LUSC,lung squamous cell carcinoma
TCGA-18-3412-01,TCGA-18-3412,1,Primary Solid Tumor,LUSC,lung squamous cell carcinoma
TCGA-18-3414-01,TCGA-18-3414,1,Primary Solid Tumor,LUSC,lung squamous cell carcinoma
TCGA-18-3415-01,TCGA-18-3415,1,Primary Solid Tumor,LUSC,lung squamous cell carcinoma
TCGA-18-3416-01,TCGA-18-3416,1,Primary Solid Tumor,LUSC,lung squamous cell carcinoma
TCGA-18-3417-01,TCGA-18-3417,1,Primary Solid Tumor,LUSC,lung squamous cell carcinoma
TCGA-18-3419-01,TCGA-18-3419,1,Primary Solid Tumor,LUSC,lung squamous cell carcinoma
TCGA-18-3421-01,TCGA-18-3421,1,Primary Solid Tumor,LUSC,lung squamous cell carcinoma
TCGA-18-4083-01,TCGA-18-4083,1,Primary Solid Tumor,LUSC,lung squamous cell carcinoma
TCGA-18-4086-01,TCGA-18-4086,1,Primary Solid Tumor,LUSC,lung squamous cell carcinoma
TCGA-18-4721-01,TCGA-18-4721,1,Primary Solid Tumor,LUSC,lung squamous cell carcinoma
TCGA-18-5592-01,TCGA-18-5592,1,Primary Solid Tumor,LUSC,lung squamous cell carcinoma
TCGA-18-5595-01,TCGA-18-5595,1,Primary Solid Tumor,LUSC,lung squamous cell carcinoma
TCGA-19-1390-01,TCGA-19-1390,1,Primary Solid Tumor,GBM,glioblastoma multiforme
TCGA-19-1787-01,TCGA-19-1787,1,Primary Solid Tumor,GBM,glioblastoma multiforme
TCGA-19-2619-01,TCGA-19-2619,1,Primary Solid Tumor,GBM,glioblastoma multiforme
TCGA-19-2620-01,TCGA-19-2620,1,Primary Solid Tumor,GBM,glioblastoma multiforme
TCGA-19-2624-01,TCGA-19-2624,1,Primary Solid Tumor,GBM,glioblastoma multiforme
TCGA-19-2625-01,TCGA-19-2625,1,Primary Solid Tumor,GBM,glioblastoma multiforme
TCGA-19-2629-01,TCGA-19-2629,1,Primary Solid Tumor,GBM,glioblastoma multiforme
TCGA-19-4065-01,TCGA-19-4065,1,Primary Solid Tumor,GBM,glioblastoma multiforme
TCGA-19-5960-01,TCGA-19-5960,1,Primary Solid Tumor,GBM,glioblastoma multiforme
TCGA-20-1682-01,TCGA-20-1682,1,Primary Solid Tumor,OV,ovarian serous cystadenocarcinoma
TCGA-20-1683-01,TCGA-20-1683,1,Primary Solid Tumor,OV,ovarian serous cystadenocarcinoma
TCGA-20-1684-01,TCGA-20-1684,1,Primary Solid Tumor,OV,ovarian serous cystadenocarcinoma
TCGA-20-1685-01,TCGA-20-1685,1,Primary Solid Tumor,OV,ovarian serous cystadenocarcinoma
TCGA-20-1687-01,TCGA-20-1687,1,Primary Solid Tumor,OV,ovarian serous cystadenocarcinoma
TCGA-21-1070-01,TCGA-21-1070,1,Primary Solid Tumor,LUSC,lung squamous cell carcinoma
TCGA-21-1071-01,TCGA-21-1071,1,Primary Solid Tumor,LUSC,lung squamous cell carcinoma
TCGA-21-1072-01,TCGA-21-1072,1,Primary Solid Tumor,LUSC,lung squamous cell carcinoma
TCGA-21-1075-01,TCGA-21-1075,1,Primary Solid Tumor,LUSC,lung squamous cell carcinoma
TCGA-21-1076-01,TCGA-21-1076,1,Primary Solid Tumor,LUSC,lung squamous cell carcinoma
TCGA-21-1077-01,TCGA-21-1077,1,Primary Solid Tumor,LUSC,lung squamous cell carcinoma
TCGA-21-1078-01,TCGA-21-1078,1,Primary Solid Tumor,LUSC,lung squamous cell carcinoma
TCGA-21-1079-01,TCGA-21-1079,1,Primary Solid Tumor,LUSC,lung squamous cell carcinoma
TCGA-21-1080-01,TCGA-21-1080,1,Primary Solid Tumor,LUSC,lung squamous cell carcinoma
TCGA-21-1081-01,TCGA-21-1081,1,Primary Solid Tumor,LUSC,lung squamous cell carcinoma
TCGA-21-1082-01,TCGA-21-1082,1,Primary Solid Tumor,LUSC,lung squamous cell carcinoma
TCGA-21-1083-01,TCGA-21-1083,1,Primary Solid Tumor,LUSC,lung squamous cell carcinoma
TCGA-21-5782-01,TCGA-21-5782,1,Primary Solid Tumor,LUSC,lung squamous cell carcinoma
TCGA-21-5783-01,TCGA-21-5783,1,Primary Solid Tumor,LUSC,lung squamous cell carcinoma
TCGA-21-5784-01,TCGA-21-5784,1,Primary Solid Tumor,LUSC,lung squamous cell carcinoma
TCGA-21-5786-01,TCGA-21-5786,1,Primary Solid Tumor,LUSC,lung squamous cell carcinoma
TCGA-21-5787-01,TCGA-21-5787,1,Primary Solid Tumor,LUSC,lung squamous cell carcinoma
TCGA-21-A5DI-01,TCGA-21-A5DI,1,Primary Solid Tumor,LUSC,lung squamous cell carcinoma
TCGA-22-0940-01,TCGA-22-0940,1,Primary Solid Tumor,LUSC,lung squamous cell carcinoma
TCGA-22-0944-01,TCGA-22-0944,1,Primary Solid Tumor,LUSC,lung squamous cell carcinoma
TCGA-22-1000-01,TCGA-22-1000,1,Primary Solid Tumor,LUSC,lung squamous cell carcinoma
TCGA-22-1002-01,TCGA-22-1002,1,Primary Solid Tumor,LUSC,lung squamous cell carcinoma
TCGA-22-1005-01,TCGA-22-1005,1,Primary Solid Tumor,LUSC,lung squamous cell carcinoma
TCGA-22-1011-01,TCGA-22-1011,1,Primary Solid Tumor,LUSC,lung squamous cell carcinoma
TCGA-22-1012-01,TCGA-22-1012,1,Primary Solid Tumor,LUSC,lung squamous cell carcinoma
TCGA-22-1016-01,TCGA-22-1016,1,Primary Solid Tumor,LUSC,lung squamous cell carcinoma
TCGA-22-1017-01,TCGA-22-1017,1,Primary Solid Tumor,LUSC,lung squamous cell carcinoma
TCGA-22-4591-01,TCGA-22-4591,1,Primary Solid Tumor,LUSC,lung squamous cell carcinoma
TCGA-22-4593-01,TCGA-22-4593,1,Primary Solid Tumor,LUSC,lung squamous cell carcinoma
TCGA-22-4594-01,TCGA-22-4594,1,Primary Solid Tumor,LUSC,lung squamous cell carcinoma
TCGA-22-4595-01,TCGA-22-4595,1,Primary Solid Tumor,LUSC,lung squamous cell carcinoma
TCGA-22-4596-01,TCGA-22-4596,1,Primary Solid Tumor,LUSC,lung squamous cell carcinoma
TCGA-22-4599-01,TCGA-22-4599,1,Primary Solid Tumor,LUSC,lung squamous cell carcinoma
TCGA-22-4601-01,TCGA-22-4601,1,Primary Solid Tumor,LUSC,lung squamous cell carcinoma
TCGA-22-4604-01,TCGA-22-4604,1,Primary Solid Tumor,LUSC,lung squamous cell carcinoma
TCGA-22-4605-01,TCGA-22-4605,1,Primary Solid Tumor,LUSC,lung squamous cell carcinoma
TCGA-22-4607-01,TCGA-22-4607,1,Primary Solid Tumor,LUSC,lung squamous cell carcinoma
TCGA-22-4609-01,TCGA-22-4609,1,Primary Solid Tumor,LUSC,lung squamous cell carcinoma
TCGA-22-4613-01,TCGA-22-4613,1,Primary Solid Tumor,LUSC,lung squamous cell carcinoma
TCGA-22-5471-01,TCGA-22-5471,1,Primary Solid Tumor,LUSC,lung squamous cell carcinoma
TCGA-22-5472-01,TCGA-22-5472,1,Primary Solid Tumor,LUSC,lung squamous cell carcinoma
TCGA-22-5473-01,TCGA-22-5473,1,Primary Solid Tumor,LUSC,lung squamous cell carcinoma
TCGA-22-5474-01,TCGA-22-5474,1,Primary Solid Tumor,LUSC,lung squamous cell carcinoma
TCGA-22-5477-01,TCGA-22-5477,1,Primary Solid Tumor,LUSC,lung squamous cell carcinoma
TCGA-22-5478-01,TCGA-22-5478,1,Primary Solid Tumor,LUSC,lung squamous cell carcinoma
TCGA-22-5479-01,TCGA-22-5479,1,Primary Solid Tumor,LUSC,lung squamous cell carcinoma
TCGA-22-5480-01,TCGA-22-5480,1,Primary Solid Tumor,LUSC,lung squamous cell carcinoma
TCGA-22-5481-01,TCGA-22-5481,1,Primary Solid Tumor,LUSC,lung squamous cell carcinoma
TCGA-22-5482-01,TCGA-22-5482,1,Primary Solid Tumor,LUSC,lung squamous cell carcinoma
TCGA-22-5483-01,TCGA-22-5483,1,Primary Solid Tumor,LUSC,lung squamous cell carcinoma
TCGA-22-5485-01,TCGA-22-5485,1,Primary Solid Tumor,LUSC,lung squamous cell carcinoma
TCGA-22-5489-01,TCGA-22-5489,1,Primary Solid Tumor,LUSC,lung squamous cell carcinoma
TCGA-22-5491-01,TCGA-22-5491,1,Primary Solid Tumor,LUSC,lung squamous cell carcinoma
TCGA-22-5492-01,TCGA-22-5492,1,Primary Solid Tumor,LUSC,lung squamous cell carcinoma
TCGA-22-A5C4-01,TCGA-22-A5C4,1,Primary Solid Tumor,LUSC,lung squamous cell carcinoma
TCGA-23-1023-01,TCGA-23-1023,1,Primary Solid Tumor,OV,ovarian serous cystadenocarcinoma
TCGA-23-1026-01,TCGA-23-1026,1,Primary Solid Tumor,OV,ovarian serous cystadenocarcinoma
TCGA-23-1027-01,TCGA-23-1027,1,Primary Solid Tumor,OV,ovarian serous cystadenocarcinoma
TCGA-23-1029-01,TCGA-23-1029,1,Primary Solid Tumor,OV,ovarian serous cystadenocarcinoma
TCGA-23-1109-01,TCGA-23-1109,1,Primary Solid Tumor,OV,ovarian serous cystadenocarcinoma
TCGA-23-1111-01,TCGA-23-1111,1,Primary Solid Tumor,OV,ovarian serous cystadenocarcinoma
TCGA-23-1114-01,TCGA-23-1114,1,Primary Solid Tumor,OV,ovarian serous cystadenocarcinoma
TCGA-23-1120-01,TCGA-23-1120,1,Primary Solid Tumor,OV,ovarian serous cystadenocarcinoma
TCGA-23-1122-01,TCGA-23-1122,1,Primary Solid Tumor,OV,ovarian serous cystadenocarcinoma
TCGA-23-1123-01,TCGA-23-1123,1,Primary Solid Tumor,OV,ovarian serous cystadenocarcinoma
TCGA-23-1809-01,TCGA-23-1809,1,Primary Solid Tumor,OV,ovarian serous cystadenocarcinoma
TCGA-23-2077-01,TCGA-23-2077,1,Primary Solid Tumor,OV,ovarian serous cystadenocarcinoma
TCGA-23-2078-01,TCGA-23-2078,1,Primary Solid Tumor,OV,ovarian serous cystadenocarcinoma
TCGA-23-2081-01,TCGA-23-2081,1,Primary Solid Tumor,OV,ovarian serous cystadenocarcinoma
TCGA-23-2084-01,TCGA-23-2084,1,Primary Solid Tumor,OV,ovarian serous cystadenocarcinoma
TCGA-24-0975-01,TCGA-24-0975,1,Primary Solid Tumor,OV,ovarian serous cystadenocarcinoma
TCGA-24-1103-01,TCGA-24-1103,1,Primary Solid Tumor,OV,ovarian serous cystadenocarcinoma
TCGA-24-1413-01,TCGA-24-1413,1,Primary Solid Tumor,OV,ovarian serous cystadenocarcinoma
TCGA-24-1416-01,TCGA-24-1416,1,Primary Solid Tumor,OV,ovarian serous cystadenocarcinoma
TCGA-24-1417-01,TCGA-24-1417,1,Primary Solid Tumor,OV,ovarian serous cystadenocarcinoma
TCGA-24-1418-01,TCGA-24-1418,1,Primary Solid Tumor,OV,ovarian serous cystadenocarcinoma
TCGA-24-1419-01,TCGA-24-1419,1,Primary Solid Tumor,OV,ovarian serous cystadenocarcinoma
TCGA-24-1423-01,TCGA-24-1423,1,Primary Solid Tumor,OV,ovarian serous cystadenocarcinoma
TCGA-24-1424-01,TCGA-24-1424,1,Primary Solid Tumor,OV,ovarian serous cystadenocarcinoma
TCGA-24-1425-01,TCGA-24-1425,1,Primary Solid Tumor,OV,ovarian serous cystadenocarcinoma
TCGA-24-1427-01,TCGA-24-1427,1,Primary Solid Tumor,OV,ovarian serous cystadenocarcinoma
TCGA-24-1428-01,TCGA-24-1428,1,Primary Solid Tumor,OV,ovarian serous cystadenocarcinoma
TCGA-24-1430-01,TCGA-24-1430,1,Primary Solid Tumor,OV,ovarian serous cystadenocarcinoma
TCGA-24-1434-01,TCGA-24-1434,1,Primary Solid Tumor,OV,ovarian serous cystadenocarcinoma
TCGA-24-1435-01,TCGA-24-1435,1,Primary Solid Tumor,OV,ovarian serous cystadenocarcinoma
TCGA-24-1436-01,TCGA-24-1436,1,Primary Solid Tumor,OV,ovarian serous cystadenocarcinoma
TCGA-24-1463-01,TCGA-24-1463,1,Primary Solid Tumor,OV,ovarian serous cystadenocarcinoma
TCGA-24-1467-01,TCGA-24-1467,1,Primary Solid Tumor,OV,ovarian serous cystadenocarcinoma
TCGA-24-1469-01,TCGA-24-1469,1,Primary Solid Tumor,OV,ovarian serous cystadenocarcinoma
TCGA-24-1474-01,TCGA-24-1474,1,Primary Solid Tumor,OV,ovarian serous cystadenocarcinoma
TCGA-24-1544-01,TCGA-24-1544,1,Primary Solid Tumor,OV,ovarian serous cystadenocarcinoma
TCGA-24-1545-01,TCGA-24-1545,1,Primary Solid Tumor,OV,ovarian serous cystadenocarcinoma
TCGA-24-1546-01,TCGA-24-1546,1,Primary Solid Tumor,OV,ovarian serous cystadenocarcinoma
TCGA-24-1548-01,TCGA-24-1548,1,Primary Solid Tumor,OV,ovarian serous cystadenocarcinoma
TCGA-24-1549-01,TCGA-24-1549,1,Primary Solid Tumor,OV,ovarian serous cystadenocarcinoma
TCGA-24-1550-01,TCGA-24-1550,1,Primary Solid Tumor,OV,ovarian serous cystadenocarcinoma
TCGA-24-1551-01,TCGA-24-1551,1,Primary Solid Tumor,OV,ovarian serous cystadenocarcinoma
TCGA-24-1552-01,TCGA-24-1552,1,Primary Solid Tumor,OV,ovarian serous cystadenocarcinoma
TCGA-24-1553-01,TCGA-24-1553,1,Primary Solid Tumor,OV,ovarian serous cystadenocarcinoma
TCGA-24-1555-01,TCGA-24-1555,1,Primary Solid Tumor,OV,ovarian serous cystadenocarcinoma
TCGA-24-1556-01,TCGA-24-1556,1,Primary Solid Tumor,OV,ovarian serous cystadenocarcinoma
TCGA-24-1557-01,TCGA-24-1557,1,Primary Solid Tumor,OV,ovarian serous cystadenocarcinoma
TCGA-24-1558-01,TCGA-24-1558,1,Primary Solid Tumor,OV,ovarian serous cystadenocarcinoma
TCGA-24-1560-01,TCGA-24-1560,1,Primary Solid Tumor,OV,ovarian serous cystadenocarcinoma
TCGA-24-1562-01,TCGA-24-1562,1,Primary Solid Tumor,OV,ovarian serous cystadenocarcinoma
TCGA-24-1563-01,TCGA-24-1563,1,Primary Solid Tumor,OV,ovarian serous cystadenocarcinoma
TCGA-24-1564-01,TCGA-24-1564,1,Primary Solid Tumor,OV,ovarian serous cystadenocarcinoma
TCGA-24-1567-01,TCGA-24-1567,1,Primary Solid Tumor,OV,ovarian serous cystadenocarcinoma
TCGA-24-1603-01,TCGA-24-1603,1,Primary Solid Tumor,OV,ovarian serous cystadenocarcinoma
TCGA-24-1604-01,TCGA-24-1604,1,Primary Solid Tumor,OV,ovarian serous cystadenocarcinoma
TCGA-24-1616-01,TCGA-24-1616,1,Primary Solid Tumor,OV,ovarian serous cystadenocarcinoma
TCGA-24-1842-01,TCGA-24-1842,1,Primary Solid Tumor,OV,ovarian serous cystadenocarcinoma
TCGA-24-1843-01,TCGA-24-1843,1,Primary Solid Tumor,OV,ovarian serous cystadenocarcinoma
TCGA-24-1844-01,TCGA-24-1844,1,Primary Solid Tumor,OV,ovarian serous cystadenocarcinoma
TCGA-24-1846-01,TCGA-24-1846,1,Primary Solid Tumor,OV,ovarian serous cystadenocarcinoma
TCGA-24-1847-01,TCGA-24-1847,1,Primary Solid Tumor,OV,ovarian serous cystadenocarcinoma
TCGA-24-1849-01,TCGA-24-1849,1,Primary Solid Tumor,OV,ovarian serous cystadenocarcinoma
TCGA-24-1850-01,TCGA-24-1850,1,Primary Solid Tumor,OV,ovarian serous cystadenocarcinoma
TCGA-24-1924-01,TCGA-24-1924,1,Primary Solid Tumor,OV,ovarian serous cystadenocarcinoma
TCGA-24-1928-01,TCGA-24-1928,1,Primary Solid Tumor,OV,ovarian serous cystadenocarcinoma
TCGA-24-1930-01,TCGA-24-1930,1,Primary Solid Tumor,OV,ovarian serous cystadenocarcinoma
TCGA-24-2019-01,TCGA-24-2019,1,Primary Solid Tumor,OV,ovarian serous cystadenocarcinoma
TCGA-24-2020-01,TCGA-24-2020,1,Primary Solid Tumor,OV,ovarian serous cystadenocarcinoma
TCGA-24-2023-01,TCGA-24-2023,1,Primary Solid Tumor,OV,ovarian serous cystadenocarcinoma
TCGA-24-2024-01,TCGA-24-2024,1,Primary Solid Tumor,OV,ovarian serous cystadenocarcinoma
TCGA-24-2026-01,TCGA-24-2026,1,Primary Solid Tumor,OV,ovarian serous cystadenocarcinoma
TCGA-24-2027-01,TCGA-24-2027,1,Primary Solid Tumor,OV,ovarian serous cystadenocarcinoma
TCGA-24-2033-01,TCGA-24-2033,1,Primary Solid Tumor,OV,ovarian serous cystadenocarcinoma
TCGA-24-2035-01,TCGA-24-2035,1,Primary Solid Tumor,OV,ovarian serous cystadenocarcinoma
TCGA-24-2036-01,TCGA-24-2036,1,Primary Solid Tumor,OV,ovarian serous cystadenocarcinoma
TCGA-24-2038-01,TCGA-24-2038,1,Primary Solid Tumor,OV,ovarian serous cystadenocarcinoma
TCGA-24-2254-01,TCGA-24-2254,1,Primary Solid Tumor,OV,ovarian serous cystadenocarcinoma
TCGA-24-2261-01,TCGA-24-2261,1,Primary Solid Tumor,OV,ovarian serous cystadenocarcinoma
TCGA-24-2262-01,TCGA-24-2262,1,Primary Solid Tumor,OV,ovarian serous cystadenocarcinoma
TCGA-24-2267-01,TCGA-24-2267,1,Primary Solid Tumor,OV,ovarian serous cystadenocarcinoma
TCGA-24-2271-01,TCGA-24-2271,1,Primary Solid Tumor,OV,ovarian serous cystadenocarcinoma
TCGA-24-2281-01,TCGA-24-2281,1,Primary Solid Tumor,OV,ovarian serous cystadenocarcinoma
TCGA-24-2288-01,TCGA-24-2288,1,Primary Solid Tumor,OV,ovarian serous cystadenocarcinoma
TCGA-24-2289-01,TCGA-24-2289,1,Primary Solid Tumor,OV,ovarian serous cystadenocarcinoma
TCGA-24-2290-01,TCGA-24-2290,1,Primary Solid Tumor,OV,ovarian serous cystadenocarcinoma
TCGA-24-2293-01,TCGA-24-2293,1,Primary Solid Tumor,OV,ovarian serous cystadenocarcinoma
TCGA-24-2297-01,TCGA-24-2297,1,Primary Solid Tumor,OV,ovarian serous cystadenocarcinoma
TCGA-24-2298-01,TCGA-24-2298,1,Primary Solid Tumor,OV,ovarian serous cystadenocarcinoma
TCGA-25-1312-01,TCGA-25-1312,1,Primary Solid Tumor,OV,ovarian serous cystadenocarcinoma
TCGA-25-1313-01,TCGA-25-1313,1,Primary Solid Tumor,OV,ovarian serous cystadenocarcinoma
TCGA-25-1314-01,TCGA-25-1314,1,Primary Solid Tumor,OV,ovarian serous cystadenocarcinoma
TCGA-25-1315-01,TCGA-25-1315,1,Primary Solid Tumor,OV,ovarian serous cystadenocarcinoma
TCGA-25-1316-01,TCGA-25-1316,1,Primary Solid Tumor,OV,ovarian serous cystadenocarcinoma
TCGA-25-1317-01,TCGA-25-1317,1,Primary Solid Tumor,OV,ovarian serous cystadenocarcinoma
TCGA-25-1318-01,TCGA-25-1318,1,Primary Solid Tumor,OV,ovarian serous cystadenocarcinoma
TCGA-25-1319-01,TCGA-25-1319,1,Primary Solid Tumor,OV,ovarian serous cystadenocarcinoma
TCGA-25-1320-01,TCGA-25-1320,1,Primary Solid Tumor,OV,ovarian serous cystadenocarcinoma
TCGA-25-1321-01,TCGA-25-1321,1,Primary Solid Tumor,OV,ovarian serous cystadenocarcinoma
TCGA-25-1322-01,TCGA-25-1322,1,Primary Solid Tumor,OV,ovarian serous cystadenocarcinoma
TCGA-25-1323-01,TCGA-25-1323,1,Primary Solid Tumor,OV,ovarian serous cystadenocarcinoma
TCGA-25-1324-01,TCGA-25-1324,1,Primary Solid Tumor,OV,ovarian serous cystadenocarcinoma
TCGA-25-1326-01,TCGA-25-1326,1,Primary Solid Tumor,OV,ovarian serous cystadenocarcinoma
TCGA-25-1328-01,TCGA-25-1328,1,Primary Solid Tumor,OV,ovarian serous cystadenocarcinoma
TCGA-25-1329-01,TCGA-25-1329,1,Primary Solid Tumor,OV,ovarian serous cystadenocarcinoma
TCGA-25-1623-01,TCGA-25-1623,1,Primary Solid Tumor,OV,ovarian serous cystadenocarcinoma
TCGA-25-1625-01,TCGA-25-1625,1,Primary Solid Tumor,OV,ovarian serous cystadenocarcinoma
TCGA-25-1626-01,TCGA-25-1626,1,Primary Solid Tumor,OV,ovarian serous cystadenocarcinoma
TCGA-25-1627-01,TCGA-25-1627,1,Primary Solid Tumor,OV,ovarian serous cystadenocarcinoma
TCGA-25-1628-01,TCGA-25-1628,1,Primary Solid Tumor,OV,ovarian serous cystadenocarcinoma
TCGA-25-1630-01,TCGA-25-1630,1,Primary Solid Tumor,OV,ovarian serous cystadenocarcinoma
TCGA-25-1631-01,TCGA-25-1631,1,Primary Solid Tumor,OV,ovarian serous cystadenocarcinoma
TCGA-25-1632-01,TCGA-25-1632,1,Primary Solid Tumor,OV,ovarian serous cystadenocarcinoma
TCGA-25-1633-01,TCGA-25-1633,1,Primary Solid Tumor,OV,ovarian serous cystadenocarcinoma
TCGA-25-1634-01,TCGA-25-1634,1,Primary Solid Tumor,OV,ovarian serous cystadenocarcinoma
TCGA-25-1635-01,TCGA-25-1635,1,Primary Solid Tumor,OV,ovarian serous cystadenocarcinoma
TCGA-25-1870-01,TCGA-25-1870,1,Primary Solid Tumor,OV,ovarian serous cystadenocarcinoma
TCGA-25-1871-01,TCGA-25-1871,1,Primary Solid Tumor,OV,ovarian serous cystadenocarcinoma
TCGA-25-2042-01,TCGA-25-2042,1,Primary Solid Tumor,OV,ovarian serous cystadenocarcinoma
TCGA-25-2391-01,TCGA-25-2391,1,Primary Solid Tumor,OV,ovarian serous cystadenocarcinoma
TCGA-25-2392-01,TCGA-25-2392,1,Primary Solid Tumor,OV,ovarian serous cystadenocarcinoma
TCGA-25-2393-01,TCGA-25-2393,1,Primary Solid Tumor,OV,ovarian serous cystadenocarcinoma
TCGA-25-2396-01,TCGA-25-2396,1,Primary Solid Tumor,OV,ovarian serous cystadenocarcinoma
TCGA-25-2397-01,TCGA-25-2397,1,Primary Solid Tumor,OV,ovarian serous cystadenocarcinoma
TCGA-25-2398-01,TCGA-25-2398,1,Primary Solid Tumor,OV,ovarian serous cystadenocarcinoma
TCGA-25-2399-01,TCGA-25-2399,1,Primary Solid Tumor,OV,ovarian serous cystadenocarcinoma
TCGA-25-2400-01,TCGA-25-2400,1,Primary Solid Tumor,OV,ovarian serous cystadenocarcinoma
TCGA-25-2401-01,TCGA-25-2401,1,Primary Solid Tumor,OV,ovarian serous cystadenocarcinoma
TCGA-25-2404-01,TCGA-25-2404,1,Primary Solid Tumor,OV,ovarian serous cystadenocarcinoma
TCGA-25-2409-01,TCGA-25-2409,1,Primary Solid Tumor,OV,ovarian serous cystadenocarcinoma
TCGA-26-1442-01,TCGA-26-1442,1,Primary Solid Tumor,GBM,glioblastoma multiforme
TCGA-26-5132-01,TCGA-26-5132,1,Primary Solid Tumor,GBM,glioblastoma multiforme
TCGA-26-5133-01,TCGA-26-5133,1,Primary Solid Tumor,GBM,glioblastoma multiforme
TCGA-26-5134-01,TCGA-26-5134,1,Primary Solid Tumor,GBM,glioblastoma multiforme
TCGA-26-5135-01,TCGA-26-5135,1,Primary Solid Tumor,GBM,glioblastoma multiforme
TCGA-26-5136-01,TCGA-26-5136,1,Primary Solid Tumor,GBM,glioblastoma multiforme
TCGA-26-5139-01,TCGA-26-5139,1,Primary Solid Tumor,GBM,glioblastoma multiforme
TCGA-27-1830-01,TCGA-27-1830,1,Primary Solid Tumor,GBM,glioblastoma multiforme
TCGA-27-1831-01,TCGA-27-1831,1,Primary Solid Tumor,GBM,glioblastoma multiforme
TCGA-27-1832-01,TCGA-27-1832,1,Primary Solid Tumor,GBM,glioblastoma multiforme
TCGA-27-1834-01,TCGA-27-1834,1,Primary Solid Tumor,GBM,glioblastoma multiforme
TCGA-27-1835-01,TCGA-27-1835,1,Primary Solid Tumor,GBM,glioblastoma multiforme
TCGA-27-1837-01,TCGA-27-1837,1,Primary Solid Tumor,GBM,glioblastoma multiforme
TCGA-27-2519-01,TCGA-27-2519,1,Primary Solid Tumor,GBM,glioblastoma multiforme
TCGA-27-2521-01,TCGA-27-2521,1,Primary Solid Tumor,GBM,glioblastoma multiforme
TCGA-27-2523-01,TCGA-27-2523,1,Primary Solid Tumor,GBM,glioblastoma multiforme
TCGA-27-2524-01,TCGA-27-2524,1,Primary Solid Tumor,GBM,glioblastoma multiforme
TCGA-27-2526-01,TCGA-27-2526,1,Primary Solid Tumor,GBM,glioblastoma multiforme
TCGA-27-2528-01,TCGA-27-2528,1,Primary Solid Tumor,GBM,glioblastoma multiforme
TCGA-28-1747-01,TCGA-28-1747,1,Primary Solid Tumor,GBM,glioblastoma multiforme
TCGA-28-1753-01,TCGA-28-1753,1,Primary Solid Tumor,GBM,glioblastoma multiforme
TCGA-28-2499-01,TCGA-28-2499,1,Primary Solid Tumor,GBM,glioblastoma multiforme
TCGA-28-2509-01,TCGA-28-2509,1,Primary Solid Tumor,GBM,glioblastoma multiforme
TCGA-28-2513-01,TCGA-28-2513,1,Primary Solid Tumor,GBM,glioblastoma multiforme
TCGA-28-2514-01,TCGA-28-2514,1,Primary Solid Tumor,GBM,glioblastoma multiforme
TCGA-28-5204-01,TCGA-28-5204,1,Primary Solid Tumor,GBM,glioblastoma multiforme
TCGA-28-5207-01,TCGA-28-5207,1,Primary Solid Tumor,GBM,glioblastoma multiforme
TCGA-28-5208-01,TCGA-28-5208,1,Primary Solid Tumor,GBM,glioblastoma multiforme
TCGA-28-5209-01,TCGA-28-5209,1,Primary Solid Tumor,GBM,glioblastoma multiforme
TCGA-28-5213-01,TCGA-28-5213,1,Primary Solid Tumor,GBM,glioblastoma multiforme
TCGA-28-5215-01,TCGA-28-5215,1,Primary Solid Tumor,GBM,glioblastoma multiforme
TCGA-28-5216-01,TCGA-28-5216,1,Primary Solid Tumor,GBM,glioblastoma multiforme
TCGA-28-5218-01,TCGA-28-5218,1,Primary Solid Tumor,GBM,glioblastoma multiforme
TCGA-28-5220-01,TCGA-28-5220,1,Primary Solid Tumor,GBM,glioblastoma multiforme
TCGA-29-1688-01,TCGA-29-1688,1,Primary Solid Tumor,OV,ovarian serous cystadenocarcinoma
TCGA-29-1690-01,TCGA-29-1690,1,Primary Solid Tumor,OV,ovarian serous cystadenocarcinoma
TCGA-29-1691-01,TCGA-29-1691,1,Primary Solid Tumor,OV,ovarian serous cystadenocarcinoma
TCGA-29-1693-01,TCGA-29-1693,1,Primary Solid Tumor,OV,ovarian serous cystadenocarcinoma
TCGA-29-1694-01,TCGA-29-1694,1,Primary Solid Tumor,OV,ovarian serous cystadenocarcinoma
TCGA-29-1695-01,TCGA-29-1695,1,Primary Solid Tumor,OV,ovarian serous cystadenocarcinoma
TCGA-29-1696-01,TCGA-29-1696,1,Primary Solid Tumor,OV,ovarian serous cystadenocarcinoma
TCGA-29-1697-01,TCGA-29-1697,1,Primary Solid Tumor,OV,ovarian serous cystadenocarcinoma
TCGA-29-1698-01,TCGA-29-1698,1,Primary Solid Tumor,OV,ovarian serous cystadenocarcinoma
TCGA-29-1699-01,TCGA-29-1699,1,Primary Solid Tumor,OV,ovarian serous cystadenocarcinoma
TCGA-29-1701-01,TCGA-29-1701,1,Primary Solid Tumor,OV,ovarian serous cystadenocarcinoma
TCGA-29-1702-01,TCGA-29-1702,1,Primary Solid Tumor,OV,ovarian serous cystadenocarcinoma
TCGA-29-1703-01,TCGA-29-1703,1,Primary Solid Tumor,OV,ovarian serous cystadenocarcinoma
TCGA-29-1705-01,TCGA-29-1705,1,Primary Solid Tumor,OV,ovarian serous cystadenocarcinoma
TCGA-29-1710-01,TCGA-29-1710,1,Primary Solid Tumor,OV,ovarian serous cystadenocarcinoma
TCGA-29-1711-01,TCGA-29-1711,1,Primary Solid Tumor,OV,ovarian serous cystadenocarcinoma
TCGA-29-1761-01,TCGA-29-1761,1,Primary Solid Tumor,OV,ovarian serous cystadenocarcinoma
TCGA-29-1762-01,TCGA-29-1762,1,Primary Solid Tumor,OV,ovarian serous cystadenocarcinoma
TCGA-29-1763-01,TCGA-29-1763,1,Primary Solid Tumor,OV,ovarian serous cystadenocarcinoma
TCGA-29-1770-01,TCGA-29-1770,1,Primary Solid Tumor,OV,ovarian serous cystadenocarcinoma
TCGA-29-1776-01,TCGA-29-1776,1,Primary Solid Tumor,OV,ovarian serous cystadenocarcinoma
TCGA-29-1778-01,TCGA-29-1778,1,Primary Solid Tumor,OV,ovarian serous cystadenocarcinoma
TCGA-29-1781-01,TCGA-29-1781,1,Primary Solid Tumor,OV,ovarian serous cystadenocarcinoma
TCGA-29-1783-01,TCGA-29-1783,1,Primary Solid Tumor,OV,ovarian serous cystadenocarcinoma
TCGA-29-1784-01,TCGA-29-1784,1,Primary Solid Tumor,OV,ovarian serous cystadenocarcinoma
TCGA-29-1785-01,TCGA-29-1785,1,Primary Solid Tumor,OV,ovarian serous cystadenocarcinoma
TCGA-29-2414-01,TCGA-29-2414,1,Primary Solid Tumor,OV,ovarian serous cystadenocarcinoma
TCGA-29-2425-01,TCGA-29-2425,1,Primary Solid Tumor,OV,ovarian serous cystadenocarcinoma
TCGA-29-2427-01,TCGA-29-2427,1,Primary Solid Tumor,OV,ovarian serous cystadenocarcinoma
TCGA-29-2428-01,TCGA-29-2428,1,Primary Solid Tumor,OV,ovarian serous cystadenocarcinoma
TCGA-29-A5NZ-01,TCGA-29-A5NZ,1,Primary Solid Tumor,OV,ovarian serous cystadenocarcinoma
TCGA-2E-A9G8-01,TCGA-2E-A9G8,1,Primary Solid Tumor,UCEC,uterine corpus endometrioid carcinoma
TCGA-2J-AAB1-01,TCGA-2J-AAB1,1,Primary Solid Tumor,PAAD,pancreatic adenocarcinoma
TCGA-2J-AAB4-01,TCGA-2J-AAB4,1,Primary Solid Tumor,PAAD,pancreatic adenocarcinoma
TCGA-2J-AAB6-01,TCGA-2J-AAB6,1,Primary Solid Tumor,PAAD,pancreatic adenocarcinoma
TCGA-2J-AAB8-01,TCGA-2J-AAB8,1,Primary Solid Tumor,PAAD,pancreatic adenocarcinoma
TCGA-2J-AAB9-01,TCGA-2J-AAB9,1,Primary Solid Tumor,PAAD,pancreatic adenocarcinoma
TCGA-2J-AABA-01,TCGA-2J-AABA,1,Primary Solid Tumor,PAAD,pancreatic adenocarcinoma
TCGA-2J-AABE-01,TCGA-2J-AABE,1,Primary Solid Tumor,PAAD,pancreatic adenocarcinoma
TCGA-2J-AABF-01,TCGA-2J-AABF,1,Primary Solid Tumor,PAAD,pancreatic adenocarcinoma
TCGA-2J-AABH-01,TCGA-2J-AABH,1,Primary Solid Tumor,PAAD,pancreatic adenocarcinoma
TCGA-2J-AABI-01,TCGA-2J-AABI,1,Primary Solid Tumor,PAAD,pancreatic adenocarcinoma
TCGA-2J-AABK-01,TCGA-2J-AABK,1,Primary Solid Tumor,PAAD,pancreatic adenocarcinoma
TCGA-2J-AABO-01,TCGA-2J-AABO,1,Primary Solid Tumor,PAAD,pancreatic adenocarcinoma
TCGA-2J-AABP-01,TCGA-2J-AABP,1,Primary Solid Tumor,PAAD,pancreatic adenocarcinoma
TCGA-2J-AABR-01,TCGA-2J-AABR,1,Primary Solid Tumor,PAAD,pancreatic adenocarcinoma
TCGA-2J-AABT-01,TCGA-2J-AABT,1,Primary Solid Tumor,PAAD,pancreatic adenocarcinoma
TCGA-2J-AABU-01,TCGA-2J-AABU,1,Primary Solid Tumor,PAAD,pancreatic adenocarcinoma
TCGA-2J-AABV-01,TCGA-2J-AABV,1,Primary Solid Tumor,PAAD,pancreatic adenocarcinoma
TCGA-2L-AAQA-01,TCGA-2L-AAQA,1,Primary Solid Tumor,PAAD,pancreatic adenocarcinoma
TCGA-2L-AAQE-01,TCGA-2L-AAQE,1,Primary Solid Tumor,PAAD,pancreatic adenocarcinoma
TCGA-2L-AAQI-01,TCGA-2L-AAQI,1,Primary Solid Tumor,PAAD,pancreatic adenocarcinoma
TCGA-2L-AAQJ-01,TCGA-2L-AAQJ,1,Primary Solid Tumor,PAAD,pancreatic adenocarcinoma
TCGA-2L-AAQL-01,TCGA-2L-AAQL,1,Primary Solid Tumor,PAAD,pancreatic adenocarcinoma
TCGA-2L-AAQM-01,TCGA-2L-AAQM,1,Primary Solid Tumor,PAAD,pancreatic adenocarcinoma
TCGA-30-1718-01,TCGA-30-1718,1,Primary Solid Tumor,OV,ovarian serous cystadenocarcinoma
TCGA-30-1855-01,TCGA-30-1855,1,Primary Solid Tumor,OV,ovarian serous cystadenocarcinoma
TCGA-30-1857-01,TCGA-30-1857,1,Primary Solid Tumor,OV,ovarian serous cystadenocarcinoma
TCGA-30-1860-01,TCGA-30-1860,1,Primary Solid Tumor,OV,ovarian serous cystadenocarcinoma
TCGA-30-1861-01,TCGA-30-1861,1,Primary Solid Tumor,OV,ovarian serous cystadenocarcinoma
TCGA-30-1862-01,TCGA-30-1862,1,Primary Solid Tumor,OV,ovarian serous cystadenocarcinoma
TCGA-30-1891-01,TCGA-30-1891,1,Primary Solid Tumor,OV,ovarian serous cystadenocarcinoma
TCGA-31-1944-01,TCGA-31-1944,1,Primary Solid Tumor,OV,ovarian serous cystadenocarcinoma
TCGA-31-1946-01,TCGA-31-1946,1,Primary Solid Tumor,OV,ovarian serous cystadenocarcinoma
TCGA-31-1950-01,TCGA-31-1950,1,Primary Solid Tumor,OV,ovarian serous cystadenocarcinoma
TCGA-31-1951-01,TCGA-31-1951,1,Primary Solid Tumor,OV,ovarian serous cystadenocarcinoma
TCGA-31-1953-01,TCGA-31-1953,1,Primary Solid Tumor,OV,ovarian serous cystadenocarcinoma
TCGA-31-1956-01,TCGA-31-1956,1,Primary Solid Tumor,OV,ovarian serous cystadenocarcinoma
TCGA-31-1959-01,TCGA-31-1959,1,Primary Solid Tumor,OV,ovarian serous cystadenocarcinoma
TCGA-32-1970-01,TCGA-32-1970,1,Primary Solid Tumor,GBM,glioblastoma multiforme
TCGA-32-1980-01,TCGA-32-1980,1,Primary Solid Tumor,GBM,glioblastoma multiforme
TCGA-32-1982-01,TCGA-32-1982,1,Primary Solid Tumor,GBM,glioblastoma multiforme
TCGA-32-2615-01,TCGA-32-2615,1,Primary Solid Tumor,GBM,glioblastoma multiforme
TCGA-32-2616-01,TCGA-32-2616,1,Primary Solid Tumor,GBM,glioblastoma multiforme
TCGA-32-2632-01,TCGA-32-2632,1,Primary Solid Tumor,GBM,glioblastoma multiforme
TCGA-32-2634-01,TCGA-32-2634,1,Primary Solid Tumor,GBM,glioblastoma multiforme
TCGA-32-2638-01,TCGA-32-2638,1,Primary Solid Tumor,GBM,glioblastoma multiforme
TCGA-32-4213-01,TCGA-32-4213,1,Primary Solid Tumor,GBM,glioblastoma multiforme
TCGA-32-5222-01,TCGA-32-5222,1,Primary Solid Tumor,GBM,glioblastoma multiforme
TCGA-33-4532-01,TCGA-33-4532,1,Primary Solid Tumor,LUSC,lung squamous cell carcinoma
TCGA-33-4533-01,TCGA-33-4533,1,Primary Solid Tumor,LUSC,lung squamous cell carcinoma
TCGA-33-4538-01,TCGA-33-4538,1,Primary Solid Tumor,LUSC,lung squamous cell carcinoma
TCGA-33-4547-01,TCGA-33-4547,1,Primary Solid Tumor,LUSC,lung squamous cell carcinoma
TCGA-33-4566-01,TCGA-33-4566,1,Primary Solid Tumor,LUSC,lung squamous cell carcinoma
TCGA-33-4582-01,TCGA-33-4582,1,Primary Solid Tumor,LUSC,lung squamous cell carcinoma
TCGA-33-4583-01,TCGA-33-4583,1,Primary Solid Tumor,LUSC,lung squamous cell carcinoma
TCGA-33-4586-01,TCGA-33-4586,1,Primary Solid Tumor,LUSC,lung squamous cell carcinoma
TCGA-33-4587-01,TCGA-33-4587,1,Primary Solid Tumor,LUSC,lung squamous cell carcinoma
TCGA-33-4589-01,TCGA-33-4589,1,Primary Solid Tumor,LUSC,lung squamous cell carcinoma
TCGA-33-6737-01,TCGA-33-6737,1,Primary Solid Tumor,LUSC,lung squamous cell carcinoma
TCGA-33-6738-01,TCGA-33-6738,1,Primary Solid Tumor,LUSC,lung squamous cell carcinoma
TCGA-33-A4WN-01,TCGA-33-A4WN,1,Primary Solid Tumor,LUSC,lung squamous cell carcinoma
TCGA-33-A5GW-01,TCGA-33-A5GW,1,Primary Solid Tumor,LUSC,lung squamous cell carcinoma
TCGA-33-AAS8-01,TCGA-33-AAS8,1,Primary Solid Tumor,LUSC,lung squamous cell carcinoma
TCGA-33-AASB-01,TCGA-33-AASB,1,Primary Solid Tumor,LUSC,lung squamous cell carcinoma
TCGA-33-AASD-01,TCGA-33-AASD,1,Primary Solid Tumor,LUSC,lung squamous cell carcinoma
TCGA-33-AASI-01,TCGA-33-AASI,1,Primary Solid Tumor,LUSC,lung squamous cell carcinoma
TCGA-33-AASJ-01,TCGA-33-AASJ,1,Primary Solid Tumor,LUSC,lung squamous cell carcinoma
TCGA-33-AASL-01,TCGA-33-AASL,1,Primary Solid Tumor,LUSC,lung squamous cell carcinoma
TCGA-34-2596-01,TCGA-34-2596,1,Primary Solid Tumor,LUSC,lung squamous cell carcinoma
TCGA-34-2600-01,TCGA-34-2600,1,Primary Solid Tumor,LUSC,lung squamous cell carcinoma
TCGA-34-2608-01,TCGA-34-2608,1,Primary Solid Tumor,LUSC,lung squamous cell carcinoma
TCGA-34-5231-01,TCGA-34-5231,1,Primary Solid Tumor,LUSC,lung squamous cell carcinoma
TCGA-34-5232-01,TCGA-34-5232,1,Primary Solid Tumor,LUSC,lung squamous cell carcinoma
TCGA-34-5234-01,TCGA-34-5234,1,Primary Solid Tumor,LUSC,lung squamous cell carcinoma
TCGA-34-5236-01,TCGA-34-5236,1,Primary Solid Tumor,LUSC,lung squamous cell carcinoma
TCGA-34-5239-01,TCGA-34-5239,1,Primary Solid Tumor,LUSC,lung squamous cell carcinoma
TCGA-34-5240-01,TCGA-34-5240,1,Primary Solid Tumor,LUSC,lung squamous cell carcinoma
TCGA-34-5241-01,TCGA-34-5241,1,Primary Solid Tumor,LUSC,lung squamous cell carcinoma
TCGA-34-5927-01,TCGA-34-5927,1,Primary Solid Tumor,LUSC,lung squamous cell carcinoma
TCGA-34-5928-01,TCGA-34-5928,1,Primary Solid Tumor,LUSC,lung squamous cell carcinoma
TCGA-34-5929-01,TCGA-34-5929,1,Primary Solid Tumor,LUSC,lung squamous cell carcinoma
TCGA-34-7107-01,TCGA-34-7107,1,Primary Solid Tumor,LUSC,lung squamous cell carcinoma
TCGA-34-8454-01,TCGA-34-8454,1,Primary Solid Tumor,LUSC,lung squamous cell carcinoma
TCGA-34-8455-01,TCGA-34-8455,1,Primary Solid Tumor,LUSC,lung squamous cell carcinoma
TCGA-34-8456-01,TCGA-34-8456,1,Primary Solid Tumor,LUSC,lung squamous cell carcinoma
TCGA-34-A5IX-01,TCGA-34-A5IX,1,Primary Solid Tumor,LUSC,lung squamous cell carcinoma
TCGA-35-3615-01,TCGA-35-3615,1,Primary Solid Tumor,LUAD,lung adenocarcinoma
TCGA-35-4122-01,TCGA-35-4122,1,Primary Solid Tumor,LUAD,lung adenocarcinoma
TCGA-35-4123-01,TCGA-35-4123,1,Primary Solid Tumor,LUAD,lung adenocarcinoma
TCGA-35-5375-01,TCGA-35-5375,1,Primary Solid Tumor,LUAD,lung adenocarcinoma
TCGA-36-1568-01,TCGA-36-1568,1,Primary Solid Tumor,OV,ovarian serous cystadenocarcinoma
TCGA-36-1569-01,TCGA-36-1569,1,Primary Solid Tumor,OV,ovarian serous cystadenocarcinoma
TCGA-36-1570-01,TCGA-36-1570,1,Primary Solid Tumor,OV,ovarian serous cystadenocarcinoma
TCGA-36-1571-01,TCGA-36-1571,1,Primary Solid Tumor,OV,ovarian serous cystadenocarcinoma
TCGA-36-1574-01,TCGA-36-1574,1,Primary Solid Tumor,OV,ovarian serous cystadenocarcinoma
TCGA-36-1575-01,TCGA-36-1575,1,Primary Solid Tumor,OV,ovarian serous cystadenocarcinoma
TCGA-36-1576-01,TCGA-36-1576,1,Primary Solid Tumor,OV,ovarian serous cystadenocarcinoma
TCGA-36-1577-01,TCGA-36-1577,1,Primary Solid Tumor,OV,ovarian serous cystadenocarcinoma
TCGA-36-1578-01,TCGA-36-1578,1,Primary Solid Tumor,OV,ovarian serous cystadenocarcinoma
TCGA-36-1580-01,TCGA-36-1580,1,Primary Solid Tumor,OV,ovarian serous cystadenocarcinoma
TCGA-36-1581-01,TCGA-36-1581,1,Primary Solid Tumor,OV,ovarian serous cystadenocarcinoma
TCGA-37-3783-01,TCGA-37-3783,1,Primary Solid Tumor,LUSC,lung squamous cell carcinoma
TCGA-37-3789-01,TCGA-37-3789,1,Primary Solid Tumor,LUSC,lung squamous cell carcinoma
TCGA-37-3792-01,TCGA-37-3792,1,Primary Solid Tumor,LUSC,lung squamous cell carcinoma
TCGA-37-4129-01,TCGA-37-4129,1,Primary Solid Tumor,LUSC,lung squamous cell carcinoma
TCGA-37-4130-01,TCGA-37-4130,1,Primary Solid Tumor,LUSC,lung squamous cell carcinoma
TCGA-37-4132-01,TCGA-37-4132,1,Primary Solid Tumor,LUSC,lung squamous cell carcinoma
TCGA-37-4133-01,TCGA-37-4133,1,Primary Solid Tumor,LUSC,lung squamous cell carcinoma
TCGA-37-4135-01,TCGA-37-4135,1,Primary Solid Tumor,LUSC,lung squamous cell carcinoma
TCGA-37-4141-01,TCGA-37-4141,1,Primary Solid Tumor,LUSC,lung squamous cell carcinoma
TCGA-37-5819-01,TCGA-37-5819,1,Primary Solid Tumor,LUSC,lung squamous cell carcinoma
TCGA-37-A5EL-01,TCGA-37-A5EL,1,Primary Solid Tumor,LUSC,lung squamous cell carcinoma
TCGA-37-A5EM-01,TCGA-37-A5EM,1,Primary Solid Tumor,LUSC,lung squamous cell carcinoma
TCGA-37-A5EN-01,TCGA-37-A5EN,1,Primary Solid Tumor,LUSC,lung squamous cell carcinoma
TCGA-38-4625-01,TCGA-38-4625,1,Primary Solid Tumor,LUAD,lung adenocarcinoma
TCGA-38-4626-01,TCGA-38-4626,1,Primary Solid Tumor,LUAD,lung adenocarcinoma
TCGA-38-4627-01,TCGA-38-4627,1,Primary Solid Tumor,LUAD,lung adenocarcinoma
TCGA-38-4628-01,TCGA-38-4628,1,Primary Solid Tumor,LUAD,lung adenocarcinoma
TCGA-38-4629-01,TCGA-38-4629,1,Primary Solid Tumor,LUAD,lung adenocarcinoma
TCGA-38-4630-01,TCGA-38-4630,1,Primary Solid Tumor,LUAD,lung adenocarcinoma
TCGA-38-4631-01,TCGA-38-4631,1,Primary Solid Tumor,LUAD,lung adenocarcinoma
TCGA-38-4632-01,TCGA-38-4632,1,Primary Solid Tumor,LUAD,lung adenocarcinoma
TCGA-38-6178-01,TCGA-38-6178,1,Primary Solid Tumor,LUAD,lung adenocarcinoma
TCGA-38-7271-01,TCGA-38-7271,1,Primary Solid Tumor,LUAD,lung adenocarcinoma
TCGA-38-A44F-01,TCGA-38-A44F,1,Primary Solid Tumor,LUAD,lung adenocarcinoma
TCGA-39-5011-01,TCGA-39-5011,1,Primary Solid Tumor,LUSC,lung squamous cell carcinoma
TCGA-39-5016-01,TCGA-39-5016,1,Primary Solid Tumor,LUSC,lung squamous cell carcinoma
TCGA-39-5019-01,TCGA-39-5019,1,Primary Solid Tumor,LUSC,lung squamous cell carcinoma
TCGA-39-5021-01,TCGA-39-5021,1,Primary Solid Tumor,LUSC,lung squamous cell carcinoma
TCGA-39-5022-01,TCGA-39-5022,1,Primary Solid Tumor,LUSC,lung squamous cell carcinoma
TCGA-39-5024-01,TCGA-39-5024,1,Primary Solid Tumor,LUSC,lung squamous cell carcinoma
TCGA-39-5027-01,TCGA-39-5027,1,Primary Solid Tumor,LUSC,lung squamous cell carcinoma
TCGA-39-5028-01,TCGA-39-5028,1,Primary Solid Tumor,LUSC,lung squamous cell carcinoma
TCGA-39-5029-01,TCGA-39-5029,1,Primary Solid Tumor,LUSC,lung squamous cell carcinoma
TCGA-39-5030-01,TCGA-39-5030,1,Primary Solid Tumor,LUSC,lung squamous cell carcinoma
TCGA-39-5031-01,TCGA-39-5031,1,Primary Solid Tumor,LUSC,lung squamous cell carcinoma
TCGA-39-5034-01,TCGA-39-5034,1,Primary Solid Tumor,LUSC,lung squamous cell carcinoma
TCGA-39-5035-01,TCGA-39-5035,1,Primary Solid Tumor,LUSC,lung squamous cell carcinoma
TCGA-39-5036-01,TCGA-39-5036,1,Primary Solid Tumor,LUSC,lung squamous cell carcinoma
TCGA-39-5037-01,TCGA-39-5037,1,Primary Solid Tumor,LUSC,lung squamous cell carcinoma
TCGA-39-5039-01,TCGA-39-5039,1,Primary Solid Tumor,LUSC,lung squamous cell carcinoma
TCGA-39-5040-01,TCGA-39-5040,1,Primary Solid Tumor,LUSC,lung squamous cell carcinoma
TCGA-3A-A9I5-01,TCGA-3A-A9I5,1,Primary Solid Tumor,PAAD,pancreatic adenocarcinoma
TCGA-3A-A9I7-01,TCGA-3A-A9I7,1,Primary Solid Tumor,PAAD,pancreatic adenocarcinoma
TCGA-3A-A9I9-01,TCGA-3A-A9I9,1,Primary Solid Tumor,PAAD,pancreatic adenocarcinoma
TCGA-3A-A9IB-01,TCGA-3A-A9IB,1,Primary Solid Tumor,PAAD,pancreatic adenocarcinoma
TCGA-3A-A9IC-01,TCGA-3A-A9IC,1,Primary Solid Tumor,PAAD,pancreatic adenocarcinoma
TCGA-3A-A9IH-01,TCGA-3A-A9IH,1,Primary Solid Tumor,PAAD,pancreatic adenocarcinoma
TCGA-3A-A9IJ-01,TCGA-3A-A9IJ,1,Primary Solid Tumor,PAAD,pancreatic adenocarcinoma
TCGA-3A-A9IL-01,TCGA-3A-A9IL,1,Primary Solid Tumor,PAAD,pancreatic adenocarcinoma
TCGA-3A-A9IN-01,TCGA-3A-A9IN,1,Primary Solid Tumor,PAAD,pancreatic adenocarcinoma
TCGA-3A-A9IO-01,TCGA-3A-A9IO,1,Primary Solid Tumor,PAAD,pancreatic adenocarcinoma
TCGA-3A-A9IR-01,TCGA-3A-A9IR,1,Primary Solid Tumor,PAAD,pancreatic adenocarcinoma
TCGA-3A-A9IS-01,TCGA-3A-A9IS,1,Primary Solid Tumor,PAAD,pancreatic adenocarcinoma
TCGA-3A-A9IU-01,TCGA-3A-A9IU,1,Primary Solid Tumor,PAAD,pancreatic adenocarcinoma
TCGA-3A-A9IV-01,TCGA-3A-A9IV,1,Primary Solid Tumor,PAAD,pancreatic adenocarcinoma
TCGA-3A-A9IX-01,TCGA-3A-A9IX,1,Primary Solid Tumor,PAAD,pancreatic adenocarcinoma
TCGA-3A-A9IZ-01,TCGA-3A-A9IZ,1,Primary Solid Tumor,PAAD,pancreatic adenocarcinoma
TCGA-3A-A9J0-01,TCGA-3A-A9J0,1,Primary Solid Tumor,PAAD,pancreatic adenocarcinoma
TCGA-3C-AAAU-01,TCGA-3C-AAAU,1,Primary Solid Tumor,BRCA,breast invasive carcinoma
TCGA-3C-AALI-01,TCGA-3C-AALI,1,Primary Solid Tumor,BRCA,breast invasive carcinoma
TCGA-3C-AALJ-01,TCGA-3C-AALJ,1,Primary Solid Tumor,BRCA,breast invasive carcinoma
TCGA-3C-AALK-01,TCGA-3C-AALK,1,Primary Solid Tumor,BRCA,breast invasive carcinoma
TCGA-3E-AAAY-01,TCGA-3E-AAAY,1,Primary Solid Tumor,PAAD,pancreatic adenocarcinoma
TCGA-3E-AAAZ-01,TCGA-3E-AAAZ,1,Primary Solid Tumor,PAAD,pancreatic adenocarcinoma
TCGA-3L-AA1B-01,TCGA-3L-AA1B,1,Primary Solid Tumor,COAD,colon adenocarcinoma
TCGA-3P-A9WA-01,TCGA-3P-A9WA,1,Primary Solid Tumor,OV,ovarian serous cystadenocarcinoma
TCGA-3Z-A93Z-01,TCGA-3Z-A93Z,1,Primary Solid Tumor,KIRC,kidney clear cell carcinoma
TCGA-41-2571-01,TCGA-41-2571,1,Primary Solid Tumor,GBM,glioblastoma multiforme
TCGA-41-2572-01,TCGA-41-2572,1,Primary Solid Tumor,GBM,glioblastoma multiforme
TCGA-41-3915-01,TCGA-41-3915,1,Primary Solid Tumor,GBM,glioblastoma multiforme
TCGA-41-4097-01,TCGA-41-4097,1,Primary Solid Tumor,GBM,glioblastoma multiforme
TCGA-41-5651-01,TCGA-41-5651,1,Primary Solid Tumor,GBM,glioblastoma multiforme
TCGA-43-2576-01,TCGA-43-2576,1,Primary Solid Tumor,LUSC,lung squamous cell carcinoma
TCGA-43-2578-01,TCGA-43-2578,1,Primary Solid Tumor,LUSC,lung squamous cell carcinoma
TCGA-43-2581-01,TCGA-43-2581,1,Primary Solid Tumor,LUSC,lung squamous cell carcinoma
TCGA-43-3394-01,TCGA-43-3394,1,Primary Solid Tumor,LUSC,lung squamous cell carcinoma
TCGA-43-3920-01,TCGA-43-3920,1,Primary Solid Tumor,LUSC,lung squamous cell carcinoma
TCGA-43-5668-01,TCGA-43-5668,1,Primary Solid Tumor,LUSC,lung squamous cell carcinoma
TCGA-43-5670-01,TCGA-43-5670,1,Primary Solid Tumor,LUSC,lung squamous cell carcinoma
TCGA-43-6143-01,TCGA-43-6143,1,Primary Solid Tumor,LUSC,lung squamous cell carcinoma
TCGA-43-6647-01,TCGA-43-6647,1,Primary Solid Tumor,LUSC,lung squamous cell carcinoma
TCGA-43-6770-01,TCGA-43-6770,1,Primary Solid Tumor,LUSC,lung squamous cell carcinoma
TCGA-43-6771-01,TCGA-43-6771,1,Primary Solid Tumor,LUSC,lung squamous cell carcinoma
TCGA-43-6773-01,TCGA-43-6773,1,Primary Solid Tumor,LUSC,lung squamous cell carcinoma
TCGA-43-7656-01,TCGA-43-7656,1,Primary Solid Tumor,LUSC,lung squamous cell carcinoma
TCGA-43-7657-01,TCGA-43-7657,1,Primary Solid Tumor,LUSC,lung squamous cell carcinoma
TCGA-43-7658-01,TCGA-43-7658,1,Primary Solid Tumor,LUSC,lung squamous cell carcinoma
TCGA-43-8115-01,TCGA-43-8115,1,Primary Solid Tumor,LUSC,lung squamous cell carcinoma
TCGA-43-8116-01,TCGA-43-8116,1,Primary Solid Tumor,LUSC,lung squamous cell carcinoma
TCGA-43-8118-01,TCGA-43-8118,1,Primary Solid Tumor,LUSC,lung squamous cell carcinoma
TCGA-43-A474-01,TCGA-43-A474,1,Primary Solid Tumor,LUSC,lung squamous cell carcinoma
TCGA-43-A475-01,TCGA-43-A475,1,Primary Solid Tumor,LUSC,lung squamous cell carcinoma
TCGA-43-A56U-01,TCGA-43-A56U,1,Primary Solid Tumor,LUSC,lung squamous cell carcinoma
TCGA-43-A56V-01,TCGA-43-A56V,1,Primary Solid Tumor,LUSC,lung squamous cell carcinoma
TCGA-44-2655-01,TCGA-44-2655,1,Primary Solid Tumor,LUAD,lung adenocarcinoma
TCGA-44-2656-01,TCGA-44-2656,1,Primary Solid Tumor,LUAD,lung adenocarcinoma
TCGA-44-2657-01,TCGA-44-2657,1,Primary Solid Tumor,LUAD,lung adenocarcinoma
TCGA-44-2659-01,TCGA-44-2659,1,Primary Solid Tumor,LUAD,lung adenocarcinoma
TCGA-44-2661-01,TCGA-44-2661,1,Primary Solid Tumor,LUAD,lung adenocarcinoma
TCGA-44-2662-01,TCGA-44-2662,1,Primary Solid Tumor,LUAD,lung adenocarcinoma
TCGA-44-2665-01,TCGA-44-2665,1,Primary Solid Tumor,LUAD,lung adenocarcinoma
TCGA-44-2666-01,TCGA-44-2666,1,Primary Solid Tumor,LUAD,lung adenocarcinoma
TCGA-44-2668-01,TCGA-44-2668,1,Primary Solid Tumor,LUAD,lung adenocarcinoma
TCGA-44-3396-01,TCGA-44-3396,1,Primary Solid Tumor,LUAD,lung adenocarcinoma
TCGA-44-3398-01,TCGA-44-3398,1,Primary Solid Tumor,LUAD,lung adenocarcinoma
TCGA-44-3918-01,TCGA-44-3918,1,Primary Solid Tumor,LUAD,lung adenocarcinoma
TCGA-44-3919-01,TCGA-44-3919,1,Primary Solid Tumor,LUAD,lung adenocarcinoma
TCGA-44-4112-01,TCGA-44-4112,1,Primary Solid Tumor,LUAD,lung adenocarcinoma
TCGA-44-5643-01,TCGA-44-5643,1,Primary Solid Tumor,LUAD,lung adenocarcinoma
TCGA-44-5644-01,TCGA-44-5644,1,Primary Solid Tumor,LUAD,lung adenocarcinoma
TCGA-44-5645-01,TCGA-44-5645,1,Primary Solid Tumor,LUAD,lung adenocarcinoma
TCGA-44-6145-01,TCGA-44-6145,1,Primary Solid Tumor,LUAD,lung adenocarcinoma
TCGA-44-6146-01,TCGA-44-6146,1,Primary Solid Tumor,LUAD,lung adenocarcinoma
TCGA-44-6147-01,TCGA-44-6147,1,Primary Solid Tumor,LUAD,lung adenocarcinoma
TCGA-44-6148-01,TCGA-44-6148,1,Primary Solid Tumor,LUAD,lung adenocarcinoma
TCGA-44-6774-01,TCGA-44-6774,1,Primary Solid Tumor,LUAD,lung adenocarcinoma
TCGA-44-6775-01,TCGA-44-6775,1,Primary Solid Tumor,LUAD,lung adenocarcinoma
TCGA-44-6776-01,TCGA-44-6776,1,Primary Solid Tumor,LUAD,lung adenocarcinoma
TCGA-44-6777-01,TCGA-44-6777,1,Primary Solid Tumor,LUAD,lung adenocarcinoma
TCGA-44-6778-01,TCGA-44-6778,1,Primary Solid Tumor,LUAD,lung adenocarcinoma
TCGA-44-6779-01,TCGA-44-6779,1,Primary Solid Tumor,LUAD,lung adenocarcinoma
TCGA-44-7659-01,TCGA-44-7659,1,Primary Solid Tumor,LUAD,lung adenocarcinoma
TCGA-44-7660-01,TCGA-44-7660,1,Primary Solid Tumor,LUAD,lung adenocarcinoma
TCGA-44-7661-01,TCGA-44-7661,1,Primary Solid Tumor,LUAD,lung adenocarcinoma
TCGA-44-7662-01,TCGA-44-7662,1,Primary Solid Tumor,LUAD,lung adenocarcinoma
TCGA-44-7667-01,TCGA-44-7667,1,Primary Solid Tumor,LUAD,lung adenocarcinoma
TCGA-44-7669-01,TCGA-44-7669,1,Primary Solid Tumor,LUAD,lung adenocarcinoma
TCGA-44-7670-01,TCGA-44-7670,1,Primary Solid Tumor,LUAD,lung adenocarcinoma
TCGA-44-7671-01,TCGA-44-7671,1,Primary Solid Tumor,LUAD,lung adenocarcinoma
TCGA-44-7672-01,TCGA-44-7672,1,Primary Solid Tumor,LUAD,lung adenocarcinoma
TCGA-44-8117-01,TCGA-44-8117,1,Primary Solid Tumor,LUAD,lung adenocarcinoma
TCGA-44-8119-01,TCGA-44-8119,1,Primary Solid Tumor,LUAD,lung adenocarcinoma
TCGA-44-8120-01,TCGA-44-8120,1,Primary Solid Tumor,LUAD,lung adenocarcinoma
TCGA-44-A479-01,TCGA-44-A479,1,Primary Solid Tumor,LUAD,lung adenocarcinoma
TCGA-44-A47A-01,TCGA-44-A47A,1,Primary Solid Tumor,LUAD,lung adenocarcinoma
TCGA-44-A47B-01,TCGA-44-A47B,1,Primary Solid Tumor,LUAD,lung adenocarcinoma
TCGA-44-A47G-01,TCGA-44-A47G,1,Primary Solid Tumor,LUAD,lung adenocarcinoma
TCGA-44-A4SS-01,TCGA-44-A4SS,1,Primary Solid Tumor,LUAD,lung adenocarcinoma
TCGA-44-A4SU-01,TCGA-44-A4SU,1,Primary Solid Tumor,LUAD,lung adenocarcinoma
TCGA-46-3765-01,TCGA-46-3765,1,Primary Solid Tumor,LUSC,lung squamous cell carcinoma
TCGA-46-3766-01,TCGA-46-3766,1,Primary Solid Tumor,LUSC,lung squamous cell carcinoma
TCGA-46-3767-01,TCGA-46-3767,1,Primary Solid Tumor,LUSC,lung squamous cell carcinoma
TCGA-46-3768-01,TCGA-46-3768,1,Primary Solid Tumor,LUSC,lung squamous cell carcinoma
TCGA-46-3769-01,TCGA-46-3769,1,Primary Solid Tumor,LUSC,lung squamous cell carcinoma
TCGA-46-6025-01,TCGA-46-6025,1,Primary Solid Tumor,LUSC,lung squamous cell carcinoma
TCGA-46-6026-01,TCGA-46-6026,1,Primary Solid Tumor,LUSC,lung squamous cell carcinoma
TCGA-49-4486-01,TCGA-49-4486,1,Primary Solid Tumor,LUAD,lung adenocarcinoma
TCGA-49-4487-01,TCGA-49-4487,1,Primary Solid Tumor,LUAD,lung adenocarcinoma
TCGA-49-4488-01,TCGA-49-4488,1,Primary Solid Tumor,LUAD,lung adenocarcinoma
TCGA-49-4490-01,TCGA-49-4490,1,Primary Solid Tumor,LUAD,lung adenocarcinoma
TCGA-49-4494-01,TCGA-49-4494,1,Primary Solid Tumor,LUAD,lung adenocarcinoma
TCGA-49-4501-01,TCGA-49-4501,1,Primary Solid Tumor,LUAD,lung adenocarcinoma
TCGA-49-4505-01,TCGA-49-4505,1,Primary Solid Tumor,LUAD,lung adenocarcinoma
TCGA-49-4506-01,TCGA-49-4506,1,Primary Solid Tumor,LUAD,lung adenocarcinoma
TCGA-49-4507-01,TCGA-49-4507,1,Primary Solid Tumor,LUAD,lung adenocarcinoma
TCGA-49-4510-01,TCGA-49-4510,1,Primary Solid Tumor,LUAD,lung adenocarcinoma
TCGA-49-4512-01,TCGA-49-4512,1,Primary Solid Tumor,LUAD,lung adenocarcinoma
TCGA-49-4514-01,TCGA-49-4514,1,Primary Solid Tumor,LUAD,lung adenocarcinoma
TCGA-49-6742-01,TCGA-49-6742,1,Primary Solid Tumor,LUAD,lung adenocarcinoma
TCGA-49-6743-01,TCGA-49-6743,1,Primary Solid Tumor,LUAD,lung adenocarcinoma
TCGA-49-6744-01,TCGA-49-6744,1,Primary Solid Tumor,LUAD,lung adenocarcinoma
TCGA-49-6745-01,TCGA-49-6745,1,Primary Solid Tumor,LUAD,lung adenocarcinoma
TCGA-49-6761-01,TCGA-49-6761,1,Primary Solid Tumor,LUAD,lung adenocarcinoma
TCGA-49-6767-01,TCGA-49-6767,1,Primary Solid Tumor,LUAD,lung adenocarcinoma
TCGA-49-AAQV-01,TCGA-49-AAQV,1,Primary Solid Tumor,LUAD,lung adenocarcinoma
TCGA-49-AAR0-01,TCGA-49-AAR0,1,Primary Solid Tumor,LUAD,lung adenocarcinoma
TCGA-49-AAR2-01,TCGA-49-AAR2,1,Primary Solid Tumor,LUAD,lung adenocarcinoma
TCGA-49-AAR3-01,TCGA-49-AAR3,1,Primary Solid Tumor,LUAD,lung adenocarcinoma
TCGA-49-AAR4-01,TCGA-49-AAR4,1,Primary Solid Tumor,LUAD,lung adenocarcinoma
TCGA-49-AAR9-01,TCGA-49-AAR9,1,Primary Solid Tumor,LUAD,lung adenocarcinoma
TCGA-49-AARE-01,TCGA-49-AARE,1,Primary Solid Tumor,LUAD,lung adenocarcinoma
TCGA-49-AARN-01,TCGA-49-AARN,1,Primary Solid Tumor,LUAD,lung adenocarcinoma
TCGA-49-AARO-01,TCGA-49-AARO,1,Primary Solid Tumor,LUAD,lung adenocarcinoma
TCGA-49-AARQ-01,TCGA-49-AARQ,1,Primary Solid Tumor,LUAD,lung adenocarcinoma
TCGA-49-AARR-01,TCGA-49-AARR,1,Primary Solid Tumor,LUAD,lung adenocarcinoma
TCGA-4B-A93V-01,TCGA-4B-A93V,1,Primary Solid Tumor,LUAD,lung adenocarcinoma
TCGA-4E-A92E-01,TCGA-4E-A92E,1,Primary Solid Tumor,UCEC,uterine corpus endometrioid carcinoma
TCGA-4H-AAAK-01,TCGA-4H-AAAK,1,Primary Solid Tumor,BRCA,breast invasive carcinoma
TCGA-4N-A93T-01,TCGA-4N-A93T,1,Primary Solid Tumor,COAD,colon adenocarcinoma
TCGA-4P-AA8J-01,TCGA-4P-AA8J,1,Primary Solid Tumor,HNSC,head & neck squamous cell carcinoma
TCGA-4T-AA8H-01,TCGA-4T-AA8H,1,Primary Solid Tumor,COAD,colon adenocarcinoma
TCGA-50-5044-01,TCGA-50-5044,1,Primary Solid Tumor,LUAD,lung adenocarcinoma
TCGA-50-5045-01,TCGA-50-5045,1,Primary Solid Tumor,LUAD,lung adenocarcinoma
TCGA-50-5049-01,TCGA-50-5049,1,Primary Solid Tumor,LUAD,lung adenocarcinoma
TCGA-50-5051-01,TCGA-50-5051,1,Primary Solid Tumor,LUAD,lung adenocarcinoma
TCGA-50-5055-01,TCGA-50-5055,1,Primary Solid Tumor,LUAD,lung adenocarcinoma
TCGA-50-5066-01,TCGA-50-5066,1,Primary Solid Tumor,LUAD,lung adenocarcinoma
TCGA-50-5068-01,TCGA-50-5068,1,Primary Solid Tumor,LUAD,lung adenocarcinoma
TCGA-50-5072-01,TCGA-50-5072,1,Primary Solid Tumor,LUAD,lung adenocarcinoma
TCGA-50-5930-01,TCGA-50-5930,1,Primary Solid Tumor,LUAD,lung adenocarcinoma
TCGA-50-5931-01,TCGA-50-5931,1,Primary Solid Tumor,LUAD,lung adenocarcinoma
TCGA-50-5932-01,TCGA-50-5932,1,Primary Solid Tumor,LUAD,lung adenocarcinoma
TCGA-50-5933-01,TCGA-50-5933,1,Primary Solid Tumor,LUAD,lung adenocarcinoma
TCGA-50-5935-01,TCGA-50-5935,1,Primary Solid Tumor,LUAD,lung adenocarcinoma
TCGA-50-5936-01,TCGA-50-5936,1,Primary Solid Tumor,LUAD,lung adenocarcinoma
TCGA-50-5939-01,TCGA-50-5939,1,Primary Solid Tumor,LUAD,lung adenocarcinoma
TCGA-50-5941-01,TCGA-50-5941,1,Primary Solid Tumor,LUAD,lung adenocarcinoma
TCGA-50-5942-01,TCGA-50-5942,1,Primary Solid Tumor,LUAD,lung adenocarcinoma
TCGA-50-5944-01,TCGA-50-5944,1,Primary Solid Tumor,LUAD,lung adenocarcinoma
TCGA-50-5946-01,TCGA-50-5946,1,Primary Solid Tumor,LUAD,lung adenocarcinoma
TCGA-50-6590-01,TCGA-50-6590,1,Primary Solid Tumor,LUAD,lung adenocarcinoma
TCGA-50-6591-01,TCGA-50-6591,1,Primary Solid Tumor,LUAD,lung adenocarcinoma
TCGA-50-6592-01,TCGA-50-6592,1,Primary Solid Tumor,LUAD,lung adenocarcinoma
TCGA-50-6593-01,TCGA-50-6593,1,Primary Solid Tumor,LUAD,lung adenocarcinoma
TCGA-50-6594-01,TCGA-50-6594,1,Primary Solid Tumor,LUAD,lung adenocarcinoma
TCGA-50-6595-01,TCGA-50-6595,1,Primary Solid Tumor,LUAD,lung adenocarcinoma
TCGA-50-6597-01,TCGA-50-6597,1,Primary Solid Tumor,LUAD,lung adenocarcinoma
TCGA-50-6673-01,TCGA-50-6673,1,Primary Solid Tumor,LUAD,lung adenocarcinoma
TCGA-50-7109-01,TCGA-50-7109,1,Primary Solid Tumor,LUAD,lung adenocarcinoma
TCGA-50-8457-01,TCGA-50-8457,1,Primary Solid Tumor,LUAD,lung adenocarcinoma
TCGA-50-8459-01,TCGA-50-8459,1,Primary Solid Tumor,LUAD,lung adenocarcinoma
TCGA-50-8460-01,TCGA-50-8460,1,Primary Solid Tumor,LUAD,lung adenocarcinoma
TCGA-51-4079-01,TCGA-51-4079,1,Primary Solid Tumor,LUSC,lung squamous cell carcinoma
TCGA-51-4080-01,TCGA-51-4080,1,Primary Solid Tumor,LUSC,lung squamous cell carcinoma
TCGA-51-4081-01,TCGA-51-4081,1,Primary Solid Tumor,LUSC,lung squamous cell carcinoma
TCGA-51-6867-01,TCGA-51-6867,1,Primary Solid Tumor,LUSC,lung squamous cell carcinoma
TCGA-52-7622-01,TCGA-52-7622,1,Primary Solid Tumor,LUSC,lung squamous cell carcinoma
TCGA-52-7809-01,TCGA-52-7809,1,Primary Solid Tumor,LUSC,lung squamous cell carcinoma
TCGA-52-7810-01,TCGA-52-7810,1,Primary Solid Tumor,LUSC,lung squamous cell carcinoma
TCGA-52-7811-01,TCGA-52-7811,1,Primary Solid Tumor,LUSC,lung squamous cell carcinoma
TCGA-52-7812-01,TCGA-52-7812,1,Primary Solid Tumor,LUSC,lung squamous cell carcinoma
TCGA-53-7624-01,TCGA-53-7624,1,Primary Solid Tumor,LUAD,lung adenocarcinoma
TCGA-53-7626-01,TCGA-53-7626,1,Primary Solid Tumor,LUAD,lung adenocarcinoma
TCGA-53-7813-01,TCGA-53-7813,1,Primary Solid Tumor,LUAD,lung adenocarcinoma
TCGA-53-A4EZ-01,TCGA-53-A4EZ,1,Primary Solid Tumor,LUAD,lung adenocarcinoma
TCGA-55-1592-01,TCGA-55-1592,1,Primary Solid Tumor,LUAD,lung adenocarcinoma
TCGA-55-1594-01,TCGA-55-1594,1,Primary Solid Tumor,LUAD,lung adenocarcinoma
TCGA-55-1595-01,TCGA-55-1595,1,Primary Solid Tumor,LUAD,lung adenocarcinoma
TCGA-55-1596-01,TCGA-55-1596,1,Primary Solid Tumor,LUAD,lung adenocarcinoma
TCGA-55-5899-01,TCGA-55-5899,1,Primary Solid Tumor,LUAD,lung adenocarcinoma
TCGA-55-6543-01,TCGA-55-6543,1,Primary Solid Tumor,LUAD,lung adenocarcinoma
TCGA-55-6642-01,TCGA-55-6642,1,Primary Solid Tumor,LUAD,lung adenocarcinoma
TCGA-55-6712-01,TCGA-55-6712,1,Primary Solid Tumor,LUAD,lung adenocarcinoma
TCGA-55-6968-01,TCGA-55-6968,1,Primary Solid Tumor,LUAD,lung adenocarcinoma
TCGA-55-6969-01,TCGA-55-6969,1,Primary Solid Tumor,LUAD,lung adenocarcinoma
TCGA-55-6970-01,TCGA-55-6970,1,Primary Solid Tumor,LUAD,lung adenocarcinoma
TCGA-55-6971-01,TCGA-55-6971,1,Primary Solid Tumor,LUAD,lung adenocarcinoma
TCGA-55-6972-01,TCGA-55-6972,1,Primary Solid Tumor,LUAD,lung adenocarcinoma
TCGA-55-6975-01,TCGA-55-6975,1,Primary Solid Tumor,LUAD,lung adenocarcinoma
TCGA-55-6978-01,TCGA-55-6978,1,Primary Solid Tumor,LUAD,lung adenocarcinoma
TCGA-55-6979-01,TCGA-55-6979,1,Primary Solid Tumor,LUAD,lung adenocarcinoma
TCGA-55-6980-01,TCGA-55-6980,1,Primary Solid Tumor,LUAD,lung adenocarcinoma
TCGA-55-6981-01,TCGA-55-6981,1,Primary Solid Tumor,LUAD,lung adenocarcinoma
TCGA-55-6982-01,TCGA-55-6982,1,Primary Solid Tumor,LUAD,lung adenocarcinoma
TCGA-55-6983-01,TCGA-55-6983,1,Primary Solid Tumor,LUAD,lung adenocarcinoma
TCGA-55-6984-01,TCGA-55-6984,1,Primary Solid Tumor,LUAD,lung adenocarcinoma
TCGA-55-6985-01,TCGA-55-6985,1,Primary Solid Tumor,LUAD,lung adenocarcinoma
TCGA-55-6986-01,TCGA-55-6986,1,Primary Solid Tumor,LUAD,lung adenocarcinoma
TCGA-55-6987-01,TCGA-55-6987,1,Primary Solid Tumor,LUAD,lung adenocarcinoma
TCGA-55-7227-01,TCGA-55-7227,1,Primary Solid Tumor,LUAD,lung adenocarcinoma
TCGA-55-7281-01,TCGA-55-7281,1,Primary Solid Tumor,LUAD,lung adenocarcinoma
TCGA-55-7283-01,TCGA-55-7283,1,Primary Solid Tumor,LUAD,lung adenocarcinoma
TCGA-55-7284-01,TCGA-55-7284,1,Primary Solid Tumor,LUAD,lung adenocarcinoma
TCGA-55-7570-01,TCGA-55-7570,1,Primary Solid Tumor,LUAD,lung adenocarcinoma
TCGA-55-7573-01,TCGA-55-7573,1,Primary Solid Tumor,LUAD,lung adenocarcinoma
TCGA-55-7574-01,TCGA-55-7574,1,Primary Solid Tumor,LUAD,lung adenocarcinoma
TCGA-55-7576-01,TCGA-55-7576,1,Primary Solid Tumor,LUAD,lung adenocarcinoma
TCGA-55-7724-01,TCGA-55-7724,1,Primary Solid Tumor,LUAD,lung adenocarcinoma
TCGA-55-7725-01,TCGA-55-7725,1,Primary Solid Tumor,LUAD,lung adenocarcinoma
TCGA-55-7726-01,TCGA-55-7726,1,Primary Solid Tumor,LUAD,lung adenocarcinoma
TCGA-55-7727-01,TCGA-55-7727,1,Primary Solid Tumor,LUAD,lung adenocarcinoma
TCGA-55-7728-01,TCGA-55-7728,1,Primary Solid Tumor,LUAD,lung adenocarcinoma
TCGA-55-7815-01,TCGA-55-7815,1,Primary Solid Tumor,LUAD,lung adenocarcinoma
TCGA-55-7816-01,TCGA-55-7816,1,Primary Solid Tumor,LUAD,lung adenocarcinoma
TCGA-55-7903-01,TCGA-55-7903,1,Primary Solid Tumor,LUAD,lung adenocarcinoma
TCGA-55-7907-01,TCGA-55-7907,1,Primary Solid Tumor,LUAD,lung adenocarcinoma
TCGA-55-7910-01,TCGA-55-7910,1,Primary Solid Tumor,LUAD,lung adenocarcinoma
TCGA-55-7911-01,TCGA-55-7911,1,Primary Solid Tumor,LUAD,lung adenocarcinoma
TCGA-55-7913-01,TCGA-55-7913,1,Primary Solid Tumor,LUAD,lung adenocarcinoma
TCGA-55-7914-01,TCGA-55-7914,1,Primary Solid Tumor,LUAD,lung adenocarcinoma
TCGA-55-7994-01,TCGA-55-7994,1,Primary Solid Tumor,LUAD,lung adenocarcinoma
TCGA-55-7995-01,TCGA-55-7995,1,Primary Solid Tumor,LUAD,lung adenocarcinoma
TCGA-55-8085-01,TCGA-55-8085,1,Primary Solid Tumor,LUAD,lung adenocarcinoma
TCGA-55-8087-01,TCGA-55-8087,1,Primary Solid Tumor,LUAD,lung adenocarcinoma
TCGA-55-8089-01,TCGA-55-8089,1,Primary Solid Tumor,LUAD,lung adenocarcinoma
TCGA-55-8090-01,TCGA-55-8090,1,Primary Solid Tumor,LUAD,lung adenocarcinoma
TCGA-55-8091-01,TCGA-55-8091,1,Primary Solid Tumor,LUAD,lung adenocarcinoma
TCGA-55-8092-01,TCGA-55-8092,1,Primary Solid Tumor,LUAD,lung adenocarcinoma
TCGA-55-8094-01,TCGA-55-8094,1,Primary Solid Tumor,LUAD,lung adenocarcinoma
TCGA-55-8096-01,TCGA-55-8096,1,Primary Solid Tumor,LUAD,lung adenocarcinoma
TCGA-55-8097-01,TCGA-55-8097,1,Primary Solid Tumor,LUAD,lung adenocarcinoma
TCGA-55-8203-01,TCGA-55-8203,1,Primary Solid Tumor,LUAD,lung adenocarcinoma
TCGA-55-8204-01,TCGA-55-8204,1,Primary Solid Tumor,LUAD,lung adenocarcinoma
TCGA-55-8205-01,TCGA-55-8205,1,Primary Solid Tumor,LUAD,lung adenocarcinoma
TCGA-55-8206-01,TCGA-55-8206,1,Primary Solid Tumor,LUAD,lung adenocarcinoma
TCGA-55-8207-01,TCGA-55-8207,1,Primary Solid Tumor,LUAD,lung adenocarcinoma
TCGA-55-8208-01,TCGA-55-8208,1,Primary Solid Tumor,LUAD,lung adenocarcinoma
TCGA-55-8299-01,TCGA-55-8299,1,Primary Solid Tumor,LUAD,lung adenocarcinoma
TCGA-55-8301-01,TCGA-55-8301,1,Primary Solid Tumor,LUAD,lung adenocarcinoma
TCGA-55-8302-01,TCGA-55-8302,1,Primary Solid Tumor,LUAD,lung adenocarcinoma
TCGA-55-8505-01,TCGA-55-8505,1,Primary Solid Tumor,LUAD,lung adenocarcinoma
TCGA-55-8506-01,TCGA-55-8506,1,Primary Solid Tumor,LUAD,lung adenocarcinoma
TCGA-55-8507-01,TCGA-55-8507,1,Primary Solid Tumor,LUAD,lung adenocarcinoma
TCGA-55-8508-01,TCGA-55-8508,1,Primary Solid Tumor,LUAD,lung adenocarcinoma
TCGA-55-8510-01,TCGA-55-8510,1,Primary Solid Tumor,LUAD,lung adenocarcinoma
TCGA-55-8511-01,TCGA-55-8511,1,Primary Solid Tumor,LUAD,lung adenocarcinoma
TCGA-55-8512-01,TCGA-55-8512,1,Primary Solid Tumor,LUAD,lung adenocarcinoma
TCGA-55-8513-01,TCGA-55-8513,1,Primary Solid Tumor,LUAD,lung adenocarcinoma
TCGA-55-8514-01,TCGA-55-8514,1,Primary Solid Tumor,LUAD,lung adenocarcinoma
TCGA-55-8614-01,TCGA-55-8614,1,Primary Solid Tumor,LUAD,lung adenocarcinoma
TCGA-55-8615-01,TCGA-55-8615,1,Primary Solid Tumor,LUAD,lung adenocarcinoma
TCGA-55-8616-01,TCGA-55-8616,1,Primary Solid Tumor,LUAD,lung adenocarcinoma
TCGA-55-8619-01,TCGA-55-8619,1,Primary Solid Tumor,LUAD,lung adenocarcinoma
TCGA-55-8620-01,TCGA-55-8620,1,Primary Solid Tumor,LUAD,lung adenocarcinoma
TCGA-55-8621-01,TCGA-55-8621,1,Primary Solid Tumor,LUAD,lung adenocarcinoma
TCGA-55-A48X-01,TCGA-55-A48X,1,Primary Solid Tumor,LUAD,lung adenocarcinoma
TCGA-55-A48Y-01,TCGA-55-A48Y,1,Primary Solid Tumor,LUAD,lung adenocarcinoma
TCGA-55-A48Z-01,TCGA-55-A48Z,1,Primary Solid Tumor,LUAD,lung adenocarcinoma
TCGA-55-A490-01,TCGA-55-A490,1,Primary Solid Tumor,LUAD,lung adenocarcinoma
TCGA-55-A491-01,TCGA-55-A491,1,Primary Solid Tumor,LUAD,lung adenocarcinoma
TCGA-55-A492-01,TCGA-55-A492,1,Primary Solid Tumor,LUAD,lung adenocarcinoma
TCGA-55-A493-01,TCGA-55-A493,1,Primary Solid Tumor,LUAD,lung adenocarcinoma
TCGA-55-A494-01,TCGA-55-A494,1,Primary Solid Tumor,LUAD,lung adenocarcinoma
TCGA-55-A4DF-01,TCGA-55-A4DF,1,Primary Solid Tumor,LUAD,lung adenocarcinoma
TCGA-55-A4DG-01,TCGA-55-A4DG,1,Primary Solid Tumor,LUAD,lung adenocarcinoma
TCGA-55-A57B-01,TCGA-55-A57B,1,Primary Solid Tumor,LUAD,lung adenocarcinoma
TCGA-56-1622-01,TCGA-56-1622,1,Primary Solid Tumor,LUSC,lung squamous cell carcinoma
TCGA-56-5897-01,TCGA-56-5897,1,Primary Solid Tumor,LUSC,lung squamous cell carcinoma
TCGA-56-5898-01,TCGA-56-5898,1,Primary Solid Tumor,LUSC,lung squamous cell carcinoma
TCGA-56-6545-01,TCGA-56-6545,1,Primary Solid Tumor,LUSC,lung squamous cell carcinoma
TCGA-56-6546-01,TCGA-56-6546,1,Primary Solid Tumor,LUSC,lung squamous cell carcinoma
TCGA-56-7221-01,TCGA-56-7221,1,Primary Solid Tumor,LUSC,lung squamous cell carcinoma
TCGA-56-7222-01,TCGA-56-7222,1,Primary Solid Tumor,LUSC,lung squamous cell carcinoma
TCGA-56-7223-01,TCGA-56-7223,1,Primary Solid Tumor,LUSC,lung squamous cell carcinoma
TCGA-56-7579-01,TCGA-56-7579,1,Primary Solid Tumor,LUSC,lung squamous cell carcinoma
TCGA-56-7580-01,TCGA-56-7580,1,Primary Solid Tumor,LUSC,lung squamous cell carcinoma
TCGA-56-7582-01,TCGA-56-7582,1,Primary Solid Tumor,LUSC,lung squamous cell carcinoma
TCGA-56-7730-01,TCGA-56-7730,1,Primary Solid Tumor,LUSC,lung squamous cell carcinoma
TCGA-56-7731-01,TCGA-56-7731,1,Primary Solid Tumor,LUSC,lung squamous cell carcinoma
TCGA-56-7822-01,TCGA-56-7822,1,Primary Solid Tumor,LUSC,lung squamous cell carcinoma
TCGA-56-7823-01,TCGA-56-7823,1,Primary Solid Tumor,LUSC,lung squamous cell carcinoma
TCGA-56-8082-01,TCGA-56-8082,1,Primary Solid Tumor,LUSC,lung squamous cell carcinoma
TCGA-56-8083-01,TCGA-56-8083,1,Primary Solid Tumor,LUSC,lung squamous cell carcinoma
TCGA-56-8201-01,TCGA-56-8201,1,Primary Solid Tumor,LUSC,lung squamous cell carcinoma
TCGA-56-8304-01,TCGA-56-8304,1,Primary Solid Tumor,LUSC,lung squamous cell carcinoma
TCGA-56-8305-01,TCGA-56-8305,1,Primary Solid Tumor,LUSC,lung squamous cell carcinoma
TCGA-56-8307-01,TCGA-56-8307,1,Primary Solid Tumor,LUSC,lung squamous cell carcinoma
TCGA-56-8308-01,TCGA-56-8308,1,Primary Solid Tumor,LUSC,lung squamous cell carcinoma
TCGA-56-8309-01,TCGA-56-8309,1,Primary Solid Tumor,LUSC,lung squamous cell carcinoma
TCGA-56-8503-01,TCGA-56-8503,1,Primary Solid Tumor,LUSC,lung squamous cell carcinoma
TCGA-56-8504-01,TCGA-56-8504,1,Primary Solid Tumor,LUSC,lung squamous cell carcinoma
TCGA-56-8622-01,TCGA-56-8622,1,Primary Solid Tumor,LUSC,lung squamous cell carcinoma
TCGA-56-8623-01,TCGA-56-8623,1,Primary Solid Tumor,LUSC,lung squamous cell carcinoma
TCGA-56-8624-01,TCGA-56-8624,1,Primary Solid Tumor,LUSC,lung squamous cell carcinoma
TCGA-56-8625-01,TCGA-56-8625,1,Primary Solid Tumor,LUSC,lung squamous cell carcinoma
TCGA-56-8626-01,TCGA-56-8626,1,Primary Solid Tumor,LUSC,lung squamous cell carcinoma
TCGA-56-8628-01,TCGA-56-8628,1,Primary Solid Tumor,LUSC,lung squamous cell carcinoma
TCGA-56-8629-01,TCGA-56-8629,1,Primary Solid Tumor,LUSC,lung squamous cell carcinoma
TCGA-56-A49D-01,TCGA-56-A49D,1,Primary Solid Tumor,LUSC,lung squamous cell carcinoma
TCGA-56-A4BW-01,TCGA-56-A4BW,1,Primary Solid Tumor,LUSC,lung squamous cell carcinoma
TCGA-56-A4BX-01,TCGA-56-A4BX,1,Primary Solid Tumor,LUSC,lung squamous cell carcinoma
TCGA-56-A4BY-01,TCGA-56-A4BY,1,Primary Solid Tumor,LUSC,lung squamous cell carcinoma
TCGA-56-A4ZJ-01,TCGA-56-A4ZJ,1,Primary Solid Tumor,LUSC,lung squamous cell carcinoma
TCGA-56-A4ZK-01,TCGA-56-A4ZK,1,Primary Solid Tumor,LUSC,lung squamous cell carcinoma
TCGA-56-A5DR-01,TCGA-56-A5DR,1,Primary Solid Tumor,LUSC,lung squamous cell carcinoma
TCGA-56-A5DS-01,TCGA-56-A5DS,1,Primary Solid Tumor,LUSC,lung squamous cell carcinoma
TCGA-56-A62T-01,TCGA-56-A62T,1,Primary Solid Tumor,LUSC,lung squamous cell carcinoma
TCGA-57-1582-01,TCGA-57-1582,1,Primary Solid Tumor,OV,ovarian serous cystadenocarcinoma
TCGA-57-1583-01,TCGA-57-1583,1,Primary Solid Tumor,OV,ovarian serous cystadenocarcinoma
TCGA-57-1584-01,TCGA-57-1584,1,Primary Solid Tumor,OV,ovarian serous cystadenocarcinoma
TCGA-57-1585-01,TCGA-57-1585,1,Primary Solid Tumor,OV,ovarian serous cystadenocarcinoma
TCGA-57-1993-01,TCGA-57-1993,1,Primary Solid Tumor,OV,ovarian serous cystadenocarcinoma
TCGA-57-1994-01,TCGA-57-1994,1,Primary Solid Tumor,OV,ovarian serous cystadenocarcinoma
TCGA-58-8386-01,TCGA-58-8386,1,Primary Solid Tumor,LUSC,lung squamous cell carcinoma
TCGA-58-8387-01,TCGA-58-8387,1,Primary Solid Tumor,LUSC,lung squamous cell carcinoma
TCGA-58-8388-01,TCGA-58-8388,1,Primary Solid Tumor,LUSC,lung squamous cell carcinoma
TCGA-58-8390-01,TCGA-58-8390,1,Primary Solid Tumor,LUSC,lung squamous cell carcinoma
TCGA-58-8391-01,TCGA-58-8391,1,Primary Solid Tumor,LUSC,lung squamous cell carcinoma
TCGA-58-8392-01,TCGA-58-8392,1,Primary Solid Tumor,LUSC,lung squamous cell carcinoma
TCGA-58-8393-01,TCGA-58-8393,1,Primary Solid Tumor,LUSC,lung squamous cell carcinoma
TCGA-58-A46J-01,TCGA-58-A46J,1,Primary Solid Tumor,LUSC,lung squamous cell carcinoma
TCGA-58-A46K-01,TCGA-58-A46K,1,Primary Solid Tumor,LUSC,lung squamous cell carcinoma
TCGA-58-A46L-01,TCGA-58-A46L,1,Primary Solid Tumor,LUSC,lung squamous cell carcinoma
TCGA-58-A46M-01,TCGA-58-A46M,1,Primary Solid Tumor,LUSC,lung squamous cell carcinoma
TCGA-58-A46N-01,TCGA-58-A46N,1,Primary Solid Tumor,LUSC,lung squamous cell carcinoma
TCGA-59-2348-01,TCGA-59-2348,1,Primary Solid Tumor,OV,ovarian serous cystadenocarcinoma
TCGA-59-2350-01,TCGA-59-2350,1,Primary Solid Tumor,OV,ovarian serous cystadenocarcinoma
TCGA-59-2351-01,TCGA-59-2351,1,Primary Solid Tumor,OV,ovarian serous cystadenocarcinoma
TCGA-59-2352-01,TCGA-59-2352,1,Primary Solid Tumor,OV,ovarian serous cystadenocarcinoma
TCGA-59-2354-01,TCGA-59-2354,1,Primary Solid Tumor,OV,ovarian serous cystadenocarcinoma
TCGA-59-2355-01,TCGA-59-2355,1,Primary Solid Tumor,OV,ovarian serous cystadenocarcinoma
TCGA-59-2363-01,TCGA-59-2363,1,Primary Solid Tumor,OV,ovarian serous cystadenocarcinoma
TCGA-59-A5PD-01,TCGA-59-A5PD,1,Primary Solid Tumor,OV,ovarian serous cystadenocarcinoma
TCGA-5B-A90C-01,TCGA-5B-A90C,1,Primary Solid Tumor,UCEC,uterine corpus endometrioid carcinoma
TCGA-5L-AAT0-01,TCGA-5L-AAT0,1,Primary Solid Tumor,BRCA,breast invasive carcinoma
TCGA-5L-AAT1-01,TCGA-5L-AAT1,1,Primary Solid Tumor,BRCA,breast invasive carcinoma
TCGA-5M-AAT4-01,TCGA-5M-AAT4,1,Primary Solid Tumor,COAD,colon adenocarcinoma
TCGA-5M-AAT6-01,TCGA-5M-AAT6,1,Primary Solid Tumor,COAD,colon adenocarcinoma
TCGA-5M-AATE-01,TCGA-5M-AATE,1,Primary Solid Tumor,COAD,colon adenocarcinoma
TCGA-5S-A9Q8-01,TCGA-5S-A9Q8,1,Primary Solid Tumor,UCEC,uterine corpus endometrioid carcinoma
TCGA-5T-A9QA-01,TCGA-5T-A9QA,1,Primary Solid Tumor,BRCA,breast invasive carcinoma
TCGA-5X-AA5U-01,TCGA-5X-AA5U,1,Primary Solid Tumor,OV,ovarian serous cystadenocarcinoma
TCGA-60-2695-01,TCGA-60-2695,1,Primary Solid Tumor,LUSC,lung squamous cell carcinoma
TCGA-60-2696-01,TCGA-60-2696,1,Primary Solid Tumor,LUSC,lung squamous cell carcinoma
TCGA-60-2697-01,TCGA-60-2697,1,Primary Solid Tumor,LUSC,lung squamous cell carcinoma
TCGA-60-2698-01,TCGA-60-2698,1,Primary Solid Tumor,LUSC,lung squamous cell carcinoma
TCGA-60-2703-01,TCGA-60-2703,1,Primary Solid Tumor,LUSC,lung squamous cell carcinoma
TCGA-60-2704-01,TCGA-60-2704,1,Primary Solid Tumor,LUSC,lung squamous cell carcinoma
TCGA-60-2706-01,TCGA-60-2706,1,Primary Solid Tumor,LUSC,lung squamous cell carcinoma
TCGA-60-2707-01,TCGA-60-2707,1,Primary Solid Tumor,LUSC,lung squamous cell carcinoma
TCGA-60-2708-01,TCGA-60-2708,1,Primary Solid Tumor,LUSC,lung squamous cell carcinoma
TCGA-60-2709-01,TCGA-60-2709,1,Primary Solid Tumor,LUSC,lung squamous cell carcinoma
TCGA-60-2710-01,TCGA-60-2710,1,Primary Solid Tumor,LUSC,lung squamous cell carcinoma
TCGA-60-2711-01,TCGA-60-2711,1,Primary Solid Tumor,LUSC,lung squamous cell carcinoma
TCGA-60-2712-01,TCGA-60-2712,1,Primary Solid Tumor,LUSC,lung squamous cell carcinoma
TCGA-60-2713-01,TCGA-60-2713,1,Primary Solid Tumor,LUSC,lung squamous cell carcinoma
TCGA-60-2714-01,TCGA-60-2714,1,Primary Solid Tumor,LUSC,lung squamous cell carcinoma
TCGA-60-2715-01,TCGA-60-2715,1,Primary Solid Tumor,LUSC,lung squamous cell carcinoma
TCGA-60-2716-01,TCGA-60-2716,1,Primary Solid Tumor,LUSC,lung squamous cell carcinoma
TCGA-60-2719-01,TCGA-60-2719,1,Primary Solid Tumor,LUSC,lung squamous cell carcinoma
TCGA-60-2720-01,TCGA-60-2720,1,Primary Solid Tumor,LUSC,lung squamous cell carcinoma
TCGA-60-2721-01,TCGA-60-2721,1,Primary Solid Tumor,LUSC,lung squamous cell carcinoma
TCGA-60-2722-01,TCGA-60-2722,1,Primary Solid Tumor,LUSC,lung squamous cell carcinoma
TCGA-60-2723-01,TCGA-60-2723,1,Primary Solid Tumor,LUSC,lung squamous cell carcinoma
TCGA-60-2724-01,TCGA-60-2724,1,Primary Solid Tumor,LUSC,lung squamous cell carcinoma
TCGA-60-2725-01,TCGA-60-2725,1,Primary Solid Tumor,LUSC,lung squamous cell carcinoma
TCGA-60-2726-01,TCGA-60-2726,1,Primary Solid Tumor,LUSC,lung squamous cell carcinoma
TCGA-61-1721-01,TCGA-61-1721,1,Primary Solid Tumor,OV,ovarian serous cystadenocarcinoma
TCGA-61-1724-01,TCGA-61-1724,1,Primary Solid Tumor,OV,ovarian serous cystadenocarcinoma
TCGA-61-1725-01,TCGA-61-1725,1,Primary Solid Tumor,OV,ovarian serous cystadenocarcinoma
TCGA-61-1728-01,TCGA-61-1728,1,Primary Solid Tumor,OV,ovarian serous cystadenocarcinoma
TCGA-61-1733-01,TCGA-61-1733,1,Primary Solid Tumor,OV,ovarian serous cystadenocarcinoma
TCGA-61-1736-01,TCGA-61-1736,1,Primary Solid Tumor,OV,ovarian serous cystadenocarcinoma
TCGA-61-1737-01,TCGA-61-1737,1,Primary Solid Tumor,OV,ovarian serous cystadenocarcinoma
TCGA-61-1738-01,TCGA-61-1738,1,Primary Solid Tumor,OV,ovarian serous cystadenocarcinoma
TCGA-61-1740-01,TCGA-61-1740,1,Primary Solid Tumor,OV,ovarian serous cystadenocarcinoma
TCGA-61-1741-01,TCGA-61-1741,1,Primary Solid Tumor,OV,ovarian serous cystadenocarcinoma
TCGA-61-1743-01,TCGA-61-1743,1,Primary Solid Tumor,OV,ovarian serous cystadenocarcinoma
TCGA-61-1900-01,TCGA-61-1900,1,Primary Solid Tumor,OV,ovarian serous cystadenocarcinoma
TCGA-61-1907-01,TCGA-61-1907,1,Primary Solid Tumor,OV,ovarian serous cystadenocarcinoma
TCGA-61-1910-01,TCGA-61-1910,1,Primary Solid Tumor,OV,ovarian serous cystadenocarcinoma
TCGA-61-1914-01,TCGA-61-1914,1,Primary Solid Tumor,OV,ovarian serous cystadenocarcinoma
TCGA-61-1917-01,TCGA-61-1917,1,Primary Solid Tumor,OV,ovarian serous cystadenocarcinoma
TCGA-61-1918-01,TCGA-61-1918,1,Primary Solid Tumor,OV,ovarian serous cystadenocarcinoma
TCGA-61-1919-01,TCGA-61-1919,1,Primary Solid Tumor,OV,ovarian serous cystadenocarcinoma
TCGA-61-1995-01,TCGA-61-1995,1,Primary Solid Tumor,OV,ovarian serous cystadenocarcinoma
TCGA-61-1998-01,TCGA-61-1998,1,Primary Solid Tumor,OV,ovarian serous cystadenocarcinoma
TCGA-61-2000-01,TCGA-61-2000,1,Primary Solid Tumor,OV,ovarian serous cystadenocarcinoma
TCGA-61-2002-01,TCGA-61-2002,1,Primary Solid Tumor,OV,ovarian serous cystadenocarcinoma
TCGA-61-2003-01,TCGA-61-2003,1,Primary Solid Tumor,OV,ovarian serous cystadenocarcinoma
TCGA-61-2008-01,TCGA-61-2008,1,Primary Solid Tumor,OV,ovarian serous cystadenocarcinoma
TCGA-61-2009-01,TCGA-61-2009,1,Primary Solid Tumor,OV,ovarian serous cystadenocarcinoma
TCGA-61-2012-01,TCGA-61-2012,1,Primary Solid Tumor,OV,ovarian serous cystadenocarcinoma
TCGA-61-2016-01,TCGA-61-2016,1,Primary Solid Tumor,OV,ovarian serous cystadenocarcinoma
TCGA-61-2088-01,TCGA-61-2088,1,Primary Solid Tumor,OV,ovarian serous cystadenocarcinoma
TCGA-61-2092-01,TCGA-61-2092,1,Primary Solid Tumor,OV,ovarian serous cystadenocarcinoma
TCGA-61-2094-01,TCGA-61-2094,1,Primary Solid Tumor,OV,ovarian serous cystadenocarcinoma
TCGA-61-2095-01,TCGA-61-2095,1,Primary Solid Tumor,OV,ovarian serous cystadenocarcinoma
TCGA-61-2097-01,TCGA-61-2097,1,Primary Solid Tumor,OV,ovarian serous cystadenocarcinoma
TCGA-61-2098-01,TCGA-61-2098,1,Primary Solid Tumor,OV,ovarian serous cystadenocarcinoma
TCGA-61-2101-01,TCGA-61-2101,1,Primary Solid Tumor,OV,ovarian serous cystadenocarcinoma
TCGA-61-2102-01,TCGA-61-2102,1,Primary Solid Tumor,OV,ovarian serous cystadenocarcinoma
TCGA-61-2104-01,TCGA-61-2104,1,Primary Solid Tumor,OV,ovarian serous cystadenocarcinoma
TCGA-61-2109-01,TCGA-61-2109,1,Primary Solid Tumor,OV,ovarian serous cystadenocarcinoma
TCGA-61-2110-01,TCGA-61-2110,1,Primary Solid Tumor,OV,ovarian serous cystadenocarcinoma
TCGA-61-2111-01,TCGA-61-2111,1,Primary Solid Tumor,OV,ovarian serous cystadenocarcinoma
TCGA-61-2113-01,TCGA-61-2113,1,Primary Solid Tumor,OV,ovarian serous cystadenocarcinoma
TCGA-62-8394-01,TCGA-62-8394,1,Primary Solid Tumor,LUAD,lung adenocarcinoma
TCGA-62-8395-01,TCGA-62-8395,1,Primary Solid Tumor,LUAD,lung adenocarcinoma
TCGA-62-8397-01,TCGA-62-8397,1,Primary Solid Tumor,LUAD,lung adenocarcinoma
TCGA-62-8398-01,TCGA-62-8398,1,Primary Solid Tumor,LUAD,lung adenocarcinoma
TCGA-62-8399-01,TCGA-62-8399,1,Primary Solid Tumor,LUAD,lung adenocarcinoma
TCGA-62-8402-01,TCGA-62-8402,1,Primary Solid Tumor,LUAD,lung adenocarcinoma
TCGA-62-A46O-01,TCGA-62-A46O,1,Primary Solid Tumor,LUAD,lung adenocarcinoma
TCGA-62-A46P-01,TCGA-62-A46P,1,Primary Solid Tumor,LUAD,lung adenocarcinoma
TCGA-62-A46R-01,TCGA-62-A46R,1,Primary Solid Tumor,LUAD,lung adenocarcinoma
TCGA-62-A46S-01,TCGA-62-A46S,1,Primary Solid Tumor,LUAD,lung adenocarcinoma
TCGA-62-A46U-01,TCGA-62-A46U,1,Primary Solid Tumor,LUAD,lung adenocarcinoma
TCGA-62-A46V-01,TCGA-62-A46V,1,Primary Solid Tumor,LUAD,lung adenocarcinoma
TCGA-62-A46Y-01,TCGA-62-A46Y,1,Primary Solid Tumor,LUAD,lung adenocarcinoma
TCGA-62-A470-01,TCGA-62-A470,1,Primary Solid Tumor,LUAD,lung adenocarcinoma
TCGA-62-A471-01,TCGA-62-A471,1,Primary Solid Tumor,LUAD,lung adenocarcinoma
TCGA-62-A472-01,TCGA-62-A472,1,Primary Solid Tumor,LUAD,lung adenocarcinoma
TCGA-63-5128-01,TCGA-63-5128,1,Primary Solid Tumor,LUSC,lung squamous cell carcinoma
TCGA-63-5131-01,TCGA-63-5131,1,Primary Solid Tumor,LUSC,lung squamous cell carcinoma
TCGA-63-6202-01,TCGA-63-6202,1,Primary Solid Tumor,LUSC,lung squamous cell carcinoma
TCGA-63-7020-01,TCGA-63-7020,1,Primary Solid Tumor,LUSC,lung squamous cell carcinoma
TCGA-63-7021-01,TCGA-63-7021,1,Primary Solid Tumor,LUSC,lung squamous cell carcinoma
TCGA-63-7022-01,TCGA-63-7022,1,Primary Solid Tumor,LUSC,lung squamous cell carcinoma
TCGA-63-7023-01,TCGA-63-7023,1,Primary Solid Tumor,LUSC,lung squamous cell carcinoma
TCGA-63-A5M9-01,TCGA-63-A5M9,1,Primary Solid Tumor,LUSC,lung squamous cell carcinoma
TCGA-63-A5MB-01,TCGA-63-A5MB,1,Primary Solid Tumor,LUSC,lung squamous cell carcinoma
TCGA-63-A5MG-01,TCGA-63-A5MG,1,Primary Solid Tumor,LUSC,lung squamous cell carcinoma
TCGA-63-A5MH-01,TCGA-63-A5MH,1,Primary Solid Tumor,LUSC,lung squamous cell carcinoma
TCGA-63-A5MI-01,TCGA-63-A5MI,1,Primary Solid Tumor,LUSC,lung squamous cell carcinoma
TCGA-63-A5MJ-01,TCGA-63-A5MJ,1,Primary Solid Tumor,LUSC,lung squamous cell carcinoma
TCGA-63-A5ML-01,TCGA-63-A5ML,1,Primary Solid Tumor,LUSC,lung squamous cell carcinoma
TCGA-63-A5MM-01,TCGA-63-A5MM,1,Primary Solid Tumor,LUSC,lung squamous cell carcinoma
TCGA-63-A5MN-01,TCGA-63-A5MN,1,Primary Solid Tumor,LUSC,lung squamous cell carcinoma
TCGA-63-A5MP-01,TCGA-63-A5MP,1,Primary Solid Tumor,LUSC,lung squamous cell carcinoma
TCGA-63-A5MR-01,TCGA-63-A5MR,1,Primary Solid Tumor,LUSC,lung squamous cell carcinoma
TCGA-63-A5MS-01,TCGA-63-A5MS,1,Primary Solid Tumor,LUSC,lung squamous cell carcinoma
TCGA-63-A5MT-01,TCGA-63-A5MT,1,Primary Solid Tumor,LUSC,lung squamous cell carcinoma
TCGA-63-A5MU-01,TCGA-63-A5MU,1,Primary Solid Tumor,LUSC,lung squamous cell carcinoma
TCGA-63-A5MV-01,TCGA-63-A5MV,1,Primary Solid Tumor,LUSC,lung squamous cell carcinoma
TCGA-63-A5MW-01,TCGA-63-A5MW,1,Primary Solid Tumor,LUSC,lung squamous cell carcinoma
TCGA-63-A5MY-01,TCGA-63-A5MY,1,Primary Solid Tumor,LUSC,lung squamous cell carcinoma
TCGA-64-1676-01,TCGA-64-1676,1,Primary Solid Tumor,LUAD,lung adenocarcinoma
TCGA-64-1677-01,TCGA-64-1677,1,Primary Solid Tumor,LUAD,lung adenocarcinoma
TCGA-64-1678-01,TCGA-64-1678,1,Primary Solid Tumor,LUAD,lung adenocarcinoma
TCGA-64-1679-01,TCGA-64-1679,1,Primary Solid Tumor,LUAD,lung adenocarcinoma
TCGA-64-1680-01,TCGA-64-1680,1,Primary Solid Tumor,LUAD,lung adenocarcinoma
TCGA-64-1681-01,TCGA-64-1681,1,Primary Solid Tumor,LUAD,lung adenocarcinoma
TCGA-64-5774-01,TCGA-64-5774,1,Primary Solid Tumor,LUAD,lung adenocarcinoma
TCGA-64-5775-01,TCGA-64-5775,1,Primary Solid Tumor,LUAD,lung adenocarcinoma
TCGA-64-5778-01,TCGA-64-5778,1,Primary Solid Tumor,LUAD,lung adenocarcinoma
TCGA-64-5779-01,TCGA-64-5779,1,Primary Solid Tumor,LUAD,lung adenocarcinoma
TCGA-64-5781-01,TCGA-64-5781,1,Primary Solid Tumor,LUAD,lung adenocarcinoma
TCGA-64-5815-01,TCGA-64-5815,1,Primary Solid Tumor,LUAD,lung adenocarcinoma
TCGA-66-2727-01,TCGA-66-2727,1,Primary Solid Tumor,LUSC,lung squamous cell carcinoma
TCGA-66-2734-01,TCGA-66-2734,1,Primary Solid Tumor,LUSC,lung squamous cell carcinoma
TCGA-66-2737-01,TCGA-66-2737,1,Primary Solid Tumor,LUSC,lung squamous cell carcinoma
TCGA-66-2742-01,TCGA-66-2742,1,Primary Solid Tumor,LUSC,lung squamous cell carcinoma
TCGA-66-2744-01,TCGA-66-2744,1,Primary Solid Tumor,LUSC,lung squamous cell carcinoma
TCGA-66-2753-01,TCGA-66-2753,1,Primary Solid Tumor,LUSC,lung squamous cell carcinoma
TCGA-66-2754-01,TCGA-66-2754,1,Primary Solid Tumor,LUSC,lung squamous cell carcinoma
TCGA-66-2755-01,TCGA-66-2755,1,Primary Solid Tumor,LUSC,lung squamous cell carcinoma
TCGA-66-2756-01,TCGA-66-2756,1,Primary Solid Tumor,LUSC,lung squamous cell carcinoma
TCGA-66-2757-01,TCGA-66-2757,1,Primary Solid Tumor,LUSC,lung squamous cell carcinoma
TCGA-66-2758-01,TCGA-66-2758,1,Primary Solid Tumor,LUSC,lung squamous cell carcinoma
TCGA-66-2759-01,TCGA-66-2759,1,Primary Solid Tumor,LUSC,lung squamous cell carcinoma
TCGA-66-2763-01,TCGA-66-2763,1,Primary Solid Tumor,LUSC,lung squamous cell carcinoma
TCGA-66-2765-01,TCGA-66-2765,1,Primary Solid Tumor,LUSC,lung squamous cell carcinoma
TCGA-66-2766-01,TCGA-66-2766,1,Primary Solid Tumor,LUSC,lung squamous cell carcinoma
TCGA-66-2767-01,TCGA-66-2767,1,Primary Solid Tumor,LUSC,lung squamous cell carcinoma
TCGA-66-2768-01,TCGA-66-2768,1,Primary Solid Tumor,LUSC,lung squamous cell carcinoma
TCGA-66-2769-01,TCGA-66-2769,1,Primary Solid Tumor,LUSC,lung squamous cell carcinoma
TCGA-66-2770-01,TCGA-66-2770,1,Primary Solid Tumor,LUSC,lung squamous cell carcinoma
TCGA-66-2771-01,TCGA-66-2771,1,Primary Solid Tumor,LUSC,lung squamous cell carcinoma
TCGA-66-2773-01,TCGA-66-2773,1,Primary Solid Tumor,LUSC,lung squamous cell carcinoma
TCGA-66-2777-01,TCGA-66-2777,1,Primary Solid Tumor,LUSC,lung squamous cell carcinoma
TCGA-66-2778-01,TCGA-66-2778,1,Primary Solid Tumor,LUSC,lung squamous cell carcinoma
TCGA-66-2780-01,TCGA-66-2780,1,Primary Solid Tumor,LUSC,lung squamous cell carcinoma
TCGA-66-2781-01,TCGA-66-2781,1,Primary Solid Tumor,LUSC,lung squamous cell carcinoma
TCGA-66-2782-01,TCGA-66-2782,1,Primary Solid Tumor,LUSC,lung squamous cell carcinoma
TCGA-66-2783-01,TCGA-66-2783,1,Primary Solid Tumor,LUSC,lung squamous cell carcinoma
TCGA-66-2785-01,TCGA-66-2785,1,Primary Solid Tumor,LUSC,lung squamous cell carcinoma
TCGA-66-2786-01,TCGA-66-2786,1,Primary Solid Tumor,LUSC,lung squamous cell carcinoma
TCGA-66-2787-01,TCGA-66-2787,1,Primary Solid Tumor,LUSC,lung squamous cell carcinoma
TCGA-66-2788-01,TCGA-66-2788,1,Primary Solid Tumor,LUSC,lung squamous cell carcinoma
TCGA-66-2789-01,TCGA-66-2789,1,Primary Solid Tumor,LUSC,lung squamous cell carcinoma
TCGA-66-2790-01,TCGA-66-2790,1,Primary Solid Tumor,LUSC,lung squamous cell carcinoma
TCGA-66-2791-01,TCGA-66-2791,1,Primary Solid Tumor,LUSC,lung squamous cell carcinoma
TCGA-66-2792-01,TCGA-66-2792,1,Primary Solid Tumor,LUSC,lung squamous cell carcinoma
TCGA-66-2793-01,TCGA-66-2793,1,Primary Solid Tumor,LUSC,lung squamous cell carcinoma
TCGA-66-2794-01,TCGA-66-2794,1,Primary Solid Tumor,LUSC,lung squamous cell carcinoma
TCGA-66-2795-01,TCGA-66-2795,1,Primary Solid Tumor,LUSC,lung squamous cell carcinoma
TCGA-66-2800-01,TCGA-66-2800,1,Primary Solid Tumor,LUSC,lung squamous cell carcinoma
TCGA-67-3770-01,TCGA-67-3770,1,Primary Solid Tumor,LUAD,lung adenocarcinoma
TCGA-67-3771-01,TCGA-67-3771,1,Primary Solid Tumor,LUAD,lung adenocarcinoma
TCGA-67-3772-01,TCGA-67-3772,1,Primary Solid Tumor,LUAD,lung adenocarcinoma
TCGA-67-3773-01,TCGA-67-3773,1,Primary Solid Tumor,LUAD,lung adenocarcinoma
TCGA-67-3774-01,TCGA-67-3774,1,Primary Solid Tumor,LUAD,lung adenocarcinoma
TCGA-67-4679-01,TCGA-67-4679,1,Primary Solid Tumor,LUAD,lung adenocarcinoma
TCGA-67-6215-01,TCGA-67-6215,1,Primary Solid Tumor,LUAD,lung adenocarcinoma
TCGA-67-6216-01,TCGA-67-6216,1,Primary Solid Tumor,LUAD,lung adenocarcinoma
TCGA-67-6217-01,TCGA-67-6217,1,Primary Solid Tumor,LUAD,lung adenocarcinoma
TCGA-68-7755-01,TCGA-68-7755,1,Primary Solid Tumor,LUSC,lung squamous cell carcinoma
TCGA-68-7756-01,TCGA-68-7756,1,Primary Solid Tumor,LUSC,lung squamous cell carcinoma
TCGA-68-7757-01,TCGA-68-7757,1,Primary Solid Tumor,LUSC,lung squamous cell carcinoma
TCGA-68-8250-01,TCGA-68-8250,1,Primary Solid Tumor,LUSC,lung squamous cell carcinoma
TCGA-68-8251-01,TCGA-68-8251,1,Primary Solid Tumor,LUSC,lung squamous cell carcinoma
TCGA-68-A59I-01,TCGA-68-A59I,1,Primary Solid Tumor,LUSC,lung squamous cell carcinoma
TCGA-68-A59J-01,TCGA-68-A59J,1,Primary Solid Tumor,LUSC,lung squamous cell carcinoma
TCGA-69-7760-01,TCGA-69-7760,1,Primary Solid Tumor,LUAD,lung adenocarcinoma
TCGA-69-7761-01,TCGA-69-7761,1,Primary Solid Tumor,LUAD,lung adenocarcinoma
TCGA-69-7763-01,TCGA-69-7763,1,Primary Solid Tumor,LUAD,lung adenocarcinoma
TCGA-69-7764-01,TCGA-69-7764,1,Primary Solid Tumor,LUAD,lung adenocarcinoma
TCGA-69-7765-01,TCGA-69-7765,1,Primary Solid Tumor,LUAD,lung adenocarcinoma
TCGA-69-7973-01,TCGA-69-7973,1,Primary Solid Tumor,LUAD,lung adenocarcinoma
TCGA-69-7974-01,TCGA-69-7974,1,Primary Solid Tumor,LUAD,lung adenocarcinoma
TCGA-69-7978-01,TCGA-69-7978,1,Primary Solid Tumor,LUAD,lung adenocarcinoma
TCGA-69-7979-01,TCGA-69-7979,1,Primary Solid Tumor,LUAD,lung adenocarcinoma
TCGA-69-7980-01,TCGA-69-7980,1,Primary Solid Tumor,LUAD,lung adenocarcinoma
TCGA-69-8253-01,TCGA-69-8253,1,Primary Solid Tumor,LUAD,lung adenocarcinoma
TCGA-69-8254-01,TCGA-69-8254,1,Primary Solid Tumor,LUAD,lung adenocarcinoma
TCGA-69-8255-01,TCGA-69-8255,1,Primary Solid Tumor,LUAD,lung adenocarcinoma
TCGA-69-8453-01,TCGA-69-8453,1,Primary Solid Tumor,LUAD,lung adenocarcinoma
TCGA-69-A59K-01,TCGA-69-A59K,1,Primary Solid Tumor,LUAD,lung adenocarcinoma
TCGA-6A-AB49-01,TCGA-6A-AB49,1,Primary Solid Tumor,LUSC,lung squamous cell carcinoma
TCGA-6D-AA2E-01,TCGA-6D-AA2E,1,Primary Solid Tumor,KIRC,kidney clear cell carcinoma
TCGA-70-6722-01,TCGA-70-6722,1,Primary Solid Tumor,LUSC,lung squamous cell carcinoma
TCGA-70-6723-01,TCGA-70-6723,1,Primary Solid Tumor,LUSC,lung squamous cell carcinoma
TCGA-71-6725-01,TCGA-71-6725,1,Primary Solid Tumor,LUAD,lung adenocarcinoma
TCGA-71-8520-01,TCGA-71-8520,1,Primary Solid Tumor,LUAD,lung adenocarcinoma
TCGA-73-4658-01,TCGA-73-4658,1,Primary Solid Tumor,LUAD,lung adenocarcinoma
TCGA-73-4659-01,TCGA-73-4659,1,Primary Solid Tumor,LUAD,lung adenocarcinoma
TCGA-73-4662-01,TCGA-73-4662,1,Primary Solid Tumor,LUAD,lung adenocarcinoma
TCGA-73-4666-01,TCGA-73-4666,1,Primary Solid Tumor,LUAD,lung adenocarcinoma
TCGA-73-4668-01,TCGA-73-4668,1,Primary Solid Tumor,LUAD,lung adenocarcinoma
TCGA-73-4670-01,TCGA-73-4670,1,Primary Solid Tumor,LUAD,lung adenocarcinoma
TCGA-73-4675-01,TCGA-73-4675,1,Primary Solid Tumor,LUAD,lung adenocarcinoma
TCGA-73-4676-01,TCGA-73-4676,1,Primary Solid Tumor,LUAD,lung adenocarcinoma
TCGA-73-4677-01,TCGA-73-4677,1,Primary Solid Tumor,LUAD,lung adenocarcinoma
TCGA-73-7498-01,TCGA-73-7498,1,Primary Solid Tumor,LUAD,lung adenocarcinoma
TCGA-73-7499-01,TCGA-73-7499,1,Primary Solid Tumor,LUAD,lung adenocarcinoma
TCGA-73-A9RS-01,TCGA-73-A9RS,1,Primary Solid Tumor,LUAD,lung adenocarcinoma
TCGA-75-5122-01,TCGA-75-5122,1,Primary Solid Tumor,LUAD,lung adenocarcinoma
TCGA-75-5125-01,TCGA-75-5125,1,Primary Solid Tumor,LUAD,lung adenocarcinoma
TCGA-75-5126-01,TCGA-75-5126,1,Primary Solid Tumor,LUAD,lung adenocarcinoma
TCGA-75-5146-01,TCGA-75-5146,1,Primary Solid Tumor,LUAD,lung adenocarcinoma
TCGA-75-5147-01,TCGA-75-5147,1,Primary Solid Tumor,LUAD,lung adenocarcinoma
TCGA-75-6203-01,TCGA-75-6203,1,Primary Solid Tumor,LUAD,lung adenocarcinoma
TCGA-75-6205-01,TCGA-75-6205,1,Primary Solid Tumor,LUAD,lung adenocarcinoma
TCGA-75-6206-01,TCGA-75-6206,1,Primary Solid Tumor,LUAD,lung adenocarcinoma
TCGA-75-6207-01,TCGA-75-6207,1,Primary Solid Tumor,LUAD,lung adenocarcinoma
TCGA-75-6211-01,TCGA-75-6211,1,Primary Solid Tumor,LUAD,lung adenocarcinoma
TCGA-75-6212-01,TCGA-75-6212,1,Primary Solid Tumor,LUAD,lung adenocarcinoma
TCGA-75-6214-01,TCGA-75-6214,1,Primary Solid Tumor,LUAD,lung adenocarcinoma
TCGA-75-7025-01,TCGA-75-7025,1,Primary Solid Tumor,LUAD,lung adenocarcinoma
TCGA-75-7027-01,TCGA-75-7027,1,Primary Solid Tumor,LUAD,lung adenocarcinoma
TCGA-75-7030-01,TCGA-75-7030,1,Primary Solid Tumor,LUAD,lung adenocarcinoma
TCGA-75-7031-01,TCGA-75-7031,1,Primary Solid Tumor,LUAD,lung adenocarcinoma
TCGA-76-4925-01,TCGA-76-4925,1,Primary Solid Tumor,GBM,glioblastoma multiforme
TCGA-76-4926-01,TCGA-76-4926,1,Primary Solid Tumor,GBM,glioblastoma multiforme
TCGA-76-4927-01,TCGA-76-4927,1,Primary Solid Tumor,GBM,glioblastoma multiforme
TCGA-76-4928-01,TCGA-76-4928,1,Primary Solid Tumor,GBM,glioblastoma multiforme
TCGA-76-4929-01,TCGA-76-4929,1,Primary Solid Tumor,GBM,glioblastoma multiforme
TCGA-76-4931-01,TCGA-76-4931,1,Primary Solid Tumor,GBM,glioblastoma multiforme
TCGA-76-4932-01,TCGA-76-4932,1,Primary Solid Tumor,GBM,glioblastoma multiforme
TCGA-77-6842-01,TCGA-77-6842,1,Primary Solid Tumor,LUSC,lung squamous cell carcinoma
TCGA-77-6843-01,TCGA-77-6843,1,Primary Solid Tumor,LUSC,lung squamous cell carcinoma
TCGA-77-6844-01,TCGA-77-6844,1,Primary Solid Tumor,LUSC,lung squamous cell carcinoma
TCGA-77-6845-01,TCGA-77-6845,1,Primary Solid Tumor,LUSC,lung squamous cell carcinoma
TCGA-77-7138-01,TCGA-77-7138,1,Primary Solid Tumor,LUSC,lung squamous cell carcinoma
TCGA-77-7139-01,TCGA-77-7139,1,Primary Solid Tumor,LUSC,lung squamous cell carcinoma
TCGA-77-7140-01,TCGA-77-7140,1,Primary Solid Tumor,LUSC,lung squamous cell carcinoma
TCGA-77-7141-01,TCGA-77-7141,1,Primary Solid Tumor,LUSC,lung squamous cell carcinoma
TCGA-77-7142-01,TCGA-77-7142,1,Primary Solid Tumor,LUSC,lung squamous cell carcinoma
TCGA-77-7335-01,TCGA-77-7335,1,Primary Solid Tumor,LUSC,lung squamous cell carcinoma
TCGA-77-7337-01,TCGA-77-7337,1,Primary Solid Tumor,LUSC,lung squamous cell carcinoma
TCGA-77-7338-01,TCGA-77-7338,1,Primary Solid Tumor,LUSC,lung squamous cell carcinoma
TCGA-77-7463-01,TCGA-77-7463,1,Primary Solid Tumor,LUSC,lung squamous cell carcinoma
TCGA-77-7465-01,TCGA-77-7465,1,Primary Solid Tumor,LUSC,lung squamous cell carcinoma
TCGA-77-8007-01,TCGA-77-8007,1,Primary Solid Tumor,LUSC,lung squamous cell carcinoma
TCGA-77-8008-01,TCGA-77-8008,1,Primary Solid Tumor,LUSC,lung squamous cell carcinoma
TCGA-77-8009-01,TCGA-77-8009,1,Primary Solid Tumor,LUSC,lung squamous cell carcinoma
TCGA-77-8128-01,TCGA-77-8128,1,Primary Solid Tumor,LUSC,lung squamous cell carcinoma
TCGA-77-8130-01,TCGA-77-8130,1,Primary Solid Tumor,LUSC,lung squamous cell carcinoma
TCGA-77-8131-01,TCGA-77-8131,1,Primary Solid Tumor,LUSC,lung squamous cell carcinoma
TCGA-77-8133-01,TCGA-77-8133,1,Primary Solid Tumor,LUSC,lung squamous cell carcinoma
TCGA-77-8136-01,TCGA-77-8136,1,Primary Solid Tumor,LUSC,lung squamous cell carcinoma
TCGA-77-8138-01,TCGA-77-8138,1,Primary Solid Tumor,LUSC,lung squamous cell carcinoma
TCGA-77-8139-01,TCGA-77-8139,1,Primary Solid Tumor,LUSC,lung squamous cell carcinoma
TCGA-77-8140-01,TCGA-77-8140,1,Primary Solid Tumor,LUSC,lung squamous cell carcinoma
TCGA-77-8143-01,TCGA-77-8143,1,Primary Solid Tumor,LUSC,lung squamous cell carcinoma
TCGA-77-8144-01,TCGA-77-8144,1,Primary Solid Tumor,LUSC,lung squamous cell carcinoma
TCGA-77-8145-01,TCGA-77-8145,1,Primary Solid Tumor,LUSC,lung squamous cell carcinoma
TCGA-77-8146-01,TCGA-77-8146,1,Primary Solid Tumor,LUSC,lung squamous cell carcinoma
TCGA-77-8148-01,TCGA-77-8148,1,Primary Solid Tumor,LUSC,lung squamous cell carcinoma
TCGA-77-8150-01,TCGA-77-8150,1,Primary Solid Tumor,LUSC,lung squamous cell carcinoma
TCGA-77-8153-01,TCGA-77-8153,1,Primary Solid Tumor,LUSC,lung squamous cell carcinoma
TCGA-77-8154-01,TCGA-77-8154,1,Primary Solid Tumor,LUSC,lung squamous cell carcinoma
TCGA-77-8156-01,TCGA-77-8156,1,Primary Solid Tumor,LUSC,lung squamous cell carcinoma
TCGA-77-A5FZ-01,TCGA-77-A5FZ,1,Primary Solid Tumor,LUSC,lung squamous cell carcinoma
TCGA-77-A5G1-01,TCGA-77-A5G1,1,Primary Solid Tumor,LUSC,lung squamous cell carcinoma
TCGA-77-A5G3-01,TCGA-77-A5G3,1,Primary Solid Tumor,LUSC,lung squamous cell carcinoma
TCGA-77-A5G6-01,TCGA-77-A5G6,1,Primary Solid Tumor,LUSC,lung squamous cell carcinoma
TCGA-77-A5G7-01,TCGA-77-A5G7,1,Primary Solid Tumor,LUSC,lung squamous cell carcinoma
TCGA-77-A5G8-01,TCGA-77-A5G8,1,Primary Solid Tumor,LUSC,lung squamous cell carcinoma
TCGA-77-A5GA-01,TCGA-77-A5GA,1,Primary Solid Tumor,LUSC,lung squamous cell carcinoma
TCGA-77-A5GB-01,TCGA-77-A5GB,1,Primary Solid Tumor,LUSC,lung squamous cell carcinoma
TCGA-77-A5GF-01,TCGA-77-A5GF,1,Primary Solid Tumor,LUSC,lung squamous cell carcinoma
TCGA-77-A5GH-01,TCGA-77-A5GH,1,Primary Solid Tumor,LUSC,lung squamous cell carcinoma
TCGA-78-7143-01,TCGA-78-7143,1,Primary Solid Tumor,LUAD,lung adenocarcinoma
TCGA-78-7145-01,TCGA-78-7145,1,Primary Solid Tumor,LUAD,lung adenocarcinoma
TCGA-78-7146-01,TCGA-78-7146,1,Primary Solid Tumor,LUAD,lung adenocarcinoma
TCGA-78-7147-01,TCGA-78-7147,1,Primary Solid Tumor,LUAD,lung adenocarcinoma
TCGA-78-7148-01,TCGA-78-7148,1,Primary Solid Tumor,LUAD,lung adenocarcinoma
TCGA-78-7149-01,TCGA-78-7149,1,Primary Solid Tumor,LUAD,lung adenocarcinoma
TCGA-78-7150-01,TCGA-78-7150,1,Primary Solid Tumor,LUAD,lung adenocarcinoma
TCGA-78-7152-01,TCGA-78-7152,1,Primary Solid Tumor,LUAD,lung adenocarcinoma
TCGA-78-7153-01,TCGA-78-7153,1,Primary Solid Tumor,LUAD,lung adenocarcinoma
TCGA-78-7154-01,TCGA-78-7154,1,Primary Solid Tumor,LUAD,lung adenocarcinoma
TCGA-78-7155-01,TCGA-78-7155,1,Primary Solid Tumor,LUAD,lung adenocarcinoma
TCGA-78-7156-01,TCGA-78-7156,1,Primary Solid Tumor,LUAD,lung adenocarcinoma
TCGA-78-7158-01,TCGA-78-7158,1,Primary Solid Tumor,LUAD,lung adenocarcinoma
TCGA-78-7159-01,TCGA-78-7159,1,Primary Solid Tumor,LUAD,lung adenocarcinoma
TCGA-78-7160-01,TCGA-78-7160,1,Primary Solid Tumor,LUAD,lung adenocarcinoma
TCGA-78-7161-01,TCGA-78-7161,1,Primary Solid Tumor,LUAD,lung adenocarcinoma
TCGA-78-7162-01,TCGA-78-7162,1,Primary Solid Tumor,LUAD,lung adenocarcinoma
TCGA-78-7163-01,TCGA-78-7163,1,Primary Solid Tumor,LUAD,lung adenocarcinoma
TCGA-78-7166-01,TCGA-78-7166,1,Primary Solid Tumor,LUAD,lung adenocarcinoma
TCGA-78-7167-01,TCGA-78-7167,1,Primary Solid Tumor,LUAD,lung adenocarcinoma
TCGA-78-7220-01,TCGA-78-7220,1,Primary Solid Tumor,LUAD,lung adenocarcinoma
TCGA-78-7535-01,TCGA-78-7535,1,Primary Solid Tumor,LUAD,lung adenocarcinoma
TCGA-78-7536-01,TCGA-78-7536,1,Primary Solid Tumor,LUAD,lung adenocarcinoma
TCGA-78-7537-01,TCGA-78-7537,1,Primary Solid Tumor,LUAD,lung adenocarcinoma
TCGA-78-7539-01,TCGA-78-7539,1,Primary Solid Tumor,LUAD,lung adenocarcinoma
TCGA-78-7540-01,TCGA-78-7540,1,Primary Solid Tumor,LUAD,lung adenocarcinoma
TCGA-78-7542-01,TCGA-78-7542,1,Primary Solid Tumor,LUAD,lung adenocarcinoma
TCGA-78-7633-01,TCGA-78-7633,1,Primary Solid Tumor,LUAD,lung adenocarcinoma
TCGA-78-8640-01,TCGA-78-8640,1,Primary Solid Tumor,LUAD,lung adenocarcinoma
TCGA-78-8648-01,TCGA-78-8648,1,Primary Solid Tumor,LUAD,lung adenocarcinoma
TCGA-78-8655-01,TCGA-78-8655,1,Primary Solid Tumor,LUAD,lung adenocarcinoma
TCGA-78-8660-01,TCGA-78-8660,1,Primary Solid Tumor,LUAD,lung adenocarcinoma
TCGA-78-8662-01,TCGA-78-8662,1,Primary Solid Tumor,LUAD,lung adenocarcinoma
TCGA-79-5596-01,TCGA-79-5596,1,Primary Solid Tumor,LUSC,lung squamous cell carcinoma
TCGA-80-5607-01,TCGA-80-5607,1,Primary Solid Tumor,LUAD,lung adenocarcinoma
TCGA-80-5608-01,TCGA-80-5608,1,Primary Solid Tumor,LUAD,lung adenocarcinoma
TCGA-80-5611-01,TCGA-80-5611,1,Primary Solid Tumor,LUAD,lung adenocarcinoma
TCGA-83-5908-01,TCGA-83-5908,1,Primary Solid Tumor,LUAD,lung adenocarcinoma
TCGA-85-6175-01,TCGA-85-6175,1,Primary Solid Tumor,LUSC,lung squamous cell carcinoma
TCGA-85-6560-01,TCGA-85-6560,1,Primary Solid Tumor,LUSC,lung squamous cell carcinoma
TCGA-85-6561-01,TCGA-85-6561,1,Primary Solid Tumor,LUSC,lung squamous cell carcinoma
TCGA-85-6798-01,TCGA-85-6798,1,Primary Solid Tumor,LUSC,lung squamous cell carcinoma
TCGA-85-7696-01,TCGA-85-7696,1,Primary Solid Tumor,LUSC,lung squamous cell carcinoma
TCGA-85-7697-01,TCGA-85-7697,1,Primary Solid Tumor,LUSC,lung squamous cell carcinoma
TCGA-85-7698-01,TCGA-85-7698,1,Primary Solid Tumor,LUSC,lung squamous cell carcinoma
TCGA-85-7699-01,TCGA-85-7699,1,Primary Solid Tumor,LUSC,lung squamous cell carcinoma
TCGA-85-7710-01,TCGA-85-7710,1,Primary Solid Tumor,LUSC,lung squamous cell carcinoma
TCGA-85-7843-01,TCGA-85-7843,1,Primary Solid Tumor,LUSC,lung squamous cell carcinoma
TCGA-85-7844-01,TCGA-85-7844,1,Primary Solid Tumor,LUSC,lung squamous cell carcinoma
TCGA-85-7950-01,TCGA-85-7950,1,Primary Solid Tumor,LUSC,lung squamous cell carcinoma
TCGA-85-8048-01,TCGA-85-8048,1,Primary Solid Tumor,LUSC,lung squamous cell carcinoma
TCGA-85-8049-01,TCGA-85-8049,1,Primary Solid Tumor,LUSC,lung squamous cell carcinoma
TCGA-85-8052-01,TCGA-85-8052,1,Primary Solid Tumor,LUSC,lung squamous cell carcinoma
TCGA-85-8070-01,TCGA-85-8070,1,Primary Solid Tumor,LUSC,lung squamous cell carcinoma
TCGA-85-8071-01,TCGA-85-8071,1,Primary Solid Tumor,LUSC,lung squamous cell carcinoma
TCGA-85-8072-01,TCGA-85-8072,1,Primary Solid Tumor,LUSC,lung squamous cell carcinoma
TCGA-85-8276-01,TCGA-85-8276,1,Primary Solid Tumor,LUSC,lung squamous cell carcinoma
TCGA-85-8277-01,TCGA-85-8277,1,Primary Solid Tumor,LUSC,lung squamous cell carcinoma
TCGA-85-8287-01,TCGA-85-8287,1,Primary Solid Tumor,LUSC,lung squamous cell carcinoma
TCGA-85-8288-01,TCGA-85-8288,1,Primary Solid Tumor,LUSC,lung squamous cell carcinoma
TCGA-85-8350-01,TCGA-85-8350,1,Primary Solid Tumor,LUSC,lung squamous cell carcinoma
TCGA-85-8351-01,TCGA-85-8351,1,Primary Solid Tumor,LUSC,lung squamous cell carcinoma
TCGA-85-8352-01,TCGA-85-8352,1,Primary Solid Tumor,LUSC,lung squamous cell carcinoma
TCGA-85-8353-01,TCGA-85-8353,1,Primary Solid Tumor,LUSC,lung squamous cell carcinoma
TCGA-85-8354-01,TCGA-85-8354,1,Primary Solid Tumor,LUSC,lung squamous cell carcinoma
TCGA-85-8355-01,TCGA-85-8355,1,Primary Solid Tumor,LUSC,lung squamous cell carcinoma
TCGA-85-8479-01,TCGA-85-8479,1,Primary Solid Tumor,LUSC,lung squamous cell carcinoma
TCGA-85-8481-01,TCGA-85-8481,1,Primary Solid Tumor,LUSC,lung squamous cell carcinoma
TCGA-85-8580-01,TCGA-85-8580,1,Primary Solid Tumor,LUSC,lung squamous cell carcinoma
TCGA-85-8582-01,TCGA-85-8582,1,Primary Solid Tumor,LUSC,lung squamous cell carcinoma
TCGA-85-8584-01,TCGA-85-8584,1,Primary Solid Tumor,LUSC,lung squamous cell carcinoma
TCGA-85-8664-01,TCGA-85-8664,1,Primary Solid Tumor,LUSC,lung squamous cell carcinoma
TCGA-85-8666-01,TCGA-85-8666,1,Primary Solid Tumor,LUSC,lung squamous cell carcinoma
TCGA-85-A4CL-01,TCGA-85-A4CL,1,Primary Solid Tumor,LUSC,lung squamous cell carcinoma
TCGA-85-A4CN-01,TCGA-85-A4CN,1,Primary Solid Tumor,LUSC,lung squamous cell carcinoma
TCGA-85-A4JB-01,TCGA-85-A4JB,1,Primary Solid Tumor,LUSC,lung squamous cell carcinoma
TCGA-85-A4JC-01,TCGA-85-A4JC,1,Primary Solid Tumor,LUSC,lung squamous cell carcinoma
TCGA-85-A4PA-01,TCGA-85-A4PA,1,Primary Solid Tumor,LUSC,lung squamous cell carcinoma
TCGA-85-A4QQ-01,TCGA-85-A4QQ,1,Primary Solid Tumor,LUSC,lung squamous cell carcinoma
TCGA-85-A4QR-01,TCGA-85-A4QR,1,Primary Solid Tumor,LUSC,lung squamous cell carcinoma
TCGA-85-A50M-01,TCGA-85-A50M,1,Primary Solid Tumor,LUSC,lung squamous cell carcinoma
TCGA-85-A50Z-01,TCGA-85-A50Z,1,Primary Solid Tumor,LUSC,lung squamous cell carcinoma
TCGA-85-A510-01,TCGA-85-A510,1,Primary Solid Tumor,LUSC,lung squamous cell carcinoma
TCGA-85-A511-01,TCGA-85-A511,1,Primary Solid Tumor,LUSC,lung squamous cell carcinoma
TCGA-85-A512-01,TCGA-85-A512,1,Primary Solid Tumor,LUSC,lung squamous cell carcinoma
TCGA-85-A513-01,TCGA-85-A513,1,Primary Solid Tumor,LUSC,lung squamous cell carcinoma
TCGA-85-A53L-01,TCGA-85-A53L,1,Primary Solid Tumor,LUSC,lung squamous cell carcinoma
TCGA-85-A5B5-01,TCGA-85-A5B5,1,Primary Solid Tumor,LUSC,lung squamous cell carcinoma
TCGA-86-6562-01,TCGA-86-6562,1,Primary Solid Tumor,LUAD,lung adenocarcinoma
TCGA-86-6851-01,TCGA-86-6851,1,Primary Solid Tumor,LUAD,lung adenocarcinoma
TCGA-86-7701-01,TCGA-86-7701,1,Primary Solid Tumor,LUAD,lung adenocarcinoma
TCGA-86-7711-01,TCGA-86-7711,1,Primary Solid Tumor,LUAD,lung adenocarcinoma
TCGA-86-7713-01,TCGA-86-7713,1,Primary Solid Tumor,LUAD,lung adenocarcinoma
TCGA-86-7714-01,TCGA-86-7714,1,Primary Solid Tumor,LUAD,lung adenocarcinoma
TCGA-86-7953-01,TCGA-86-7953,1,Primary Solid Tumor,LUAD,lung adenocarcinoma
TCGA-86-7954-01,TCGA-86-7954,1,Primary Solid Tumor,LUAD,lung adenocarcinoma
TCGA-86-7955-01,TCGA-86-7955,1,Primary Solid Tumor,LUAD,lung adenocarcinoma
TCGA-86-8054-01,TCGA-86-8054,1,Primary Solid Tumor,LUAD,lung adenocarcinoma
TCGA-86-8055-01,TCGA-86-8055,1,Primary Solid Tumor,LUAD,lung adenocarcinoma
TCGA-86-8056-01,TCGA-86-8056,1,Primary Solid Tumor,LUAD,lung adenocarcinoma
TCGA-86-8073-01,TCGA-86-8073,1,Primary Solid Tumor,LUAD,lung adenocarcinoma
TCGA-86-8074-01,TCGA-86-8074,1,Primary Solid Tumor,LUAD,lung adenocarcinoma
TCGA-86-8075-01,TCGA-86-8075,1,Primary Solid Tumor,LUAD,lung adenocarcinoma
TCGA-86-8076-01,TCGA-86-8076,1,Primary Solid Tumor,LUAD,lung adenocarcinoma
TCGA-86-8278-01,TCGA-86-8278,1,Primary Solid Tumor,LUAD,lung adenocarcinoma
TCGA-86-8279-01,TCGA-86-8279,1,Primary Solid Tumor,LUAD,lung adenocarcinoma
TCGA-86-8280-01,TCGA-86-8280,1,Primary Solid Tumor,LUAD,lung adenocarcinoma
TCGA-86-8281-01,TCGA-86-8281,1,Primary Solid Tumor,LUAD,lung adenocarcinoma
TCGA-86-8358-01,TCGA-86-8358,1,Primary Solid Tumor,LUAD,lung adenocarcinoma
TCGA-86-8359-01,TCGA-86-8359,1,Primary Solid Tumor,LUAD,lung adenocarcinoma
TCGA-86-8585-01,TCGA-86-8585,1,Primary Solid Tumor,LUAD,lung adenocarcinoma
TCGA-86-8668-01,TCGA-86-8668,1,Primary Solid Tumor,LUAD,lung adenocarcinoma
TCGA-86-8669-01,TCGA-86-8669,1,Primary Solid Tumor,LUAD,lung adenocarcinoma
TCGA-86-8671-01,TCGA-86-8671,1,Primary Solid Tumor,LUAD,lung adenocarcinoma
TCGA-86-8672-01,TCGA-86-8672,1,Primary Solid Tumor,LUAD,lung adenocarcinoma
TCGA-86-8673-01,TCGA-86-8673,1,Primary Solid Tumor,LUAD,lung adenocarcinoma
TCGA-86-8674-01,TCGA-86-8674,1,Primary Solid Tumor,LUAD,lung adenocarcinoma
TCGA-86-A456-01,TCGA-86-A456,1,Primary Solid Tumor,LUAD,lung adenocarcinoma
TCGA-86-A4D0-01,TCGA-86-A4D0,1,Primary Solid Tumor,LUAD,lung adenocarcinoma
TCGA-86-A4JF-01,TCGA-86-A4JF,1,Primary Solid Tumor,LUAD,lung adenocarcinoma
TCGA-86-A4P7-01,TCGA-86-A4P7,1,Primary Solid Tumor,LUAD,lung adenocarcinoma
TCGA-86-A4P8-01,TCGA-86-A4P8,1,Primary Solid Tumor,LUAD,lung adenocarcinoma
TCGA-90-6837-01,TCGA-90-6837,1,Primary Solid Tumor,LUSC,lung squamous cell carcinoma
TCGA-90-7766-01,TCGA-90-7766,1,Primary Solid Tumor,LUSC,lung squamous cell carcinoma
TCGA-90-7767-01,TCGA-90-7767,1,Primary Solid Tumor,LUSC,lung squamous cell carcinoma
TCGA-90-7769-01,TCGA-90-7769,1,Primary Solid Tumor,LUSC,lung squamous cell carcinoma
TCGA-90-7964-01,TCGA-90-7964,1,Primary Solid Tumor,LUSC,lung squamous cell carcinoma
TCGA-90-A4ED-01,TCGA-90-A4ED,1,Primary Solid Tumor,LUSC,lung squamous cell carcinoma
TCGA-90-A4EE-01,TCGA-90-A4EE,1,Primary Solid Tumor,LUSC,lung squamous cell carcinoma
TCGA-90-A59Q-01,TCGA-90-A59Q,1,Primary Solid Tumor,LUSC,lung squamous cell carcinoma
TCGA-91-6828-01,TCGA-91-6828,1,Primary Solid Tumor,LUAD,lung adenocarcinoma
TCGA-91-6829-01,TCGA-91-6829,1,Primary Solid Tumor,LUAD,lung adenocarcinoma
TCGA-91-6830-01,TCGA-91-6830,1,Primary Solid Tumor,LUAD,lung adenocarcinoma
TCGA-91-6831-01,TCGA-91-6831,1,Primary Solid Tumor,LUAD,lung adenocarcinoma
TCGA-91-6835-01,TCGA-91-6835,1,Primary Solid Tumor,LUAD,lung adenocarcinoma
TCGA-91-6836-01,TCGA-91-6836,1,Primary Solid Tumor,LUAD,lung adenocarcinoma
TCGA-91-6840-01,TCGA-91-6840,1,Primary Solid Tumor,LUAD,lung adenocarcinoma
TCGA-91-6847-01,TCGA-91-6847,1,Primary Solid Tumor,LUAD,lung adenocarcinoma
TCGA-91-6848-01,TCGA-91-6848,1,Primary Solid Tumor,LUAD,lung adenocarcinoma
TCGA-91-6849-01,TCGA-91-6849,1,Primary Solid Tumor,LUAD,lung adenocarcinoma
TCGA-91-7771-01,TCGA-91-7771,1,Primary Solid Tumor,LUAD,lung adenocarcinoma
TCGA-91-8496-01,TCGA-91-8496,1,Primary Solid Tumor,LUAD,lung adenocarcinoma
TCGA-91-8497-01,TCGA-91-8497,1,Primary Solid Tumor,LUAD,lung adenocarcinoma
TCGA-91-8499-01,TCGA-91-8499,1,Primary Solid Tumor,LUAD,lung adenocarcinoma
TCGA-91-A4BC-01,TCGA-91-A4BC,1,Primary Solid Tumor,LUAD,lung adenocarcinoma
TCGA-91-A4BD-01,TCGA-91-A4BD,1,Primary Solid Tumor,LUAD,lung adenocarcinoma
TCGA-92-7340-01,TCGA-92-7340,1,Primary Solid Tumor,LUSC,lung squamous cell carcinoma
TCGA-92-7341-01,TCGA-92-7341,1,Primary Solid Tumor,LUSC,lung squamous cell carcinoma
TCGA-92-8063-01,TCGA-92-8063,1,Primary Solid Tumor,LUSC,lung squamous cell carcinoma
TCGA-92-8064-01,TCGA-92-8064,1,Primary Solid Tumor,LUSC,lung squamous cell carcinoma
TCGA-92-8065-01,TCGA-92-8065,1,Primary Solid Tumor,LUSC,lung squamous cell carcinoma
TCGA-93-7347-01,TCGA-93-7347,1,Primary Solid Tumor,LUAD,lung adenocarcinoma
TCGA-93-7348-01,TCGA-93-7348,1,Primary Solid Tumor,LUAD,lung adenocarcinoma
TCGA-93-8067-01,TCGA-93-8067,1,Primary Solid Tumor,LUAD,lung adenocarcinoma
TCGA-93-A4JN-01,TCGA-93-A4JN,1,Primary Solid Tumor,LUAD,lung adenocarcinoma
TCGA-93-A4JO-01,TCGA-93-A4JO,1,Primary Solid Tumor,LUAD,lung adenocarcinoma
TCGA-93-A4JP-01,TCGA-93-A4JP,1,Primary Solid Tumor,LUAD,lung adenocarcinoma
TCGA-93-A4JQ-01,TCGA-93-A4JQ,1,Primary Solid Tumor,LUAD,lung adenocarcinoma
TCGA-94-7033-01,TCGA-94-7033,1,Primary Solid Tumor,LUSC,lung squamous cell carcinoma
TCGA-94-7557-01,TCGA-94-7557,1,Primary Solid Tumor,LUSC,lung squamous cell carcinoma
TCGA-94-7943-01,TCGA-94-7943,1,Primary Solid Tumor,LUSC,lung squamous cell carcinoma
TCGA-94-8035-01,TCGA-94-8035,1,Primary Solid Tumor,LUSC,lung squamous cell carcinoma
TCGA-94-8490-01,TCGA-94-8490,1,Primary Solid Tumor,LUSC,lung squamous cell carcinoma
TCGA-94-8491-01,TCGA-94-8491,1,Primary Solid Tumor,LUSC,lung squamous cell carcinoma
TCGA-94-A4VJ-01,TCGA-94-A4VJ,1,Primary Solid Tumor,LUSC,lung squamous cell carcinoma
TCGA-94-A5I4-01,TCGA-94-A5I4,1,Primary Solid Tumor,LUSC,lung squamous cell carcinoma
TCGA-94-A5I6-01,TCGA-94-A5I6,1,Primary Solid Tumor,LUSC,lung squamous cell carcinoma
TCGA-95-7039-01,TCGA-95-7039,1,Primary Solid Tumor,LUAD,lung adenocarcinoma
TCGA-95-7043-01,TCGA-95-7043,1,Primary Solid Tumor,LUAD,lung adenocarcinoma
TCGA-95-7562-01,TCGA-95-7562,1,Primary Solid Tumor,LUAD,lung adenocarcinoma
TCGA-95-7567-01,TCGA-95-7567,1,Primary Solid Tumor,LUAD,lung adenocarcinoma
TCGA-95-7944-01,TCGA-95-7944,1,Primary Solid Tumor,LUAD,lung adenocarcinoma
TCGA-95-7947-01,TCGA-95-7947,1,Primary Solid Tumor,LUAD,lung adenocarcinoma
TCGA-95-7948-01,TCGA-95-7948,1,Primary Solid Tumor,LUAD,lung adenocarcinoma
TCGA-95-8039-01,TCGA-95-8039,1,Primary Solid Tumor,LUAD,lung adenocarcinoma
TCGA-95-8494-01,TCGA-95-8494,1,Primary Solid Tumor,LUAD,lung adenocarcinoma
TCGA-95-A4VK-01,TCGA-95-A4VK,1,Primary Solid Tumor,LUAD,lung adenocarcinoma
TCGA-95-A4VN-01,TCGA-95-A4VN,1,Primary Solid Tumor,LUAD,lung adenocarcinoma
TCGA-95-A4VP-01,TCGA-95-A4VP,1,Primary Solid Tumor,LUAD,lung adenocarcinoma
TCGA-96-7544-01,TCGA-96-7544,1,Primary Solid Tumor,LUSC,lung squamous cell carcinoma
TCGA-96-7545-01,TCGA-96-7545,1,Primary Solid Tumor,LUSC,lung squamous cell carcinoma
TCGA-96-8169-01,TCGA-96-8169,1,Primary Solid Tumor,LUSC,lung squamous cell carcinoma
TCGA-96-8170-01,TCGA-96-8170,1,Primary Solid Tumor,LUSC,lung squamous cell carcinoma
TCGA-96-A4JK-01,TCGA-96-A4JK,1,Primary Solid Tumor,LUSC,lung squamous cell carcinoma
TCGA-96-A4JL-01,TCGA-96-A4JL,1,Primary Solid Tumor,LUSC,lung squamous cell carcinoma
TCGA-97-7546-01,TCGA-97-7546,1,Primary Solid Tumor,LUAD,lung adenocarcinoma
TCGA-97-7547-01,TCGA-97-7547,1,Primary Solid Tumor,LUAD,lung adenocarcinoma
TCGA-97-7552-01,TCGA-97-7552,1,Primary Solid Tumor,LUAD,lung adenocarcinoma
TCGA-97-7553-01,TCGA-97-7553,1,Primary Solid Tumor,LUAD,lung adenocarcinoma
TCGA-97-7554-01,TCGA-97-7554,1,Primary Solid Tumor,LUAD,lung adenocarcinoma
TCGA-97-7937-01,TCGA-97-7937,1,Primary Solid Tumor,LUAD,lung adenocarcinoma
TCGA-97-7938-01,TCGA-97-7938,1,Primary Solid Tumor,LUAD,lung adenocarcinoma
TCGA-97-7941-01,TCGA-97-7941,1,Primary Solid Tumor,LUAD,lung adenocarcinoma
TCGA-97-8171-01,TCGA-97-8171,1,Primary Solid Tumor,LUAD,lung adenocarcinoma
TCGA-97-8172-01,TCGA-97-8172,1,Primary Solid Tumor,LUAD,lung adenocarcinoma
TCGA-97-8174-01,TCGA-97-8174,1,Primary Solid Tumor,LUAD,lung adenocarcinoma
TCGA-97-8175-01,TCGA-97-8175,1,Primary Solid Tumor,LUAD,lung adenocarcinoma
TCGA-97-8176-01,TCGA-97-8176,1,Primary Solid Tumor,LUAD,lung adenocarcinoma
TCGA-97-8177-01,TCGA-97-8177,1,Primary Solid Tumor,LUAD,lung adenocarcinoma
TCGA-97-8179-01,TCGA-97-8179,1,Primary Solid Tumor,LUAD,lung adenocarcinoma
TCGA-97-8547-01,TCGA-97-8547,1,Primary Solid Tumor,LUAD,lung adenocarcinoma
TCGA-97-8552-01,TCGA-97-8552,1,Primary Solid Tumor,LUAD,lung adenocarcinoma
TCGA-97-A4LX-01,TCGA-97-A4LX,1,Primary Solid Tumor,LUAD,lung adenocarcinoma
TCGA-97-A4M0-01,TCGA-97-A4M0,1,Primary Solid Tumor,LUAD,lung adenocarcinoma
TCGA-97-A4M1-01,TCGA-97-A4M1,1,Primary Solid Tumor,LUAD,lung adenocarcinoma
TCGA-97-A4M2-01,TCGA-97-A4M2,1,Primary Solid Tumor,LUAD,lung adenocarcinoma
TCGA-97-A4M3-01,TCGA-97-A4M3,1,Primary Solid Tumor,LUAD,lung adenocarcinoma
TCGA-97-A4M5-01,TCGA-97-A4M5,1,Primary Solid Tumor,LUAD,lung adenocarcinoma
TCGA-97-A4M6-01,TCGA-97-A4M6,1,Primary Solid Tumor,LUAD,lung adenocarcinoma
TCGA-97-A4M7-01,TCGA-97-A4M7,1,Primary Solid Tumor,LUAD,lung adenocarcinoma
TCGA-98-7454-01,TCGA-98-7454,1,Primary Solid Tumor,LUSC,lung squamous cell carcinoma
TCGA-98-8020-01,TCGA-98-8020,1,Primary Solid Tumor,LUSC,lung squamous cell carcinoma
TCGA-98-8021-01,TCGA-98-8021,1,Primary Solid Tumor,LUSC,lung squamous cell carcinoma
TCGA-98-8022-01,TCGA-98-8022,1,Primary Solid Tumor,LUSC,lung squamous cell carcinoma
TCGA-98-8023-01,TCGA-98-8023,1,Primary Solid Tumor,LUSC,lung squamous cell carcinoma
TCGA-98-A538-01,TCGA-98-A538,1,Primary Solid Tumor,LUSC,lung squamous cell carcinoma
TCGA-98-A539-01,TCGA-98-A539,1,Primary Solid Tumor,LUSC,lung squamous cell carcinoma
TCGA-98-A53A-01,TCGA-98-A53A,1,Primary Solid Tumor,LUSC,lung squamous cell carcinoma
TCGA-98-A53B-01,TCGA-98-A53B,1,Primary Solid Tumor,LUSC,lung squamous cell carcinoma
TCGA-98-A53C-01,TCGA-98-A53C,1,Primary Solid Tumor,LUSC,lung squamous cell carcinoma
TCGA-98-A53D-01,TCGA-98-A53D,1,Primary Solid Tumor,LUSC,lung squamous cell carcinoma
TCGA-98-A53H-01,TCGA-98-A53H,1,Primary Solid Tumor,LUSC,lung squamous cell carcinoma
TCGA-98-A53I-01,TCGA-98-A53I,1,Primary Solid Tumor,LUSC,lung squamous cell carcinoma
TCGA-98-A53J-01,TCGA-98-A53J,1,Primary Solid Tumor,LUSC,lung squamous cell carcinoma
TCGA-99-7458-01,TCGA-99-7458,1,Primary Solid Tumor,LUAD,lung adenocarcinoma
TCGA-99-8025-01,TCGA-99-8025,1,Primary Solid Tumor,LUAD,lung adenocarcinoma
TCGA-99-8028-01,TCGA-99-8028,1,Primary Solid Tumor,LUAD,lung adenocarcinoma
TCGA-99-8032-01,TCGA-99-8032,1,Primary Solid Tumor,LUAD,lung adenocarcinoma
TCGA-99-8033-01,TCGA-99-8033,1,Primary Solid Tumor,LUAD,lung adenocarcinoma
TCGA-99-AA5R-01,TCGA-99-AA5R,1,Primary Solid Tumor,LUAD,lung adenocarcinoma
TCGA-A1-A0SB-01,TCGA-A1-A0SB,1,Primary Solid Tumor,BRCA,breast invasive carcinoma
TCGA-A1-A0SD-01,TCGA-A1-A0SD,1,Primary Solid Tumor,BRCA,breast invasive carcinoma
TCGA-A1-A0SE-01,TCGA-A1-A0SE,1,Primary Solid Tumor,BRCA,breast invasive carcinoma
TCGA-A1-A0SF-01,TCGA-A1-A0SF,1,Primary Solid Tumor,BRCA,breast invasive carcinoma
TCGA-A1-A0SG-01,TCGA-A1-A0SG,1,Primary Solid Tumor,BRCA,breast invasive carcinoma
TCGA-A1-A0SH-01,TCGA-A1-A0SH,1,Primary Solid Tumor,BRCA,breast invasive carcinoma
TCGA-A1-A0SI-01,TCGA-A1-A0SI,1,Primary Solid Tumor,BRCA,breast invasive carcinoma
TCGA-A1-A0SJ-01,TCGA-A1-A0SJ,1,Primary Solid Tumor,BRCA,breast invasive carcinoma
TCGA-A1-A0SK-01,TCGA-A1-A0SK,1,Primary Solid Tumor,BRCA,breast invasive carcinoma
TCGA-A1-A0SM-01,TCGA-A1-A0SM,1,Primary Solid Tumor,BRCA,breast invasive carcinoma
TCGA-A1-A0SN-01,TCGA-A1-A0SN,1,Primary Solid Tumor,BRCA,breast invasive carcinoma
TCGA-A1-A0SO-01,TCGA-A1-A0SO,1,Primary Solid Tumor,BRCA,breast invasive carcinoma
TCGA-A1-A0SP-01,TCGA-A1-A0SP,1,Primary Solid Tumor,BRCA,breast invasive carcinoma
TCGA-A1-A0SQ-01,TCGA-A1-A0SQ,1,Primary Solid Tumor,BRCA,breast invasive carcinoma
TCGA-A2-A04N-01,TCGA-A2-A04N,1,Primary Solid Tumor,BRCA,breast invasive carcinoma
TCGA-A2-A04P-01,TCGA-A2-A04P,1,Primary Solid Tumor,BRCA,breast invasive carcinoma
TCGA-A2-A04Q-01,TCGA-A2-A04Q,1,Primary Solid Tumor,BRCA,breast invasive carcinoma
TCGA-A2-A04R-01,TCGA-A2-A04R,1,Primary Solid Tumor,BRCA,breast invasive carcinoma
TCGA-A2-A04T-01,TCGA-A2-A04T,1,Primary Solid Tumor,BRCA,breast invasive carcinoma
TCGA-A2-A04U-01,TCGA-A2-A04U,1,Primary Solid Tumor,BRCA,breast invasive carcinoma
TCGA-A2-A04V-01,TCGA-A2-A04V,1,Primary Solid Tumor,BRCA,breast invasive carcinoma
TCGA-A2-A04W-01,TCGA-A2-A04W,1,Primary Solid Tumor,BRCA,breast invasive carcinoma
TCGA-A2-A04X-01,TCGA-A2-A04X,1,Primary Solid Tumor,BRCA,breast invasive carcinoma
TCGA-A2-A04Y-01,TCGA-A2-A04Y,1,Primary Solid Tumor,BRCA,breast invasive carcinoma
TCGA-A2-A0CK-01,TCGA-A2-A0CK,1,Primary Solid Tumor,BRCA,breast invasive carcinoma
TCGA-A2-A0CL-01,TCGA-A2-A0CL,1,Primary Solid Tumor,BRCA,breast invasive carcinoma
TCGA-A2-A0CM-01,TCGA-A2-A0CM,1,Primary Solid Tumor,BRCA,breast invasive carcinoma
TCGA-A2-A0CO-01,TCGA-A2-A0CO,1,Primary Solid Tumor,BRCA,breast invasive carcinoma
TCGA-A2-A0CP-01,TCGA-A2-A0CP,1,Primary Solid Tumor,BRCA,breast invasive carcinoma
TCGA-A2-A0CQ-01,TCGA-A2-A0CQ,1,Primary Solid Tumor,BRCA,breast invasive carcinoma
TCGA-A2-A0CR-01,TCGA-A2-A0CR,1,Primary Solid Tumor,BRCA,breast invasive carcinoma
TCGA-A2-A0CS-01,TCGA-A2-A0CS,1,Primary Solid Tumor,BRCA,breast invasive carcinoma
TCGA-A2-A0CT-01,TCGA-A2-A0CT,1,Primary Solid Tumor,BRCA,breast invasive carcinoma
TCGA-A2-A0CU-01,TCGA-A2-A0CU,1,Primary Solid Tumor,BRCA,breast invasive carcinoma
TCGA-A2-A0CV-01,TCGA-A2-A0CV,1,Primary Solid Tumor,BRCA,breast invasive carcinoma
TCGA-A2-A0CW-01,TCGA-A2-A0CW,1,Primary Solid Tumor,BRCA,breast invasive carcinoma
TCGA-A2-A0CX-01,TCGA-A2-A0CX,1,Primary Solid Tumor,BRCA,breast invasive carcinoma
TCGA-A2-A0CY-01,TCGA-A2-A0CY,1,Primary Solid Tumor,BRCA,breast invasive carcinoma
TCGA-A2-A0CZ-01,TCGA-A2-A0CZ,1,Primary Solid Tumor,BRCA,breast invasive carcinoma
TCGA-A2-A0D0-01,TCGA-A2-A0D0,1,Primary Solid Tumor,BRCA,breast invasive carcinoma
TCGA-A2-A0D1-01,TCGA-A2-A0D1,1,Primary Solid Tumor,BRCA,breast invasive carcinoma
TCGA-A2-A0D2-01,TCGA-A2-A0D2,1,Primary Solid Tumor,BRCA,breast invasive carcinoma
TCGA-A2-A0D3-01,TCGA-A2-A0D3,1,Primary Solid Tumor,BRCA,breast invasive carcinoma
TCGA-A2-A0D4-01,TCGA-A2-A0D4,1,Primary Solid Tumor,BRCA,breast invasive carcinoma
TCGA-A2-A0EM-01,TCGA-A2-A0EM,1,Primary Solid Tumor,BRCA,breast invasive carcinoma
TCGA-A2-A0EN-01,TCGA-A2-A0EN,1,Primary Solid Tumor,BRCA,breast invasive carcinoma
TCGA-A2-A0EO-01,TCGA-A2-A0EO,1,Primary Solid Tumor,BRCA,breast invasive carcinoma
TCGA-A2-A0EP-01,TCGA-A2-A0EP,1,Primary Solid Tumor,BRCA,breast invasive carcinoma
TCGA-A2-A0EQ-01,TCGA-A2-A0EQ,1,Primary Solid Tumor,BRCA,breast invasive carcinoma
TCGA-A2-A0ER-01,TCGA-A2-A0ER,1,Primary Solid Tumor,BRCA,breast invasive carcinoma
TCGA-A2-A0ES-01,TCGA-A2-A0ES,1,Primary Solid Tumor,BRCA,breast invasive carcinoma
TCGA-A2-A0ET-01,TCGA-A2-A0ET,1,Primary Solid Tumor,BRCA,breast invasive carcinoma
TCGA-A2-A0EU-01,TCGA-A2-A0EU,1,Primary Solid Tumor,BRCA,breast invasive carcinoma
TCGA-A2-A0EV-01,TCGA-A2-A0EV,1,Primary Solid Tumor,BRCA,breast invasive carcinoma
TCGA-A2-A0EW-01,TCGA-A2-A0EW,1,Primary Solid Tumor,BRCA,breast invasive carcinoma
TCGA-A2-A0EX-01,TCGA-A2-A0EX,1,Primary Solid Tumor,BRCA,breast invasive carcinoma
TCGA-A2-A0EY-01,TCGA-A2-A0EY,1,Primary Solid Tumor,BRCA,breast invasive carcinoma
TCGA-A2-A0ST-01,TCGA-A2-A0ST,1,Primary Solid Tumor,BRCA,breast invasive carcinoma
TCGA-A2-A0SU-01,TCGA-A2-A0SU,1,Primary Solid Tumor,BRCA,breast invasive carcinoma
TCGA-A2-A0SV-01,TCGA-A2-A0SV,1,Primary Solid Tumor,BRCA,breast invasive carcinoma
TCGA-A2-A0SW-01,TCGA-A2-A0SW,1,Primary Solid Tumor,BRCA,breast invasive carcinoma
TCGA-A2-A0SX-01,TCGA-A2-A0SX,1,Primary Solid Tumor,BRCA,breast invasive carcinoma
TCGA-A2-A0SY-01,TCGA-A2-A0SY,1,Primary Solid Tumor,BRCA,breast invasive carcinoma
TCGA-A2-A0T0-01,TCGA-A2-A0T0,1,Primary Solid Tumor,BRCA,breast invasive carcinoma
TCGA-A2-A0T1-01,TCGA-A2-A0T1,1,Primary Solid Tumor,BRCA,breast invasive carcinoma
TCGA-A2-A0T2-01,TCGA-A2-A0T2,1,Primary Solid Tumor,BRCA,breast invasive carcinoma
TCGA-A2-A0T3-01,TCGA-A2-A0T3,1,Primary Solid Tumor,BRCA,breast invasive carcinoma
TCGA-A2-A0T4-01,TCGA-A2-A0T4,1,Primary Solid Tumor,BRCA,breast invasive carcinoma
TCGA-A2-A0T5-01,TCGA-A2-A0T5,1,Primary Solid Tumor,BRCA,breast invasive carcinoma
TCGA-A2-A0T6-01,TCGA-A2-A0T6,1,Primary Solid Tumor,BRCA,breast invasive carcinoma
TCGA-A2-A0T7-01,TCGA-A2-A0T7,1,Primary Solid Tumor,BRCA,breast invasive carcinoma
TCGA-A2-A0YC-01,TCGA-A2-A0YC,1,Primary Solid Tumor,BRCA,breast invasive carcinoma
TCGA-A2-A0YD-01,TCGA-A2-A0YD,1,Primary Solid Tumor,BRCA,breast invasive carcinoma
TCGA-A2-A0YE-01,TCGA-A2-A0YE,1,Primary Solid Tumor,BRCA,breast invasive carcinoma
TCGA-A2-A0YF-01,TCGA-A2-A0YF,1,Primary Solid Tumor,BRCA,breast invasive carcinoma
TCGA-A2-A0YG-01,TCGA-A2-A0YG,1,Primary Solid Tumor,BRCA,breast invasive carcinoma
TCGA-A2-A0YH-01,TCGA-A2-A0YH,1,Primary Solid Tumor,BRCA,breast invasive carcinoma
TCGA-A2-A0YI-01,TCGA-A2-A0YI,1,Primary Solid Tumor,BRCA,breast invasive carcinoma
TCGA-A2-A0YJ-01,TCGA-A2-A0YJ,1,Primary Solid Tumor,BRCA,breast invasive carcinoma
TCGA-A2-A0YK-01,TCGA-A2-A0YK,1,Primary Solid Tumor,BRCA,breast invasive carcinoma
TCGA-A2-A0YL-01,TCGA-A2-A0YL,1,Primary Solid Tumor,BRCA,breast invasive carcinoma
TCGA-A2-A0YM-01,TCGA-A2-A0YM,1,Primary Solid Tumor,BRCA,breast invasive carcinoma
TCGA-A2-A0YT-01,TCGA-A2-A0YT,1,Primary Solid Tumor,BRCA,breast invasive carcinoma
TCGA-A2-A1FV-01,TCGA-A2-A1FV,1,Primary Solid Tumor,BRCA,breast invasive carcinoma
TCGA-A2-A1FW-01,TCGA-A2-A1FW,1,Primary Solid Tumor,BRCA,breast invasive carcinoma
TCGA-A2-A1FX-01,TCGA-A2-A1FX,1,Primary Solid Tumor,BRCA,breast invasive carcinoma
TCGA-A2-A1FZ-01,TCGA-A2-A1FZ,1,Primary Solid Tumor,BRCA,breast invasive carcinoma
TCGA-A2-A1G0-01,TCGA-A2-A1G0,1,Primary Solid Tumor,BRCA,breast invasive carcinoma
TCGA-A2-A1G1-01,TCGA-A2-A1G1,1,Primary Solid Tumor,BRCA,breast invasive carcinoma
TCGA-A2-A1G4-01,TCGA-A2-A1G4,1,Primary Solid Tumor,BRCA,breast invasive carcinoma
TCGA-A2-A1G6-01,TCGA-A2-A1G6,1,Primary Solid Tumor,BRCA,breast invasive carcinoma
TCGA-A2-A259-01,TCGA-A2-A259,1,Primary Solid Tumor,BRCA,breast invasive carcinoma
TCGA-A2-A25A-01,TCGA-A2-A25A,1,Primary Solid Tumor,BRCA,breast invasive carcinoma
TCGA-A2-A25B-01,TCGA-A2-A25B,1,Primary Solid Tumor,BRCA,breast invasive carcinoma
TCGA-A2-A25C-01,TCGA-A2-A25C,1,Primary Solid Tumor,BRCA,breast invasive carcinoma
TCGA-A2-A25D-01,TCGA-A2-A25D,1,Primary Solid Tumor,BRCA,breast invasive carcinoma
TCGA-A2-A25E-01,TCGA-A2-A25E,1,Primary Solid Tumor,BRCA,breast invasive carcinoma
TCGA-A2-A25F-01,TCGA-A2-A25F,1,Primary Solid Tumor,BRCA,breast invasive carcinoma
TCGA-A2-A3KC-01,TCGA-A2-A3KC,1,Primary Solid Tumor,BRCA,breast invasive carcinoma
TCGA-A2-A3KD-01,TCGA-A2-A3KD,1,Primary Solid Tumor,BRCA,breast invasive carcinoma
TCGA-A2-A3XS-01,TCGA-A2-A3XS,1,Primary Solid Tumor,BRCA,breast invasive carcinoma
TCGA-A2-A3XT-01,TCGA-A2-A3XT,1,Primary Solid Tumor,BRCA,breast invasive carcinoma
TCGA-A2-A3XU-01,TCGA-A2-A3XU,1,Primary Solid Tumor,BRCA,breast invasive carcinoma
TCGA-A2-A3XV-01,TCGA-A2-A3XV,1,Primary Solid Tumor,BRCA,breast invasive carcinoma
TCGA-A2-A3XW-01,TCGA-A2-A3XW,1,Primary Solid Tumor,BRCA,breast invasive carcinoma
TCGA-A2-A3XX-01,TCGA-A2-A3XX,1,Primary Solid Tumor,BRCA,breast invasive carcinoma
TCGA-A2-A3XY-01,TCGA-A2-A3XY,1,Primary Solid Tumor,BRCA,breast invasive carcinoma
TCGA-A2-A3XZ-01,TCGA-A2-A3XZ,1,Primary Solid Tumor,BRCA,breast invasive carcinoma
TCGA-A2-A3Y0-01,TCGA-A2-A3Y0,1,Primary Solid Tumor,BRCA,breast invasive carcinoma
TCGA-A2-A4RW-01,TCGA-A2-A4RW,1,Primary Solid Tumor,BRCA,breast invasive carcinoma
TCGA-A2-A4RX-01,TCGA-A2-A4RX,1,Primary Solid Tumor,BRCA,breast invasive carcinoma
TCGA-A2-A4RY-01,TCGA-A2-A4RY,1,Primary Solid Tumor,BRCA,breast invasive carcinoma
TCGA-A2-A4S0-01,TCGA-A2-A4S0,1,Primary Solid Tumor,BRCA,breast invasive carcinoma
TCGA-A2-A4S1-01,TCGA-A2-A4S1,1,Primary Solid Tumor,BRCA,breast invasive carcinoma
TCGA-A2-A4S2-01,TCGA-A2-A4S2,1,Primary Solid Tumor,BRCA,breast invasive carcinoma
TCGA-A2-A4S3-01,TCGA-A2-A4S3,1,Primary Solid Tumor,BRCA,breast invasive carcinoma
TCGA-A3-3306-01,TCGA-A3-3306,1,Primary Solid Tumor,KIRC,kidney clear cell carcinoma
TCGA-A3-3307-01,TCGA-A3-3307,1,Primary Solid Tumor,KIRC,kidney clear cell carcinoma
TCGA-A3-3308-01,TCGA-A3-3308,1,Primary Solid Tumor,KIRC,kidney clear cell carcinoma
TCGA-A3-3311-01,TCGA-A3-3311,1,Primary Solid Tumor,KIRC,kidney clear cell carcinoma
TCGA-A3-3313-01,TCGA-A3-3313,1,Primary Solid Tumor,KIRC,kidney clear cell carcinoma
TCGA-A3-3316-01,TCGA-A3-3316,1,Primary Solid Tumor,KIRC,kidney clear cell carcinoma
TCGA-A3-3317-01,TCGA-A3-3317,1,Primary Solid Tumor,KIRC,kidney clear cell carcinoma
TCGA-A3-3319-01,TCGA-A3-3319,1,Primary Solid Tumor,KIRC,kidney clear cell carcinoma
TCGA-A3-3320-01,TCGA-A3-3320,1,Primary Solid Tumor,KIRC,kidney clear cell carcinoma
TCGA-A3-3322-01,TCGA-A3-3322,1,Primary Solid Tumor,KIRC,kidney clear cell carcinoma
TCGA-A3-3323-01,TCGA-A3-3323,1,Primary Solid Tumor,KIRC,kidney clear cell carcinoma
TCGA-A3-3324-01,TCGA-A3-3324,1,Primary Solid Tumor,KIRC,kidney clear cell carcinoma
TCGA-A3-3325-01,TCGA-A3-3325,1,Primary Solid Tumor,KIRC,kidney clear cell carcinoma
TCGA-A3-3326-01,TCGA-A3-3326,1,Primary Solid Tumor,KIRC,kidney clear cell carcinoma
TCGA-A3-3328-01,TCGA-A3-3328,1,Primary Solid Tumor,KIRC,kidney clear cell carcinoma
TCGA-A3-3329-01,TCGA-A3-3329,1,Primary Solid Tumor,KIRC,kidney clear cell carcinoma
TCGA-A3-3331-01,TCGA-A3-3331,1,Primary Solid Tumor,KIRC,kidney clear cell carcinoma
TCGA-A3-3335-01,TCGA-A3-3335,1,Primary Solid Tumor,KIRC,kidney clear cell carcinoma
TCGA-A3-3343-01,TCGA-A3-3343,1,Primary Solid Tumor,KIRC,kidney clear cell carcinoma
TCGA-A3-3346-01,TCGA-A3-3346,1,Primary Solid Tumor,KIRC,kidney clear cell carcinoma
TCGA-A3-3347-01,TCGA-A3-3347,1,Primary Solid Tumor,KIRC,kidney clear cell carcinoma
TCGA-A3-3349-01,TCGA-A3-3349,1,Primary Solid Tumor,KIRC,kidney clear cell carcinoma
TCGA-A3-3351-01,TCGA-A3-3351,1,Primary Solid Tumor,KIRC,kidney clear cell carcinoma
TCGA-A3-3352-01,TCGA-A3-3352,1,Primary Solid Tumor,KIRC,kidney clear cell carcinoma
TCGA-A3-3357-01,TCGA-A3-3357,1,Primary Solid Tumor,KIRC,kidney clear cell carcinoma
TCGA-A3-3358-01,TCGA-A3-3358,1,Primary Solid Tumor,KIRC,kidney clear cell carcinoma
TCGA-A3-3359-01,TCGA-A3-3359,1,Primary Solid Tumor,KIRC,kidney clear cell carcinoma
TCGA-A3-3362-01,TCGA-A3-3362,1,Primary Solid Tumor,KIRC,kidney clear cell carcinoma
TCGA-A3-3363-01,TCGA-A3-3363,1,Primary Solid Tumor,KIRC,kidney clear cell carcinoma
TCGA-A3-3365-01,TCGA-A3-3365,1,Primary Solid Tumor,KIRC,kidney clear cell carcinoma
TCGA-A3-3367-01,TCGA-A3-3367,1,Primary Solid Tumor,KIRC,kidney clear cell carcinoma
TCGA-A3-3370-01,TCGA-A3-3370,1,Primary Solid Tumor,KIRC,kidney clear cell carcinoma
TCGA-A3-3372-01,TCGA-A3-3372,1,Primary Solid Tumor,KIRC,kidney clear cell carcinoma
TCGA-A3-3373-01,TCGA-A3-3373,1,Primary Solid Tumor,KIRC,kidney clear cell carcinoma
TCGA-A3-3374-01,TCGA-A3-3374,1,Primary Solid Tumor,KIRC,kidney clear cell carcinoma
TCGA-A3-3376-01,TCGA-A3-3376,1,Primary Solid Tumor,KIRC,kidney clear cell carcinoma
TCGA-A3-3378-01,TCGA-A3-3378,1,Primary Solid Tumor,KIRC,kidney clear cell carcinoma
TCGA-A3-3380-01,TCGA-A3-3380,1,Primary Solid Tumor,KIRC,kidney clear cell carcinoma
TCGA-A3-3382-01,TCGA-A3-3382,1,Primary Solid Tumor,KIRC,kidney clear cell carcinoma
TCGA-A3-3383-01,TCGA-A3-3383,1,Primary Solid Tumor,KIRC,kidney clear cell carcinoma
TCGA-A3-3385-01,TCGA-A3-3385,1,Primary Solid Tumor,KIRC,kidney clear cell carcinoma
TCGA-A3-3387-01,TCGA-A3-3387,1,Primary Solid Tumor,KIRC,kidney clear cell carcinoma
TCGA-A3-A6NI-01,TCGA-A3-A6NI,1,Primary Solid Tumor,KIRC,kidney clear cell carcinoma
TCGA-A3-A6NJ-01,TCGA-A3-A6NJ,1,Primary Solid Tumor,KIRC,kidney clear cell carcinoma
TCGA-A3-A6NL-01,TCGA-A3-A6NL,1,Primary Solid Tumor,KIRC,kidney clear cell carcinoma
TCGA-A3-A6NN-01,TCGA-A3-A6NN,1,Primary Solid Tumor,KIRC,kidney clear cell carcinoma
TCGA-A3-A8CQ-01,TCGA-A3-A8CQ,1,Primary Solid Tumor,KIRC,kidney clear cell carcinoma
TCGA-A3-A8OU-01,TCGA-A3-A8OU,1,Primary Solid Tumor,KIRC,kidney clear cell carcinoma
TCGA-A3-A8OV-01,TCGA-A3-A8OV,1,Primary Solid Tumor,KIRC,kidney clear cell carcinoma
TCGA-A3-A8OW-01,TCGA-A3-A8OW,1,Primary Solid Tumor,KIRC,kidney clear cell carcinoma
TCGA-A3-A8OX-01,TCGA-A3-A8OX,1,Primary Solid Tumor,KIRC,kidney clear cell carcinoma
TCGA-A5-A0G1-01,TCGA-A5-A0G1,1,Primary Solid Tumor,UCEC,uterine corpus endometrioid carcinoma
TCGA-A5-A0G2-01,TCGA-A5-A0G2,1,Primary Solid Tumor,UCEC,uterine corpus endometrioid carcinoma
TCGA-A5-A0G3-01,TCGA-A5-A0G3,1,Primary Solid Tumor,UCEC,uterine corpus endometrioid carcinoma
TCGA-A5-A0G5-01,TCGA-A5-A0G5,1,Primary Solid Tumor,UCEC,uterine corpus endometrioid carcinoma
TCGA-A5-A0G9-01,TCGA-A5-A0G9,1,Primary Solid Tumor,UCEC,uterine corpus endometrioid carcinoma
TCGA-A5-A0GA-01,TCGA-A5-A0GA,1,Primary Solid Tumor,UCEC,uterine corpus endometrioid carcinoma
TCGA-A5-A0GB-01,TCGA-A5-A0GB,1,Primary Solid Tumor,UCEC,uterine corpus endometrioid carcinoma
TCGA-A5-A0GD-01,TCGA-A5-A0GD,1,Primary Solid Tumor,UCEC,uterine corpus endometrioid carcinoma
TCGA-A5-A0GE-01,TCGA-A5-A0GE,1,Primary Solid Tumor,UCEC,uterine corpus endometrioid carcinoma
TCGA-A5-A0GG-01,TCGA-A5-A0GG,1,Primary Solid Tumor,UCEC,uterine corpus endometrioid carcinoma
TCGA-A5-A0GH-01,TCGA-A5-A0GH,1,Primary Solid Tumor,UCEC,uterine corpus endometrioid carcinoma
TCGA-A5-A0GI-01,TCGA-A5-A0GI,1,Primary Solid Tumor,UCEC,uterine corpus endometrioid carcinoma
TCGA-A5-A0GJ-01,TCGA-A5-A0GJ,1,Primary Solid Tumor,UCEC,uterine corpus endometrioid carcinoma
TCGA-A5-A0GM-01,TCGA-A5-A0GM,1,Primary Solid Tumor,UCEC,uterine corpus endometrioid carcinoma
TCGA-A5-A0GN-01,TCGA-A5-A0GN,1,Primary Solid Tumor,UCEC,uterine corpus endometrioid carcinoma
TCGA-A5-A0GP-01,TCGA-A5-A0GP,1,Primary Solid Tumor,UCEC,uterine corpus endometrioid carcinoma
TCGA-A5-A0GQ-01,TCGA-A5-A0GQ,1,Primary Solid Tumor,UCEC,uterine corpus endometrioid carcinoma
TCGA-A5-A0GR-01,TCGA-A5-A0GR,1,Primary Solid Tumor,UCEC,uterine corpus endometrioid carcinoma
TCGA-A5-A0GU-01,TCGA-A5-A0GU,1,Primary Solid Tumor,UCEC,uterine corpus endometrioid carcinoma
TCGA-A5-A0GV-01,TCGA-A5-A0GV,1,Primary Solid Tumor,UCEC,uterine corpus endometrioid carcinoma
TCGA-A5-A0GW-01,TCGA-A5-A0GW,1,Primary Solid Tumor,UCEC,uterine corpus endometrioid carcinoma
TCGA-A5-A0GX-01,TCGA-A5-A0GX,1,Primary Solid Tumor,UCEC,uterine corpus endometrioid carcinoma
TCGA-A5-A0R6-01,TCGA-A5-A0R6,1,Primary Solid Tumor,UCEC,uterine corpus endometrioid carcinoma
TCGA-A5-A0R7-01,TCGA-A5-A0R7,1,Primary Solid Tumor,UCEC,uterine corpus endometrioid carcinoma
TCGA-A5-A0R8-01,TCGA-A5-A0R8,1,Primary Solid Tumor,UCEC,uterine corpus endometrioid carcinoma
TCGA-A5-A0R9-01,TCGA-A5-A0R9,1,Primary Solid Tumor,UCEC,uterine corpus endometrioid carcinoma
TCGA-A5-A0RA-01,TCGA-A5-A0RA,1,Primary Solid Tumor,UCEC,uterine corpus endometrioid carcinoma
TCGA-A5-A0VO-01,TCGA-A5-A0VO,1,Primary Solid Tumor,UCEC,uterine corpus endometrioid carcinoma
TCGA-A5-A0VP-01,TCGA-A5-A0VP,1,Primary Solid Tumor,UCEC,uterine corpus endometrioid carcinoma
TCGA-A5-A0VQ-01,TCGA-A5-A0VQ,1,Primary Solid Tumor,UCEC,uterine corpus endometrioid carcinoma
TCGA-A5-A1OF-01,TCGA-A5-A1OF,1,Primary Solid Tumor,UCEC,uterine corpus endometrioid carcinoma
TCGA-A5-A1OG-01,TCGA-A5-A1OG,1,Primary Solid Tumor,UCEC,uterine corpus endometrioid carcinoma
TCGA-A5-A1OH-01,TCGA-A5-A1OH,1,Primary Solid Tumor,UCEC,uterine corpus endometrioid carcinoma
TCGA-A5-A1OJ-01,TCGA-A5-A1OJ,1,Primary Solid Tumor,UCEC,uterine corpus endometrioid carcinoma
TCGA-A5-A1OK-01,TCGA-A5-A1OK,1,Primary Solid Tumor,UCEC,uterine corpus endometrioid carcinoma
TCGA-A5-A2K2-01,TCGA-A5-A2K2,1,Primary Solid Tumor,UCEC,uterine corpus endometrioid carcinoma
TCGA-A5-A2K3-01,TCGA-A5-A2K3,1,Primary Solid Tumor,UCEC,uterine corpus endometrioid carcinoma
TCGA-A5-A2K4-01,TCGA-A5-A2K4,1,Primary Solid Tumor,UCEC,uterine corpus endometrioid carcinoma
TCGA-A5-A2K5-01,TCGA-A5-A2K5,1,Primary Solid Tumor,UCEC,uterine corpus endometrioid carcinoma
TCGA-A5-A2K7-01,TCGA-A5-A2K7,1,Primary Solid Tumor,UCEC,uterine corpus endometrioid carcinoma
TCGA-A5-A3LO-01,TCGA-A5-A3LO,1,Primary Solid Tumor,UCEC,uterine corpus endometrioid carcinoma
TCGA-A5-A3LP-01,TCGA-A5-A3LP,1,Primary Solid Tumor,UCEC,uterine corpus endometrioid carcinoma
TCGA-A5-A7WJ-01,TCGA-A5-A7WJ,1,Primary Solid Tumor,UCEC,uterine corpus endometrioid carcinoma
TCGA-A5-A7WK-01,TCGA-A5-A7WK,1,Primary Solid Tumor,UCEC,uterine corpus endometrioid carcinoma
TCGA-A5-AB3J-01,TCGA-A5-AB3J,1,Primary Solid Tumor,UCEC,uterine corpus endometrioid carcinoma
TCGA-A6-2671-01,TCGA-A6-2671,1,Primary Solid Tumor,COAD,colon adenocarcinoma
TCGA-A6-2672-01,TCGA-A6-2672,1,Primary Solid Tumor,COAD,colon adenocarcinoma
TCGA-A6-2674-01,TCGA-A6-2674,1,Primary Solid Tumor,COAD,colon adenocarcinoma
TCGA-A6-2675-01,TCGA-A6-2675,1,Primary Solid Tumor,COAD,colon adenocarcinoma
TCGA-A6-2676-01,TCGA-A6-2676,1,Primary Solid Tumor,COAD,colon adenocarcinoma
TCGA-A6-2677-01,TCGA-A6-2677,1,Primary Solid Tumor,COAD,colon adenocarcinoma
TCGA-A6-2678-01,TCGA-A6-2678,1,Primary Solid Tumor,COAD,colon adenocarcinoma
TCGA-A6-2679-01,TCGA-A6-2679,1,Primary Solid Tumor,COAD,colon adenocarcinoma
TCGA-A6-2680-01,TCGA-A6-2680,1,Primary Solid Tumor,COAD,colon adenocarcinoma
TCGA-A6-2681-01,TCGA-A6-2681,1,Primary Solid Tumor,COAD,colon adenocarcinoma
TCGA-A6-2682-01,TCGA-A6-2682,1,Primary Solid Tumor,COAD,colon adenocarcinoma
TCGA-A6-2683-01,TCGA-A6-2683,1,Primary Solid Tumor,COAD,colon adenocarcinoma
TCGA-A6-2684-01,TCGA-A6-2684,1,Primary Solid Tumor,COAD,colon adenocarcinoma
TCGA-A6-2685-01,TCGA-A6-2685,1,Primary Solid Tumor,COAD,colon adenocarcinoma
TCGA-A6-2686-01,TCGA-A6-2686,1,Primary Solid Tumor,COAD,colon adenocarcinoma
TCGA-A6-3807-01,TCGA-A6-3807,1,Primary Solid Tumor,COAD,colon adenocarcinoma
TCGA-A6-3808-01,TCGA-A6-3808,1,Primary Solid Tumor,COAD,colon adenocarcinoma
TCGA-A6-3809-01,TCGA-A6-3809,1,Primary Solid Tumor,COAD,colon adenocarcinoma
TCGA-A6-3810-01,TCGA-A6-3810,1,Primary Solid Tumor,COAD,colon adenocarcinoma
TCGA-A6-4105-01,TCGA-A6-4105,1,Primary Solid Tumor,COAD,colon adenocarcinoma
TCGA-A6-4107-01,TCGA-A6-4107,1,Primary Solid Tumor,COAD,colon adenocarcinoma
TCGA-A6-5656-01,TCGA-A6-5656,1,Primary Solid Tumor,COAD,colon adenocarcinoma
TCGA-A6-5657-01,TCGA-A6-5657,1,Primary Solid Tumor,COAD,colon adenocarcinoma
TCGA-A6-5659-01,TCGA-A6-5659,1,Primary Solid Tumor,COAD,colon adenocarcinoma
TCGA-A6-5660-01,TCGA-A6-5660,1,Primary Solid Tumor,COAD,colon adenocarcinoma
TCGA-A6-5661-01,TCGA-A6-5661,1,Primary Solid Tumor,COAD,colon adenocarcinoma
TCGA-A6-5662-01,TCGA-A6-5662,1,Primary Solid Tumor,COAD,colon adenocarcinoma
TCGA-A6-5664-01,TCGA-A6-5664,1,Primary Solid Tumor,COAD,colon adenocarcinoma
TCGA-A6-5665-01,TCGA-A6-5665,1,Primary Solid Tumor,COAD,colon adenocarcinoma
TCGA-A6-5666-01,TCGA-A6-5666,1,Primary Solid Tumor,COAD,colon adenocarcinoma
TCGA-A6-5667-01,TCGA-A6-5667,1,Primary Solid Tumor,COAD,colon adenocarcinoma
TCGA-A6-6137-01,TCGA-A6-6137,1,Primary Solid Tumor,COAD,colon adenocarcinoma
TCGA-A6-6138-01,TCGA-A6-6138,1,Primary Solid Tumor,COAD,colon adenocarcinoma
TCGA-A6-6140-01,TCGA-A6-6140,1,Primary Solid Tumor,COAD,colon adenocarcinoma
TCGA-A6-6141-01,TCGA-A6-6141,1,Primary Solid Tumor,COAD,colon adenocarcinoma
TCGA-A6-6142-01,TCGA-A6-6142,1,Primary Solid Tumor,COAD,colon adenocarcinoma
TCGA-A6-6648-01,TCGA-A6-6648,1,Primary Solid Tumor,COAD,colon adenocarcinoma
TCGA-A6-6649-01,TCGA-A6-6649,1,Primary Solid Tumor,COAD,colon adenocarcinoma
TCGA-A6-6650-01,TCGA-A6-6650,1,Primary Solid Tumor,COAD,colon adenocarcinoma
TCGA-A6-6651-01,TCGA-A6-6651,1,Primary Solid Tumor,COAD,colon adenocarcinoma
TCGA-A6-6652-01,TCGA-A6-6652,1,Primary Solid Tumor,COAD,colon adenocarcinoma
TCGA-A6-6653-01,TCGA-A6-6653,1,Primary Solid Tumor,COAD,colon adenocarcinoma
TCGA-A6-6654-01,TCGA-A6-6654,1,Primary Solid Tumor,COAD,colon adenocarcinoma
TCGA-A6-6780-01,TCGA-A6-6780,1,Primary Solid Tumor,COAD,colon adenocarcinoma
TCGA-A6-6781-01,TCGA-A6-6781,1,Primary Solid Tumor,COAD,colon adenocarcinoma
TCGA-A6-6782-01,TCGA-A6-6782,1,Primary Solid Tumor,COAD,colon adenocarcinoma
TCGA-A6-A565-01,TCGA-A6-A565,1,Primary Solid Tumor,COAD,colon adenocarcinoma
TCGA-A6-A566-01,TCGA-A6-A566,1,Primary Solid Tumor,COAD,colon adenocarcinoma
TCGA-A6-A567-01,TCGA-A6-A567,1,Primary Solid Tumor,COAD,colon adenocarcinoma
TCGA-A6-A56B-01,TCGA-A6-A56B,1,Primary Solid Tumor,COAD,colon adenocarcinoma
TCGA-A6-A5ZU-01,TCGA-A6-A5ZU,1,Primary Solid Tumor,COAD,colon adenocarcinoma
TCGA-A7-A0CD-01,TCGA-A7-A0CD,1,Primary Solid Tumor,BRCA,breast invasive carcinoma
TCGA-A7-A0CE-01,TCGA-A7-A0CE,1,Primary Solid Tumor,BRCA,breast invasive carcinoma
TCGA-A7-A0CG-01,TCGA-A7-A0CG,1,Primary Solid Tumor,BRCA,breast invasive carcinoma
TCGA-A7-A0CH-01,TCGA-A7-A0CH,1,Primary Solid Tumor,BRCA,breast invasive carcinoma
TCGA-A7-A0CJ-01,TCGA-A7-A0CJ,1,Primary Solid Tumor,BRCA,breast invasive carcinoma
TCGA-A7-A0D9-01,TCGA-A7-A0D9,1,Primary Solid Tumor,BRCA,breast invasive carcinoma
TCGA-A7-A0DA-01,TCGA-A7-A0DA,1,Primary Solid Tumor,BRCA,breast invasive carcinoma
TCGA-A7-A0DB-01,TCGA-A7-A0DB,1,Primary Solid Tumor,BRCA,breast invasive carcinoma
TCGA-A7-A0DC-01,TCGA-A7-A0DC,1,Primary Solid Tumor,BRCA,breast invasive carcinoma
TCGA-A7-A13D-01,TCGA-A7-A13D,1,Primary Solid Tumor,BRCA,breast invasive carcinoma
TCGA-A7-A13E-01,TCGA-A7-A13E,1,Primary Solid Tumor,BRCA,breast invasive carcinoma
TCGA-A7-A13F-01,TCGA-A7-A13F,1,Primary Solid Tumor,BRCA,breast invasive carcinoma
TCGA-A7-A13G-01,TCGA-A7-A13G,1,Primary Solid Tumor,BRCA,breast invasive carcinoma
TCGA-A7-A13H-01,TCGA-A7-A13H,1,Primary Solid Tumor,BRCA,breast invasive carcinoma
TCGA-A7-A26E-01,TCGA-A7-A26E,1,Primary Solid Tumor,BRCA,breast invasive carcinoma
TCGA-A7-A26F-01,TCGA-A7-A26F,1,Primary Solid Tumor,BRCA,breast invasive carcinoma
TCGA-A7-A26G-01,TCGA-A7-A26G,1,Primary Solid Tumor,BRCA,breast invasive carcinoma
TCGA-A7-A26H-01,TCGA-A7-A26H,1,Primary Solid Tumor,BRCA,breast invasive carcinoma
TCGA-A7-A26I-01,TCGA-A7-A26I,1,Primary Solid Tumor,BRCA,breast invasive carcinoma
TCGA-A7-A26J-01,TCGA-A7-A26J,1,Primary Solid Tumor,BRCA,breast invasive carcinoma
TCGA-A7-A2KD-01,TCGA-A7-A2KD,1,Primary Solid Tumor,BRCA,breast invasive carcinoma
TCGA-A7-A3IY-01,TCGA-A7-A3IY,1,Primary Solid Tumor,BRCA,breast invasive carcinoma
TCGA-A7-A3IZ-01,TCGA-A7-A3IZ,1,Primary Solid Tumor,BRCA,breast invasive carcinoma
TCGA-A7-A3J0-01,TCGA-A7-A3J0,1,Primary Solid Tumor,BRCA,breast invasive carcinoma
TCGA-A7-A3J1-01,TCGA-A7-A3J1,1,Primary Solid Tumor,BRCA,breast invasive carcinoma
TCGA-A7-A3RF-01,TCGA-A7-A3RF,1,Primary Solid Tumor,BRCA,breast invasive carcinoma
TCGA-A7-A425-01,TCGA-A7-A425,1,Primary Solid Tumor,BRCA,breast invasive carcinoma
TCGA-A7-A426-01,TCGA-A7-A426,1,Primary Solid Tumor,BRCA,breast invasive carcinoma
TCGA-A7-A4SA-01,TCGA-A7-A4SA,1,Primary Solid Tumor,BRCA,breast invasive carcinoma
TCGA-A7-A4SB-01,TCGA-A7-A4SB,1,Primary Solid Tumor,BRCA,breast invasive carcinoma
TCGA-A7-A4SC-01,TCGA-A7-A4SC,1,Primary Solid Tumor,BRCA,breast invasive carcinoma
TCGA-A7-A4SD-01,TCGA-A7-A4SD,1,Primary Solid Tumor,BRCA,breast invasive carcinoma
TCGA-A7-A4SE-01,TCGA-A7-A4SE,1,Primary Solid Tumor,BRCA,breast invasive carcinoma
TCGA-A7-A4SF-01,TCGA-A7-A4SF,1,Primary Solid Tumor,BRCA,breast invasive carcinoma
TCGA-A7-A56D-01,TCGA-A7-A56D,1,Primary Solid Tumor,BRCA,breast invasive carcinoma
TCGA-A7-A5ZV-01,TCGA-A7-A5ZV,1,Primary Solid Tumor,BRCA,breast invasive carcinoma
TCGA-A7-A5ZW-01,TCGA-A7-A5ZW,1,Primary Solid Tumor,BRCA,breast invasive carcinoma
TCGA-A7-A5ZX-01,TCGA-A7-A5ZX,1,Primary Solid Tumor,BRCA,breast invasive carcinoma
TCGA-A7-A6VV-01,TCGA-A7-A6VV,1,Primary Solid Tumor,BRCA,breast invasive carcinoma
TCGA-A7-A6VW-01,TCGA-A7-A6VW,1,Primary Solid Tumor,BRCA,breast invasive carcinoma
TCGA-A7-A6VX-01,TCGA-A7-A6VX,1,Primary Solid Tumor,BRCA,breast invasive carcinoma
TCGA-A7-A6VY-01,TCGA-A7-A6VY,1,Primary Solid Tumor,BRCA,breast invasive carcinoma
TCGA-A8-A06N-01,TCGA-A8-A06N,1,Primary Solid Tumor,BRCA,breast invasive carcinoma
TCGA-A8-A06O-01,TCGA-A8-A06O,1,Primary Solid Tumor,BRCA,breast invasive carcinoma
TCGA-A8-A06P-01,TCGA-A8-A06P,1,Primary Solid Tumor,BRCA,breast invasive carcinoma
TCGA-A8-A06Q-01,TCGA-A8-A06Q,1,Primary Solid Tumor,BRCA,breast invasive carcinoma
TCGA-A8-A06R-01,TCGA-A8-A06R,1,Primary Solid Tumor,BRCA,breast invasive carcinoma
TCGA-A8-A06T-01,TCGA-A8-A06T,1,Primary Solid Tumor,BRCA,breast invasive carcinoma
TCGA-A8-A06U-01,TCGA-A8-A06U,1,Primary Solid Tumor,BRCA,breast invasive carcinoma
TCGA-A8-A06X-01,TCGA-A8-A06X,1,Primary Solid Tumor,BRCA,breast invasive carcinoma
TCGA-A8-A06Y-01,TCGA-A8-A06Y,1,Primary Solid Tumor,BRCA,breast invasive carcinoma
TCGA-A8-A06Z-01,TCGA-A8-A06Z,1,Primary Solid Tumor,BRCA,breast invasive carcinoma
TCGA-A8-A075-01,TCGA-A8-A075,1,Primary Solid Tumor,BRCA,breast invasive carcinoma
TCGA-A8-A076-01,TCGA-A8-A076,1,Primary Solid Tumor,BRCA,breast invasive carcinoma
TCGA-A8-A079-01,TCGA-A8-A079,1,Primary Solid Tumor,BRCA,breast invasive carcinoma
TCGA-A8-A07B-01,TCGA-A8-A07B,1,Primary Solid Tumor,BRCA,breast invasive carcinoma
TCGA-A8-A07C-01,TCGA-A8-A07C,1,Primary Solid Tumor,BRCA,breast invasive carcinoma
TCGA-A8-A07E-01,TCGA-A8-A07E,1,Primary Solid Tumor,BRCA,breast invasive carcinoma
TCGA-A8-A07F-01,TCGA-A8-A07F,1,Primary Solid Tumor,BRCA,breast invasive carcinoma
TCGA-A8-A07G-01,TCGA-A8-A07G,1,Primary Solid Tumor,BRCA,breast invasive carcinoma
TCGA-A8-A07I-01,TCGA-A8-A07I,1,Primary Solid Tumor,BRCA,breast invasive carcinoma
TCGA-A8-A07J-01,TCGA-A8-A07J,1,Primary Solid Tumor,BRCA,breast invasive carcinoma
TCGA-A8-A07L-01,TCGA-A8-A07L,1,Primary Solid Tumor,BRCA,breast invasive carcinoma
TCGA-A8-A07O-01,TCGA-A8-A07O,1,Primary Solid Tumor,BRCA,breast invasive carcinoma
TCGA-A8-A07P-01,TCGA-A8-A07P,1,Primary Solid Tumor,BRCA,breast invasive carcinoma
TCGA-A8-A07R-01,TCGA-A8-A07R,1,Primary Solid Tumor,BRCA,breast invasive carcinoma
TCGA-A8-A07S-01,TCGA-A8-A07S,1,Primary Solid Tumor,BRCA,breast invasive carcinoma
TCGA-A8-A07U-01,TCGA-A8-A07U,1,Primary Solid Tumor,BRCA,breast invasive carcinoma
TCGA-A8-A07W-01,TCGA-A8-A07W,1,Primary Solid Tumor,BRCA,breast invasive carcinoma
TCGA-A8-A07Z-01,TCGA-A8-A07Z,1,Primary Solid Tumor,BRCA,breast invasive carcinoma
TCGA-A8-A081-01,TCGA-A8-A081,1,Primary Solid Tumor,BRCA,breast invasive carcinoma
TCGA-A8-A082-01,TCGA-A8-A082,1,Primary Solid Tumor,BRCA,breast invasive carcinoma
TCGA-A8-A083-01,TCGA-A8-A083,1,Primary Solid Tumor,BRCA,breast invasive carcinoma
TCGA-A8-A084-01,TCGA-A8-A084,1,Primary Solid Tumor,BRCA,breast invasive carcinoma
TCGA-A8-A085-01,TCGA-A8-A085,1,Primary Solid Tumor,BRCA,breast invasive carcinoma
TCGA-A8-A086-01,TCGA-A8-A086,1,Primary Solid Tumor,BRCA,breast invasive carcinoma
TCGA-A8-A08A-01,TCGA-A8-A08A,1,Primary Solid Tumor,BRCA,breast invasive carcinoma
TCGA-A8-A08B-01,TCGA-A8-A08B,1,Primary Solid Tumor,BRCA,breast invasive carcinoma
TCGA-A8-A08C-01,TCGA-A8-A08C,1,Primary Solid Tumor,BRCA,breast invasive carcinoma
TCGA-A8-A08F-01,TCGA-A8-A08F,1,Primary Solid Tumor,BRCA,breast invasive carcinoma
TCGA-A8-A08G-01,TCGA-A8-A08G,1,Primary Solid Tumor,BRCA,breast invasive carcinoma
TCGA-A8-A08H-01,TCGA-A8-A08H,1,Primary Solid Tumor,BRCA,breast invasive carcinoma
TCGA-A8-A08I-01,TCGA-A8-A08I,1,Primary Solid Tumor,BRCA,breast invasive carcinoma
TCGA-A8-A08J-01,TCGA-A8-A08J,1,Primary Solid Tumor,BRCA,breast invasive carcinoma
TCGA-A8-A08L-01,TCGA-A8-A08L,1,Primary Solid Tumor,BRCA,breast invasive carcinoma
TCGA-A8-A08O-01,TCGA-A8-A08O,1,Primary Solid Tumor,BRCA,breast invasive carcinoma
TCGA-A8-A08P-01,TCGA-A8-A08P,1,Primary Solid Tumor,BRCA,breast invasive carcinoma
TCGA-A8-A08R-01,TCGA-A8-A08R,1,Primary Solid Tumor,BRCA,breast invasive carcinoma
TCGA-A8-A08S-01,TCGA-A8-A08S,1,Primary Solid Tumor,BRCA,breast invasive carcinoma
TCGA-A8-A08T-01,TCGA-A8-A08T,1,Primary Solid Tumor,BRCA,breast invasive carcinoma
TCGA-A8-A08X-01,TCGA-A8-A08X,1,Primary Solid Tumor,BRCA,breast invasive carcinoma
TCGA-A8-A08Z-01,TCGA-A8-A08Z,1,Primary Solid Tumor,BRCA,breast invasive carcinoma
TCGA-A8-A090-01,TCGA-A8-A090,1,Primary Solid Tumor,BRCA,breast invasive carcinoma
TCGA-A8-A091-01,TCGA-A8-A091,1,Primary Solid Tumor,BRCA,breast invasive carcinoma
TCGA-A8-A092-01,TCGA-A8-A092,1,Primary Solid Tumor,BRCA,breast invasive carcinoma
TCGA-A8-A093-01,TCGA-A8-A093,1,Primary Solid Tumor,BRCA,breast invasive carcinoma
TCGA-A8-A094-01,TCGA-A8-A094,1,Primary Solid Tumor,BRCA,breast invasive carcinoma
TCGA-A8-A095-01,TCGA-A8-A095,1,Primary Solid Tumor,BRCA,breast invasive carcinoma
TCGA-A8-A096-01,TCGA-A8-A096,1,Primary Solid Tumor,BRCA,breast invasive carcinoma
TCGA-A8-A097-01,TCGA-A8-A097,1,Primary Solid Tumor,BRCA,breast invasive carcinoma
TCGA-A8-A099-01,TCGA-A8-A099,1,Primary Solid Tumor,BRCA,breast invasive carcinoma
TCGA-A8-A09A-01,TCGA-A8-A09A,1,Primary Solid Tumor,BRCA,breast invasive carcinoma
TCGA-A8-A09B-01,TCGA-A8-A09B,1,Primary Solid Tumor,BRCA,breast invasive carcinoma
TCGA-A8-A09C-01,TCGA-A8-A09C,1,Primary Solid Tumor,BRCA,breast invasive carcinoma
TCGA-A8-A09D-01,TCGA-A8-A09D,1,Primary Solid Tumor,BRCA,breast invasive carcinoma
TCGA-A8-A09E-01,TCGA-A8-A09E,1,Primary Solid Tumor,BRCA,breast invasive carcinoma
TCGA-A8-A09G-01,TCGA-A8-A09G,1,Primary Solid Tumor,BRCA,breast invasive carcinoma
TCGA-A8-A09I-01,TCGA-A8-A09I,1,Primary Solid Tumor,BRCA,breast invasive carcinoma
TCGA-A8-A09K-01,TCGA-A8-A09K,1,Primary Solid Tumor,BRCA,breast invasive carcinoma
TCGA-A8-A09M-01,TCGA-A8-A09M,1,Primary Solid Tumor,BRCA,breast invasive carcinoma
TCGA-A8-A09N-01,TCGA-A8-A09N,1,Primary Solid Tumor,BRCA,breast invasive carcinoma
TCGA-A8-A09Q-01,TCGA-A8-A09Q,1,Primary Solid Tumor,BRCA,breast invasive carcinoma
TCGA-A8-A09R-01,TCGA-A8-A09R,1,Primary Solid Tumor,BRCA,breast invasive carcinoma
TCGA-A8-A09T-01,TCGA-A8-A09T,1,Primary Solid Tumor,BRCA,breast invasive carcinoma
TCGA-A8-A09V-01,TCGA-A8-A09V,1,Primary Solid Tumor,BRCA,breast invasive carcinoma
TCGA-A8-A09W-01,TCGA-A8-A09W,1,Primary Solid Tumor,BRCA,breast invasive carcinoma
TCGA-A8-A09X-01,TCGA-A8-A09X,1,Primary Solid Tumor,BRCA,breast invasive carcinoma
TCGA-A8-A09Z-01,TCGA-A8-A09Z,1,Primary Solid Tumor,BRCA,breast invasive carcinoma
TCGA-A8-A0A1-01,TCGA-A8-A0A1,1,Primary Solid Tumor,BRCA,breast invasive carcinoma
TCGA-A8-A0A2-01,TCGA-A8-A0A2,1,Primary Solid Tumor,BRCA,breast invasive carcinoma
TCGA-A8-A0A4-01,TCGA-A8-A0A4,1,Primary Solid Tumor,BRCA,breast invasive carcinoma
TCGA-A8-A0A6-01,TCGA-A8-A0A6,1,Primary Solid Tumor,BRCA,breast invasive carcinoma
TCGA-A8-A0A7-01,TCGA-A8-A0A7,1,Primary Solid Tumor,BRCA,breast invasive carcinoma
TCGA-A8-A0A9-01,TCGA-A8-A0A9,1,Primary Solid Tumor,BRCA,breast invasive carcinoma
TCGA-A8-A0AB-01,TCGA-A8-A0AB,1,Primary Solid Tumor,BRCA,breast invasive carcinoma
TCGA-A8-A0AD-01,TCGA-A8-A0AD,1,Primary Solid Tumor,BRCA,breast invasive carcinoma
TCGA-AA-3488-01,TCGA-AA-3488,1,Primary Solid Tumor,COAD,colon adenocarcinoma
TCGA-AA-3489-01,TCGA-AA-3489,1,Primary Solid Tumor,COAD,colon adenocarcinoma
TCGA-AA-3492-01,TCGA-AA-3492,1,Primary Solid Tumor,COAD,colon adenocarcinoma
TCGA-AA-3494-01,TCGA-AA-3494,1,Primary Solid Tumor,COAD,colon adenocarcinoma
TCGA-AA-3495-01,TCGA-AA-3495,1,Primary Solid Tumor,COAD,colon adenocarcinoma
TCGA-AA-3496-01,TCGA-AA-3496,1,Primary Solid Tumor,COAD,colon adenocarcinoma
TCGA-AA-3502-01,TCGA-AA-3502,1,Primary Solid Tumor,COAD,colon adenocarcinoma
TCGA-AA-3506-01,TCGA-AA-3506,1,Primary Solid Tumor,COAD,colon adenocarcinoma
TCGA-AA-3509-01,TCGA-AA-3509,1,Primary Solid Tumor,COAD,colon adenocarcinoma
TCGA-AA-3510-01,TCGA-AA-3510,1,Primary Solid Tumor,COAD,colon adenocarcinoma
TCGA-AA-3511-01,TCGA-AA-3511,1,Primary Solid Tumor,COAD,colon adenocarcinoma
TCGA-AA-3514-01,TCGA-AA-3514,1,Primary Solid Tumor,COAD,colon adenocarcinoma
TCGA-AA-3517-01,TCGA-AA-3517,1,Primary Solid Tumor,COAD,colon adenocarcinoma
TCGA-AA-3518-01,TCGA-AA-3518,1,Primary Solid Tumor,COAD,colon adenocarcinoma
TCGA-AA-3519-01,TCGA-AA-3519,1,Primary Solid Tumor,COAD,colon adenocarcinoma
TCGA-AA-3520-01,TCGA-AA-3520,1,Primary Solid Tumor,COAD,colon adenocarcinoma
TCGA-AA-3521-01,TCGA-AA-3521,1,Primary Solid Tumor,COAD,colon adenocarcinoma
TCGA-AA-3522-01,TCGA-AA-3522,1,Primary Solid Tumor,COAD,colon adenocarcinoma
TCGA-AA-3524-01,TCGA-AA-3524,1,Primary Solid Tumor,COAD,colon adenocarcinoma
TCGA-AA-3525-01,TCGA-AA-3525,1,Primary Solid Tumor,COAD,colon adenocarcinoma
TCGA-AA-3526-01,TCGA-AA-3526,1,Primary Solid Tumor,COAD,colon adenocarcinoma
TCGA-AA-3527-01,TCGA-AA-3527,1,Primary Solid Tumor,COAD,colon adenocarcinoma
TCGA-AA-3529-01,TCGA-AA-3529,1,Primary Solid Tumor,COAD,colon adenocarcinoma
TCGA-AA-3530-01,TCGA-AA-3530,1,Primary Solid Tumor,COAD,colon adenocarcinoma
TCGA-AA-3531-01,TCGA-AA-3531,1,Primary Solid Tumor,COAD,colon adenocarcinoma
TCGA-AA-3532-01,TCGA-AA-3532,1,Primary Solid Tumor,COAD,colon adenocarcinoma
TCGA-AA-3534-01,TCGA-AA-3534,1,Primary Solid Tumor,COAD,colon adenocarcinoma
TCGA-AA-3538-01,TCGA-AA-3538,1,Primary Solid Tumor,COAD,colon adenocarcinoma
TCGA-AA-3542-01,TCGA-AA-3542,1,Primary Solid Tumor,COAD,colon adenocarcinoma
TCGA-AA-3543-01,TCGA-AA-3543,1,Primary Solid Tumor,COAD,colon adenocarcinoma
TCGA-AA-3544-01,TCGA-AA-3544,1,Primary Solid Tumor,COAD,colon adenocarcinoma
TCGA-AA-3548-01,TCGA-AA-3548,1,Primary Solid Tumor,COAD,colon adenocarcinoma
TCGA-AA-3549-01,TCGA-AA-3549,1,Primary Solid Tumor,COAD,colon adenocarcinoma
TCGA-AA-3552-01,TCGA-AA-3552,1,Primary Solid Tumor,COAD,colon adenocarcinoma
TCGA-AA-3553-01,TCGA-AA-3553,1,Primary Solid Tumor,COAD,colon adenocarcinoma
TCGA-AA-3555-01,TCGA-AA-3555,1,Primary Solid Tumor,COAD,colon adenocarcinoma
TCGA-AA-3560-01,TCGA-AA-3560,1,Primary Solid Tumor,COAD,colon adenocarcinoma
TCGA-AA-3561-01,TCGA-AA-3561,1,Primary Solid Tumor,COAD,colon adenocarcinoma
TCGA-AA-3655-01,TCGA-AA-3655,1,Primary Solid Tumor,COAD,colon adenocarcinoma
TCGA-AA-3660-01,TCGA-AA-3660,1,Primary Solid Tumor,COAD,colon adenocarcinoma
TCGA-AA-3662-01,TCGA-AA-3662,1,Primary Solid Tumor,COAD,colon adenocarcinoma
TCGA-AA-3663-01,TCGA-AA-3663,1,Primary Solid Tumor,COAD,colon adenocarcinoma
TCGA-AA-3664-01,TCGA-AA-3664,1,Primary Solid Tumor,COAD,colon adenocarcinoma
TCGA-AA-3666-01,TCGA-AA-3666,1,Primary Solid Tumor,COAD,colon adenocarcinoma
TCGA-AA-3667-01,TCGA-AA-3667,1,Primary Solid Tumor,COAD,colon adenocarcinoma
TCGA-AA-3673-01,TCGA-AA-3673,1,Primary Solid Tumor,COAD,colon adenocarcinoma
TCGA-AA-3675-01,TCGA-AA-3675,1,Primary Solid Tumor,COAD,colon adenocarcinoma
TCGA-AA-3678-01,TCGA-AA-3678,1,Primary Solid Tumor,COAD,colon adenocarcinoma
TCGA-AA-3679-01,TCGA-AA-3679,1,Primary Solid Tumor,COAD,colon adenocarcinoma
TCGA-AA-3680-01,TCGA-AA-3680,1,Primary Solid Tumor,COAD,colon adenocarcinoma
TCGA-AA-3681-01,TCGA-AA-3681,1,Primary Solid Tumor,COAD,colon adenocarcinoma
TCGA-AA-3684-01,TCGA-AA-3684,1,Primary Solid Tumor,COAD,colon adenocarcinoma
TCGA-AA-3685-01,TCGA-AA-3685,1,Primary Solid Tumor,COAD,colon adenocarcinoma
TCGA-AA-3688-01,TCGA-AA-3688,1,Primary Solid Tumor,COAD,colon adenocarcinoma
TCGA-AA-3692-01,TCGA-AA-3692,1,Primary Solid Tumor,COAD,colon adenocarcinoma
TCGA-AA-3693-01,TCGA-AA-3693,1,Primary Solid Tumor,COAD,colon adenocarcinoma
TCGA-AA-3695-01,TCGA-AA-3695,1,Primary Solid Tumor,COAD,colon adenocarcinoma
TCGA-AA-3696-01,TCGA-AA-3696,1,Primary Solid Tumor,COAD,colon adenocarcinoma
TCGA-AA-3697-01,TCGA-AA-3697,1,Primary Solid Tumor,COAD,colon adenocarcinoma
TCGA-AA-3710-01,TCGA-AA-3710,1,Primary Solid Tumor,COAD,colon adenocarcinoma
TCGA-AA-3712-01,TCGA-AA-3712,1,Primary Solid Tumor,COAD,colon adenocarcinoma
TCGA-AA-3713-01,TCGA-AA-3713,1,Primary Solid Tumor,COAD,colon adenocarcinoma
TCGA-AA-3715-01,TCGA-AA-3715,1,Primary Solid Tumor,COAD,colon adenocarcinoma
TCGA-AA-3811-01,TCGA-AA-3811,1,Primary Solid Tumor,COAD,colon adenocarcinoma
TCGA-AA-3812-01,TCGA-AA-3812,1,Primary Solid Tumor,COAD,colon adenocarcinoma
TCGA-AA-3814-01,TCGA-AA-3814,1,Primary Solid Tumor,COAD,colon adenocarcinoma
TCGA-AA-3815-01,TCGA-AA-3815,1,Primary Solid Tumor,COAD,colon adenocarcinoma
TCGA-AA-3818-01,TCGA-AA-3818,1,Primary Solid Tumor,COAD,colon adenocarcinoma
TCGA-AA-3819-01,TCGA-AA-3819,1,Primary Solid Tumor,COAD,colon adenocarcinoma
TCGA-AA-3821-01,TCGA-AA-3821,1,Primary Solid Tumor,COAD,colon adenocarcinoma
TCGA-AA-3831-01,TCGA-AA-3831,1,Primary Solid Tumor,COAD,colon adenocarcinoma
TCGA-AA-3833-01,TCGA-AA-3833,1,Primary Solid Tumor,COAD,colon adenocarcinoma
TCGA-AA-3837-01,TCGA-AA-3837,1,Primary Solid Tumor,COAD,colon adenocarcinoma
TCGA-AA-3841-01,TCGA-AA-3841,1,Primary Solid Tumor,COAD,colon adenocarcinoma
TCGA-AA-3842-01,TCGA-AA-3842,1,Primary Solid Tumor,COAD,colon adenocarcinoma
TCGA-AA-3844-01,TCGA-AA-3844,1,Primary Solid Tumor,COAD,colon adenocarcinoma
TCGA-AA-3845-01,TCGA-AA-3845,1,Primary Solid Tumor,COAD,colon adenocarcinoma
TCGA-AA-3846-01,TCGA-AA-3846,1,Primary Solid Tumor,COAD,colon adenocarcinoma
TCGA-AA-3848-01,TCGA-AA-3848,1,Primary Solid Tumor,COAD,colon adenocarcinoma
TCGA-AA-3850-01,TCGA-AA-3850,1,Primary Solid Tumor,COAD,colon adenocarcinoma
TCGA-AA-3851-01,TCGA-AA-3851,1,Primary Solid Tumor,COAD,colon adenocarcinoma
TCGA-AA-3852-01,TCGA-AA-3852,1,Primary Solid Tumor,COAD,colon adenocarcinoma
TCGA-AA-3854-01,TCGA-AA-3854,1,Primary Solid Tumor,COAD,colon adenocarcinoma
TCGA-AA-3855-01,TCGA-AA-3855,1,Primary Solid Tumor,COAD,colon adenocarcinoma
TCGA-AA-3856-01,TCGA-AA-3856,1,Primary Solid Tumor,COAD,colon adenocarcinoma
TCGA-AA-3858-01,TCGA-AA-3858,1,Primary Solid Tumor,COAD,colon adenocarcinoma
TCGA-AA-3861-01,TCGA-AA-3861,1,Primary Solid Tumor,COAD,colon adenocarcinoma
TCGA-AA-3862-01,TCGA-AA-3862,1,Primary Solid Tumor,COAD,colon adenocarcinoma
TCGA-AA-3864-01,TCGA-AA-3864,1,Primary Solid Tumor,COAD,colon adenocarcinoma
TCGA-AA-3866-01,TCGA-AA-3866,1,Primary Solid Tumor,COAD,colon adenocarcinoma
TCGA-AA-3867-01,TCGA-AA-3867,1,Primary Solid Tumor,COAD,colon adenocarcinoma
TCGA-AA-3869-01,TCGA-AA-3869,1,Primary Solid Tumor,COAD,colon adenocarcinoma
TCGA-AA-3870-01,TCGA-AA-3870,1,Primary Solid Tumor,COAD,colon adenocarcinoma
TCGA-AA-3872-01,TCGA-AA-3872,1,Primary Solid Tumor,COAD,colon adenocarcinoma
TCGA-AA-3875-01,TCGA-AA-3875,1,Primary Solid Tumor,COAD,colon adenocarcinoma
TCGA-AA-3877-01,TCGA-AA-3877,1,Primary Solid Tumor,COAD,colon adenocarcinoma
TCGA-AA-3930-01,TCGA-AA-3930,1,Primary Solid Tumor,COAD,colon adenocarcinoma
TCGA-AA-3939-01,TCGA-AA-3939,1,Primary Solid Tumor,COAD,colon adenocarcinoma
TCGA-AA-3941-01,TCGA-AA-3941,1,Primary Solid Tumor,COAD,colon adenocarcinoma
TCGA-AA-3947-01,TCGA-AA-3947,1,Primary Solid Tumor,COAD,colon adenocarcinoma
TCGA-AA-3949-01,TCGA-AA-3949,1,Primary Solid Tumor,COAD,colon adenocarcinoma
TCGA-AA-3950-01,TCGA-AA-3950,1,Primary Solid Tumor,COAD,colon adenocarcinoma
TCGA-AA-3952-01,TCGA-AA-3952,1,Primary Solid Tumor,COAD,colon adenocarcinoma
TCGA-AA-3955-01,TCGA-AA-3955,1,Primary Solid Tumor,COAD,colon adenocarcinoma
TCGA-AA-3956-01,TCGA-AA-3956,1,Primary Solid Tumor,COAD,colon adenocarcinoma
TCGA-AA-3966-01,TCGA-AA-3966,1,Primary Solid Tumor,COAD,colon adenocarcinoma
TCGA-AA-3968-01,TCGA-AA-3968,1,Primary Solid Tumor,COAD,colon adenocarcinoma
TCGA-AA-3970-01,TCGA-AA-3970,1,Primary Solid Tumor,COAD,colon adenocarcinoma
TCGA-AA-3971-01,TCGA-AA-3971,1,Primary Solid Tumor,COAD,colon adenocarcinoma
TCGA-AA-3973-01,TCGA-AA-3973,1,Primary Solid Tumor,COAD,colon adenocarcinoma
TCGA-AA-3975-01,TCGA-AA-3975,1,Primary Solid Tumor,COAD,colon adenocarcinoma
TCGA-AA-3976-01,TCGA-AA-3976,1,Primary Solid Tumor,COAD,colon adenocarcinoma
TCGA-AA-3977-01,TCGA-AA-3977,1,Primary Solid Tumor,COAD,colon adenocarcinoma
TCGA-AA-3979-01,TCGA-AA-3979,1,Primary Solid Tumor,COAD,colon adenocarcinoma
TCGA-AA-3980-01,TCGA-AA-3980,1,Primary Solid Tumor,COAD,colon adenocarcinoma
TCGA-AA-3982-01,TCGA-AA-3982,1,Primary Solid Tumor,COAD,colon adenocarcinoma
TCGA-AA-3984-01,TCGA-AA-3984,1,Primary Solid Tumor,COAD,colon adenocarcinoma
TCGA-AA-3986-01,TCGA-AA-3986,1,Primary Solid Tumor,COAD,colon adenocarcinoma
TCGA-AA-3989-01,TCGA-AA-3989,1,Primary Solid Tumor,COAD,colon adenocarcinoma
TCGA-AA-3994-01,TCGA-AA-3994,1,Primary Solid Tumor,COAD,colon adenocarcinoma
TCGA-AA-A004-01,TCGA-AA-A004,1,Primary Solid Tumor,COAD,colon adenocarcinoma
TCGA-AA-A00A-01,TCGA-AA-A00A,1,Primary Solid Tumor,COAD,colon adenocarcinoma
TCGA-AA-A00D-01,TCGA-AA-A00D,1,Primary Solid Tumor,COAD,colon adenocarcinoma
TCGA-AA-A00E-01,TCGA-AA-A00E,1,Primary Solid Tumor,COAD,colon adenocarcinoma
TCGA-AA-A00F-01,TCGA-AA-A00F,1,Primary Solid Tumor,COAD,colon adenocarcinoma
TCGA-AA-A00J-01,TCGA-AA-A00J,1,Primary Solid Tumor,COAD,colon adenocarcinoma
TCGA-AA-A00K-01,TCGA-AA-A00K,1,Primary Solid Tumor,COAD,colon adenocarcinoma
TCGA-AA-A00L-01,TCGA-AA-A00L,1,Primary Solid Tumor,COAD,colon adenocarcinoma
TCGA-AA-A00N-01,TCGA-AA-A00N,1,Primary Solid Tumor,COAD,colon adenocarcinoma
TCGA-AA-A00O-01,TCGA-AA-A00O,1,Primary Solid Tumor,COAD,colon adenocarcinoma
TCGA-AA-A00Q-01,TCGA-AA-A00Q,1,Primary Solid Tumor,COAD,colon adenocarcinoma
TCGA-AA-A00R-01,TCGA-AA-A00R,1,Primary Solid Tumor,COAD,colon adenocarcinoma
TCGA-AA-A00U-01,TCGA-AA-A00U,1,Primary Solid Tumor,COAD,colon adenocarcinoma
TCGA-AA-A00W-01,TCGA-AA-A00W,1,Primary Solid Tumor,COAD,colon adenocarcinoma
TCGA-AA-A00Z-01,TCGA-AA-A00Z,1,Primary Solid Tumor,COAD,colon adenocarcinoma
TCGA-AA-A010-01,TCGA-AA-A010,1,Primary Solid Tumor,COAD,colon adenocarcinoma
TCGA-AA-A017-01,TCGA-AA-A017,1,Primary Solid Tumor,COAD,colon adenocarcinoma
TCGA-AA-A01C-01,TCGA-AA-A01C,1,Primary Solid Tumor,COAD,colon adenocarcinoma
TCGA-AA-A01D-01,TCGA-AA-A01D,1,Primary Solid Tumor,COAD,colon adenocarcinoma
TCGA-AA-A01F-01,TCGA-AA-A01F,1,Primary Solid Tumor,COAD,colon adenocarcinoma
TCGA-AA-A01G-01,TCGA-AA-A01G,1,Primary Solid Tumor,COAD,colon adenocarcinoma
TCGA-AA-A01I-01,TCGA-AA-A01I,1,Primary Solid Tumor,COAD,colon adenocarcinoma
TCGA-AA-A01K-01,TCGA-AA-A01K,1,Primary Solid Tumor,COAD,colon adenocarcinoma
TCGA-AA-A01P-01,TCGA-AA-A01P,1,Primary Solid Tumor,COAD,colon adenocarcinoma
TCGA-AA-A01Q-01,TCGA-AA-A01Q,1,Primary Solid Tumor,COAD,colon adenocarcinoma
TCGA-AA-A01R-01,TCGA-AA-A01R,1,Primary Solid Tumor,COAD,colon adenocarcinoma
TCGA-AA-A01S-01,TCGA-AA-A01S,1,Primary Solid Tumor,COAD,colon adenocarcinoma
TCGA-AA-A01T-01,TCGA-AA-A01T,1,Primary Solid Tumor,COAD,colon adenocarcinoma
TCGA-AA-A01V-01,TCGA-AA-A01V,1,Primary Solid Tumor,COAD,colon adenocarcinoma
TCGA-AA-A01X-01,TCGA-AA-A01X,1,Primary Solid Tumor,COAD,colon adenocarcinoma
TCGA-AA-A01Z-01,TCGA-AA-A01Z,1,Primary Solid Tumor,COAD,colon adenocarcinoma
TCGA-AA-A022-01,TCGA-AA-A022,1,Primary Solid Tumor,COAD,colon adenocarcinoma
TCGA-AA-A024-01,TCGA-AA-A024,1,Primary Solid Tumor,COAD,colon adenocarcinoma
TCGA-AA-A029-01,TCGA-AA-A029,1,Primary Solid Tumor,COAD,colon adenocarcinoma
TCGA-AA-A02E-01,TCGA-AA-A02E,1,Primary Solid Tumor,COAD,colon adenocarcinoma
TCGA-AA-A02F-01,TCGA-AA-A02F,1,Primary Solid Tumor,COAD,colon adenocarcinoma
TCGA-AA-A02H-01,TCGA-AA-A02H,1,Primary Solid Tumor,COAD,colon adenocarcinoma
TCGA-AA-A02J-01,TCGA-AA-A02J,1,Primary Solid Tumor,COAD,colon adenocarcinoma
TCGA-AA-A02K-01,TCGA-AA-A02K,1,Primary Solid Tumor,COAD,colon adenocarcinoma
TCGA-AA-A02O-01,TCGA-AA-A02O,1,Primary Solid Tumor,COAD,colon adenocarcinoma
TCGA-AA-A02R-01,TCGA-AA-A02R,1,Primary Solid Tumor,COAD,colon adenocarcinoma
TCGA-AA-A02W-01,TCGA-AA-A02W,1,Primary Solid Tumor,COAD,colon adenocarcinoma
TCGA-AA-A02Y-01,TCGA-AA-A02Y,1,Primary Solid Tumor,COAD,colon adenocarcinoma
TCGA-AA-A03F-01,TCGA-AA-A03F,1,Primary Solid Tumor,COAD,colon adenocarcinoma
TCGA-AA-A03J-01,TCGA-AA-A03J,1,Primary Solid Tumor,COAD,colon adenocarcinoma
TCGA-AC-A23C-01,TCGA-AC-A23C,1,Primary Solid Tumor,BRCA,breast invasive carcinoma
TCGA-AC-A23E-01,TCGA-AC-A23E,1,Primary Solid Tumor,BRCA,breast invasive carcinoma
TCGA-AC-A23G-01,TCGA-AC-A23G,1,Primary Solid Tumor,BRCA,breast invasive carcinoma
TCGA-AC-A23H-01,TCGA-AC-A23H,1,Primary Solid Tumor,BRCA,breast invasive carcinoma
TCGA-AC-A2B8-01,TCGA-AC-A2B8,1,Primary Solid Tumor,BRCA,breast invasive carcinoma
TCGA-AC-A2BK-01,TCGA-AC-A2BK,1,Primary Solid Tumor,BRCA,breast invasive carcinoma
TCGA-AC-A2BM-01,TCGA-AC-A2BM,1,Primary Solid Tumor,BRCA,breast invasive carcinoma
TCGA-AC-A2FB-01,TCGA-AC-A2FB,1,Primary Solid Tumor,BRCA,breast invasive carcinoma
TCGA-AC-A2FE-01,TCGA-AC-A2FE,1,Primary Solid Tumor,BRCA,breast invasive carcinoma
TCGA-AC-A2FF-01,TCGA-AC-A2FF,1,Primary Solid Tumor,BRCA,breast invasive carcinoma
TCGA-AC-A2FG-01,TCGA-AC-A2FG,1,Primary Solid Tumor,BRCA,breast invasive carcinoma
TCGA-AC-A2FK-01,TCGA-AC-A2FK,1,Primary Solid Tumor,BRCA,breast invasive carcinoma
TCGA-AC-A2FM-01,TCGA-AC-A2FM,1,Primary Solid Tumor,BRCA,breast invasive carcinoma
TCGA-AC-A2FO-01,TCGA-AC-A2FO,1,Primary Solid Tumor,BRCA,breast invasive carcinoma
TCGA-AC-A2QH-01,TCGA-AC-A2QH,1,Primary Solid Tumor,BRCA,breast invasive carcinoma
TCGA-AC-A2QI-01,TCGA-AC-A2QI,1,Primary Solid Tumor,BRCA,breast invasive carcinoma
TCGA-AC-A2QJ-01,TCGA-AC-A2QJ,1,Primary Solid Tumor,BRCA,breast invasive carcinoma
TCGA-AC-A3BB-01,TCGA-AC-A3BB,1,Primary Solid Tumor,BRCA,breast invasive carcinoma
TCGA-AC-A3EH-01,TCGA-AC-A3EH,1,Primary Solid Tumor,BRCA,breast invasive carcinoma
TCGA-AC-A3HN-01,TCGA-AC-A3HN,1,Primary Solid Tumor,BRCA,breast invasive carcinoma
TCGA-AC-A3OD-01,TCGA-AC-A3OD,1,Primary Solid Tumor,BRCA,breast invasive carcinoma
TCGA-AC-A3QP-01,TCGA-AC-A3QP,1,Primary Solid Tumor,BRCA,breast invasive carcinoma
TCGA-AC-A3QQ-01,TCGA-AC-A3QQ,1,Primary Solid Tumor,BRCA,breast invasive carcinoma
TCGA-AC-A3TM-01,TCGA-AC-A3TM,1,Primary Solid Tumor,BRCA,breast invasive carcinoma
TCGA-AC-A3TN-01,TCGA-AC-A3TN,1,Primary Solid Tumor,BRCA,breast invasive carcinoma
TCGA-AC-A3W5-01,TCGA-AC-A3W5,1,Primary Solid Tumor,BRCA,breast invasive carcinoma
TCGA-AC-A3W6-01,TCGA-AC-A3W6,1,Primary Solid Tumor,BRCA,breast invasive carcinoma
TCGA-AC-A3W7-01,TCGA-AC-A3W7,1,Primary Solid Tumor,BRCA,breast invasive carcinoma
TCGA-AC-A3YI-01,TCGA-AC-A3YI,1,Primary Solid Tumor,BRCA,breast invasive carcinoma
TCGA-AC-A3YJ-01,TCGA-AC-A3YJ,1,Primary Solid Tumor,BRCA,breast invasive carcinoma
TCGA-AC-A4ZE-01,TCGA-AC-A4ZE,1,Primary Solid Tumor,BRCA,breast invasive carcinoma
TCGA-AC-A5EH-01,TCGA-AC-A5EH,1,Primary Solid Tumor,BRCA,breast invasive carcinoma
TCGA-AC-A5XS-01,TCGA-AC-A5XS,1,Primary Solid Tumor,BRCA,breast invasive carcinoma
TCGA-AC-A5XU-01,TCGA-AC-A5XU,1,Primary Solid Tumor,BRCA,breast invasive carcinoma
TCGA-AC-A62V-01,TCGA-AC-A62V,1,Primary Solid Tumor,BRCA,breast invasive carcinoma
TCGA-AC-A62X-01,TCGA-AC-A62X,1,Primary Solid Tumor,BRCA,breast invasive carcinoma
TCGA-AC-A62Y-01,TCGA-AC-A62Y,1,Primary Solid Tumor,BRCA,breast invasive carcinoma
TCGA-AC-A6IV-01,TCGA-AC-A6IV,1,Primary Solid Tumor,BRCA,breast invasive carcinoma
TCGA-AC-A6IW-01,TCGA-AC-A6IW,1,Primary Solid Tumor,BRCA,breast invasive carcinoma
TCGA-AC-A6IX-01,TCGA-AC-A6IX,1,Primary Solid Tumor,BRCA,breast invasive carcinoma
TCGA-AC-A6NO-01,TCGA-AC-A6NO,1,Primary Solid Tumor,BRCA,breast invasive carcinoma
TCGA-AC-A7VB-01,TCGA-AC-A7VB,1,Primary Solid Tumor,BRCA,breast invasive carcinoma
TCGA-AC-A7VC-01,TCGA-AC-A7VC,1,Primary Solid Tumor,BRCA,breast invasive carcinoma
TCGA-AC-A8OP-01,TCGA-AC-A8OP,1,Primary Solid Tumor,BRCA,breast invasive carcinoma
TCGA-AC-A8OQ-01,TCGA-AC-A8OQ,1,Primary Solid Tumor,BRCA,breast invasive carcinoma
TCGA-AC-A8OR-01,TCGA-AC-A8OR,1,Primary Solid Tumor,BRCA,breast invasive carcinoma
TCGA-AC-A8OS-01,TCGA-AC-A8OS,1,Primary Solid Tumor,BRCA,breast invasive carcinoma
TCGA-AD-5900-01,TCGA-AD-5900,1,Primary Solid Tumor,COAD,colon adenocarcinoma
TCGA-AD-6548-01,TCGA-AD-6548,1,Primary Solid Tumor,COAD,colon adenocarcinoma
TCGA-AD-6888-01,TCGA-AD-6888,1,Primary Solid Tumor,COAD,colon adenocarcinoma
TCGA-AD-6889-01,TCGA-AD-6889,1,Primary Solid Tumor,COAD,colon adenocarcinoma
TCGA-AD-6890-01,TCGA-AD-6890,1,Primary Solid Tumor,COAD,colon adenocarcinoma
TCGA-AD-6895-01,TCGA-AD-6895,1,Primary Solid Tumor,COAD,colon adenocarcinoma
TCGA-AD-6899-01,TCGA-AD-6899,1,Primary Solid Tumor,COAD,colon adenocarcinoma
TCGA-AD-6901-01,TCGA-AD-6901,1,Primary Solid Tumor,COAD,colon adenocarcinoma
TCGA-AD-6963-01,TCGA-AD-6963,1,Primary Solid Tumor,COAD,colon adenocarcinoma
TCGA-AD-6964-01,TCGA-AD-6964,1,Primary Solid Tumor,COAD,colon adenocarcinoma
TCGA-AD-6965-01,TCGA-AD-6965,1,Primary Solid Tumor,COAD,colon adenocarcinoma
TCGA-AD-A5EJ-01,TCGA-AD-A5EJ,1,Primary Solid Tumor,COAD,colon adenocarcinoma
TCGA-AD-A5EK-01,TCGA-AD-A5EK,1,Primary Solid Tumor,COAD,colon adenocarcinoma
TCGA-AJ-A23M-01,TCGA-AJ-A23M,1,Primary Solid Tumor,UCEC,uterine corpus endometrioid carcinoma
TCGA-AJ-A23N-01,TCGA-AJ-A23N,1,Primary Solid Tumor,UCEC,uterine corpus endometrioid carcinoma
TCGA-AJ-A23O-01,TCGA-AJ-A23O,1,Primary Solid Tumor,UCEC,uterine corpus endometrioid carcinoma
TCGA-AJ-A2QK-01,TCGA-AJ-A2QK,1,Primary Solid Tumor,UCEC,uterine corpus endometrioid carcinoma
TCGA-AJ-A2QL-01,TCGA-AJ-A2QL,1,Primary Solid Tumor,UCEC,uterine corpus endometrioid carcinoma
TCGA-AJ-A2QM-01,TCGA-AJ-A2QM,1,Primary Solid Tumor,UCEC,uterine corpus endometrioid carcinoma
TCGA-AJ-A2QN-01,TCGA-AJ-A2QN,1,Primary Solid Tumor,UCEC,uterine corpus endometrioid carcinoma
TCGA-AJ-A2QO-01,TCGA-AJ-A2QO,1,Primary Solid Tumor,UCEC,uterine corpus endometrioid carcinoma
TCGA-AJ-A3BD-01,TCGA-AJ-A3BD,1,Primary Solid Tumor,UCEC,uterine corpus endometrioid carcinoma
TCGA-AJ-A3BF-01,TCGA-AJ-A3BF,1,Primary Solid Tumor,UCEC,uterine corpus endometrioid carcinoma
TCGA-AJ-A3BG-01,TCGA-AJ-A3BG,1,Primary Solid Tumor,UCEC,uterine corpus endometrioid carcinoma
TCGA-AJ-A3BH-01,TCGA-AJ-A3BH,1,Primary Solid Tumor,UCEC,uterine corpus endometrioid carcinoma
TCGA-AJ-A3BI-01,TCGA-AJ-A3BI,1,Primary Solid Tumor,UCEC,uterine corpus endometrioid carcinoma
TCGA-AJ-A3BK-01,TCGA-AJ-A3BK,1,Primary Solid Tumor,UCEC,uterine corpus endometrioid carcinoma
TCGA-AJ-A3EJ-01,TCGA-AJ-A3EJ,1,Primary Solid Tumor,UCEC,uterine corpus endometrioid carcinoma
TCGA-AJ-A3EK-01,TCGA-AJ-A3EK,1,Primary Solid Tumor,UCEC,uterine corpus endometrioid carcinoma
TCGA-AJ-A3EL-01,TCGA-AJ-A3EL,1,Primary Solid Tumor,UCEC,uterine corpus endometrioid carcinoma
TCGA-AJ-A3EM-01,TCGA-AJ-A3EM,1,Primary Solid Tumor,UCEC,uterine corpus endometrioid carcinoma
TCGA-AJ-A3I9-01,TCGA-AJ-A3I9,1,Primary Solid Tumor,UCEC,uterine corpus endometrioid carcinoma
TCGA-AJ-A3IA-01,TCGA-AJ-A3IA,1,Primary Solid Tumor,UCEC,uterine corpus endometrioid carcinoma
TCGA-AJ-A3NC-01,TCGA-AJ-A3NC,1,Primary Solid Tumor,UCEC,uterine corpus endometrioid carcinoma
TCGA-AJ-A3NE-01,TCGA-AJ-A3NE,1,Primary Solid Tumor,UCEC,uterine corpus endometrioid carcinoma
TCGA-AJ-A3NF-01,TCGA-AJ-A3NF,1,Primary Solid Tumor,UCEC,uterine corpus endometrioid carcinoma
TCGA-AJ-A3NG-01,TCGA-AJ-A3NG,1,Primary Solid Tumor,UCEC,uterine corpus endometrioid carcinoma
TCGA-AJ-A3NH-01,TCGA-AJ-A3NH,1,Primary Solid Tumor,UCEC,uterine corpus endometrioid carcinoma
TCGA-AJ-A3OJ-01,TCGA-AJ-A3OJ,1,Primary Solid Tumor,UCEC,uterine corpus endometrioid carcinoma
TCGA-AJ-A3OK-01,TCGA-AJ-A3OK,1,Primary Solid Tumor,UCEC,uterine corpus endometrioid carcinoma
TCGA-AJ-A3OL-01,TCGA-AJ-A3OL,1,Primary Solid Tumor,UCEC,uterine corpus endometrioid carcinoma
TCGA-AJ-A3QS-01,TCGA-AJ-A3QS,1,Primary Solid Tumor,UCEC,uterine corpus endometrioid carcinoma
TCGA-AJ-A3TW-01,TCGA-AJ-A3TW,1,Primary Solid Tumor,UCEC,uterine corpus endometrioid carcinoma
TCGA-AJ-A5DV-01,TCGA-AJ-A5DV,1,Primary Solid Tumor,UCEC,uterine corpus endometrioid carcinoma
TCGA-AJ-A5DW-01,TCGA-AJ-A5DW,1,Primary Solid Tumor,UCEC,uterine corpus endometrioid carcinoma
TCGA-AJ-A6NU-01,TCGA-AJ-A6NU,1,Primary Solid Tumor,UCEC,uterine corpus endometrioid carcinoma
TCGA-AJ-A8CT-01,TCGA-AJ-A8CT,1,Primary Solid Tumor,UCEC,uterine corpus endometrioid carcinoma
TCGA-AJ-A8CV-01,TCGA-AJ-A8CV,1,Primary Solid Tumor,UCEC,uterine corpus endometrioid carcinoma
TCGA-AJ-A8CW-01,TCGA-AJ-A8CW,1,Primary Solid Tumor,UCEC,uterine corpus endometrioid carcinoma
TCGA-AK-3425-01,TCGA-AK-3425,1,Primary Solid Tumor,KIRC,kidney clear cell carcinoma
TCGA-AK-3426-01,TCGA-AK-3426,1,Primary Solid Tumor,KIRC,kidney clear cell carcinoma
TCGA-AK-3427-01,TCGA-AK-3427,1,Primary Solid Tumor,KIRC,kidney clear cell carcinoma
TCGA-AK-3428-01,TCGA-AK-3428,1,Primary Solid Tumor,KIRC,kidney clear cell carcinoma
TCGA-AK-3429-01,TCGA-AK-3429,1,Primary Solid Tumor,KIRC,kidney clear cell carcinoma
TCGA-AK-3431-01,TCGA-AK-3431,1,Primary Solid Tumor,KIRC,kidney clear cell carcinoma
TCGA-AK-3433-01,TCGA-AK-3433,1,Primary Solid Tumor,KIRC,kidney clear cell carcinoma
TCGA-AK-3434-01,TCGA-AK-3434,1,Primary Solid Tumor,KIRC,kidney clear cell carcinoma
TCGA-AK-3436-01,TCGA-AK-3436,1,Primary Solid Tumor,KIRC,kidney clear cell carcinoma
TCGA-AK-3440-01,TCGA-AK-3440,1,Primary Solid Tumor,KIRC,kidney clear cell carcinoma
TCGA-AK-3443-01,TCGA-AK-3443,1,Primary Solid Tumor,KIRC,kidney clear cell carcinoma
TCGA-AK-3444-01,TCGA-AK-3444,1,Primary Solid Tumor,KIRC,kidney clear cell carcinoma
TCGA-AK-3445-01,TCGA-AK-3445,1,Primary Solid Tumor,KIRC,kidney clear cell carcinoma
TCGA-AK-3447-01,TCGA-AK-3447,1,Primary Solid Tumor,KIRC,kidney clear cell carcinoma
TCGA-AK-3450-01,TCGA-AK-3450,1,Primary Solid Tumor,KIRC,kidney clear cell carcinoma
TCGA-AK-3451-01,TCGA-AK-3451,1,Primary Solid Tumor,KIRC,kidney clear cell carcinoma
TCGA-AK-3453-01,TCGA-AK-3453,1,Primary Solid Tumor,KIRC,kidney clear cell carcinoma
TCGA-AK-3454-01,TCGA-AK-3454,1,Primary Solid Tumor,KIRC,kidney clear cell carcinoma
TCGA-AK-3455-01,TCGA-AK-3455,1,Primary Solid Tumor,KIRC,kidney clear cell carcinoma
TCGA-AK-3456-01,TCGA-AK-3456,1,Primary Solid Tumor,KIRC,kidney clear cell carcinoma
TCGA-AK-3458-01,TCGA-AK-3458,1,Primary Solid Tumor,KIRC,kidney clear cell carcinoma
TCGA-AK-3460-01,TCGA-AK-3460,1,Primary Solid Tumor,KIRC,kidney clear cell carcinoma
TCGA-AK-3461-01,TCGA-AK-3461,1,Primary Solid Tumor,KIRC,kidney clear cell carcinoma
TCGA-AK-3465-01,TCGA-AK-3465,1,Primary Solid Tumor,KIRC,kidney clear cell carcinoma
TCGA-AM-5820-01,TCGA-AM-5820,1,Primary Solid Tumor,COAD,colon adenocarcinoma
TCGA-AM-5821-01,TCGA-AM-5821,1,Primary Solid Tumor,COAD,colon adenocarcinoma
TCGA-AN-A03X-01,TCGA-AN-A03X,1,Primary Solid Tumor,BRCA,breast invasive carcinoma
TCGA-AN-A03Y-01,TCGA-AN-A03Y,1,Primary Solid Tumor,BRCA,breast invasive carcinoma
TCGA-AN-A041-01,TCGA-AN-A041,1,Primary Solid Tumor,BRCA,breast invasive carcinoma
TCGA-AN-A046-01,TCGA-AN-A046,1,Primary Solid Tumor,BRCA,breast invasive carcinoma
TCGA-AN-A049-01,TCGA-AN-A049,1,Primary Solid Tumor,BRCA,breast invasive carcinoma
TCGA-AN-A04A-01,TCGA-AN-A04A,1,Primary Solid Tumor,BRCA,breast invasive carcinoma
TCGA-AN-A04C-01,TCGA-AN-A04C,1,Primary Solid Tumor,BRCA,breast invasive carcinoma
TCGA-AN-A04D-01,TCGA-AN-A04D,1,Primary Solid Tumor,BRCA,breast invasive carcinoma
TCGA-AN-A0AJ-01,TCGA-AN-A0AJ,1,Primary Solid Tumor,BRCA,breast invasive carcinoma
TCGA-AN-A0AK-01,TCGA-AN-A0AK,1,Primary Solid Tumor,BRCA,breast invasive carcinoma
TCGA-AN-A0AL-01,TCGA-AN-A0AL,1,Primary Solid Tumor,BRCA,breast invasive carcinoma
TCGA-AN-A0AM-01,TCGA-AN-A0AM,1,Primary Solid Tumor,BRCA,breast invasive carcinoma
TCGA-AN-A0AR-01,TCGA-AN-A0AR,1,Primary Solid Tumor,BRCA,breast invasive carcinoma
TCGA-AN-A0AS-01,TCGA-AN-A0AS,1,Primary Solid Tumor,BRCA,breast invasive carcinoma
TCGA-AN-A0AT-01,TCGA-AN-A0AT,1,Primary Solid Tumor,BRCA,breast invasive carcinoma
TCGA-AN-A0FD-01,TCGA-AN-A0FD,1,Primary Solid Tumor,BRCA,breast invasive carcinoma
TCGA-AN-A0FF-01,TCGA-AN-A0FF,1,Primary Solid Tumor,BRCA,breast invasive carcinoma
TCGA-AN-A0FJ-01,TCGA-AN-A0FJ,1,Primary Solid Tumor,BRCA,breast invasive carcinoma
TCGA-AN-A0FK-01,TCGA-AN-A0FK,1,Primary Solid Tumor,BRCA,breast invasive carcinoma
TCGA-AN-A0FL-01,TCGA-AN-A0FL,1,Primary Solid Tumor,BRCA,breast invasive carcinoma
TCGA-AN-A0FN-01,TCGA-AN-A0FN,1,Primary Solid Tumor,BRCA,breast invasive carcinoma
TCGA-AN-A0FS-01,TCGA-AN-A0FS,1,Primary Solid Tumor,BRCA,breast invasive carcinoma
TCGA-AN-A0FT-01,TCGA-AN-A0FT,1,Primary Solid Tumor,BRCA,breast invasive carcinoma
TCGA-AN-A0FV-01,TCGA-AN-A0FV,1,Primary Solid Tumor,BRCA,breast invasive carcinoma
TCGA-AN-A0FW-01,TCGA-AN-A0FW,1,Primary Solid Tumor,BRCA,breast invasive carcinoma
TCGA-AN-A0FX-01,TCGA-AN-A0FX,1,Primary Solid Tumor,BRCA,breast invasive carcinoma
TCGA-AN-A0FY-01,TCGA-AN-A0FY,1,Primary Solid Tumor,BRCA,breast invasive carcinoma
TCGA-AN-A0FZ-01,TCGA-AN-A0FZ,1,Primary Solid Tumor,BRCA,breast invasive carcinoma
TCGA-AN-A0G0-01,TCGA-AN-A0G0,1,Primary Solid Tumor,BRCA,breast invasive carcinoma
TCGA-AN-A0XL-01,TCGA-AN-A0XL,1,Primary Solid Tumor,BRCA,breast invasive carcinoma
TCGA-AN-A0XN-01,TCGA-AN-A0XN,1,Primary Solid Tumor,BRCA,breast invasive carcinoma
TCGA-AN-A0XO-01,TCGA-AN-A0XO,1,Primary Solid Tumor,BRCA,breast invasive carcinoma
TCGA-AN-A0XP-01,TCGA-AN-A0XP,1,Primary Solid Tumor,BRCA,breast invasive carcinoma
TCGA-AN-A0XR-01,TCGA-AN-A0XR,1,Primary Solid Tumor,BRCA,breast invasive carcinoma
TCGA-AN-A0XS-01,TCGA-AN-A0XS,1,Primary Solid Tumor,BRCA,breast invasive carcinoma
TCGA-AN-A0XT-01,TCGA-AN-A0XT,1,Primary Solid Tumor,BRCA,breast invasive carcinoma
TCGA-AN-A0XU-01,TCGA-AN-A0XU,1,Primary Solid Tumor,BRCA,breast invasive carcinoma
TCGA-AN-A0XV-01,TCGA-AN-A0XV,1,Primary Solid Tumor,BRCA,breast invasive carcinoma
TCGA-AN-A0XW-01,TCGA-AN-A0XW,1,Primary Solid Tumor,BRCA,breast invasive carcinoma
TCGA-AO-A03L-01,TCGA-AO-A03L,1,Primary Solid Tumor,BRCA,breast invasive carcinoma
TCGA-AO-A03M-01,TCGA-AO-A03M,1,Primary Solid Tumor,BRCA,breast invasive carcinoma
TCGA-AO-A03N-01,TCGA-AO-A03N,1,Primary Solid Tumor,BRCA,breast invasive carcinoma
TCGA-AO-A03O-01,TCGA-AO-A03O,1,Primary Solid Tumor,BRCA,breast invasive carcinoma
TCGA-AO-A03P-01,TCGA-AO-A03P,1,Primary Solid Tumor,BRCA,breast invasive carcinoma
TCGA-AO-A03R-01,TCGA-AO-A03R,1,Primary Solid Tumor,BRCA,breast invasive carcinoma
TCGA-AO-A03T-01,TCGA-AO-A03T,1,Primary Solid Tumor,BRCA,breast invasive carcinoma
TCGA-AO-A03U-01,TCGA-AO-A03U,1,Primary Solid Tumor,BRCA,breast invasive carcinoma
TCGA-AO-A03V-01,TCGA-AO-A03V,1,Primary Solid Tumor,BRCA,breast invasive carcinoma
TCGA-AO-A0J2-01,TCGA-AO-A0J2,1,Primary Solid Tumor,BRCA,breast invasive carcinoma
TCGA-AO-A0J3-01,TCGA-AO-A0J3,1,Primary Solid Tumor,BRCA,breast invasive carcinoma
TCGA-AO-A0J4-01,TCGA-AO-A0J4,1,Primary Solid Tumor,BRCA,breast invasive carcinoma
TCGA-AO-A0J5-01,TCGA-AO-A0J5,1,Primary Solid Tumor,BRCA,breast invasive carcinoma
TCGA-AO-A0J6-01,TCGA-AO-A0J6,1,Primary Solid Tumor,BRCA,breast invasive carcinoma
TCGA-AO-A0J7-01,TCGA-AO-A0J7,1,Primary Solid Tumor,BRCA,breast invasive carcinoma
TCGA-AO-A0J8-01,TCGA-AO-A0J8,1,Primary Solid Tumor,BRCA,breast invasive carcinoma
TCGA-AO-A0J9-01,TCGA-AO-A0J9,1,Primary Solid Tumor,BRCA,breast invasive carcinoma
TCGA-AO-A0JA-01,TCGA-AO-A0JA,1,Primary Solid Tumor,BRCA,breast invasive carcinoma
TCGA-AO-A0JB-01,TCGA-AO-A0JB,1,Primary Solid Tumor,BRCA,breast invasive carcinoma
TCGA-AO-A0JC-01,TCGA-AO-A0JC,1,Primary Solid Tumor,BRCA,breast invasive carcinoma
TCGA-AO-A0JD-01,TCGA-AO-A0JD,1,Primary Solid Tumor,BRCA,breast invasive carcinoma
TCGA-AO-A0JE-01,TCGA-AO-A0JE,1,Primary Solid Tumor,BRCA,breast invasive carcinoma
TCGA-AO-A0JF-01,TCGA-AO-A0JF,1,Primary Solid Tumor,BRCA,breast invasive carcinoma
TCGA-AO-A0JG-01,TCGA-AO-A0JG,1,Primary Solid Tumor,BRCA,breast invasive carcinoma
TCGA-AO-A0JI-01,TCGA-AO-A0JI,1,Primary Solid Tumor,BRCA,breast invasive carcinoma
TCGA-AO-A0JJ-01,TCGA-AO-A0JJ,1,Primary Solid Tumor,BRCA,breast invasive carcinoma
TCGA-AO-A0JL-01,TCGA-AO-A0JL,1,Primary Solid Tumor,BRCA,breast invasive carcinoma
TCGA-AO-A0JM-01,TCGA-AO-A0JM,1,Primary Solid Tumor,BRCA,breast invasive carcinoma
TCGA-AO-A124-01,TCGA-AO-A124,1,Primary Solid Tumor,BRCA,breast invasive carcinoma
TCGA-AO-A125-01,TCGA-AO-A125,1,Primary Solid Tumor,BRCA,breast invasive carcinoma
TCGA-AO-A126-01,TCGA-AO-A126,1,Primary Solid Tumor,BRCA,breast invasive carcinoma
TCGA-AO-A128-01,TCGA-AO-A128,1,Primary Solid Tumor,BRCA,breast invasive carcinoma
TCGA-AO-A129-01,TCGA-AO-A129,1,Primary Solid Tumor,BRCA,breast invasive carcinoma
TCGA-AO-A12A-01,TCGA-AO-A12A,1,Primary Solid Tumor,BRCA,breast invasive carcinoma
TCGA-AO-A12B-01,TCGA-AO-A12B,1,Primary Solid Tumor,BRCA,breast invasive carcinoma
TCGA-AO-A12C-01,TCGA-AO-A12C,1,Primary Solid Tumor,BRCA,breast invasive carcinoma
TCGA-AO-A12D-01,TCGA-AO-A12D,1,Primary Solid Tumor,BRCA,breast invasive carcinoma
TCGA-AO-A12E-01,TCGA-AO-A12E,1,Primary Solid Tumor,BRCA,breast invasive carcinoma
TCGA-AO-A12F-01,TCGA-AO-A12F,1,Primary Solid Tumor,BRCA,breast invasive carcinoma
TCGA-AO-A12G-01,TCGA-AO-A12G,1,Primary Solid Tumor,BRCA,breast invasive carcinoma
TCGA-AO-A12H-01,TCGA-AO-A12H,1,Primary Solid Tumor,BRCA,breast invasive carcinoma
TCGA-AO-A1KO-01,TCGA-AO-A1KO,1,Primary Solid Tumor,BRCA,breast invasive carcinoma
TCGA-AO-A1KP-01,TCGA-AO-A1KP,1,Primary Solid Tumor,BRCA,breast invasive carcinoma
TCGA-AO-A1KQ-01,TCGA-AO-A1KQ,1,Primary Solid Tumor,BRCA,breast invasive carcinoma
TCGA-AO-A1KR-01,TCGA-AO-A1KR,1,Primary Solid Tumor,BRCA,breast invasive carcinoma
TCGA-AO-A1KS-01,TCGA-AO-A1KS,1,Primary Solid Tumor,BRCA,breast invasive carcinoma
TCGA-AO-A1KT-01,TCGA-AO-A1KT,1,Primary Solid Tumor,BRCA,breast invasive carcinoma
TCGA-AP-A051-01,TCGA-AP-A051,1,Primary Solid Tumor,UCEC,uterine corpus endometrioid carcinoma
TCGA-AP-A052-01,TCGA-AP-A052,1,Primary Solid Tumor,UCEC,uterine corpus endometrioid carcinoma
TCGA-AP-A054-01,TCGA-AP-A054,1,Primary Solid Tumor,UCEC,uterine corpus endometrioid carcinoma
TCGA-AP-A056-01,TCGA-AP-A056,1,Primary Solid Tumor,UCEC,uterine corpus endometrioid carcinoma
TCGA-AP-A059-01,TCGA-AP-A059,1,Primary Solid Tumor,UCEC,uterine corpus endometrioid carcinoma
TCGA-AP-A05A-01,TCGA-AP-A05A,1,Primary Solid Tumor,UCEC,uterine corpus endometrioid carcinoma
TCGA-AP-A05D-01,TCGA-AP-A05D,1,Primary Solid Tumor,UCEC,uterine corpus endometrioid carcinoma
TCGA-AP-A05H-01,TCGA-AP-A05H,1,Primary Solid Tumor,UCEC,uterine corpus endometrioid carcinoma
TCGA-AP-A05J-01,TCGA-AP-A05J,1,Primary Solid Tumor,UCEC,uterine corpus endometrioid carcinoma
TCGA-AP-A05N-01,TCGA-AP-A05N,1,Primary Solid Tumor,UCEC,uterine corpus endometrioid carcinoma
TCGA-AP-A05O-01,TCGA-AP-A05O,1,Primary Solid Tumor,UCEC,uterine corpus endometrioid carcinoma
TCGA-AP-A05P-01,TCGA-AP-A05P,1,Primary Solid Tumor,UCEC,uterine corpus endometrioid carcinoma
TCGA-AP-A0L8-01,TCGA-AP-A0L8,1,Primary Solid Tumor,UCEC,uterine corpus endometrioid carcinoma
TCGA-AP-A0L9-01,TCGA-AP-A0L9,1,Primary Solid Tumor,UCEC,uterine corpus endometrioid carcinoma
TCGA-AP-A0LD-01,TCGA-AP-A0LD,1,Primary Solid Tumor,UCEC,uterine corpus endometrioid carcinoma
TCGA-AP-A0LE-01,TCGA-AP-A0LE,1,Primary Solid Tumor,UCEC,uterine corpus endometrioid carcinoma
TCGA-AP-A0LF-01,TCGA-AP-A0LF,1,Primary Solid Tumor,UCEC,uterine corpus endometrioid carcinoma
TCGA-AP-A0LG-01,TCGA-AP-A0LG,1,Primary Solid Tumor,UCEC,uterine corpus endometrioid carcinoma
TCGA-AP-A0LH-01,TCGA-AP-A0LH,1,Primary Solid Tumor,UCEC,uterine corpus endometrioid carcinoma
TCGA-AP-A0LI-01,TCGA-AP-A0LI,1,Primary Solid Tumor,UCEC,uterine corpus endometrioid carcinoma
TCGA-AP-A0LJ-01,TCGA-AP-A0LJ,1,Primary Solid Tumor,UCEC,uterine corpus endometrioid carcinoma
TCGA-AP-A0LL-01,TCGA-AP-A0LL,1,Primary Solid Tumor,UCEC,uterine corpus endometrioid carcinoma
TCGA-AP-A0LM-01,TCGA-AP-A0LM,1,Primary Solid Tumor,UCEC,uterine corpus endometrioid carcinoma
TCGA-AP-A0LN-01,TCGA-AP-A0LN,1,Primary Solid Tumor,UCEC,uterine corpus endometrioid carcinoma
TCGA-AP-A0LO-01,TCGA-AP-A0LO,1,Primary Solid Tumor,UCEC,uterine corpus endometrioid carcinoma
TCGA-AP-A0LP-01,TCGA-AP-A0LP,1,Primary Solid Tumor,UCEC,uterine corpus endometrioid carcinoma
TCGA-AP-A0LS-01,TCGA-AP-A0LS,1,Primary Solid Tumor,UCEC,uterine corpus endometrioid carcinoma
TCGA-AP-A0LT-01,TCGA-AP-A0LT,1,Primary Solid Tumor,UCEC,uterine corpus endometrioid carcinoma
TCGA-AP-A0LV-01,TCGA-AP-A0LV,1,Primary Solid Tumor,UCEC,uterine corpus endometrioid carcinoma
TCGA-AP-A1DH-01,TCGA-AP-A1DH,1,Primary Solid Tumor,UCEC,uterine corpus endometrioid carcinoma
TCGA-AP-A1DK-01,TCGA-AP-A1DK,1,Primary Solid Tumor,UCEC,uterine corpus endometrioid carcinoma
TCGA-AP-A1DM-01,TCGA-AP-A1DM,1,Primary Solid Tumor,UCEC,uterine corpus endometrioid carcinoma
TCGA-AP-A1DO-01,TCGA-AP-A1DO,1,Primary Solid Tumor,UCEC,uterine corpus endometrioid carcinoma
TCGA-AP-A1DP-01,TCGA-AP-A1DP,1,Primary Solid Tumor,UCEC,uterine corpus endometrioid carcinoma
TCGA-AP-A1DQ-01,TCGA-AP-A1DQ,1,Primary Solid Tumor,UCEC,uterine corpus endometrioid carcinoma
TCGA-AP-A1DR-01,TCGA-AP-A1DR,1,Primary Solid Tumor,UCEC,uterine corpus endometrioid carcinoma
TCGA-AP-A1DV-01,TCGA-AP-A1DV,1,Primary Solid Tumor,UCEC,uterine corpus endometrioid carcinoma
TCGA-AP-A1E0-01,TCGA-AP-A1E0,1,Primary Solid Tumor,UCEC,uterine corpus endometrioid carcinoma
TCGA-AP-A1E1-01,TCGA-AP-A1E1,1,Primary Solid Tumor,UCEC,uterine corpus endometrioid carcinoma
TCGA-AP-A1E3-01,TCGA-AP-A1E3,1,Primary Solid Tumor,UCEC,uterine corpus endometrioid carcinoma
TCGA-AP-A1E4-01,TCGA-AP-A1E4,1,Primary Solid Tumor,UCEC,uterine corpus endometrioid carcinoma
TCGA-AP-A3K1-01,TCGA-AP-A3K1,1,Primary Solid Tumor,UCEC,uterine corpus endometrioid carcinoma
TCGA-AP-A5FX-01,TCGA-AP-A5FX,1,Primary Solid Tumor,UCEC,uterine corpus endometrioid carcinoma
TCGA-AQ-A04H-01,TCGA-AQ-A04H,1,Primary Solid Tumor,BRCA,breast invasive carcinoma
TCGA-AQ-A04J-01,TCGA-AQ-A04J,1,Primary Solid Tumor,BRCA,breast invasive carcinoma
TCGA-AQ-A04L-01,TCGA-AQ-A04L,1,Primary Solid Tumor,BRCA,breast invasive carcinoma
TCGA-AQ-A0Y5-01,TCGA-AQ-A0Y5,1,Primary Solid Tumor,BRCA,breast invasive carcinoma
TCGA-AQ-A1H2-01,TCGA-AQ-A1H2,1,Primary Solid Tumor,BRCA,breast invasive carcinoma
TCGA-AQ-A1H3-01,TCGA-AQ-A1H3,1,Primary Solid Tumor,BRCA,breast invasive carcinoma
TCGA-AQ-A54N-01,TCGA-AQ-A54N,1,Primary Solid Tumor,BRCA,breast invasive carcinoma
TCGA-AQ-A54O-01,TCGA-AQ-A54O,1,Primary Solid Tumor,BRCA,breast invasive carcinoma
TCGA-AQ-A7U7-01,TCGA-AQ-A7U7,1,Primary Solid Tumor,BRCA,breast invasive carcinoma
TCGA-AR-A0TP-01,TCGA-AR-A0TP,1,Primary Solid Tumor,BRCA,breast invasive carcinoma
TCGA-AR-A0TQ-01,TCGA-AR-A0TQ,1,Primary Solid Tumor,BRCA,breast invasive carcinoma
TCGA-AR-A0TR-01,TCGA-AR-A0TR,1,Primary Solid Tumor,BRCA,breast invasive carcinoma
TCGA-AR-A0TS-01,TCGA-AR-A0TS,1,Primary Solid Tumor,BRCA,breast invasive carcinoma
TCGA-AR-A0TT-01,TCGA-AR-A0TT,1,Primary Solid Tumor,BRCA,breast invasive carcinoma
TCGA-AR-A0TU-01,TCGA-AR-A0TU,1,Primary Solid Tumor,BRCA,breast invasive carcinoma
TCGA-AR-A0TV-01,TCGA-AR-A0TV,1,Primary Solid Tumor,BRCA,breast invasive carcinoma
TCGA-AR-A0TW-01,TCGA-AR-A0TW,1,Primary Solid Tumor,BRCA,breast invasive carcinoma
TCGA-AR-A0TX-01,TCGA-AR-A0TX,1,Primary Solid Tumor,BRCA,breast invasive carcinoma
TCGA-AR-A0TY-01,TCGA-AR-A0TY,1,Primary Solid Tumor,BRCA,breast invasive carcinoma
TCGA-AR-A0TZ-01,TCGA-AR-A0TZ,1,Primary Solid Tumor,BRCA,breast invasive carcinoma
TCGA-AR-A0U0-01,TCGA-AR-A0U0,1,Primary Solid Tumor,BRCA,breast invasive carcinoma
TCGA-AR-A0U1-01,TCGA-AR-A0U1,1,Primary Solid Tumor,BRCA,breast invasive carcinoma
TCGA-AR-A0U2-01,TCGA-AR-A0U2,1,Primary Solid Tumor,BRCA,breast invasive carcinoma
TCGA-AR-A0U3-01,TCGA-AR-A0U3,1,Primary Solid Tumor,BRCA,breast invasive carcinoma
TCGA-AR-A0U4-01,TCGA-AR-A0U4,1,Primary Solid Tumor,BRCA,breast invasive carcinoma
TCGA-AR-A1AH-01,TCGA-AR-A1AH,1,Primary Solid Tumor,BRCA,breast invasive carcinoma
TCGA-AR-A1AI-01,TCGA-AR-A1AI,1,Primary Solid Tumor,BRCA,breast invasive carcinoma
TCGA-AR-A1AJ-01,TCGA-AR-A1AJ,1,Primary Solid Tumor,BRCA,breast invasive carcinoma
TCGA-AR-A1AK-01,TCGA-AR-A1AK,1,Primary Solid Tumor,BRCA,breast invasive carcinoma
TCGA-AR-A1AL-01,TCGA-AR-A1AL,1,Primary Solid Tumor,BRCA,breast invasive carcinoma
TCGA-AR-A1AM-01,TCGA-AR-A1AM,1,Primary Solid Tumor,BRCA,breast invasive carcinoma
TCGA-AR-A1AN-01,TCGA-AR-A1AN,1,Primary Solid Tumor,BRCA,breast invasive carcinoma
TCGA-AR-A1AO-01,TCGA-AR-A1AO,1,Primary Solid Tumor,BRCA,breast invasive carcinoma
TCGA-AR-A1AP-01,TCGA-AR-A1AP,1,Primary Solid Tumor,BRCA,breast invasive carcinoma
TCGA-AR-A1AQ-01,TCGA-AR-A1AQ,1,Primary Solid Tumor,BRCA,breast invasive carcinoma
TCGA-AR-A1AR-01,TCGA-AR-A1AR,1,Primary Solid Tumor,BRCA,breast invasive carcinoma
TCGA-AR-A1AS-01,TCGA-AR-A1AS,1,Primary Solid Tumor,BRCA,breast invasive carcinoma
TCGA-AR-A1AT-01,TCGA-AR-A1AT,1,Primary Solid Tumor,BRCA,breast invasive carcinoma
TCGA-AR-A1AU-01,TCGA-AR-A1AU,1,Primary Solid Tumor,BRCA,breast invasive carcinoma
TCGA-AR-A1AV-01,TCGA-AR-A1AV,1,Primary Solid Tumor,BRCA,breast invasive carcinoma
TCGA-AR-A1AW-01,TCGA-AR-A1AW,1,Primary Solid Tumor,BRCA,breast invasive carcinoma
TCGA-AR-A1AX-01,TCGA-AR-A1AX,1,Primary Solid Tumor,BRCA,breast invasive carcinoma
TCGA-AR-A1AY-01,TCGA-AR-A1AY,1,Primary Solid Tumor,BRCA,breast invasive carcinoma
TCGA-AR-A24H-01,TCGA-AR-A24H,1,Primary Solid Tumor,BRCA,breast invasive carcinoma
TCGA-AR-A24K-01,TCGA-AR-A24K,1,Primary Solid Tumor,BRCA,breast invasive carcinoma
TCGA-AR-A24L-01,TCGA-AR-A24L,1,Primary Solid Tumor,BRCA,breast invasive carcinoma
TCGA-AR-A24M-01,TCGA-AR-A24M,1,Primary Solid Tumor,BRCA,breast invasive carcinoma
TCGA-AR-A24N-01,TCGA-AR-A24N,1,Primary Solid Tumor,BRCA,breast invasive carcinoma
TCGA-AR-A24O-01,TCGA-AR-A24O,1,Primary Solid Tumor,BRCA,breast invasive carcinoma
TCGA-AR-A24P-01,TCGA-AR-A24P,1,Primary Solid Tumor,BRCA,breast invasive carcinoma
TCGA-AR-A24Q-01,TCGA-AR-A24Q,1,Primary Solid Tumor,BRCA,breast invasive carcinoma
TCGA-AR-A24R-01,TCGA-AR-A24R,1,Primary Solid Tumor,BRCA,breast invasive carcinoma
TCGA-AR-A24S-01,TCGA-AR-A24S,1,Primary Solid Tumor,BRCA,breast invasive carcinoma
TCGA-AR-A24T-01,TCGA-AR-A24T,1,Primary Solid Tumor,BRCA,breast invasive carcinoma
TCGA-AR-A24U-01,TCGA-AR-A24U,1,Primary Solid Tumor,BRCA,breast invasive carcinoma
TCGA-AR-A24V-01,TCGA-AR-A24V,1,Primary Solid Tumor,BRCA,breast invasive carcinoma
TCGA-AR-A24W-01,TCGA-AR-A24W,1,Primary Solid Tumor,BRCA,breast invasive carcinoma
TCGA-AR-A24X-01,TCGA-AR-A24X,1,Primary Solid Tumor,BRCA,breast invasive carcinoma
TCGA-AR-A24Z-01,TCGA-AR-A24Z,1,Primary Solid Tumor,BRCA,breast invasive carcinoma
TCGA-AR-A250-01,TCGA-AR-A250,1,Primary Solid Tumor,BRCA,breast invasive carcinoma
TCGA-AR-A251-01,TCGA-AR-A251,1,Primary Solid Tumor,BRCA,breast invasive carcinoma
TCGA-AR-A252-01,TCGA-AR-A252,1,Primary Solid Tumor,BRCA,breast invasive carcinoma
TCGA-AR-A254-01,TCGA-AR-A254,1,Primary Solid Tumor,BRCA,breast invasive carcinoma
TCGA-AR-A255-01,TCGA-AR-A255,1,Primary Solid Tumor,BRCA,breast invasive carcinoma
TCGA-AR-A256-01,TCGA-AR-A256,1,Primary Solid Tumor,BRCA,breast invasive carcinoma
TCGA-AR-A2LE-01,TCGA-AR-A2LE,1,Primary Solid Tumor,BRCA,breast invasive carcinoma
TCGA-AR-A2LH-01,TCGA-AR-A2LH,1,Primary Solid Tumor,BRCA,breast invasive carcinoma
TCGA-AR-A2LJ-01,TCGA-AR-A2LJ,1,Primary Solid Tumor,BRCA,breast invasive carcinoma
TCGA-AR-A2LK-01,TCGA-AR-A2LK,1,Primary Solid Tumor,BRCA,breast invasive carcinoma
TCGA-AR-A2LL-01,TCGA-AR-A2LL,1,Primary Solid Tumor,BRCA,breast invasive carcinoma
TCGA-AR-A2LM-01,TCGA-AR-A2LM,1,Primary Solid Tumor,BRCA,breast invasive carcinoma
TCGA-AR-A2LN-01,TCGA-AR-A2LN,1,Primary Solid Tumor,BRCA,breast invasive carcinoma
TCGA-AR-A2LO-01,TCGA-AR-A2LO,1,Primary Solid Tumor,BRCA,breast invasive carcinoma
TCGA-AR-A2LQ-01,TCGA-AR-A2LQ,1,Primary Solid Tumor,BRCA,breast invasive carcinoma
TCGA-AR-A2LR-01,TCGA-AR-A2LR,1,Primary Solid Tumor,BRCA,breast invasive carcinoma
TCGA-AR-A5QM-01,TCGA-AR-A5QM,1,Primary Solid Tumor,BRCA,breast invasive carcinoma
TCGA-AR-A5QN-01,TCGA-AR-A5QN,1,Primary Solid Tumor,BRCA,breast invasive carcinoma
TCGA-AR-A5QP-01,TCGA-AR-A5QP,1,Primary Solid Tumor,BRCA,breast invasive carcinoma
TCGA-AR-A5QQ-01,TCGA-AR-A5QQ,1,Primary Solid Tumor,BRCA,breast invasive carcinoma
TCGA-AS-3777-01,TCGA-AS-3777,1,Primary Solid Tumor,KIRC,kidney clear cell carcinoma
TCGA-AS-3778-01,TCGA-AS-3778,1,Primary Solid Tumor,KIRC,kidney clear cell carcinoma
TCGA-AU-3779-01,TCGA-AU-3779,1,Primary Solid Tumor,COAD,colon adenocarcinoma
TCGA-AU-6004-01,TCGA-AU-6004,1,Primary Solid Tumor,COAD,colon adenocarcinoma
TCGA-AW-A1PO-01,TCGA-AW-A1PO,1,Primary Solid Tumor,UCEC,uterine corpus endometrioid carcinoma
TCGA-AX-A05S-01,TCGA-AX-A05S,1,Primary Solid Tumor,UCEC,uterine corpus endometrioid carcinoma
TCGA-AX-A05T-01,TCGA-AX-A05T,1,Primary Solid Tumor,UCEC,uterine corpus endometrioid carcinoma
TCGA-AX-A05U-01,TCGA-AX-A05U,1,Primary Solid Tumor,UCEC,uterine corpus endometrioid carcinoma
TCGA-AX-A05W-01,TCGA-AX-A05W,1,Primary Solid Tumor,UCEC,uterine corpus endometrioid carcinoma
TCGA-AX-A05Y-01,TCGA-AX-A05Y,1,Primary Solid Tumor,UCEC,uterine corpus endometrioid carcinoma
TCGA-AX-A05Z-01,TCGA-AX-A05Z,1,Primary Solid Tumor,UCEC,uterine corpus endometrioid carcinoma
TCGA-AX-A060-01,TCGA-AX-A060,1,Primary Solid Tumor,UCEC,uterine corpus endometrioid carcinoma
TCGA-AX-A062-01,TCGA-AX-A062,1,Primary Solid Tumor,UCEC,uterine corpus endometrioid carcinoma
TCGA-AX-A063-01,TCGA-AX-A063,1,Primary Solid Tumor,UCEC,uterine corpus endometrioid carcinoma
TCGA-AX-A064-01,TCGA-AX-A064,1,Primary Solid Tumor,UCEC,uterine corpus endometrioid carcinoma
TCGA-AX-A06B-01,TCGA-AX-A06B,1,Primary Solid Tumor,UCEC,uterine corpus endometrioid carcinoma
TCGA-AX-A06F-01,TCGA-AX-A06F,1,Primary Solid Tumor,UCEC,uterine corpus endometrioid carcinoma
TCGA-AX-A06H-01,TCGA-AX-A06H,1,Primary Solid Tumor,UCEC,uterine corpus endometrioid carcinoma
TCGA-AX-A06J-01,TCGA-AX-A06J,1,Primary Solid Tumor,UCEC,uterine corpus endometrioid carcinoma
TCGA-AX-A06L-01,TCGA-AX-A06L,1,Primary Solid Tumor,UCEC,uterine corpus endometrioid carcinoma
TCGA-AX-A0IS-01,TCGA-AX-A0IS,1,Primary Solid Tumor,UCEC,uterine corpus endometrioid carcinoma
TCGA-AX-A0IU-01,TCGA-AX-A0IU,1,Primary Solid Tumor,UCEC,uterine corpus endometrioid carcinoma
TCGA-AX-A0IW-01,TCGA-AX-A0IW,1,Primary Solid Tumor,UCEC,uterine corpus endometrioid carcinoma
TCGA-AX-A0IZ-01,TCGA-AX-A0IZ,1,Primary Solid Tumor,UCEC,uterine corpus endometrioid carcinoma
TCGA-AX-A0J0-01,TCGA-AX-A0J0,1,Primary Solid Tumor,UCEC,uterine corpus endometrioid carcinoma
TCGA-AX-A0J1-01,TCGA-AX-A0J1,1,Primary Solid Tumor,UCEC,uterine corpus endometrioid carcinoma
TCGA-AX-A1C4-01,TCGA-AX-A1C4,1,Primary Solid Tumor,UCEC,uterine corpus endometrioid carcinoma
TCGA-AX-A1C5-01,TCGA-AX-A1C5,1,Primary Solid Tumor,UCEC,uterine corpus endometrioid carcinoma
TCGA-AX-A1C7-01,TCGA-AX-A1C7,1,Primary Solid Tumor,UCEC,uterine corpus endometrioid carcinoma
TCGA-AX-A1C8-01,TCGA-AX-A1C8,1,Primary Solid Tumor,UCEC,uterine corpus endometrioid carcinoma
TCGA-AX-A1C9-01,TCGA-AX-A1C9,1,Primary Solid Tumor,UCEC,uterine corpus endometrioid carcinoma
TCGA-AX-A1CA-01,TCGA-AX-A1CA,1,Primary Solid Tumor,UCEC,uterine corpus endometrioid carcinoma
TCGA-AX-A1CC-01,TCGA-AX-A1CC,1,Primary Solid Tumor,UCEC,uterine corpus endometrioid carcinoma
TCGA-AX-A1CE-01,TCGA-AX-A1CE,1,Primary Solid Tumor,UCEC,uterine corpus endometrioid carcinoma
TCGA-AX-A1CF-01,TCGA-AX-A1CF,1,Primary Solid Tumor,UCEC,uterine corpus endometrioid carcinoma
TCGA-AX-A1CI-01,TCGA-AX-A1CI,1,Primary Solid Tumor,UCEC,uterine corpus endometrioid carcinoma
TCGA-AX-A1CJ-01,TCGA-AX-A1CJ,1,Primary Solid Tumor,UCEC,uterine corpus endometrioid carcinoma
TCGA-AX-A1CK-01,TCGA-AX-A1CK,1,Primary Solid Tumor,UCEC,uterine corpus endometrioid carcinoma
TCGA-AX-A1CN-01,TCGA-AX-A1CN,1,Primary Solid Tumor,UCEC,uterine corpus endometrioid carcinoma
TCGA-AX-A2H2-01,TCGA-AX-A2H2,1,Primary Solid Tumor,UCEC,uterine corpus endometrioid carcinoma
TCGA-AX-A2H4-01,TCGA-AX-A2H4,1,Primary Solid Tumor,UCEC,uterine corpus endometrioid carcinoma
TCGA-AX-A2H5-01,TCGA-AX-A2H5,1,Primary Solid Tumor,UCEC,uterine corpus endometrioid carcinoma
TCGA-AX-A2H7-01,TCGA-AX-A2H7,1,Primary Solid Tumor,UCEC,uterine corpus endometrioid carcinoma
TCGA-AX-A2HA-01,TCGA-AX-A2HA,1,Primary Solid Tumor,UCEC,uterine corpus endometrioid carcinoma
TCGA-AX-A2HC-01,TCGA-AX-A2HC,1,Primary Solid Tumor,UCEC,uterine corpus endometrioid carcinoma
TCGA-AX-A2HD-01,TCGA-AX-A2HD,1,Primary Solid Tumor,UCEC,uterine corpus endometrioid carcinoma
TCGA-AX-A2HG-01,TCGA-AX-A2HG,1,Primary Solid Tumor,UCEC,uterine corpus endometrioid carcinoma
TCGA-AX-A2HH-01,TCGA-AX-A2HH,1,Primary Solid Tumor,UCEC,uterine corpus endometrioid carcinoma
TCGA-AX-A2HJ-01,TCGA-AX-A2HJ,1,Primary Solid Tumor,UCEC,uterine corpus endometrioid carcinoma
TCGA-AX-A2HK-01,TCGA-AX-A2HK,1,Primary Solid Tumor,UCEC,uterine corpus endometrioid carcinoma
TCGA-AX-A2IN-01,TCGA-AX-A2IN,1,Primary Solid Tumor,UCEC,uterine corpus endometrioid carcinoma
TCGA-AX-A2IO-01,TCGA-AX-A2IO,1,Primary Solid Tumor,UCEC,uterine corpus endometrioid carcinoma
TCGA-AX-A3FS-01,TCGA-AX-A3FS,1,Primary Solid Tumor,UCEC,uterine corpus endometrioid carcinoma
TCGA-AX-A3FT-01,TCGA-AX-A3FT,1,Primary Solid Tumor,UCEC,uterine corpus endometrioid carcinoma
TCGA-AX-A3FV-01,TCGA-AX-A3FV,1,Primary Solid Tumor,UCEC,uterine corpus endometrioid carcinoma
TCGA-AX-A3FW-01,TCGA-AX-A3FW,1,Primary Solid Tumor,UCEC,uterine corpus endometrioid carcinoma
TCGA-AX-A3FX-01,TCGA-AX-A3FX,1,Primary Solid Tumor,UCEC,uterine corpus endometrioid carcinoma
TCGA-AX-A3FZ-01,TCGA-AX-A3FZ,1,Primary Solid Tumor,UCEC,uterine corpus endometrioid carcinoma
TCGA-AX-A3G1-01,TCGA-AX-A3G1,1,Primary Solid Tumor,UCEC,uterine corpus endometrioid carcinoma
TCGA-AX-A3G3-01,TCGA-AX-A3G3,1,Primary Solid Tumor,UCEC,uterine corpus endometrioid carcinoma
TCGA-AX-A3G4-01,TCGA-AX-A3G4,1,Primary Solid Tumor,UCEC,uterine corpus endometrioid carcinoma
TCGA-AX-A3G6-01,TCGA-AX-A3G6,1,Primary Solid Tumor,UCEC,uterine corpus endometrioid carcinoma
TCGA-AX-A3G7-01,TCGA-AX-A3G7,1,Primary Solid Tumor,UCEC,uterine corpus endometrioid carcinoma
TCGA-AX-A3G8-01,TCGA-AX-A3G8,1,Primary Solid Tumor,UCEC,uterine corpus endometrioid carcinoma
TCGA-AX-A3G9-01,TCGA-AX-A3G9,1,Primary Solid Tumor,UCEC,uterine corpus endometrioid carcinoma
TCGA-AX-A3GB-01,TCGA-AX-A3GB,1,Primary Solid Tumor,UCEC,uterine corpus endometrioid carcinoma
TCGA-AX-A3GI-01,TCGA-AX-A3GI,1,Primary Solid Tumor,UCEC,uterine corpus endometrioid carcinoma
TCGA-AY-4070-01,TCGA-AY-4070,1,Primary Solid Tumor,COAD,colon adenocarcinoma
TCGA-AY-4071-01,TCGA-AY-4071,1,Primary Solid Tumor,COAD,colon adenocarcinoma
TCGA-AY-5543-01,TCGA-AY-5543,1,Primary Solid Tumor,COAD,colon adenocarcinoma
TCGA-AY-6196-01,TCGA-AY-6196,1,Primary Solid Tumor,COAD,colon adenocarcinoma
TCGA-AY-6197-01,TCGA-AY-6197,1,Primary Solid Tumor,COAD,colon adenocarcinoma
TCGA-AY-6386-01,TCGA-AY-6386,1,Primary Solid Tumor,COAD,colon adenocarcinoma
TCGA-AY-A54L-01,TCGA-AY-A54L,1,Primary Solid Tumor,COAD,colon adenocarcinoma
TCGA-AY-A69D-01,TCGA-AY-A69D,1,Primary Solid Tumor,COAD,colon adenocarcinoma
TCGA-AY-A71X-01,TCGA-AY-A71X,1,Primary Solid Tumor,COAD,colon adenocarcinoma
TCGA-AY-A8YK-01,TCGA-AY-A8YK,1,Primary Solid Tumor,COAD,colon adenocarcinoma
TCGA-AZ-4308-01,TCGA-AZ-4308,1,Primary Solid Tumor,COAD,colon adenocarcinoma
TCGA-AZ-4313-01,TCGA-AZ-4313,1,Primary Solid Tumor,COAD,colon adenocarcinoma
TCGA-AZ-4315-01,TCGA-AZ-4315,1,Primary Solid Tumor,COAD,colon adenocarcinoma
TCGA-AZ-4323-01,TCGA-AZ-4323,1,Primary Solid Tumor,COAD,colon adenocarcinoma
TCGA-AZ-4614-01,TCGA-AZ-4614,1,Primary Solid Tumor,COAD,colon adenocarcinoma
TCGA-AZ-4615-01,TCGA-AZ-4615,1,Primary Solid Tumor,COAD,colon adenocarcinoma
TCGA-AZ-4616-01,TCGA-AZ-4616,1,Primary Solid Tumor,COAD,colon adenocarcinoma
TCGA-AZ-4681-01,TCGA-AZ-4681,1,Primary Solid Tumor,COAD,colon adenocarcinoma
TCGA-AZ-4682-01,TCGA-AZ-4682,1,Primary Solid Tumor,COAD,colon adenocarcinoma
TCGA-AZ-4684-01,TCGA-AZ-4684,1,Primary Solid Tumor,COAD,colon adenocarcinoma
TCGA-AZ-5403-01,TCGA-AZ-5403,1,Primary Solid Tumor,COAD,colon adenocarcinoma
TCGA-AZ-5407-01,TCGA-AZ-5407,1,Primary Solid Tumor,COAD,colon adenocarcinoma
TCGA-AZ-6598-01,TCGA-AZ-6598,1,Primary Solid Tumor,COAD,colon adenocarcinoma
TCGA-AZ-6599-01,TCGA-AZ-6599,1,Primary Solid Tumor,COAD,colon adenocarcinoma
TCGA-AZ-6600-01,TCGA-AZ-6600,1,Primary Solid Tumor,COAD,colon adenocarcinoma
TCGA-AZ-6601-01,TCGA-AZ-6601,1,Primary Solid Tumor,COAD,colon adenocarcinoma
TCGA-AZ-6603-01,TCGA-AZ-6603,1,Primary Solid Tumor,COAD,colon adenocarcinoma
TCGA-AZ-6605-01,TCGA-AZ-6605,1,Primary Solid Tumor,COAD,colon adenocarcinoma
TCGA-AZ-6606-01,TCGA-AZ-6606,1,Primary Solid Tumor,COAD,colon adenocarcinoma
TCGA-AZ-6607-01,TCGA-AZ-6607,1,Primary Solid Tumor,COAD,colon adenocarcinoma
TCGA-AZ-6608-01,TCGA-AZ-6608,1,Primary Solid Tumor,COAD,colon adenocarcinoma
TCGA-B0-4688-01,TCGA-B0-4688,1,Primary Solid Tumor,KIRC,kidney clear cell carcinoma
TCGA-B0-4690-01,TCGA-B0-4690,1,Primary Solid Tumor,KIRC,kidney clear cell carcinoma
TCGA-B0-4691-01,TCGA-B0-4691,1,Primary Solid Tumor,KIRC,kidney clear cell carcinoma
TCGA-B0-4693-01,TCGA-B0-4693,1,Primary Solid Tumor,KIRC,kidney clear cell carcinoma
TCGA-B0-4694-01,TCGA-B0-4694,1,Primary Solid Tumor,KIRC,kidney clear cell carcinoma
TCGA-B0-4696-01,TCGA-B0-4696,1,Primary Solid Tumor,KIRC,kidney clear cell carcinoma
TCGA-B0-4697-01,TCGA-B0-4697,1,Primary Solid Tumor,KIRC,kidney clear cell carcinoma
TCGA-B0-4698-01,TCGA-B0-4698,1,Primary Solid Tumor,KIRC,kidney clear cell carcinoma
TCGA-B0-4699-01,TCGA-B0-4699,1,Primary Solid Tumor,KIRC,kidney clear cell carcinoma
TCGA-B0-4700-01,TCGA-B0-4700,1,Primary Solid Tumor,KIRC,kidney clear cell carcinoma
TCGA-B0-4701-01,TCGA-B0-4701,1,Primary Solid Tumor,KIRC,kidney clear cell carcinoma
TCGA-B0-4703-01,TCGA-B0-4703,1,Primary Solid Tumor,KIRC,kidney clear cell carcinoma
TCGA-B0-4706-01,TCGA-B0-4706,1,Primary Solid Tumor,KIRC,kidney clear cell carcinoma
TCGA-B0-4707-01,TCGA-B0-4707,1,Primary Solid Tumor,KIRC,kidney clear cell carcinoma
TCGA-B0-4710-01,TCGA-B0-4710,1,Primary Solid Tumor,KIRC,kidney clear cell carcinoma
TCGA-B0-4712-01,TCGA-B0-4712,1,Primary Solid Tumor,KIRC,kidney clear cell carcinoma
TCGA-B0-4713-01,TCGA-B0-4713,1,Primary Solid Tumor,KIRC,kidney clear cell carcinoma
TCGA-B0-4714-01,TCGA-B0-4714,1,Primary Solid Tumor,KIRC,kidney clear cell carcinoma
TCGA-B0-4718-01,TCGA-B0-4718,1,Primary Solid Tumor,KIRC,kidney clear cell carcinoma
TCGA-B0-4810-01,TCGA-B0-4810,1,Primary Solid Tumor,KIRC,kidney clear cell carcinoma
TCGA-B0-4811-01,TCGA-B0-4811,1,Primary Solid Tumor,KIRC,kidney clear cell carcinoma
TCGA-B0-4813-01,TCGA-B0-4813,1,Primary Solid Tumor,KIRC,kidney clear cell carcinoma
TCGA-B0-4814-01,TCGA-B0-4814,1,Primary Solid Tumor,KIRC,kidney clear cell carcinoma
TCGA-B0-4815-01,TCGA-B0-4815,1,Primary Solid Tumor,KIRC,kidney clear cell carcinoma
TCGA-B0-4816-01,TCGA-B0-4816,1,Primary Solid Tumor,KIRC,kidney clear cell carcinoma
TCGA-B0-4817-01,TCGA-B0-4817,1,Primary Solid Tumor,KIRC,kidney clear cell carcinoma
TCGA-B0-4818-01,TCGA-B0-4818,1,Primary Solid Tumor,KIRC,kidney clear cell carcinoma
TCGA-B0-4819-01,TCGA-B0-4819,1,Primary Solid Tumor,KIRC,kidney clear cell carcinoma
TCGA-B0-4821-01,TCGA-B0-4821,1,Primary Solid Tumor,KIRC,kidney clear cell carcinoma
TCGA-B0-4822-01,TCGA-B0-4822,1,Primary Solid Tumor,KIRC,kidney clear cell carcinoma
TCGA-B0-4823-01,TCGA-B0-4823,1,Primary Solid Tumor,KIRC,kidney clear cell carcinoma
TCGA-B0-4824-01,TCGA-B0-4824,1,Primary Solid Tumor,KIRC,kidney clear cell carcinoma
TCGA-B0-4827-01,TCGA-B0-4827,1,Primary Solid Tumor,KIRC,kidney clear cell carcinoma
TCGA-B0-4828-01,TCGA-B0-4828,1,Primary Solid Tumor,KIRC,kidney clear cell carcinoma
TCGA-B0-4833-01,TCGA-B0-4833,1,Primary Solid Tumor,KIRC,kidney clear cell carcinoma
TCGA-B0-4834-01,TCGA-B0-4834,1,Primary Solid Tumor,KIRC,kidney clear cell carcinoma
TCGA-B0-4836-01,TCGA-B0-4836,1,Primary Solid Tumor,KIRC,kidney clear cell carcinoma
TCGA-B0-4837-01,TCGA-B0-4837,1,Primary Solid Tumor,KIRC,kidney clear cell carcinoma
TCGA-B0-4838-01,TCGA-B0-4838,1,Primary Solid Tumor,KIRC,kidney clear cell carcinoma
TCGA-B0-4839-01,TCGA-B0-4839,1,Primary Solid Tumor,KIRC,kidney clear cell carcinoma
TCGA-B0-4841-01,TCGA-B0-4841,1,Primary Solid Tumor,KIRC,kidney clear cell carcinoma
TCGA-B0-4842-01,TCGA-B0-4842,1,Primary Solid Tumor,KIRC,kidney clear cell carcinoma
TCGA-B0-4843-01,TCGA-B0-4843,1,Primary Solid Tumor,KIRC,kidney clear cell carcinoma
TCGA-B0-4844-01,TCGA-B0-4844,1,Primary Solid Tumor,KIRC,kidney clear cell carcinoma
TCGA-B0-4845-01,TCGA-B0-4845,1,Primary Solid Tumor,KIRC,kidney clear cell carcinoma
TCGA-B0-4846-01,TCGA-B0-4846,1,Primary Solid Tumor,KIRC,kidney clear cell carcinoma
TCGA-B0-4847-01,TCGA-B0-4847,1,Primary Solid Tumor,KIRC,kidney clear cell carcinoma
TCGA-B0-4848-01,TCGA-B0-4848,1,Primary Solid Tumor,KIRC,kidney clear cell carcinoma
TCGA-B0-4849-01,TCGA-B0-4849,1,Primary Solid Tumor,KIRC,kidney clear cell carcinoma
TCGA-B0-4852-01,TCGA-B0-4852,1,Primary Solid Tumor,KIRC,kidney clear cell carcinoma
TCGA-B0-4945-01,TCGA-B0-4945,1,Primary Solid Tumor,KIRC,kidney clear cell carcinoma
TCGA-B0-5075-01,TCGA-B0-5075,1,Primary Solid Tumor,KIRC,kidney clear cell carcinoma
TCGA-B0-5077-01,TCGA-B0-5077,1,Primary Solid Tumor,KIRC,kidney clear cell carcinoma
TCGA-B0-5080-01,TCGA-B0-5080,1,Primary Solid Tumor,KIRC,kidney clear cell carcinoma
TCGA-B0-5081-01,TCGA-B0-5081,1,Primary Solid Tumor,KIRC,kidney clear cell carcinoma
TCGA-B0-5083-01,TCGA-B0-5083,1,Primary Solid Tumor,KIRC,kidney clear cell carcinoma
TCGA-B0-5084-01,TCGA-B0-5084,1,Primary Solid Tumor,KIRC,kidney clear cell carcinoma
TCGA-B0-5085-01,TCGA-B0-5085,1,Primary Solid Tumor,KIRC,kidney clear cell carcinoma
TCGA-B0-5088-01,TCGA-B0-5088,1,Primary Solid Tumor,KIRC,kidney clear cell carcinoma
TCGA-B0-5092-01,TCGA-B0-5092,1,Primary Solid Tumor,KIRC,kidney clear cell carcinoma
TCGA-B0-5094-01,TCGA-B0-5094,1,Primary Solid Tumor,KIRC,kidney clear cell carcinoma
TCGA-B0-5095-01,TCGA-B0-5095,1,Primary Solid Tumor,KIRC,kidney clear cell carcinoma
TCGA-B0-5096-01,TCGA-B0-5096,1,Primary Solid Tumor,KIRC,kidney clear cell carcinoma
TCGA-B0-5097-01,TCGA-B0-5097,1,Primary Solid Tumor,KIRC,kidney clear cell carcinoma
TCGA-B0-5098-01,TCGA-B0-5098,1,Primary Solid Tumor,KIRC,kidney clear cell carcinoma
TCGA-B0-5099-01,TCGA-B0-5099,1,Primary Solid Tumor,KIRC,kidney clear cell carcinoma
TCGA-B0-5100-01,TCGA-B0-5100,1,Primary Solid Tumor,KIRC,kidney clear cell carcinoma
TCGA-B0-5102-01,TCGA-B0-5102,1,Primary Solid Tumor,KIRC,kidney clear cell carcinoma
TCGA-B0-5104-01,TCGA-B0-5104,1,Primary Solid Tumor,KIRC,kidney clear cell carcinoma
TCGA-B0-5106-01,TCGA-B0-5106,1,Primary Solid Tumor,KIRC,kidney clear cell carcinoma
TCGA-B0-5107-01,TCGA-B0-5107,1,Primary Solid Tumor,KIRC,kidney clear cell carcinoma
TCGA-B0-5108-01,TCGA-B0-5108,1,Primary Solid Tumor,KIRC,kidney clear cell carcinoma
TCGA-B0-5109-01,TCGA-B0-5109,1,Primary Solid Tumor,KIRC,kidney clear cell carcinoma
TCGA-B0-5110-01,TCGA-B0-5110,1,Primary Solid Tumor,KIRC,kidney clear cell carcinoma
TCGA-B0-5113-01,TCGA-B0-5113,1,Primary Solid Tumor,KIRC,kidney clear cell carcinoma
TCGA-B0-5115-01,TCGA-B0-5115,1,Primary Solid Tumor,KIRC,kidney clear cell carcinoma
TCGA-B0-5116-01,TCGA-B0-5116,1,Primary Solid Tumor,KIRC,kidney clear cell carcinoma
TCGA-B0-5117-01,TCGA-B0-5117,1,Primary Solid Tumor,KIRC,kidney clear cell carcinoma
TCGA-B0-5119-01,TCGA-B0-5119,1,Primary Solid Tumor,KIRC,kidney clear cell carcinoma
TCGA-B0-5120-01,TCGA-B0-5120,1,Primary Solid Tumor,KIRC,kidney clear cell carcinoma
TCGA-B0-5121-01,TCGA-B0-5121,1,Primary Solid Tumor,KIRC,kidney clear cell carcinoma
TCGA-B0-5399-01,TCGA-B0-5399,1,Primary Solid Tumor,KIRC,kidney clear cell carcinoma
TCGA-B0-5400-01,TCGA-B0-5400,1,Primary Solid Tumor,KIRC,kidney clear cell carcinoma
TCGA-B0-5402-01,TCGA-B0-5402,1,Primary Solid Tumor,KIRC,kidney clear cell carcinoma
TCGA-B0-5690-01,TCGA-B0-5690,1,Primary Solid Tumor,KIRC,kidney clear cell carcinoma
TCGA-B0-5691-01,TCGA-B0-5691,1,Primary Solid Tumor,KIRC,kidney clear cell carcinoma
TCGA-B0-5692-01,TCGA-B0-5692,1,Primary Solid Tumor,KIRC,kidney clear cell carcinoma
TCGA-B0-5693-01,TCGA-B0-5693,1,Primary Solid Tumor,KIRC,kidney clear cell carcinoma
TCGA-B0-5694-01,TCGA-B0-5694,1,Primary Solid Tumor,KIRC,kidney clear cell carcinoma
TCGA-B0-5695-01,TCGA-B0-5695,1,Primary Solid Tumor,KIRC,kidney clear cell carcinoma
TCGA-B0-5696-01,TCGA-B0-5696,1,Primary Solid Tumor,KIRC,kidney clear cell carcinoma
TCGA-B0-5697-01,TCGA-B0-5697,1,Primary Solid Tumor,KIRC,kidney clear cell carcinoma
TCGA-B0-5698-01,TCGA-B0-5698,1,Primary Solid Tumor,KIRC,kidney clear cell carcinoma
TCGA-B0-5699-01,TCGA-B0-5699,1,Primary Solid Tumor,KIRC,kidney clear cell carcinoma
TCGA-B0-5700-01,TCGA-B0-5700,1,Primary Solid Tumor,KIRC,kidney clear cell carcinoma
TCGA-B0-5701-01,TCGA-B0-5701,1,Primary Solid Tumor,KIRC,kidney clear cell carcinoma
TCGA-B0-5702-01,TCGA-B0-5702,1,Primary Solid Tumor,KIRC,kidney clear cell carcinoma
TCGA-B0-5703-01,TCGA-B0-5703,1,Primary Solid Tumor,KIRC,kidney clear cell carcinoma
TCGA-B0-5705-01,TCGA-B0-5705,1,Primary Solid Tumor,KIRC,kidney clear cell carcinoma
TCGA-B0-5706-01,TCGA-B0-5706,1,Primary Solid Tumor,KIRC,kidney clear cell carcinoma
TCGA-B0-5707-01,TCGA-B0-5707,1,Primary Solid Tumor,KIRC,kidney clear cell carcinoma
TCGA-B0-5709-01,TCGA-B0-5709,1,Primary Solid Tumor,KIRC,kidney clear cell carcinoma
TCGA-B0-5710-01,TCGA-B0-5710,1,Primary Solid Tumor,KIRC,kidney clear cell carcinoma
TCGA-B0-5711-01,TCGA-B0-5711,1,Primary Solid Tumor,KIRC,kidney clear cell carcinoma
TCGA-B0-5712-01,TCGA-B0-5712,1,Primary Solid Tumor,KIRC,kidney clear cell carcinoma
TCGA-B0-5713-01,TCGA-B0-5713,1,Primary Solid Tumor,KIRC,kidney clear cell carcinoma
TCGA-B0-5812-01,TCGA-B0-5812,1,Primary Solid Tumor,KIRC,kidney clear cell carcinoma
TCGA-B2-3923-01,TCGA-B2-3923,1,Primary Solid Tumor,KIRC,kidney clear cell carcinoma
TCGA-B2-3924-01,TCGA-B2-3924,1,Primary Solid Tumor,KIRC,kidney clear cell carcinoma
TCGA-B2-4098-01,TCGA-B2-4098,1,Primary Solid Tumor,KIRC,kidney clear cell carcinoma
TCGA-B2-4099-01,TCGA-B2-4099,1,Primary Solid Tumor,KIRC,kidney clear cell carcinoma
TCGA-B2-4101-01,TCGA-B2-4101,1,Primary Solid Tumor,KIRC,kidney clear cell carcinoma
TCGA-B2-4102-01,TCGA-B2-4102,1,Primary Solid Tumor,KIRC,kidney clear cell carcinoma
TCGA-B2-5633-01,TCGA-B2-5633,1,Primary Solid Tumor,KIRC,kidney clear cell carcinoma
TCGA-B2-5635-01,TCGA-B2-5635,1,Primary Solid Tumor,KIRC,kidney clear cell carcinoma
TCGA-B2-5636-01,TCGA-B2-5636,1,Primary Solid Tumor,KIRC,kidney clear cell carcinoma
TCGA-B2-5639-01,TCGA-B2-5639,1,Primary Solid Tumor,KIRC,kidney clear cell carcinoma
TCGA-B2-5641-01,TCGA-B2-5641,1,Primary Solid Tumor,KIRC,kidney clear cell carcinoma
TCGA-B2-A4SR-01,TCGA-B2-A4SR,1,Primary Solid Tumor,KIRC,kidney clear cell carcinoma
TCGA-B4-5377-01,TCGA-B4-5377,1,Primary Solid Tumor,KIRC,kidney clear cell carcinoma
TCGA-B4-5378-01,TCGA-B4-5378,1,Primary Solid Tumor,KIRC,kidney clear cell carcinoma
TCGA-B4-5832-01,TCGA-B4-5832,1,Primary Solid Tumor,KIRC,kidney clear cell carcinoma
TCGA-B4-5834-01,TCGA-B4-5834,1,Primary Solid Tumor,KIRC,kidney clear cell carcinoma
TCGA-B4-5835-01,TCGA-B4-5835,1,Primary Solid Tumor,KIRC,kidney clear cell carcinoma
TCGA-B4-5836-01,TCGA-B4-5836,1,Primary Solid Tumor,KIRC,kidney clear cell carcinoma
TCGA-B4-5838-01,TCGA-B4-5838,1,Primary Solid Tumor,KIRC,kidney clear cell carcinoma
TCGA-B4-5843-01,TCGA-B4-5843,1,Primary Solid Tumor,KIRC,kidney clear cell carcinoma
TCGA-B4-5844-01,TCGA-B4-5844,1,Primary Solid Tumor,KIRC,kidney clear cell carcinoma
TCGA-B5-A0JN-01,TCGA-B5-A0JN,1,Primary Solid Tumor,UCEC,uterine corpus endometrioid carcinoma
TCGA-B5-A0JR-01,TCGA-B5-A0JR,1,Primary Solid Tumor,UCEC,uterine corpus endometrioid carcinoma
TCGA-B5-A0JS-01,TCGA-B5-A0JS,1,Primary Solid Tumor,UCEC,uterine corpus endometrioid carcinoma
TCGA-B5-A0JT-01,TCGA-B5-A0JT,1,Primary Solid Tumor,UCEC,uterine corpus endometrioid carcinoma
TCGA-B5-A0JU-01,TCGA-B5-A0JU,1,Primary Solid Tumor,UCEC,uterine corpus endometrioid carcinoma
TCGA-B5-A0JV-01,TCGA-B5-A0JV,1,Primary Solid Tumor,UCEC,uterine corpus endometrioid carcinoma
TCGA-B5-A0JX-01,TCGA-B5-A0JX,1,Primary Solid Tumor,UCEC,uterine corpus endometrioid carcinoma
TCGA-B5-A0JY-01,TCGA-B5-A0JY,1,Primary Solid Tumor,UCEC,uterine corpus endometrioid carcinoma
TCGA-B5-A0JZ-01,TCGA-B5-A0JZ,1,Primary Solid Tumor,UCEC,uterine corpus endometrioid carcinoma
TCGA-B5-A0K0-01,TCGA-B5-A0K0,1,Primary Solid Tumor,UCEC,uterine corpus endometrioid carcinoma
TCGA-B5-A0K1-01,TCGA-B5-A0K1,1,Primary Solid Tumor,UCEC,uterine corpus endometrioid carcinoma
TCGA-B5-A0K2-01,TCGA-B5-A0K2,1,Primary Solid Tumor,UCEC,uterine corpus endometrioid carcinoma
TCGA-B5-A0K3-01,TCGA-B5-A0K3,1,Primary Solid Tumor,UCEC,uterine corpus endometrioid carcinoma
TCGA-B5-A0K4-01,TCGA-B5-A0K4,1,Primary Solid Tumor,UCEC,uterine corpus endometrioid carcinoma
TCGA-B5-A0K6-01,TCGA-B5-A0K6,1,Primary Solid Tumor,UCEC,uterine corpus endometrioid carcinoma
TCGA-B5-A0K7-01,TCGA-B5-A0K7,1,Primary Solid Tumor,UCEC,uterine corpus endometrioid carcinoma
TCGA-B5-A0K8-01,TCGA-B5-A0K8,1,Primary Solid Tumor,UCEC,uterine corpus endometrioid carcinoma
TCGA-B5-A0K9-01,TCGA-B5-A0K9,1,Primary Solid Tumor,UCEC,uterine corpus endometrioid carcinoma
TCGA-B5-A11E-01,TCGA-B5-A11E,1,Primary Solid Tumor,UCEC,uterine corpus endometrioid carcinoma
TCGA-B5-A11F-01,TCGA-B5-A11F,1,Primary Solid Tumor,UCEC,uterine corpus endometrioid carcinoma
TCGA-B5-A11G-01,TCGA-B5-A11G,1,Primary Solid Tumor,UCEC,uterine corpus endometrioid carcinoma
TCGA-B5-A11H-01,TCGA-B5-A11H,1,Primary Solid Tumor,UCEC,uterine corpus endometrioid carcinoma
TCGA-B5-A11I-01,TCGA-B5-A11I,1,Primary Solid Tumor,UCEC,uterine corpus endometrioid carcinoma
TCGA-B5-A11J-01,TCGA-B5-A11J,1,Primary Solid Tumor,UCEC,uterine corpus endometrioid carcinoma
TCGA-B5-A11L-01,TCGA-B5-A11L,1,Primary Solid Tumor,UCEC,uterine corpus endometrioid carcinoma
TCGA-B5-A11M-01,TCGA-B5-A11M,1,Primary Solid Tumor,UCEC,uterine corpus endometrioid carcinoma
TCGA-B5-A11N-01,TCGA-B5-A11N,1,Primary Solid Tumor,UCEC,uterine corpus endometrioid carcinoma
TCGA-B5-A11O-01,TCGA-B5-A11O,1,Primary Solid Tumor,UCEC,uterine corpus endometrioid carcinoma
TCGA-B5-A11P-01,TCGA-B5-A11P,1,Primary Solid Tumor,UCEC,uterine corpus endometrioid carcinoma
TCGA-B5-A11Q-01,TCGA-B5-A11Q,1,Primary Solid Tumor,UCEC,uterine corpus endometrioid carcinoma
TCGA-B5-A11R-01,TCGA-B5-A11R,1,Primary Solid Tumor,UCEC,uterine corpus endometrioid carcinoma
TCGA-B5-A11S-01,TCGA-B5-A11S,1,Primary Solid Tumor,UCEC,uterine corpus endometrioid carcinoma
TCGA-B5-A11U-01,TCGA-B5-A11U,1,Primary Solid Tumor,UCEC,uterine corpus endometrioid carcinoma
TCGA-B5-A11V-01,TCGA-B5-A11V,1,Primary Solid Tumor,UCEC,uterine corpus endometrioid carcinoma
TCGA-B5-A11W-01,TCGA-B5-A11W,1,Primary Solid Tumor,UCEC,uterine corpus endometrioid carcinoma
TCGA-B5-A11X-01,TCGA-B5-A11X,1,Primary Solid Tumor,UCEC,uterine corpus endometrioid carcinoma
TCGA-B5-A11Y-01,TCGA-B5-A11Y,1,Primary Solid Tumor,UCEC,uterine corpus endometrioid carcinoma
TCGA-B5-A11Z-01,TCGA-B5-A11Z,1,Primary Solid Tumor,UCEC,uterine corpus endometrioid carcinoma
TCGA-B5-A121-01,TCGA-B5-A121,1,Primary Solid Tumor,UCEC,uterine corpus endometrioid carcinoma
TCGA-B5-A1MR-01,TCGA-B5-A1MR,1,Primary Solid Tumor,UCEC,uterine corpus endometrioid carcinoma
TCGA-B5-A1MS-01,TCGA-B5-A1MS,1,Primary Solid Tumor,UCEC,uterine corpus endometrioid carcinoma
TCGA-B5-A1MU-01,TCGA-B5-A1MU,1,Primary Solid Tumor,UCEC,uterine corpus endometrioid carcinoma
TCGA-B5-A1MV-01,TCGA-B5-A1MV,1,Primary Solid Tumor,UCEC,uterine corpus endometrioid carcinoma
TCGA-B5-A1MW-01,TCGA-B5-A1MW,1,Primary Solid Tumor,UCEC,uterine corpus endometrioid carcinoma
TCGA-B5-A1MX-01,TCGA-B5-A1MX,1,Primary Solid Tumor,UCEC,uterine corpus endometrioid carcinoma
TCGA-B5-A1MY-01,TCGA-B5-A1MY,1,Primary Solid Tumor,UCEC,uterine corpus endometrioid carcinoma
TCGA-B5-A1MZ-01,TCGA-B5-A1MZ,1,Primary Solid Tumor,UCEC,uterine corpus endometrioid carcinoma
TCGA-B5-A1N2-01,TCGA-B5-A1N2,1,Primary Solid Tumor,UCEC,uterine corpus endometrioid carcinoma
TCGA-B5-A3F9-01,TCGA-B5-A3F9,1,Primary Solid Tumor,UCEC,uterine corpus endometrioid carcinoma
TCGA-B5-A3FA-01,TCGA-B5-A3FA,1,Primary Solid Tumor,UCEC,uterine corpus endometrioid carcinoma
TCGA-B5-A3FB-01,TCGA-B5-A3FB,1,Primary Solid Tumor,UCEC,uterine corpus endometrioid carcinoma
TCGA-B5-A3FC-01,TCGA-B5-A3FC,1,Primary Solid Tumor,UCEC,uterine corpus endometrioid carcinoma
TCGA-B5-A3FD-01,TCGA-B5-A3FD,1,Primary Solid Tumor,UCEC,uterine corpus endometrioid carcinoma
TCGA-B5-A3FH-01,TCGA-B5-A3FH,1,Primary Solid Tumor,UCEC,uterine corpus endometrioid carcinoma
TCGA-B5-A3S1-01,TCGA-B5-A3S1,1,Primary Solid Tumor,UCEC,uterine corpus endometrioid carcinoma
TCGA-B5-A5OC-01,TCGA-B5-A5OC,1,Primary Solid Tumor,UCEC,uterine corpus endometrioid carcinoma
TCGA-B5-A5OD-01,TCGA-B5-A5OD,1,Primary Solid Tumor,UCEC,uterine corpus endometrioid carcinoma
TCGA-B5-A5OE-01,TCGA-B5-A5OE,1,Primary Solid Tumor,UCEC,uterine corpus endometrioid carcinoma
TCGA-B6-A0I1-01,TCGA-B6-A0I1,1,Primary Solid Tumor,BRCA,breast invasive carcinoma
TCGA-B6-A0I2-01,TCGA-B6-A0I2,1,Primary Solid Tumor,BRCA,breast invasive carcinoma
TCGA-B6-A0I5-01,TCGA-B6-A0I5,1,Primary Solid Tumor,BRCA,breast invasive carcinoma
TCGA-B6-A0I6-01,TCGA-B6-A0I6,1,Primary Solid Tumor,BRCA,breast invasive carcinoma
TCGA-B6-A0I8-01,TCGA-B6-A0I8,1,Primary Solid Tumor,BRCA,breast invasive carcinoma
TCGA-B6-A0I9-01,TCGA-B6-A0I9,1,Primary Solid Tumor,BRCA,breast invasive carcinoma
TCGA-B6-A0IA-01,TCGA-B6-A0IA,1,Primary Solid Tumor,BRCA,breast invasive carcinoma
TCGA-B6-A0IB-01,TCGA-B6-A0IB,1,Primary Solid Tumor,BRCA,breast invasive carcinoma
TCGA-B6-A0IC-01,TCGA-B6-A0IC,1,Primary Solid Tumor,BRCA,breast invasive carcinoma
TCGA-B6-A0IE-01,TCGA-B6-A0IE,1,Primary Solid Tumor,BRCA,breast invasive carcinoma
TCGA-B6-A0IG-01,TCGA-B6-A0IG,1,Primary Solid Tumor,BRCA,breast invasive carcinoma
TCGA-B6-A0IH-01,TCGA-B6-A0IH,1,Primary Solid Tumor,BRCA,breast invasive carcinoma
TCGA-B6-A0IJ-01,TCGA-B6-A0IJ,1,Primary Solid Tumor,BRCA,breast invasive carcinoma
TCGA-B6-A0IK-01,TCGA-B6-A0IK,1,Primary Solid Tumor,BRCA,breast invasive carcinoma
TCGA-B6-A0IM-01,TCGA-B6-A0IM,1,Primary Solid Tumor,BRCA,breast invasive carcinoma
TCGA-B6-A0IN-01,TCGA-B6-A0IN,1,Primary Solid Tumor,BRCA,breast invasive carcinoma
TCGA-B6-A0IO-01,TCGA-B6-A0IO,1,Primary Solid Tumor,BRCA,breast invasive carcinoma
TCGA-B6-A0IP-01,TCGA-B6-A0IP,1,Primary Solid Tumor,BRCA,breast invasive carcinoma
TCGA-B6-A0IQ-01,TCGA-B6-A0IQ,1,Primary Solid Tumor,BRCA,breast invasive carcinoma
TCGA-B6-A0RE-01,TCGA-B6-A0RE,1,Primary Solid Tumor,BRCA,breast invasive carcinoma
TCGA-B6-A0RG-01,TCGA-B6-A0RG,1,Primary Solid Tumor,BRCA,breast invasive carcinoma
TCGA-B6-A0RH-01,TCGA-B6-A0RH,1,Primary Solid Tumor,BRCA,breast invasive carcinoma
TCGA-B6-A0RI-01,TCGA-B6-A0RI,1,Primary Solid Tumor,BRCA,breast invasive carcinoma
TCGA-B6-A0RL-01,TCGA-B6-A0RL,1,Primary Solid Tumor,BRCA,breast invasive carcinoma
TCGA-B6-A0RM-01,TCGA-B6-A0RM,1,Primary Solid Tumor,BRCA,breast invasive carcinoma
TCGA-B6-A0RN-01,TCGA-B6-A0RN,1,Primary Solid Tumor,BRCA,breast invasive carcinoma
TCGA-B6-A0RO-01,TCGA-B6-A0RO,1,Primary Solid Tumor,BRCA,breast invasive carcinoma
TCGA-B6-A0RP-01,TCGA-B6-A0RP,1,Primary Solid Tumor,BRCA,breast invasive carcinoma
TCGA-B6-A0RQ-01,TCGA-B6-A0RQ,1,Primary Solid Tumor,BRCA,breast invasive carcinoma
TCGA-B6-A0RS-01,TCGA-B6-A0RS,1,Primary Solid Tumor,BRCA,breast invasive carcinoma
TCGA-B6-A0RT-01,TCGA-B6-A0RT,1,Primary Solid Tumor,BRCA,breast invasive carcinoma
TCGA-B6-A0RU-01,TCGA-B6-A0RU,1,Primary Solid Tumor,BRCA,breast invasive carcinoma
TCGA-B6-A0RV-01,TCGA-B6-A0RV,1,Primary Solid Tumor,BRCA,breast invasive carcinoma
TCGA-B6-A0WS-01,TCGA-B6-A0WS,1,Primary Solid Tumor,BRCA,breast invasive carcinoma
TCGA-B6-A0WT-01,TCGA-B6-A0WT,1,Primary Solid Tumor,BRCA,breast invasive carcinoma
TCGA-B6-A0WV-01,TCGA-B6-A0WV,1,Primary Solid Tumor,BRCA,breast invasive carcinoma
TCGA-B6-A0WW-01,TCGA-B6-A0WW,1,Primary Solid Tumor,BRCA,breast invasive carcinoma
TCGA-B6-A0WX-01,TCGA-B6-A0WX,1,Primary Solid Tumor,BRCA,breast invasive carcinoma
TCGA-B6-A0WY-01,TCGA-B6-A0WY,1,Primary Solid Tumor,BRCA,breast invasive carcinoma
TCGA-B6-A0WZ-01,TCGA-B6-A0WZ,1,Primary Solid Tumor,BRCA,breast invasive carcinoma
TCGA-B6-A0X0-01,TCGA-B6-A0X0,1,Primary Solid Tumor,BRCA,breast invasive carcinoma
TCGA-B6-A0X1-01,TCGA-B6-A0X1,1,Primary Solid Tumor,BRCA,breast invasive carcinoma
TCGA-B6-A0X4-01,TCGA-B6-A0X4,1,Primary Solid Tumor,BRCA,breast invasive carcinoma
TCGA-B6-A0X5-01,TCGA-B6-A0X5,1,Primary Solid Tumor,BRCA,breast invasive carcinoma
TCGA-B6-A0X7-01,TCGA-B6-A0X7,1,Primary Solid Tumor,BRCA,breast invasive carcinoma
TCGA-B6-A1KC-01,TCGA-B6-A1KC,1,Primary Solid Tumor,BRCA,breast invasive carcinoma
TCGA-B6-A1KF-01,TCGA-B6-A1KF,1,Primary Solid Tumor,BRCA,breast invasive carcinoma
TCGA-B6-A1KI-01,TCGA-B6-A1KI,1,Primary Solid Tumor,BRCA,breast invasive carcinoma
TCGA-B6-A1KN-01,TCGA-B6-A1KN,1,Primary Solid Tumor,BRCA,breast invasive carcinoma
TCGA-B6-A2IU-01,TCGA-B6-A2IU,1,Primary Solid Tumor,BRCA,breast invasive carcinoma
TCGA-B6-A3ZX-01,TCGA-B6-A3ZX,1,Primary Solid Tumor,BRCA,breast invasive carcinoma
TCGA-B6-A400-01,TCGA-B6-A400,1,Primary Solid Tumor,BRCA,breast invasive carcinoma
TCGA-B6-A401-01,TCGA-B6-A401,1,Primary Solid Tumor,BRCA,breast invasive carcinoma
TCGA-B6-A402-01,TCGA-B6-A402,1,Primary Solid Tumor,BRCA,breast invasive carcinoma
TCGA-B6-A408-01,TCGA-B6-A408,1,Primary Solid Tumor,BRCA,breast invasive carcinoma
TCGA-B6-A409-01,TCGA-B6-A409,1,Primary Solid Tumor,BRCA,breast invasive carcinoma
TCGA-B6-A40B-01,TCGA-B6-A40B,1,Primary Solid Tumor,BRCA,breast invasive carcinoma
TCGA-B6-A40C-01,TCGA-B6-A40C,1,Primary Solid Tumor,BRCA,breast invasive carcinoma
TCGA-B8-4143-01,TCGA-B8-4143,1,Primary Solid Tumor,KIRC,kidney clear cell carcinoma
TCGA-B8-4146-01,TCGA-B8-4146,1,Primary Solid Tumor,KIRC,kidney clear cell carcinoma
TCGA-B8-4148-01,TCGA-B8-4148,1,Primary Solid Tumor,KIRC,kidney clear cell carcinoma
TCGA-B8-4151-01,TCGA-B8-4151,1,Primary Solid Tumor,KIRC,kidney clear cell carcinoma
TCGA-B8-4153-01,TCGA-B8-4153,1,Primary Solid Tumor,KIRC,kidney clear cell carcinoma
TCGA-B8-4154-01,TCGA-B8-4154,1,Primary Solid Tumor,KIRC,kidney clear cell carcinoma
TCGA-B8-4619-01,TCGA-B8-4619,1,Primary Solid Tumor,KIRC,kidney clear cell carcinoma
TCGA-B8-4620-01,TCGA-B8-4620,1,Primary Solid Tumor,KIRC,kidney clear cell carcinoma
TCGA-B8-4621-01,TCGA-B8-4621,1,Primary Solid Tumor,KIRC,kidney clear cell carcinoma
TCGA-B8-4622-01,TCGA-B8-4622,1,Primary Solid Tumor,KIRC,kidney clear cell carcinoma
TCGA-B8-5158-01,TCGA-B8-5158,1,Primary Solid Tumor,KIRC,kidney clear cell carcinoma
TCGA-B8-5159-01,TCGA-B8-5159,1,Primary Solid Tumor,KIRC,kidney clear cell carcinoma
TCGA-B8-5162-01,TCGA-B8-5162,1,Primary Solid Tumor,KIRC,kidney clear cell carcinoma
TCGA-B8-5163-01,TCGA-B8-5163,1,Primary Solid Tumor,KIRC,kidney clear cell carcinoma
TCGA-B8-5164-01,TCGA-B8-5164,1,Primary Solid Tumor,KIRC,kidney clear cell carcinoma
TCGA-B8-5165-01,TCGA-B8-5165,1,Primary Solid Tumor,KIRC,kidney clear cell carcinoma
TCGA-B8-5545-01,TCGA-B8-5545,1,Primary Solid Tumor,KIRC,kidney clear cell carcinoma
TCGA-B8-5546-01,TCGA-B8-5546,1,Primary Solid Tumor,KIRC,kidney clear cell carcinoma
TCGA-B8-5549-01,TCGA-B8-5549,1,Primary Solid Tumor,KIRC,kidney clear cell carcinoma
TCGA-B8-5550-01,TCGA-B8-5550,1,Primary Solid Tumor,KIRC,kidney clear cell carcinoma
TCGA-B8-5551-01,TCGA-B8-5551,1,Primary Solid Tumor,KIRC,kidney clear cell carcinoma
TCGA-B8-5552-01,TCGA-B8-5552,1,Primary Solid Tumor,KIRC,kidney clear cell carcinoma
TCGA-B8-5553-01,TCGA-B8-5553,1,Primary Solid Tumor,KIRC,kidney clear cell carcinoma
TCGA-B8-A54D-01,TCGA-B8-A54D,1,Primary Solid Tumor,KIRC,kidney clear cell carcinoma
TCGA-B8-A54E-01,TCGA-B8-A54E,1,Primary Solid Tumor,KIRC,kidney clear cell carcinoma
TCGA-B8-A54F-01,TCGA-B8-A54F,1,Primary Solid Tumor,KIRC,kidney clear cell carcinoma
TCGA-B8-A54G-01,TCGA-B8-A54G,1,Primary Solid Tumor,KIRC,kidney clear cell carcinoma
TCGA-B8-A54H-01,TCGA-B8-A54H,1,Primary Solid Tumor,KIRC,kidney clear cell carcinoma
TCGA-B8-A54I-01,TCGA-B8-A54I,1,Primary Solid Tumor,KIRC,kidney clear cell carcinoma
TCGA-B8-A54J-01,TCGA-B8-A54J,1,Primary Solid Tumor,KIRC,kidney clear cell carcinoma
TCGA-B8-A54K-01,TCGA-B8-A54K,1,Primary Solid Tumor,KIRC,kidney clear cell carcinoma
TCGA-B8-A7U6-01,TCGA-B8-A7U6,1,Primary Solid Tumor,KIRC,kidney clear cell carcinoma
TCGA-B8-A8YJ-01,TCGA-B8-A8YJ,1,Primary Solid Tumor,KIRC,kidney clear cell carcinoma
TCGA-BA-4074-01,TCGA-BA-4074,1,Primary Solid Tumor,HNSC,head & neck squamous cell carcinoma
TCGA-BA-4075-01,TCGA-BA-4075,1,Primary Solid Tumor,HNSC,head & neck squamous cell carcinoma
TCGA-BA-4076-01,TCGA-BA-4076,1,Primary Solid Tumor,HNSC,head & neck squamous cell carcinoma
TCGA-BA-4077-01,TCGA-BA-4077,1,Primary Solid Tumor,HNSC,head & neck squamous cell carcinoma
TCGA-BA-4078-01,TCGA-BA-4078,1,Primary Solid Tumor,HNSC,head & neck squamous cell carcinoma
TCGA-BA-5149-01,TCGA-BA-5149,1,Primary Solid Tumor,HNSC,head & neck squamous cell carcinoma
TCGA-BA-5151-01,TCGA-BA-5151,1,Primary Solid Tumor,HNSC,head & neck squamous cell carcinoma
TCGA-BA-5152-01,TCGA-BA-5152,1,Primary Solid Tumor,HNSC,head & neck squamous cell carcinoma
TCGA-BA-5153-01,TCGA-BA-5153,1,Primary Solid Tumor,HNSC,head & neck squamous cell carcinoma
TCGA-BA-5555-01,TCGA-BA-5555,1,Primary Solid Tumor,HNSC,head & neck squamous cell carcinoma
TCGA-BA-5556-01,TCGA-BA-5556,1,Primary Solid Tumor,HNSC,head & neck squamous cell carcinoma
TCGA-BA-5557-01,TCGA-BA-5557,1,Primary Solid Tumor,HNSC,head & neck squamous cell carcinoma
TCGA-BA-5558-01,TCGA-BA-5558,1,Primary Solid Tumor,HNSC,head & neck squamous cell carcinoma
TCGA-BA-5559-01,TCGA-BA-5559,1,Primary Solid Tumor,HNSC,head & neck squamous cell carcinoma
TCGA-BA-6868-01,TCGA-BA-6868,1,Primary Solid Tumor,HNSC,head & neck squamous cell carcinoma
TCGA-BA-6869-01,TCGA-BA-6869,1,Primary Solid Tumor,HNSC,head & neck squamous cell carcinoma
TCGA-BA-6870-01,TCGA-BA-6870,1,Primary Solid Tumor,HNSC,head & neck squamous cell carcinoma
TCGA-BA-6871-01,TCGA-BA-6871,1,Primary Solid Tumor,HNSC,head & neck squamous cell carcinoma
TCGA-BA-6872-01,TCGA-BA-6872,1,Primary Solid Tumor,HNSC,head & neck squamous cell carcinoma
TCGA-BA-6873-01,TCGA-BA-6873,1,Primary Solid Tumor,HNSC,head & neck squamous cell carcinoma
TCGA-BA-7269-01,TCGA-BA-7269,1,Primary Solid Tumor,HNSC,head & neck squamous cell carcinoma
TCGA-BA-A4IF-01,TCGA-BA-A4IF,1,Primary Solid Tumor,HNSC,head & neck squamous cell carcinoma
TCGA-BA-A4IG-01,TCGA-BA-A4IG,1,Primary Solid Tumor,HNSC,head & neck squamous cell carcinoma
TCGA-BA-A4IH-01,TCGA-BA-A4IH,1,Primary Solid Tumor,HNSC,head & neck squamous cell carcinoma
TCGA-BA-A4II-01,TCGA-BA-A4II,1,Primary Solid Tumor,HNSC,head & neck squamous cell carcinoma
TCGA-BA-A6D8-01,TCGA-BA-A6D8,1,Primary Solid Tumor,HNSC,head & neck squamous cell carcinoma
TCGA-BA-A6DA-01,TCGA-BA-A6DA,1,Primary Solid Tumor,HNSC,head & neck squamous cell carcinoma
TCGA-BA-A6DB-01,TCGA-BA-A6DB,1,Primary Solid Tumor,HNSC,head & neck squamous cell carcinoma
TCGA-BA-A6DD-01,TCGA-BA-A6DD,1,Primary Solid Tumor,HNSC,head & neck squamous cell carcinoma
TCGA-BA-A6DE-01,TCGA-BA-A6DE,1,Primary Solid Tumor,HNSC,head & neck squamous cell carcinoma
TCGA-BA-A6DG-01,TCGA-BA-A6DG,1,Primary Solid Tumor,HNSC,head & neck squamous cell carcinoma
TCGA-BA-A6DI-01,TCGA-BA-A6DI,1,Primary Solid Tumor,HNSC,head & neck squamous cell carcinoma
TCGA-BA-A6DJ-01,TCGA-BA-A6DJ,1,Primary Solid Tumor,HNSC,head & neck squamous cell carcinoma
TCGA-BA-A6DL-01,TCGA-BA-A6DL,1,Primary Solid Tumor,HNSC,head & neck squamous cell carcinoma
TCGA-BA-A8YP-01,TCGA-BA-A8YP,1,Primary Solid Tumor,HNSC,head & neck squamous cell carcinoma
TCGA-BB-4217-01,TCGA-BB-4217,1,Primary Solid Tumor,HNSC,head & neck squamous cell carcinoma
TCGA-BB-4223-01,TCGA-BB-4223,1,Primary Solid Tumor,HNSC,head & neck squamous cell carcinoma
TCGA-BB-4224-01,TCGA-BB-4224,1,Primary Solid Tumor,HNSC,head & neck squamous cell carcinoma
TCGA-BB-4225-01,TCGA-BB-4225,1,Primary Solid Tumor,HNSC,head & neck squamous cell carcinoma
TCGA-BB-4227-01,TCGA-BB-4227,1,Primary Solid Tumor,HNSC,head & neck squamous cell carcinoma
TCGA-BB-4228-01,TCGA-BB-4228,1,Primary Solid Tumor,HNSC,head & neck squamous cell carcinoma
TCGA-BB-7861-01,TCGA-BB-7861,1,Primary Solid Tumor,HNSC,head & neck squamous cell carcinoma
TCGA-BB-7862-01,TCGA-BB-7862,1,Primary Solid Tumor,HNSC,head & neck squamous cell carcinoma
TCGA-BB-7863-01,TCGA-BB-7863,1,Primary Solid Tumor,HNSC,head & neck squamous cell carcinoma
TCGA-BB-7864-01,TCGA-BB-7864,1,Primary Solid Tumor,HNSC,head & neck squamous cell carcinoma
TCGA-BB-7866-01,TCGA-BB-7866,1,Primary Solid Tumor,HNSC,head & neck squamous cell carcinoma
TCGA-BB-7870-01,TCGA-BB-7870,1,Primary Solid Tumor,HNSC,head & neck squamous cell carcinoma
TCGA-BB-7871-01,TCGA-BB-7871,1,Primary Solid Tumor,HNSC,head & neck squamous cell carcinoma
TCGA-BB-7872-01,TCGA-BB-7872,1,Primary Solid Tumor,HNSC,head & neck squamous cell carcinoma
TCGA-BB-8596-01,TCGA-BB-8596,1,Primary Solid Tumor,HNSC,head & neck squamous cell carcinoma
TCGA-BB-8601-01,TCGA-BB-8601,1,Primary Solid Tumor,HNSC,head & neck squamous cell carcinoma
TCGA-BB-A5HU-01,TCGA-BB-A5HU,1,Primary Solid Tumor,HNSC,head & neck squamous cell carcinoma
TCGA-BB-A5HY-01,TCGA-BB-A5HY,1,Primary Solid Tumor,HNSC,head & neck squamous cell carcinoma
TCGA-BB-A5HZ-01,TCGA-BB-A5HZ,1,Primary Solid Tumor,HNSC,head & neck squamous cell carcinoma
TCGA-BB-A6UM-01,TCGA-BB-A6UM,1,Primary Solid Tumor,HNSC,head & neck squamous cell carcinoma
TCGA-BB-A6UO-01,TCGA-BB-A6UO,1,Primary Solid Tumor,HNSC,head & neck squamous cell carcinoma
TCGA-BG-A0LW-01,TCGA-BG-A0LW,1,Primary Solid Tumor,UCEC,uterine corpus endometrioid carcinoma
TCGA-BG-A0LX-01,TCGA-BG-A0LX,1,Primary Solid Tumor,UCEC,uterine corpus endometrioid carcinoma
TCGA-BG-A0M0-01,TCGA-BG-A0M0,1,Primary Solid Tumor,UCEC,uterine corpus endometrioid carcinoma
TCGA-BG-A0M2-01,TCGA-BG-A0M2,1,Primary Solid Tumor,UCEC,uterine corpus endometrioid carcinoma
TCGA-BG-A0M3-01,TCGA-BG-A0M3,1,Primary Solid Tumor,UCEC,uterine corpus endometrioid carcinoma
TCGA-BG-A0M4-01,TCGA-BG-A0M4,1,Primary Solid Tumor,UCEC,uterine corpus endometrioid carcinoma
TCGA-BG-A0M6-01,TCGA-BG-A0M6,1,Primary Solid Tumor,UCEC,uterine corpus endometrioid carcinoma
TCGA-BG-A0M7-01,TCGA-BG-A0M7,1,Primary Solid Tumor,UCEC,uterine corpus endometrioid carcinoma
TCGA-BG-A0M9-01,TCGA-BG-A0M9,1,Primary Solid Tumor,UCEC,uterine corpus endometrioid carcinoma
TCGA-BG-A0MA-01,TCGA-BG-A0MA,1,Primary Solid Tumor,UCEC,uterine corpus endometrioid carcinoma
TCGA-BG-A0MC-01,TCGA-BG-A0MC,1,Primary Solid Tumor,UCEC,uterine corpus endometrioid carcinoma
TCGA-BG-A0MG-01,TCGA-BG-A0MG,1,Primary Solid Tumor,UCEC,uterine corpus endometrioid carcinoma
TCGA-BG-A0MH-01,TCGA-BG-A0MH,1,Primary Solid Tumor,UCEC,uterine corpus endometrioid carcinoma
TCGA-BG-A0MI-01,TCGA-BG-A0MI,1,Primary Solid Tumor,UCEC,uterine corpus endometrioid carcinoma
TCGA-BG-A0MK-01,TCGA-BG-A0MK,1,Primary Solid Tumor,UCEC,uterine corpus endometrioid carcinoma
TCGA-BG-A0MO-01,TCGA-BG-A0MO,1,Primary Solid Tumor,UCEC,uterine corpus endometrioid carcinoma
TCGA-BG-A0MQ-01,TCGA-BG-A0MQ,1,Primary Solid Tumor,UCEC,uterine corpus endometrioid carcinoma
TCGA-BG-A0MT-01,TCGA-BG-A0MT,1,Primary Solid Tumor,UCEC,uterine corpus endometrioid carcinoma
TCGA-BG-A0MU-01,TCGA-BG-A0MU,1,Primary Solid Tumor,UCEC,uterine corpus endometrioid carcinoma
TCGA-BG-A0RY-01,TCGA-BG-A0RY,1,Primary Solid Tumor,UCEC,uterine corpus endometrioid carcinoma
TCGA-BG-A0VT-01,TCGA-BG-A0VT,1,Primary Solid Tumor,UCEC,uterine corpus endometrioid carcinoma
TCGA-BG-A0VV-01,TCGA-BG-A0VV,1,Primary Solid Tumor,UCEC,uterine corpus endometrioid carcinoma
TCGA-BG-A0VW-01,TCGA-BG-A0VW,1,Primary Solid Tumor,UCEC,uterine corpus endometrioid carcinoma
TCGA-BG-A0VX-01,TCGA-BG-A0VX,1,Primary Solid Tumor,UCEC,uterine corpus endometrioid carcinoma
TCGA-BG-A0VZ-01,TCGA-BG-A0VZ,1,Primary Solid Tumor,UCEC,uterine corpus endometrioid carcinoma
TCGA-BG-A0W1-01,TCGA-BG-A0W1,1,Primary Solid Tumor,UCEC,uterine corpus endometrioid carcinoma
TCGA-BG-A0W2-01,TCGA-BG-A0W2,1,Primary Solid Tumor,UCEC,uterine corpus endometrioid carcinoma
TCGA-BG-A0YU-01,TCGA-BG-A0YU,1,Primary Solid Tumor,UCEC,uterine corpus endometrioid carcinoma
TCGA-BG-A0YV-01,TCGA-BG-A0YV,1,Primary Solid Tumor,UCEC,uterine corpus endometrioid carcinoma
TCGA-BG-A186-01,TCGA-BG-A186,1,Primary Solid Tumor,UCEC,uterine corpus endometrioid carcinoma
TCGA-BG-A187-01,TCGA-BG-A187,1,Primary Solid Tumor,UCEC,uterine corpus endometrioid carcinoma
TCGA-BG-A18A-01,TCGA-BG-A18A,1,Primary Solid Tumor,UCEC,uterine corpus endometrioid carcinoma
TCGA-BG-A18B-01,TCGA-BG-A18B,1,Primary Solid Tumor,UCEC,uterine corpus endometrioid carcinoma
TCGA-BG-A18C-01,TCGA-BG-A18C,1,Primary Solid Tumor,UCEC,uterine corpus endometrioid carcinoma
TCGA-BG-A222-01,TCGA-BG-A222,1,Primary Solid Tumor,UCEC,uterine corpus endometrioid carcinoma
TCGA-BG-A2AD-01,TCGA-BG-A2AD,1,Primary Solid Tumor,UCEC,uterine corpus endometrioid carcinoma
TCGA-BG-A2AE-01,TCGA-BG-A2AE,1,Primary Solid Tumor,UCEC,uterine corpus endometrioid carcinoma
TCGA-BG-A2L7-01,TCGA-BG-A2L7,1,Primary Solid Tumor,UCEC,uterine corpus endometrioid carcinoma
TCGA-BG-A3EW-01,TCGA-BG-A3EW,1,Primary Solid Tumor,UCEC,uterine corpus endometrioid carcinoma
TCGA-BG-A3PP-01,TCGA-BG-A3PP,1,Primary Solid Tumor,UCEC,uterine corpus endometrioid carcinoma
TCGA-BH-A0AU-01,TCGA-BH-A0AU,1,Primary Solid Tumor,BRCA,breast invasive carcinoma
TCGA-BH-A0AV-01,TCGA-BH-A0AV,1,Primary Solid Tumor,BRCA,breast invasive carcinoma
TCGA-BH-A0AW-01,TCGA-BH-A0AW,1,Primary Solid Tumor,BRCA,breast invasive carcinoma
TCGA-BH-A0AY-01,TCGA-BH-A0AY,1,Primary Solid Tumor,BRCA,breast invasive carcinoma
TCGA-BH-A0AZ-01,TCGA-BH-A0AZ,1,Primary Solid Tumor,BRCA,breast invasive carcinoma
TCGA-BH-A0B0-01,TCGA-BH-A0B0,1,Primary Solid Tumor,BRCA,breast invasive carcinoma
TCGA-BH-A0B1-01,TCGA-BH-A0B1,1,Primary Solid Tumor,BRCA,breast invasive carcinoma
TCGA-BH-A0B3-01,TCGA-BH-A0B3,1,Primary Solid Tumor,BRCA,breast invasive carcinoma
TCGA-BH-A0B4-01,TCGA-BH-A0B4,1,Primary Solid Tumor,BRCA,breast invasive carcinoma
TCGA-BH-A0B5-01,TCGA-BH-A0B5,1,Primary Solid Tumor,BRCA,breast invasive carcinoma
TCGA-BH-A0B6-01,TCGA-BH-A0B6,1,Primary Solid Tumor,BRCA,breast invasive carcinoma
TCGA-BH-A0B7-01,TCGA-BH-A0B7,1,Primary Solid Tumor,BRCA,breast invasive carcinoma
TCGA-BH-A0B8-01,TCGA-BH-A0B8,1,Primary Solid Tumor,BRCA,breast invasive carcinoma
TCGA-BH-A0B9-01,TCGA-BH-A0B9,1,Primary Solid Tumor,BRCA,breast invasive carcinoma
TCGA-BH-A0BA-01,TCGA-BH-A0BA,1,Primary Solid Tumor,BRCA,breast invasive carcinoma
TCGA-BH-A0BC-01,TCGA-BH-A0BC,1,Primary Solid Tumor,BRCA,breast invasive carcinoma
TCGA-BH-A0BD-01,TCGA-BH-A0BD,1,Primary Solid Tumor,BRCA,breast invasive carcinoma
TCGA-BH-A0BF-01,TCGA-BH-A0BF,1,Primary Solid Tumor,BRCA,breast invasive carcinoma
TCGA-BH-A0BG-01,TCGA-BH-A0BG,1,Primary Solid Tumor,BRCA,breast invasive carcinoma
TCGA-BH-A0BJ-01,TCGA-BH-A0BJ,1,Primary Solid Tumor,BRCA,breast invasive carcinoma
TCGA-BH-A0BL-01,TCGA-BH-A0BL,1,Primary Solid Tumor,BRCA,breast invasive carcinoma
TCGA-BH-A0BM-01,TCGA-BH-A0BM,1,Primary Solid Tumor,BRCA,breast invasive carcinoma
TCGA-BH-A0BO-01,TCGA-BH-A0BO,1,Primary Solid Tumor,BRCA,breast invasive carcinoma
TCGA-BH-A0BP-01,TCGA-BH-A0BP,1,Primary Solid Tumor,BRCA,breast invasive carcinoma
TCGA-BH-A0BQ-01,TCGA-BH-A0BQ,1,Primary Solid Tumor,BRCA,breast invasive carcinoma
TCGA-BH-A0BR-01,TCGA-BH-A0BR,1,Primary Solid Tumor,BRCA,breast invasive carcinoma
TCGA-BH-A0BS-01,TCGA-BH-A0BS,1,Primary Solid Tumor,BRCA,breast invasive carcinoma
TCGA-BH-A0BT-01,TCGA-BH-A0BT,1,Primary Solid Tumor,BRCA,breast invasive carcinoma
TCGA-BH-A0BV-01,TCGA-BH-A0BV,1,Primary Solid Tumor,BRCA,breast invasive carcinoma
TCGA-BH-A0BW-01,TCGA-BH-A0BW,1,Primary Solid Tumor,BRCA,breast invasive carcinoma
TCGA-BH-A0BZ-01,TCGA-BH-A0BZ,1,Primary Solid Tumor,BRCA,breast invasive carcinoma
TCGA-BH-A0C0-01,TCGA-BH-A0C0,1,Primary Solid Tumor,BRCA,breast invasive carcinoma
TCGA-BH-A0C1-01,TCGA-BH-A0C1,1,Primary Solid Tumor,BRCA,breast invasive carcinoma
TCGA-BH-A0C3-01,TCGA-BH-A0C3,1,Primary Solid Tumor,BRCA,breast invasive carcinoma
TCGA-BH-A0C7-01,TCGA-BH-A0C7,1,Primary Solid Tumor,BRCA,breast invasive carcinoma
TCGA-BH-A0DD-01,TCGA-BH-A0DD,1,Primary Solid Tumor,BRCA,breast invasive carcinoma
TCGA-BH-A0DE-01,TCGA-BH-A0DE,1,Primary Solid Tumor,BRCA,breast invasive carcinoma
TCGA-BH-A0DG-01,TCGA-BH-A0DG,1,Primary Solid Tumor,BRCA,breast invasive carcinoma
TCGA-BH-A0DH-01,TCGA-BH-A0DH,1,Primary Solid Tumor,BRCA,breast invasive carcinoma
TCGA-BH-A0DI-01,TCGA-BH-A0DI,1,Primary Solid Tumor,BRCA,breast invasive carcinoma
TCGA-BH-A0DK-01,TCGA-BH-A0DK,1,Primary Solid Tumor,BRCA,breast invasive carcinoma
TCGA-BH-A0DL-01,TCGA-BH-A0DL,1,Primary Solid Tumor,BRCA,breast invasive carcinoma
TCGA-BH-A0DO-01,TCGA-BH-A0DO,1,Primary Solid Tumor,BRCA,breast invasive carcinoma
TCGA-BH-A0DP-01,TCGA-BH-A0DP,1,Primary Solid Tumor,BRCA,breast invasive carcinoma
TCGA-BH-A0DQ-01,TCGA-BH-A0DQ,1,Primary Solid Tumor,BRCA,breast invasive carcinoma
TCGA-BH-A0DS-01,TCGA-BH-A0DS,1,Primary Solid Tumor,BRCA,breast invasive carcinoma
TCGA-BH-A0DT-01,TCGA-BH-A0DT,1,Primary Solid Tumor,BRCA,breast invasive carcinoma
TCGA-BH-A0DV-01,TCGA-BH-A0DV,1,Primary Solid Tumor,BRCA,breast invasive carcinoma
TCGA-BH-A0DX-01,TCGA-BH-A0DX,1,Primary Solid Tumor,BRCA,breast invasive carcinoma
TCGA-BH-A0DZ-01,TCGA-BH-A0DZ,1,Primary Solid Tumor,BRCA,breast invasive carcinoma
TCGA-BH-A0E0-01,TCGA-BH-A0E0,1,Primary Solid Tumor,BRCA,breast invasive carcinoma
TCGA-BH-A0E1-01,TCGA-BH-A0E1,1,Primary Solid Tumor,BRCA,breast invasive carcinoma
TCGA-BH-A0E2-01,TCGA-BH-A0E2,1,Primary Solid Tumor,BRCA,breast invasive carcinoma
TCGA-BH-A0E6-01,TCGA-BH-A0E6,1,Primary Solid Tumor,BRCA,breast invasive carcinoma
TCGA-BH-A0E7-01,TCGA-BH-A0E7,1,Primary Solid Tumor,BRCA,breast invasive carcinoma
TCGA-BH-A0E9-01,TCGA-BH-A0E9,1,Primary Solid Tumor,BRCA,breast invasive carcinoma
TCGA-BH-A0EA-01,TCGA-BH-A0EA,1,Primary Solid Tumor,BRCA,breast invasive carcinoma
TCGA-BH-A0EB-01,TCGA-BH-A0EB,1,Primary Solid Tumor,BRCA,breast invasive carcinoma
TCGA-BH-A0EE-01,TCGA-BH-A0EE,1,Primary Solid Tumor,BRCA,breast invasive carcinoma
TCGA-BH-A0EI-01,TCGA-BH-A0EI,1,Primary Solid Tumor,BRCA,breast invasive carcinoma
TCGA-BH-A0GY-01,TCGA-BH-A0GY,1,Primary Solid Tumor,BRCA,breast invasive carcinoma
TCGA-BH-A0GZ-01,TCGA-BH-A0GZ,1,Primary Solid Tumor,BRCA,breast invasive carcinoma
TCGA-BH-A0H0-01,TCGA-BH-A0H0,1,Primary Solid Tumor,BRCA,breast invasive carcinoma
TCGA-BH-A0H3-01,TCGA-BH-A0H3,1,Primary Solid Tumor,BRCA,breast invasive carcinoma
TCGA-BH-A0H5-01,TCGA-BH-A0H5,1,Primary Solid Tumor,BRCA,breast invasive carcinoma
TCGA-BH-A0H6-01,TCGA-BH-A0H6,1,Primary Solid Tumor,BRCA,breast invasive carcinoma
TCGA-BH-A0H7-01,TCGA-BH-A0H7,1,Primary Solid Tumor,BRCA,breast invasive carcinoma
TCGA-BH-A0H9-01,TCGA-BH-A0H9,1,Primary Solid Tumor,BRCA,breast invasive carcinoma
TCGA-BH-A0HA-01,TCGA-BH-A0HA,1,Primary Solid Tumor,BRCA,breast invasive carcinoma
TCGA-BH-A0HB-01,TCGA-BH-A0HB,1,Primary Solid Tumor,BRCA,breast invasive carcinoma
TCGA-BH-A0HF-01,TCGA-BH-A0HF,1,Primary Solid Tumor,BRCA,breast invasive carcinoma
TCGA-BH-A0HI-01,TCGA-BH-A0HI,1,Primary Solid Tumor,BRCA,breast invasive carcinoma
TCGA-BH-A0HK-01,TCGA-BH-A0HK,1,Primary Solid Tumor,BRCA,breast invasive carcinoma
TCGA-BH-A0HL-01,TCGA-BH-A0HL,1,Primary Solid Tumor,BRCA,breast invasive carcinoma
TCGA-BH-A0HN-01,TCGA-BH-A0HN,1,Primary Solid Tumor,BRCA,breast invasive carcinoma
TCGA-BH-A0HO-01,TCGA-BH-A0HO,1,Primary Solid Tumor,BRCA,breast invasive carcinoma
TCGA-BH-A0HP-01,TCGA-BH-A0HP,1,Primary Solid Tumor,BRCA,breast invasive carcinoma
TCGA-BH-A0HQ-01,TCGA-BH-A0HQ,1,Primary Solid Tumor,BRCA,breast invasive carcinoma
TCGA-BH-A0HU-01,TCGA-BH-A0HU,1,Primary Solid Tumor,BRCA,breast invasive carcinoma
TCGA-BH-A0HW-01,TCGA-BH-A0HW,1,Primary Solid Tumor,BRCA,breast invasive carcinoma
TCGA-BH-A0HX-01,TCGA-BH-A0HX,1,Primary Solid Tumor,BRCA,breast invasive carcinoma
TCGA-BH-A0HY-01,TCGA-BH-A0HY,1,Primary Solid Tumor,BRCA,breast invasive carcinoma
TCGA-BH-A0RX-01,TCGA-BH-A0RX,1,Primary Solid Tumor,BRCA,breast invasive carcinoma
TCGA-BH-A0W3-01,TCGA-BH-A0W3,1,Primary Solid Tumor,BRCA,breast invasive carcinoma
TCGA-BH-A0W4-01,TCGA-BH-A0W4,1,Primary Solid Tumor,BRCA,breast invasive carcinoma
TCGA-BH-A0W5-01,TCGA-BH-A0W5,1,Primary Solid Tumor,BRCA,breast invasive carcinoma
TCGA-BH-A0W7-01,TCGA-BH-A0W7,1,Primary Solid Tumor,BRCA,breast invasive carcinoma
TCGA-BH-A0WA-01,TCGA-BH-A0WA,1,Primary Solid Tumor,BRCA,breast invasive carcinoma
TCGA-BH-A18F-01,TCGA-BH-A18F,1,Primary Solid Tumor,BRCA,breast invasive carcinoma
TCGA-BH-A18G-01,TCGA-BH-A18G,1,Primary Solid Tumor,BRCA,breast invasive carcinoma
TCGA-BH-A18H-01,TCGA-BH-A18H,1,Primary Solid Tumor,BRCA,breast invasive carcinoma
TCGA-BH-A18I-01,TCGA-BH-A18I,1,Primary Solid Tumor,BRCA,breast invasive carcinoma
TCGA-BH-A18J-01,TCGA-BH-A18J,1,Primary Solid Tumor,BRCA,breast invasive carcinoma
TCGA-BH-A18K-01,TCGA-BH-A18K,1,Primary Solid Tumor,BRCA,breast invasive carcinoma
TCGA-BH-A18L-01,TCGA-BH-A18L,1,Primary Solid Tumor,BRCA,breast invasive carcinoma
TCGA-BH-A18M-01,TCGA-BH-A18M,1,Primary Solid Tumor,BRCA,breast invasive carcinoma
TCGA-BH-A18N-01,TCGA-BH-A18N,1,Primary Solid Tumor,BRCA,breast invasive carcinoma
TCGA-BH-A18P-01,TCGA-BH-A18P,1,Primary Solid Tumor,BRCA,breast invasive carcinoma
TCGA-BH-A18Q-01,TCGA-BH-A18Q,1,Primary Solid Tumor,BRCA,breast invasive carcinoma
TCGA-BH-A18R-01,TCGA-BH-A18R,1,Primary Solid Tumor,BRCA,breast invasive carcinoma
TCGA-BH-A18S-01,TCGA-BH-A18S,1,Primary Solid Tumor,BRCA,breast invasive carcinoma
TCGA-BH-A18T-01,TCGA-BH-A18T,1,Primary Solid Tumor,BRCA,breast invasive carcinoma
TCGA-BH-A18U-01,TCGA-BH-A18U,1,Primary Solid Tumor,BRCA,breast invasive carcinoma
TCGA-BH-A18V-01,TCGA-BH-A18V,1,Primary Solid Tumor,BRCA,breast invasive carcinoma
TCGA-BH-A1EN-01,TCGA-BH-A1EN,1,Primary Solid Tumor,BRCA,breast invasive carcinoma
TCGA-BH-A1EO-01,TCGA-BH-A1EO,1,Primary Solid Tumor,BRCA,breast invasive carcinoma
TCGA-BH-A1ES-01,TCGA-BH-A1ES,1,Primary Solid Tumor,BRCA,breast invasive carcinoma
TCGA-BH-A1ET-01,TCGA-BH-A1ET,1,Primary Solid Tumor,BRCA,breast invasive carcinoma
TCGA-BH-A1EU-01,TCGA-BH-A1EU,1,Primary Solid Tumor,BRCA,breast invasive carcinoma
TCGA-BH-A1EV-01,TCGA-BH-A1EV,1,Primary Solid Tumor,BRCA,breast invasive carcinoma
TCGA-BH-A1EW-01,TCGA-BH-A1EW,1,Primary Solid Tumor,BRCA,breast invasive carcinoma
TCGA-BH-A1EX-01,TCGA-BH-A1EX,1,Primary Solid Tumor,BRCA,breast invasive carcinoma
TCGA-BH-A1EY-01,TCGA-BH-A1EY,1,Primary Solid Tumor,BRCA,breast invasive carcinoma
TCGA-BH-A1F0-01,TCGA-BH-A1F0,1,Primary Solid Tumor,BRCA,breast invasive carcinoma
TCGA-BH-A1F2-01,TCGA-BH-A1F2,1,Primary Solid Tumor,BRCA,breast invasive carcinoma
TCGA-BH-A1F5-01,TCGA-BH-A1F5,1,Primary Solid Tumor,BRCA,breast invasive carcinoma
TCGA-BH-A1F6-01,TCGA-BH-A1F6,1,Primary Solid Tumor,BRCA,breast invasive carcinoma
TCGA-BH-A1F8-01,TCGA-BH-A1F8,1,Primary Solid Tumor,BRCA,breast invasive carcinoma
TCGA-BH-A1FB-01,TCGA-BH-A1FB,1,Primary Solid Tumor,BRCA,breast invasive carcinoma
TCGA-BH-A1FC-01,TCGA-BH-A1FC,1,Primary Solid Tumor,BRCA,breast invasive carcinoma
TCGA-BH-A1FD-01,TCGA-BH-A1FD,1,Primary Solid Tumor,BRCA,breast invasive carcinoma
TCGA-BH-A1FE-01,TCGA-BH-A1FE,1,Primary Solid Tumor,BRCA,breast invasive carcinoma
TCGA-BH-A1FG-01,TCGA-BH-A1FG,1,Primary Solid Tumor,BRCA,breast invasive carcinoma
TCGA-BH-A1FH-01,TCGA-BH-A1FH,1,Primary Solid Tumor,BRCA,breast invasive carcinoma
TCGA-BH-A1FJ-01,TCGA-BH-A1FJ,1,Primary Solid Tumor,BRCA,breast invasive carcinoma
TCGA-BH-A1FL-01,TCGA-BH-A1FL,1,Primary Solid Tumor,BRCA,breast invasive carcinoma
TCGA-BH-A1FM-01,TCGA-BH-A1FM,1,Primary Solid Tumor,BRCA,breast invasive carcinoma
TCGA-BH-A1FN-01,TCGA-BH-A1FN,1,Primary Solid Tumor,BRCA,breast invasive carcinoma
TCGA-BH-A1FR-01,TCGA-BH-A1FR,1,Primary Solid Tumor,BRCA,breast invasive carcinoma
TCGA-BH-A1FU-01,TCGA-BH-A1FU,1,Primary Solid Tumor,BRCA,breast invasive carcinoma
TCGA-BH-A201-01,TCGA-BH-A201,1,Primary Solid Tumor,BRCA,breast invasive carcinoma
TCGA-BH-A202-01,TCGA-BH-A202,1,Primary Solid Tumor,BRCA,breast invasive carcinoma
TCGA-BH-A203-01,TCGA-BH-A203,1,Primary Solid Tumor,BRCA,breast invasive carcinoma
TCGA-BH-A204-01,TCGA-BH-A204,1,Primary Solid Tumor,BRCA,breast invasive carcinoma
TCGA-BH-A208-01,TCGA-BH-A208,1,Primary Solid Tumor,BRCA,breast invasive carcinoma
TCGA-BH-A209-01,TCGA-BH-A209,1,Primary Solid Tumor,BRCA,breast invasive carcinoma
TCGA-BH-A28O-01,TCGA-BH-A28O,1,Primary Solid Tumor,BRCA,breast invasive carcinoma
TCGA-BH-A28Q-01,TCGA-BH-A28Q,1,Primary Solid Tumor,BRCA,breast invasive carcinoma
TCGA-BH-A2L8-01,TCGA-BH-A2L8,1,Primary Solid Tumor,BRCA,breast invasive carcinoma
TCGA-BH-A42T-01,TCGA-BH-A42T,1,Primary Solid Tumor,BRCA,breast invasive carcinoma
TCGA-BH-A42U-01,TCGA-BH-A42U,1,Primary Solid Tumor,BRCA,breast invasive carcinoma
TCGA-BH-A42V-01,TCGA-BH-A42V,1,Primary Solid Tumor,BRCA,breast invasive carcinoma
TCGA-BH-A5IZ-01,TCGA-BH-A5IZ,1,Primary Solid Tumor,BRCA,breast invasive carcinoma
TCGA-BH-A5J0-01,TCGA-BH-A5J0,1,Primary Solid Tumor,BRCA,breast invasive carcinoma
TCGA-BH-A6R8-01,TCGA-BH-A6R8,1,Primary Solid Tumor,BRCA,breast invasive carcinoma
TCGA-BH-A6R9-01,TCGA-BH-A6R9,1,Primary Solid Tumor,BRCA,breast invasive carcinoma
TCGA-BH-A8FY-01,TCGA-BH-A8FY,1,Primary Solid Tumor,BRCA,breast invasive carcinoma
TCGA-BH-A8FZ-01,TCGA-BH-A8FZ,1,Primary Solid Tumor,BRCA,breast invasive carcinoma
TCGA-BH-A8G0-01,TCGA-BH-A8G0,1,Primary Solid Tumor,BRCA,breast invasive carcinoma
TCGA-BH-AB28-01,TCGA-BH-AB28,1,Primary Solid Tumor,BRCA,breast invasive carcinoma
TCGA-BK-A0C9-01,TCGA-BK-A0C9,1,Primary Solid Tumor,UCEC,uterine corpus endometrioid carcinoma
TCGA-BK-A0CA-01,TCGA-BK-A0CA,1,Primary Solid Tumor,UCEC,uterine corpus endometrioid carcinoma
TCGA-BK-A0CB-01,TCGA-BK-A0CB,1,Primary Solid Tumor,UCEC,uterine corpus endometrioid carcinoma
TCGA-BK-A0CC-01,TCGA-BK-A0CC,1,Primary Solid Tumor,UCEC,uterine corpus endometrioid carcinoma
TCGA-BK-A139-01,TCGA-BK-A139,1,Primary Solid Tumor,UCEC,uterine corpus endometrioid carcinoma
TCGA-BK-A13B-01,TCGA-BK-A13B,1,Primary Solid Tumor,UCEC,uterine corpus endometrioid carcinoma
TCGA-BK-A13C-01,TCGA-BK-A13C,1,Primary Solid Tumor,UCEC,uterine corpus endometrioid carcinoma
TCGA-BK-A26L-01,TCGA-BK-A26L,1,Primary Solid Tumor,UCEC,uterine corpus endometrioid carcinoma
TCGA-BK-A4ZD-01,TCGA-BK-A4ZD,1,Primary Solid Tumor,UCEC,uterine corpus endometrioid carcinoma
TCGA-BK-A56F-01,TCGA-BK-A56F,1,Primary Solid Tumor,UCEC,uterine corpus endometrioid carcinoma
TCGA-BK-A6W3-01,TCGA-BK-A6W3,1,Primary Solid Tumor,UCEC,uterine corpus endometrioid carcinoma
TCGA-BK-A6W4-01,TCGA-BK-A6W4,1,Primary Solid Tumor,UCEC,uterine corpus endometrioid carcinoma
TCGA-BP-4158-01,TCGA-BP-4158,1,Primary Solid Tumor,KIRC,kidney clear cell carcinoma
TCGA-BP-4159-01,TCGA-BP-4159,1,Primary Solid Tumor,KIRC,kidney clear cell carcinoma
TCGA-BP-4160-01,TCGA-BP-4160,1,Primary Solid Tumor,KIRC,kidney clear cell carcinoma
TCGA-BP-4161-01,TCGA-BP-4161,1,Primary Solid Tumor,KIRC,kidney clear cell carcinoma
TCGA-BP-4162-01,TCGA-BP-4162,1,Primary Solid Tumor,KIRC,kidney clear cell carcinoma
TCGA-BP-4163-01,TCGA-BP-4163,1,Primary Solid Tumor,KIRC,kidney clear cell carcinoma
TCGA-BP-4164-01,TCGA-BP-4164,1,Primary Solid Tumor,KIRC,kidney clear cell carcinoma
TCGA-BP-4165-01,TCGA-BP-4165,1,Primary Solid Tumor,KIRC,kidney clear cell carcinoma
TCGA-BP-4166-01,TCGA-BP-4166,1,Primary Solid Tumor,KIRC,kidney clear cell carcinoma
TCGA-BP-4167-01,TCGA-BP-4167,1,Primary Solid Tumor,KIRC,kidney clear cell carcinoma
TCGA-BP-4169-01,TCGA-BP-4169,1,Primary Solid Tumor,KIRC,kidney clear cell carcinoma
TCGA-BP-4170-01,TCGA-BP-4170,1,Primary Solid Tumor,KIRC,kidney clear cell carcinoma
TCGA-BP-4173-01,TCGA-BP-4173,1,Primary Solid Tumor,KIRC,kidney clear cell carcinoma
TCGA-BP-4174-01,TCGA-BP-4174,1,Primary Solid Tumor,KIRC,kidney clear cell carcinoma
TCGA-BP-4176-01,TCGA-BP-4176,1,Primary Solid Tumor,KIRC,kidney clear cell carcinoma
TCGA-BP-4177-01,TCGA-BP-4177,1,Primary Solid Tumor,KIRC,kidney clear cell carcinoma
TCGA-BP-4325-01,TCGA-BP-4325,1,Primary Solid Tumor,KIRC,kidney clear cell carcinoma
TCGA-BP-4326-01,TCGA-BP-4326,1,Primary Solid Tumor,KIRC,kidney clear cell carcinoma
TCGA-BP-4327-01,TCGA-BP-4327,1,Primary Solid Tumor,KIRC,kidney clear cell carcinoma
TCGA-BP-4329-01,TCGA-BP-4329,1,Primary Solid Tumor,KIRC,kidney clear cell carcinoma
TCGA-BP-4330-01,TCGA-BP-4330,1,Primary Solid Tumor,KIRC,kidney clear cell carcinoma
TCGA-BP-4331-01,TCGA-BP-4331,1,Primary Solid Tumor,KIRC,kidney clear cell carcinoma
TCGA-BP-4332-01,TCGA-BP-4332,1,Primary Solid Tumor,KIRC,kidney clear cell carcinoma
TCGA-BP-4334-01,TCGA-BP-4334,1,Primary Solid Tumor,KIRC,kidney clear cell carcinoma
TCGA-BP-4335-01,TCGA-BP-4335,1,Primary Solid Tumor,KIRC,kidney clear cell carcinoma
TCGA-BP-4337-01,TCGA-BP-4337,1,Primary Solid Tumor,KIRC,kidney clear cell carcinoma
TCGA-BP-4338-01,TCGA-BP-4338,1,Primary Solid Tumor,KIRC,kidney clear cell carcinoma
TCGA-BP-4340-01,TCGA-BP-4340,1,Primary Solid Tumor,KIRC,kidney clear cell carcinoma
TCGA-BP-4341-01,TCGA-BP-4341,1,Primary Solid Tumor,KIRC,kidney clear cell carcinoma
TCGA-BP-4342-01,TCGA-BP-4342,1,Primary Solid Tumor,KIRC,kidney clear cell carcinoma
TCGA-BP-4343-01,TCGA-BP-4343,1,Primary Solid Tumor,KIRC,kidney clear cell carcinoma
TCGA-BP-4344-01,TCGA-BP-4344,1,Primary Solid Tumor,KIRC,kidney clear cell carcinoma
TCGA-BP-4345-01,TCGA-BP-4345,1,Primary Solid Tumor,KIRC,kidney clear cell carcinoma
TCGA-BP-4346-01,TCGA-BP-4346,1,Primary Solid Tumor,KIRC,kidney clear cell carcinoma
TCGA-BP-4347-01,TCGA-BP-4347,1,Primary Solid Tumor,KIRC,kidney clear cell carcinoma
TCGA-BP-4349-01,TCGA-BP-4349,1,Primary Solid Tumor,KIRC,kidney clear cell carcinoma
TCGA-BP-4351-01,TCGA-BP-4351,1,Primary Solid Tumor,KIRC,kidney clear cell carcinoma
TCGA-BP-4352-01,TCGA-BP-4352,1,Primary Solid Tumor,KIRC,kidney clear cell carcinoma
TCGA-BP-4353-01,TCGA-BP-4353,1,Primary Solid Tumor,KIRC,kidney clear cell carcinoma
TCGA-BP-4354-01,TCGA-BP-4354,1,Primary Solid Tumor,KIRC,kidney clear cell carcinoma
TCGA-BP-4355-01,TCGA-BP-4355,1,Primary Solid Tumor,KIRC,kidney clear cell carcinoma
TCGA-BP-4756-01,TCGA-BP-4756,1,Primary Solid Tumor,KIRC,kidney clear cell carcinoma
TCGA-BP-4758-01,TCGA-BP-4758,1,Primary Solid Tumor,KIRC,kidney clear cell carcinoma
TCGA-BP-4759-01,TCGA-BP-4759,1,Primary Solid Tumor,KIRC,kidney clear cell carcinoma
TCGA-BP-4760-01,TCGA-BP-4760,1,Primary Solid Tumor,KIRC,kidney clear cell carcinoma
TCGA-BP-4761-01,TCGA-BP-4761,1,Primary Solid Tumor,KIRC,kidney clear cell carcinoma
TCGA-BP-4762-01,TCGA-BP-4762,1,Primary Solid Tumor,KIRC,kidney clear cell carcinoma
TCGA-BP-4763-01,TCGA-BP-4763,1,Primary Solid Tumor,KIRC,kidney clear cell carcinoma
TCGA-BP-4765-01,TCGA-BP-4765,1,Primary Solid Tumor,KIRC,kidney clear cell carcinoma
TCGA-BP-4766-01,TCGA-BP-4766,1,Primary Solid Tumor,KIRC,kidney clear cell carcinoma
TCGA-BP-4768-01,TCGA-BP-4768,1,Primary Solid Tumor,KIRC,kidney clear cell carcinoma
TCGA-BP-4769-01,TCGA-BP-4769,1,Primary Solid Tumor,KIRC,kidney clear cell carcinoma
TCGA-BP-4770-01,TCGA-BP-4770,1,Primary Solid Tumor,KIRC,kidney clear cell carcinoma
TCGA-BP-4771-01,TCGA-BP-4771,1,Primary Solid Tumor,KIRC,kidney clear cell carcinoma
TCGA-BP-4774-01,TCGA-BP-4774,1,Primary Solid Tumor,KIRC,kidney clear cell carcinoma
TCGA-BP-4775-01,TCGA-BP-4775,1,Primary Solid Tumor,KIRC,kidney clear cell carcinoma
TCGA-BP-4776-01,TCGA-BP-4776,1,Primary Solid Tumor,KIRC,kidney clear cell carcinoma
TCGA-BP-4777-01,TCGA-BP-4777,1,Primary Solid Tumor,KIRC,kidney clear cell carcinoma
TCGA-BP-4781-01,TCGA-BP-4781,1,Primary Solid Tumor,KIRC,kidney clear cell carcinoma
TCGA-BP-4782-01,TCGA-BP-4782,1,Primary Solid Tumor,KIRC,kidney clear cell carcinoma
TCGA-BP-4784-01,TCGA-BP-4784,1,Primary Solid Tumor,KIRC,kidney clear cell carcinoma
TCGA-BP-4787-01,TCGA-BP-4787,1,Primary Solid Tumor,KIRC,kidney clear cell carcinoma
TCGA-BP-4789-01,TCGA-BP-4789,1,Primary Solid Tumor,KIRC,kidney clear cell carcinoma
TCGA-BP-4790-01,TCGA-BP-4790,1,Primary Solid Tumor,KIRC,kidney clear cell carcinoma
TCGA-BP-4795-01,TCGA-BP-4795,1,Primary Solid Tumor,KIRC,kidney clear cell carcinoma
TCGA-BP-4797-01,TCGA-BP-4797,1,Primary Solid Tumor,KIRC,kidney clear cell carcinoma
TCGA-BP-4798-01,TCGA-BP-4798,1,Primary Solid Tumor,KIRC,kidney clear cell carcinoma
TCGA-BP-4799-01,TCGA-BP-4799,1,Primary Solid Tumor,KIRC,kidney clear cell carcinoma
TCGA-BP-4801-01,TCGA-BP-4801,1,Primary Solid Tumor,KIRC,kidney clear cell carcinoma
TCGA-BP-4803-01,TCGA-BP-4803,1,Primary Solid Tumor,KIRC,kidney clear cell carcinoma
TCGA-BP-4804-01,TCGA-BP-4804,1,Primary Solid Tumor,KIRC,kidney clear cell carcinoma
TCGA-BP-4807-01,TCGA-BP-4807,1,Primary Solid Tumor,KIRC,kidney clear cell carcinoma
TCGA-BP-4959-01,TCGA-BP-4959,1,Primary Solid Tumor,KIRC,kidney clear cell carcinoma
TCGA-BP-4960-01,TCGA-BP-4960,1,Primary Solid Tumor,KIRC,kidney clear cell carcinoma
TCGA-BP-4961-01,TCGA-BP-4961,1,Primary Solid Tumor,KIRC,kidney clear cell carcinoma
TCGA-BP-4962-01,TCGA-BP-4962,1,Primary Solid Tumor,KIRC,kidney clear cell carcinoma
TCGA-BP-4963-01,TCGA-BP-4963,1,Primary Solid Tumor,KIRC,kidney clear cell carcinoma
TCGA-BP-4964-01,TCGA-BP-4964,1,Primary Solid Tumor,KIRC,kidney clear cell carcinoma
TCGA-BP-4965-01,TCGA-BP-4965,1,Primary Solid Tumor,KIRC,kidney clear cell carcinoma
TCGA-BP-4967-01,TCGA-BP-4967,1,Primary Solid Tumor,KIRC,kidney clear cell carcinoma
TCGA-BP-4968-01,TCGA-BP-4968,1,Primary Solid Tumor,KIRC,kidney clear cell carcinoma
TCGA-BP-4969-01,TCGA-BP-4969,1,Primary Solid Tumor,KIRC,kidney clear cell carcinoma
TCGA-BP-4970-01,TCGA-BP-4970,1,Primary Solid Tumor,KIRC,kidney clear cell carcinoma
TCGA-BP-4971-01,TCGA-BP-4971,1,Primary Solid Tumor,KIRC,kidney clear cell carcinoma
TCGA-BP-4972-01,TCGA-BP-4972,1,Primary Solid Tumor,KIRC,kidney clear cell carcinoma
TCGA-BP-4973-01,TCGA-BP-4973,1,Primary Solid Tumor,KIRC,kidney clear cell carcinoma
TCGA-BP-4974-01,TCGA-BP-4974,1,Primary Solid Tumor,KIRC,kidney clear cell carcinoma
TCGA-BP-4975-01,TCGA-BP-4975,1,Primary Solid Tumor,KIRC,kidney clear cell carcinoma
TCGA-BP-4976-01,TCGA-BP-4976,1,Primary Solid Tumor,KIRC,kidney clear cell carcinoma
TCGA-BP-4977-01,TCGA-BP-4977,1,Primary Solid Tumor,KIRC,kidney clear cell carcinoma
TCGA-BP-4981-01,TCGA-BP-4981,1,Primary Solid Tumor,KIRC,kidney clear cell carcinoma
TCGA-BP-4982-01,TCGA-BP-4982,1,Primary Solid Tumor,KIRC,kidney clear cell carcinoma
TCGA-BP-4983-01,TCGA-BP-4983,1,Primary Solid Tumor,KIRC,kidney clear cell carcinoma
TCGA-BP-4985-01,TCGA-BP-4985,1,Primary Solid Tumor,KIRC,kidney clear cell carcinoma
TCGA-BP-4986-01,TCGA-BP-4986,1,Primary Solid Tumor,KIRC,kidney clear cell carcinoma
TCGA-BP-4987-01,TCGA-BP-4987,1,Primary Solid Tumor,KIRC,kidney clear cell carcinoma
TCGA-BP-4988-01,TCGA-BP-4988,1,Primary Solid Tumor,KIRC,kidney clear cell carcinoma
TCGA-BP-4989-01,TCGA-BP-4989,1,Primary Solid Tumor,KIRC,kidney clear cell carcinoma
TCGA-BP-4991-01,TCGA-BP-4991,1,Primary Solid Tumor,KIRC,kidney clear cell carcinoma
TCGA-BP-4992-01,TCGA-BP-4992,1,Primary Solid Tumor,KIRC,kidney clear cell carcinoma
TCGA-BP-4993-01,TCGA-BP-4993,1,Primary Solid Tumor,KIRC,kidney clear cell carcinoma
TCGA-BP-4994-01,TCGA-BP-4994,1,Primary Solid Tumor,KIRC,kidney clear cell carcinoma
TCGA-BP-4995-01,TCGA-BP-4995,1,Primary Solid Tumor,KIRC,kidney clear cell carcinoma
TCGA-BP-4998-01,TCGA-BP-4998,1,Primary Solid Tumor,KIRC,kidney clear cell carcinoma
TCGA-BP-4999-01,TCGA-BP-4999,1,Primary Solid Tumor,KIRC,kidney clear cell carcinoma
TCGA-BP-5000-01,TCGA-BP-5000,1,Primary Solid Tumor,KIRC,kidney clear cell carcinoma
TCGA-BP-5001-01,TCGA-BP-5001,1,Primary Solid Tumor,KIRC,kidney clear cell carcinoma
TCGA-BP-5004-01,TCGA-BP-5004,1,Primary Solid Tumor,KIRC,kidney clear cell carcinoma
TCGA-BP-5006-01,TCGA-BP-5006,1,Primary Solid Tumor,KIRC,kidney clear cell carcinoma
TCGA-BP-5007-01,TCGA-BP-5007,1,Primary Solid Tumor,KIRC,kidney clear cell carcinoma
TCGA-BP-5008-01,TCGA-BP-5008,1,Primary Solid Tumor,KIRC,kidney clear cell carcinoma
TCGA-BP-5009-01,TCGA-BP-5009,1,Primary Solid Tumor,KIRC,kidney clear cell carcinoma
TCGA-BP-5010-01,TCGA-BP-5010,1,Primary Solid Tumor,KIRC,kidney clear cell carcinoma
TCGA-BP-5168-01,TCGA-BP-5168,1,Primary Solid Tumor,KIRC,kidney clear cell carcinoma
TCGA-BP-5169-01,TCGA-BP-5169,1,Primary Solid Tumor,KIRC,kidney clear cell carcinoma
TCGA-BP-5170-01,TCGA-BP-5170,1,Primary Solid Tumor,KIRC,kidney clear cell carcinoma
TCGA-BP-5173-01,TCGA-BP-5173,1,Primary Solid Tumor,KIRC,kidney clear cell carcinoma
TCGA-BP-5174-01,TCGA-BP-5174,1,Primary Solid Tumor,KIRC,kidney clear cell carcinoma
TCGA-BP-5175-01,TCGA-BP-5175,1,Primary Solid Tumor,KIRC,kidney clear cell carcinoma
TCGA-BP-5176-01,TCGA-BP-5176,1,Primary Solid Tumor,KIRC,kidney clear cell carcinoma
TCGA-BP-5177-01,TCGA-BP-5177,1,Primary Solid Tumor,KIRC,kidney clear cell carcinoma
TCGA-BP-5178-01,TCGA-BP-5178,1,Primary Solid Tumor,KIRC,kidney clear cell carcinoma
TCGA-BP-5180-01,TCGA-BP-5180,1,Primary Solid Tumor,KIRC,kidney clear cell carcinoma
TCGA-BP-5181-01,TCGA-BP-5181,1,Primary Solid Tumor,KIRC,kidney clear cell carcinoma
TCGA-BP-5182-01,TCGA-BP-5182,1,Primary Solid Tumor,KIRC,kidney clear cell carcinoma
TCGA-BP-5183-01,TCGA-BP-5183,1,Primary Solid Tumor,KIRC,kidney clear cell carcinoma
TCGA-BP-5184-01,TCGA-BP-5184,1,Primary Solid Tumor,KIRC,kidney clear cell carcinoma
TCGA-BP-5185-01,TCGA-BP-5185,1,Primary Solid Tumor,KIRC,kidney clear cell carcinoma
TCGA-BP-5186-01,TCGA-BP-5186,1,Primary Solid Tumor,KIRC,kidney clear cell carcinoma
TCGA-BP-5187-01,TCGA-BP-5187,1,Primary Solid Tumor,KIRC,kidney clear cell carcinoma
TCGA-BP-5189-01,TCGA-BP-5189,1,Primary Solid Tumor,KIRC,kidney clear cell carcinoma
TCGA-BP-5190-01,TCGA-BP-5190,1,Primary Solid Tumor,KIRC,kidney clear cell carcinoma
TCGA-BP-5191-01,TCGA-BP-5191,1,Primary Solid Tumor,KIRC,kidney clear cell carcinoma
TCGA-BP-5192-01,TCGA-BP-5192,1,Primary Solid Tumor,KIRC,kidney clear cell carcinoma
TCGA-BP-5194-01,TCGA-BP-5194,1,Primary Solid Tumor,KIRC,kidney clear cell carcinoma
TCGA-BP-5195-01,TCGA-BP-5195,1,Primary Solid Tumor,KIRC,kidney clear cell carcinoma
TCGA-BP-5196-01,TCGA-BP-5196,1,Primary Solid Tumor,KIRC,kidney clear cell carcinoma
TCGA-BP-5198-01,TCGA-BP-5198,1,Primary Solid Tumor,KIRC,kidney clear cell carcinoma
TCGA-BP-5199-01,TCGA-BP-5199,1,Primary Solid Tumor,KIRC,kidney clear cell carcinoma
TCGA-BP-5200-01,TCGA-BP-5200,1,Primary Solid Tumor,KIRC,kidney clear cell carcinoma
TCGA-BP-5201-01,TCGA-BP-5201,1,Primary Solid Tumor,KIRC,kidney clear cell carcinoma
TCGA-BP-5202-01,TCGA-BP-5202,1,Primary Solid Tumor,KIRC,kidney clear cell carcinoma
TCGA-BS-A0T9-01,TCGA-BS-A0T9,1,Primary Solid Tumor,UCEC,uterine corpus endometrioid carcinoma
TCGA-BS-A0TA-01,TCGA-BS-A0TA,1,Primary Solid Tumor,UCEC,uterine corpus endometrioid carcinoma
TCGA-BS-A0TC-01,TCGA-BS-A0TC,1,Primary Solid Tumor,UCEC,uterine corpus endometrioid carcinoma
TCGA-BS-A0TD-01,TCGA-BS-A0TD,1,Primary Solid Tumor,UCEC,uterine corpus endometrioid carcinoma
TCGA-BS-A0TE-01,TCGA-BS-A0TE,1,Primary Solid Tumor,UCEC,uterine corpus endometrioid carcinoma
TCGA-BS-A0TG-01,TCGA-BS-A0TG,1,Primary Solid Tumor,UCEC,uterine corpus endometrioid carcinoma
TCGA-BS-A0TI-01,TCGA-BS-A0TI,1,Primary Solid Tumor,UCEC,uterine corpus endometrioid carcinoma
TCGA-BS-A0TJ-01,TCGA-BS-A0TJ,1,Primary Solid Tumor,UCEC,uterine corpus endometrioid carcinoma
TCGA-BS-A0U5-01,TCGA-BS-A0U5,1,Primary Solid Tumor,UCEC,uterine corpus endometrioid carcinoma
TCGA-BS-A0U7-01,TCGA-BS-A0U7,1,Primary Solid Tumor,UCEC,uterine corpus endometrioid carcinoma
TCGA-BS-A0U8-01,TCGA-BS-A0U8,1,Primary Solid Tumor,UCEC,uterine corpus endometrioid carcinoma
TCGA-BS-A0U9-01,TCGA-BS-A0U9,1,Primary Solid Tumor,UCEC,uterine corpus endometrioid carcinoma
TCGA-BS-A0UA-01,TCGA-BS-A0UA,1,Primary Solid Tumor,UCEC,uterine corpus endometrioid carcinoma
TCGA-BS-A0UF-01,TCGA-BS-A0UF,1,Primary Solid Tumor,UCEC,uterine corpus endometrioid carcinoma
TCGA-BS-A0UJ-01,TCGA-BS-A0UJ,1,Primary Solid Tumor,UCEC,uterine corpus endometrioid carcinoma
TCGA-BS-A0UL-01,TCGA-BS-A0UL,1,Primary Solid Tumor,UCEC,uterine corpus endometrioid carcinoma
TCGA-BS-A0UM-01,TCGA-BS-A0UM,1,Primary Solid Tumor,UCEC,uterine corpus endometrioid carcinoma
TCGA-BS-A0UT-01,TCGA-BS-A0UT,1,Primary Solid Tumor,UCEC,uterine corpus endometrioid carcinoma
TCGA-BS-A0UV-01,TCGA-BS-A0UV,1,Primary Solid Tumor,UCEC,uterine corpus endometrioid carcinoma
TCGA-BS-A0V4-01,TCGA-BS-A0V4,1,Primary Solid Tumor,UCEC,uterine corpus endometrioid carcinoma
TCGA-BS-A0V6-01,TCGA-BS-A0V6,1,Primary Solid Tumor,UCEC,uterine corpus endometrioid carcinoma
TCGA-BS-A0V7-01,TCGA-BS-A0V7,1,Primary Solid Tumor,UCEC,uterine corpus endometrioid carcinoma
TCGA-BS-A0V8-01,TCGA-BS-A0V8,1,Primary Solid Tumor,UCEC,uterine corpus endometrioid carcinoma
TCGA-BS-A0VI-01,TCGA-BS-A0VI,1,Primary Solid Tumor,UCEC,uterine corpus endometrioid carcinoma
TCGA-BS-A0WQ-01,TCGA-BS-A0WQ,1,Primary Solid Tumor,UCEC,uterine corpus endometrioid carcinoma
TCGA-C8-A12K-01,TCGA-C8-A12K,1,Primary Solid Tumor,BRCA,breast invasive carcinoma
TCGA-C8-A12L-01,TCGA-C8-A12L,1,Primary Solid Tumor,BRCA,breast invasive carcinoma
TCGA-C8-A12M-01,TCGA-C8-A12M,1,Primary Solid Tumor,BRCA,breast invasive carcinoma
TCGA-C8-A12N-01,TCGA-C8-A12N,1,Primary Solid Tumor,BRCA,breast invasive carcinoma
TCGA-C8-A12O-01,TCGA-C8-A12O,1,Primary Solid Tumor,BRCA,breast invasive carcinoma
TCGA-C8-A12P-01,TCGA-C8-A12P,1,Primary Solid Tumor,BRCA,breast invasive carcinoma
TCGA-C8-A12Q-01,TCGA-C8-A12Q,1,Primary Solid Tumor,BRCA,breast invasive carcinoma
TCGA-C8-A12T-01,TCGA-C8-A12T,1,Primary Solid Tumor,BRCA,breast invasive carcinoma
TCGA-C8-A12U-01,TCGA-C8-A12U,1,Primary Solid Tumor,BRCA,breast invasive carcinoma
TCGA-C8-A12V-01,TCGA-C8-A12V,1,Primary Solid Tumor,BRCA,breast invasive carcinoma
TCGA-C8-A12W-01,TCGA-C8-A12W,1,Primary Solid Tumor,BRCA,breast invasive carcinoma
TCGA-C8-A12X-01,TCGA-C8-A12X,1,Primary Solid Tumor,BRCA,breast invasive carcinoma
TCGA-C8-A12Y-01,TCGA-C8-A12Y,1,Primary Solid Tumor,BRCA,breast invasive carcinoma
TCGA-C8-A12Z-01,TCGA-C8-A12Z,1,Primary Solid Tumor,BRCA,breast invasive carcinoma
TCGA-C8-A130-01,TCGA-C8-A130,1,Primary Solid Tumor,BRCA,breast invasive carcinoma
TCGA-C8-A131-01,TCGA-C8-A131,1,Primary Solid Tumor,BRCA,breast invasive carcinoma
TCGA-C8-A132-01,TCGA-C8-A132,1,Primary Solid Tumor,BRCA,breast invasive carcinoma
TCGA-C8-A133-01,TCGA-C8-A133,1,Primary Solid Tumor,BRCA,breast invasive carcinoma
TCGA-C8-A134-01,TCGA-C8-A134,1,Primary Solid Tumor,BRCA,breast invasive carcinoma
TCGA-C8-A135-01,TCGA-C8-A135,1,Primary Solid Tumor,BRCA,breast invasive carcinoma
TCGA-C8-A137-01,TCGA-C8-A137,1,Primary Solid Tumor,BRCA,breast invasive carcinoma
TCGA-C8-A138-01,TCGA-C8-A138,1,Primary Solid Tumor,BRCA,breast invasive carcinoma
TCGA-C8-A1HE-01,TCGA-C8-A1HE,1,Primary Solid Tumor,BRCA,breast invasive carcinoma
TCGA-C8-A1HF-01,TCGA-C8-A1HF,1,Primary Solid Tumor,BRCA,breast invasive carcinoma
TCGA-C8-A1HG-01,TCGA-C8-A1HG,1,Primary Solid Tumor,BRCA,breast invasive carcinoma
TCGA-C8-A1HI-01,TCGA-C8-A1HI,1,Primary Solid Tumor,BRCA,breast invasive carcinoma
TCGA-C8-A1HJ-01,TCGA-C8-A1HJ,1,Primary Solid Tumor,BRCA,breast invasive carcinoma
TCGA-C8-A1HK-01,TCGA-C8-A1HK,1,Primary Solid Tumor,BRCA,breast invasive carcinoma
TCGA-C8-A1HL-01,TCGA-C8-A1HL,1,Primary Solid Tumor,BRCA,breast invasive carcinoma
TCGA-C8-A1HM-01,TCGA-C8-A1HM,1,Primary Solid Tumor,BRCA,breast invasive carcinoma
TCGA-C8-A1HN-01,TCGA-C8-A1HN,1,Primary Solid Tumor,BRCA,breast invasive carcinoma
TCGA-C8-A1HO-01,TCGA-C8-A1HO,1,Primary Solid Tumor,BRCA,breast invasive carcinoma
TCGA-C8-A26V-01,TCGA-C8-A26V,1,Primary Solid Tumor,BRCA,breast invasive carcinoma
TCGA-C8-A26W-01,TCGA-C8-A26W,1,Primary Solid Tumor,BRCA,breast invasive carcinoma
TCGA-C8-A26X-01,TCGA-C8-A26X,1,Primary Solid Tumor,BRCA,breast invasive carcinoma
TCGA-C8-A26Y-01,TCGA-C8-A26Y,1,Primary Solid Tumor,BRCA,breast invasive carcinoma
TCGA-C8-A26Z-01,TCGA-C8-A26Z,1,Primary Solid Tumor,BRCA,breast invasive carcinoma
TCGA-C8-A273-01,TCGA-C8-A273,1,Primary Solid Tumor,BRCA,breast invasive carcinoma
TCGA-C8-A274-01,TCGA-C8-A274,1,Primary Solid Tumor,BRCA,breast invasive carcinoma
TCGA-C8-A275-01,TCGA-C8-A275,1,Primary Solid Tumor,BRCA,breast invasive carcinoma
TCGA-C8-A278-01,TCGA-C8-A278,1,Primary Solid Tumor,BRCA,breast invasive carcinoma
TCGA-C8-A27A-01,TCGA-C8-A27A,1,Primary Solid Tumor,BRCA,breast invasive carcinoma
TCGA-C8-A27B-01,TCGA-C8-A27B,1,Primary Solid Tumor,BRCA,breast invasive carcinoma
TCGA-C8-A3M7-01,TCGA-C8-A3M7,1,Primary Solid Tumor,BRCA,breast invasive carcinoma
TCGA-C8-A3M8-01,TCGA-C8-A3M8,1,Primary Solid Tumor,BRCA,breast invasive carcinoma
TCGA-C8-A8HP-01,TCGA-C8-A8HP,1,Primary Solid Tumor,BRCA,breast invasive carcinoma
TCGA-C8-A8HQ-01,TCGA-C8-A8HQ,1,Primary Solid Tumor,BRCA,breast invasive carcinoma
TCGA-C8-A8HR-01,TCGA-C8-A8HR,1,Primary Solid Tumor,BRCA,breast invasive carcinoma
TCGA-C9-A47Z-01,TCGA-C9-A47Z,1,Primary Solid Tumor,HNSC,head & neck squamous cell carcinoma
TCGA-C9-A480-01,TCGA-C9-A480,1,Primary Solid Tumor,HNSC,head & neck squamous cell carcinoma
TCGA-CA-5254-01,TCGA-CA-5254,1,Primary Solid Tumor,COAD,colon adenocarcinoma
TCGA-CA-5255-01,TCGA-CA-5255,1,Primary Solid Tumor,COAD,colon adenocarcinoma
TCGA-CA-5256-01,TCGA-CA-5256,1,Primary Solid Tumor,COAD,colon adenocarcinoma
TCGA-CA-5796-01,TCGA-CA-5796,1,Primary Solid Tumor,COAD,colon adenocarcinoma
TCGA-CA-5797-01,TCGA-CA-5797,1,Primary Solid Tumor,COAD,colon adenocarcinoma
TCGA-CA-6715-01,TCGA-CA-6715,1,Primary Solid Tumor,COAD,colon adenocarcinoma
TCGA-CA-6716-01,TCGA-CA-6716,1,Primary Solid Tumor,COAD,colon adenocarcinoma
TCGA-CA-6717-01,TCGA-CA-6717,1,Primary Solid Tumor,COAD,colon adenocarcinoma
TCGA-CA-6718-01,TCGA-CA-6718,1,Primary Solid Tumor,COAD,colon adenocarcinoma
TCGA-CA-6719-01,TCGA-CA-6719,1,Primary Solid Tumor,COAD,colon adenocarcinoma
TCGA-CJ-4634-01,TCGA-CJ-4634,1,Primary Solid Tumor,KIRC,kidney clear cell carcinoma
TCGA-CJ-4635-01,TCGA-CJ-4635,1,Primary Solid Tumor,KIRC,kidney clear cell carcinoma
TCGA-CJ-4636-01,TCGA-CJ-4636,1,Primary Solid Tumor,KIRC,kidney clear cell carcinoma
TCGA-CJ-4637-01,TCGA-CJ-4637,1,Primary Solid Tumor,KIRC,kidney clear cell carcinoma
TCGA-CJ-4638-01,TCGA-CJ-4638,1,Primary Solid Tumor,KIRC,kidney clear cell carcinoma
TCGA-CJ-4639-01,TCGA-CJ-4639,1,Primary Solid Tumor,KIRC,kidney clear cell carcinoma
TCGA-CJ-4640-01,TCGA-CJ-4640,1,Primary Solid Tumor,KIRC,kidney clear cell carcinoma
TCGA-CJ-4641-01,TCGA-CJ-4641,1,Primary Solid Tumor,KIRC,kidney clear cell carcinoma
TCGA-CJ-4642-01,TCGA-CJ-4642,1,Primary Solid Tumor,KIRC,kidney clear cell carcinoma
TCGA-CJ-4643-01,TCGA-CJ-4643,1,Primary Solid Tumor,KIRC,kidney clear cell carcinoma
TCGA-CJ-4644-01,TCGA-CJ-4644,1,Primary Solid Tumor,KIRC,kidney clear cell carcinoma
TCGA-CJ-4868-01,TCGA-CJ-4868,1,Primary Solid Tumor,KIRC,kidney clear cell carcinoma
TCGA-CJ-4869-01,TCGA-CJ-4869,1,Primary Solid Tumor,KIRC,kidney clear cell carcinoma
TCGA-CJ-4870-01,TCGA-CJ-4870,1,Primary Solid Tumor,KIRC,kidney clear cell carcinoma
TCGA-CJ-4871-01,TCGA-CJ-4871,1,Primary Solid Tumor,KIRC,kidney clear cell carcinoma
TCGA-CJ-4872-01,TCGA-CJ-4872,1,Primary Solid Tumor,KIRC,kidney clear cell carcinoma
TCGA-CJ-4873-01,TCGA-CJ-4873,1,Primary Solid Tumor,KIRC,kidney clear cell carcinoma
TCGA-CJ-4874-01,TCGA-CJ-4874,1,Primary Solid Tumor,KIRC,kidney clear cell carcinoma
TCGA-CJ-4875-01,TCGA-CJ-4875,1,Primary Solid Tumor,KIRC,kidney clear cell carcinoma
TCGA-CJ-4876-01,TCGA-CJ-4876,1,Primary Solid Tumor,KIRC,kidney clear cell carcinoma
TCGA-CJ-4878-01,TCGA-CJ-4878,1,Primary Solid Tumor,KIRC,kidney clear cell carcinoma
TCGA-CJ-4881-01,TCGA-CJ-4881,1,Primary Solid Tumor,KIRC,kidney clear cell carcinoma
TCGA-CJ-4882-01,TCGA-CJ-4882,1,Primary Solid Tumor,KIRC,kidney clear cell carcinoma
TCGA-CJ-4884-01,TCGA-CJ-4884,1,Primary Solid Tumor,KIRC,kidney clear cell carcinoma
TCGA-CJ-4885-01,TCGA-CJ-4885,1,Primary Solid Tumor,KIRC,kidney clear cell carcinoma
TCGA-CJ-4886-01,TCGA-CJ-4886,1,Primary Solid Tumor,KIRC,kidney clear cell carcinoma
TCGA-CJ-4887-01,TCGA-CJ-4887,1,Primary Solid Tumor,KIRC,kidney clear cell carcinoma
TCGA-CJ-4888-01,TCGA-CJ-4888,1,Primary Solid Tumor,KIRC,kidney clear cell carcinoma
TCGA-CJ-4889-01,TCGA-CJ-4889,1,Primary Solid Tumor,KIRC,kidney clear cell carcinoma
TCGA-CJ-4890-01,TCGA-CJ-4890,1,Primary Solid Tumor,KIRC,kidney clear cell carcinoma
TCGA-CJ-4891-01,TCGA-CJ-4891,1,Primary Solid Tumor,KIRC,kidney clear cell carcinoma
TCGA-CJ-4892-01,TCGA-CJ-4892,1,Primary Solid Tumor,KIRC,kidney clear cell carcinoma
TCGA-CJ-4893-01,TCGA-CJ-4893,1,Primary Solid Tumor,KIRC,kidney clear cell carcinoma
TCGA-CJ-4894-01,TCGA-CJ-4894,1,Primary Solid Tumor,KIRC,kidney clear cell carcinoma
TCGA-CJ-4895-01,TCGA-CJ-4895,1,Primary Solid Tumor,KIRC,kidney clear cell carcinoma
TCGA-CJ-4897-01,TCGA-CJ-4897,1,Primary Solid Tumor,KIRC,kidney clear cell carcinoma
TCGA-CJ-4899-01,TCGA-CJ-4899,1,Primary Solid Tumor,KIRC,kidney clear cell carcinoma
TCGA-CJ-4900-01,TCGA-CJ-4900,1,Primary Solid Tumor,KIRC,kidney clear cell carcinoma
TCGA-CJ-4901-01,TCGA-CJ-4901,1,Primary Solid Tumor,KIRC,kidney clear cell carcinoma
TCGA-CJ-4902-01,TCGA-CJ-4902,1,Primary Solid Tumor,KIRC,kidney clear cell carcinoma
TCGA-CJ-4903-01,TCGA-CJ-4903,1,Primary Solid Tumor,KIRC,kidney clear cell carcinoma
TCGA-CJ-4904-01,TCGA-CJ-4904,1,Primary Solid Tumor,KIRC,kidney clear cell carcinoma
TCGA-CJ-4905-01,TCGA-CJ-4905,1,Primary Solid Tumor,KIRC,kidney clear cell carcinoma
TCGA-CJ-4907-01,TCGA-CJ-4907,1,Primary Solid Tumor,KIRC,kidney clear cell carcinoma
TCGA-CJ-4908-01,TCGA-CJ-4908,1,Primary Solid Tumor,KIRC,kidney clear cell carcinoma
TCGA-CJ-4912-01,TCGA-CJ-4912,1,Primary Solid Tumor,KIRC,kidney clear cell carcinoma
TCGA-CJ-4916-01,TCGA-CJ-4916,1,Primary Solid Tumor,KIRC,kidney clear cell carcinoma
TCGA-CJ-4918-01,TCGA-CJ-4918,1,Primary Solid Tumor,KIRC,kidney clear cell carcinoma
TCGA-CJ-4920-01,TCGA-CJ-4920,1,Primary Solid Tumor,KIRC,kidney clear cell carcinoma
TCGA-CJ-4923-01,TCGA-CJ-4923,1,Primary Solid Tumor,KIRC,kidney clear cell carcinoma
TCGA-CJ-5671-01,TCGA-CJ-5671,1,Primary Solid Tumor,KIRC,kidney clear cell carcinoma
TCGA-CJ-5672-01,TCGA-CJ-5672,1,Primary Solid Tumor,KIRC,kidney clear cell carcinoma
TCGA-CJ-5675-01,TCGA-CJ-5675,1,Primary Solid Tumor,KIRC,kidney clear cell carcinoma
TCGA-CJ-5676-01,TCGA-CJ-5676,1,Primary Solid Tumor,KIRC,kidney clear cell carcinoma
TCGA-CJ-5677-01,TCGA-CJ-5677,1,Primary Solid Tumor,KIRC,kidney clear cell carcinoma
TCGA-CJ-5678-01,TCGA-CJ-5678,1,Primary Solid Tumor,KIRC,kidney clear cell carcinoma
TCGA-CJ-5679-01,TCGA-CJ-5679,1,Primary Solid Tumor,KIRC,kidney clear cell carcinoma
TCGA-CJ-5680-01,TCGA-CJ-5680,1,Primary Solid Tumor,KIRC,kidney clear cell carcinoma
TCGA-CJ-5681-01,TCGA-CJ-5681,1,Primary Solid Tumor,KIRC,kidney clear cell carcinoma
TCGA-CJ-5682-01,TCGA-CJ-5682,1,Primary Solid Tumor,KIRC,kidney clear cell carcinoma
TCGA-CJ-5683-01,TCGA-CJ-5683,1,Primary Solid Tumor,KIRC,kidney clear cell carcinoma
TCGA-CJ-5684-01,TCGA-CJ-5684,1,Primary Solid Tumor,KIRC,kidney clear cell carcinoma
TCGA-CJ-5686-01,TCGA-CJ-5686,1,Primary Solid Tumor,KIRC,kidney clear cell carcinoma
TCGA-CJ-5689-01,TCGA-CJ-5689,1,Primary Solid Tumor,KIRC,kidney clear cell carcinoma
TCGA-CJ-6027-01,TCGA-CJ-6027,1,Primary Solid Tumor,KIRC,kidney clear cell carcinoma
TCGA-CJ-6028-01,TCGA-CJ-6028,1,Primary Solid Tumor,KIRC,kidney clear cell carcinoma
TCGA-CJ-6030-01,TCGA-CJ-6030,1,Primary Solid Tumor,KIRC,kidney clear cell carcinoma
TCGA-CJ-6031-01,TCGA-CJ-6031,1,Primary Solid Tumor,KIRC,kidney clear cell carcinoma
TCGA-CJ-6032-01,TCGA-CJ-6032,1,Primary Solid Tumor,KIRC,kidney clear cell carcinoma
TCGA-CJ-6033-01,TCGA-CJ-6033,1,Primary Solid Tumor,KIRC,kidney clear cell carcinoma
TCGA-CK-4947-01,TCGA-CK-4947,1,Primary Solid Tumor,COAD,colon adenocarcinoma
TCGA-CK-4948-01,TCGA-CK-4948,1,Primary Solid Tumor,COAD,colon adenocarcinoma
TCGA-CK-4950-01,TCGA-CK-4950,1,Primary Solid Tumor,COAD,colon adenocarcinoma
TCGA-CK-4951-01,TCGA-CK-4951,1,Primary Solid Tumor,COAD,colon adenocarcinoma
TCGA-CK-4952-01,TCGA-CK-4952,1,Primary Solid Tumor,COAD,colon adenocarcinoma
TCGA-CK-5912-01,TCGA-CK-5912,1,Primary Solid Tumor,COAD,colon adenocarcinoma
TCGA-CK-5913-01,TCGA-CK-5913,1,Primary Solid Tumor,COAD,colon adenocarcinoma
TCGA-CK-5914-01,TCGA-CK-5914,1,Primary Solid Tumor,COAD,colon adenocarcinoma
TCGA-CK-5915-01,TCGA-CK-5915,1,Primary Solid Tumor,COAD,colon adenocarcinoma
TCGA-CK-5916-01,TCGA-CK-5916,1,Primary Solid Tumor,COAD,colon adenocarcinoma
TCGA-CK-6746-01,TCGA-CK-6746,1,Primary Solid Tumor,COAD,colon adenocarcinoma
TCGA-CK-6747-01,TCGA-CK-6747,1,Primary Solid Tumor,COAD,colon adenocarcinoma
TCGA-CK-6748-01,TCGA-CK-6748,1,Primary Solid Tumor,COAD,colon adenocarcinoma
TCGA-CK-6751-01,TCGA-CK-6751,1,Primary Solid Tumor,COAD,colon adenocarcinoma
TCGA-CM-4743-01,TCGA-CM-4743,1,Primary Solid Tumor,COAD,colon adenocarcinoma
TCGA-CM-4744-01,TCGA-CM-4744,1,Primary Solid Tumor,COAD,colon adenocarcinoma
TCGA-CM-4746-01,TCGA-CM-4746,1,Primary Solid Tumor,COAD,colon adenocarcinoma
TCGA-CM-4747-01,TCGA-CM-4747,1,Primary Solid Tumor,COAD,colon adenocarcinoma
TCGA-CM-4748-01,TCGA-CM-4748,1,Primary Solid Tumor,COAD,colon adenocarcinoma
TCGA-CM-4750-01,TCGA-CM-4750,1,Primary Solid Tumor,COAD,colon adenocarcinoma
TCGA-CM-4751-01,TCGA-CM-4751,1,Primary Solid Tumor,COAD,colon adenocarcinoma
TCGA-CM-4752-01,TCGA-CM-4752,1,Primary Solid Tumor,COAD,colon adenocarcinoma
TCGA-CM-5341-01,TCGA-CM-5341,1,Primary Solid Tumor,COAD,colon adenocarcinoma
TCGA-CM-5344-01,TCGA-CM-5344,1,Primary Solid Tumor,COAD,colon adenocarcinoma
TCGA-CM-5348-01,TCGA-CM-5348,1,Primary Solid Tumor,COAD,colon adenocarcinoma
TCGA-CM-5349-01,TCGA-CM-5349,1,Primary Solid Tumor,COAD,colon adenocarcinoma
TCGA-CM-5860-01,TCGA-CM-5860,1,Primary Solid Tumor,COAD,colon adenocarcinoma
TCGA-CM-5861-01,TCGA-CM-5861,1,Primary Solid Tumor,COAD,colon adenocarcinoma
TCGA-CM-5862-01,TCGA-CM-5862,1,Primary Solid Tumor,COAD,colon adenocarcinoma
TCGA-CM-5863-01,TCGA-CM-5863,1,Primary Solid Tumor,COAD,colon adenocarcinoma
TCGA-CM-5864-01,TCGA-CM-5864,1,Primary Solid Tumor,COAD,colon adenocarcinoma
TCGA-CM-5868-01,TCGA-CM-5868,1,Primary Solid Tumor,COAD,colon adenocarcinoma
TCGA-CM-6161-01,TCGA-CM-6161,1,Primary Solid Tumor,COAD,colon adenocarcinoma
TCGA-CM-6162-01,TCGA-CM-6162,1,Primary Solid Tumor,COAD,colon adenocarcinoma
TCGA-CM-6163-01,TCGA-CM-6163,1,Primary Solid Tumor,COAD,colon adenocarcinoma
TCGA-CM-6164-01,TCGA-CM-6164,1,Primary Solid Tumor,COAD,colon adenocarcinoma
TCGA-CM-6165-01,TCGA-CM-6165,1,Primary Solid Tumor,COAD,colon adenocarcinoma
TCGA-CM-6166-01,TCGA-CM-6166,1,Primary Solid Tumor,COAD,colon adenocarcinoma
TCGA-CM-6167-01,TCGA-CM-6167,1,Primary Solid Tumor,COAD,colon adenocarcinoma
TCGA-CM-6168-01,TCGA-CM-6168,1,Primary Solid Tumor,COAD,colon adenocarcinoma
TCGA-CM-6169-01,TCGA-CM-6169,1,Primary Solid Tumor,COAD,colon adenocarcinoma
TCGA-CM-6170-01,TCGA-CM-6170,1,Primary Solid Tumor,COAD,colon adenocarcinoma
TCGA-CM-6171-01,TCGA-CM-6171,1,Primary Solid Tumor,COAD,colon adenocarcinoma
TCGA-CM-6172-01,TCGA-CM-6172,1,Primary Solid Tumor,COAD,colon adenocarcinoma
TCGA-CM-6674-01,TCGA-CM-6674,1,Primary Solid Tumor,COAD,colon adenocarcinoma
TCGA-CM-6675-01,TCGA-CM-6675,1,Primary Solid Tumor,COAD,colon adenocarcinoma
TCGA-CM-6676-01,TCGA-CM-6676,1,Primary Solid Tumor,COAD,colon adenocarcinoma
TCGA-CM-6677-01,TCGA-CM-6677,1,Primary Solid Tumor,COAD,colon adenocarcinoma
TCGA-CM-6678-01,TCGA-CM-6678,1,Primary Solid Tumor,COAD,colon adenocarcinoma
TCGA-CM-6679-01,TCGA-CM-6679,1,Primary Solid Tumor,COAD,colon adenocarcinoma
TCGA-CM-6680-01,TCGA-CM-6680,1,Primary Solid Tumor,COAD,colon adenocarcinoma
TCGA-CN-4722-01,TCGA-CN-4722,1,Primary Solid Tumor,HNSC,head & neck squamous cell carcinoma
TCGA-CN-4723-01,TCGA-CN-4723,1,Primary Solid Tumor,HNSC,head & neck squamous cell carcinoma
TCGA-CN-4725-01,TCGA-CN-4725,1,Primary Solid Tumor,HNSC,head & neck squamous cell carcinoma
TCGA-CN-4726-01,TCGA-CN-4726,1,Primary Solid Tumor,HNSC,head & neck squamous cell carcinoma
TCGA-CN-4727-01,TCGA-CN-4727,1,Primary Solid Tumor,HNSC,head & neck squamous cell carcinoma
TCGA-CN-4728-01,TCGA-CN-4728,1,Primary Solid Tumor,HNSC,head & neck squamous cell carcinoma
TCGA-CN-4729-01,TCGA-CN-4729,1,Primary Solid Tumor,HNSC,head & neck squamous cell carcinoma
TCGA-CN-4730-01,TCGA-CN-4730,1,Primary Solid Tumor,HNSC,head & neck squamous cell carcinoma
TCGA-CN-4731-01,TCGA-CN-4731,1,Primary Solid Tumor,HNSC,head & neck squamous cell carcinoma
TCGA-CN-4733-01,TCGA-CN-4733,1,Primary Solid Tumor,HNSC,head & neck squamous cell carcinoma
TCGA-CN-4734-01,TCGA-CN-4734,1,Primary Solid Tumor,HNSC,head & neck squamous cell carcinoma
TCGA-CN-4735-01,TCGA-CN-4735,1,Primary Solid Tumor,HNSC,head & neck squamous cell carcinoma
TCGA-CN-4736-01,TCGA-CN-4736,1,Primary Solid Tumor,HNSC,head & neck squamous cell carcinoma
TCGA-CN-4737-01,TCGA-CN-4737,1,Primary Solid Tumor,HNSC,head & neck squamous cell carcinoma
TCGA-CN-4738-01,TCGA-CN-4738,1,Primary Solid Tumor,HNSC,head & neck squamous cell carcinoma
TCGA-CN-4739-01,TCGA-CN-4739,1,Primary Solid Tumor,HNSC,head & neck squamous cell carcinoma
TCGA-CN-4740-01,TCGA-CN-4740,1,Primary Solid Tumor,HNSC,head & neck squamous cell carcinoma
TCGA-CN-4741-01,TCGA-CN-4741,1,Primary Solid Tumor,HNSC,head & neck squamous cell carcinoma
TCGA-CN-4742-01,TCGA-CN-4742,1,Primary Solid Tumor,HNSC,head & neck squamous cell carcinoma
TCGA-CN-5355-01,TCGA-CN-5355,1,Primary Solid Tumor,HNSC,head & neck squamous cell carcinoma
TCGA-CN-5356-01,TCGA-CN-5356,1,Primary Solid Tumor,HNSC,head & neck squamous cell carcinoma
TCGA-CN-5358-01,TCGA-CN-5358,1,Primary Solid Tumor,HNSC,head & neck squamous cell carcinoma
TCGA-CN-5359-01,TCGA-CN-5359,1,Primary Solid Tumor,HNSC,head & neck squamous cell carcinoma
TCGA-CN-5360-01,TCGA-CN-5360,1,Primary Solid Tumor,HNSC,head & neck squamous cell carcinoma
TCGA-CN-5361-01,TCGA-CN-5361,1,Primary Solid Tumor,HNSC,head & neck squamous cell carcinoma
TCGA-CN-5363-01,TCGA-CN-5363,1,Primary Solid Tumor,HNSC,head & neck squamous cell carcinoma
TCGA-CN-5364-01,TCGA-CN-5364,1,Primary Solid Tumor,HNSC,head & neck squamous cell carcinoma
TCGA-CN-5365-01,TCGA-CN-5365,1,Primary Solid Tumor,HNSC,head & neck squamous cell carcinoma
TCGA-CN-5366-01,TCGA-CN-5366,1,Primary Solid Tumor,HNSC,head & neck squamous cell carcinoma
TCGA-CN-5367-01,TCGA-CN-5367,1,Primary Solid Tumor,HNSC,head & neck squamous cell carcinoma
TCGA-CN-5369-01,TCGA-CN-5369,1,Primary Solid Tumor,HNSC,head & neck squamous cell carcinoma
TCGA-CN-5370-01,TCGA-CN-5370,1,Primary Solid Tumor,HNSC,head & neck squamous cell carcinoma
TCGA-CN-5373-01,TCGA-CN-5373,1,Primary Solid Tumor,HNSC,head & neck squamous cell carcinoma
TCGA-CN-5374-01,TCGA-CN-5374,1,Primary Solid Tumor,HNSC,head & neck squamous cell carcinoma
TCGA-CN-6010-01,TCGA-CN-6010,1,Primary Solid Tumor,HNSC,head & neck squamous cell carcinoma
TCGA-CN-6011-01,TCGA-CN-6011,1,Primary Solid Tumor,HNSC,head & neck squamous cell carcinoma
TCGA-CN-6012-01,TCGA-CN-6012,1,Primary Solid Tumor,HNSC,head & neck squamous cell carcinoma
TCGA-CN-6013-01,TCGA-CN-6013,1,Primary Solid Tumor,HNSC,head & neck squamous cell carcinoma
TCGA-CN-6016-01,TCGA-CN-6016,1,Primary Solid Tumor,HNSC,head & neck squamous cell carcinoma
TCGA-CN-6017-01,TCGA-CN-6017,1,Primary Solid Tumor,HNSC,head & neck squamous cell carcinoma
TCGA-CN-6018-01,TCGA-CN-6018,1,Primary Solid Tumor,HNSC,head & neck squamous cell carcinoma
TCGA-CN-6019-01,TCGA-CN-6019,1,Primary Solid Tumor,HNSC,head & neck squamous cell carcinoma
TCGA-CN-6020-01,TCGA-CN-6020,1,Primary Solid Tumor,HNSC,head & neck squamous cell carcinoma
TCGA-CN-6021-01,TCGA-CN-6021,1,Primary Solid Tumor,HNSC,head & neck squamous cell carcinoma
TCGA-CN-6022-01,TCGA-CN-6022,1,Primary Solid Tumor,HNSC,head & neck squamous cell carcinoma
TCGA-CN-6023-01,TCGA-CN-6023,1,Primary Solid Tumor,HNSC,head & neck squamous cell carcinoma
TCGA-CN-6024-01,TCGA-CN-6024,1,Primary Solid Tumor,HNSC,head & neck squamous cell carcinoma
TCGA-CN-6988-01,TCGA-CN-6988,1,Primary Solid Tumor,HNSC,head & neck squamous cell carcinoma
TCGA-CN-6989-01,TCGA-CN-6989,1,Primary Solid Tumor,HNSC,head & neck squamous cell carcinoma
TCGA-CN-6992-01,TCGA-CN-6992,1,Primary Solid Tumor,HNSC,head & neck squamous cell carcinoma
TCGA-CN-6994-01,TCGA-CN-6994,1,Primary Solid Tumor,HNSC,head & neck squamous cell carcinoma
TCGA-CN-6995-01,TCGA-CN-6995,1,Primary Solid Tumor,HNSC,head & neck squamous cell carcinoma
TCGA-CN-6996-01,TCGA-CN-6996,1,Primary Solid Tumor,HNSC,head & neck squamous cell carcinoma
TCGA-CN-6997-01,TCGA-CN-6997,1,Primary Solid Tumor,HNSC,head & neck squamous cell carcinoma
TCGA-CN-6998-01,TCGA-CN-6998,1,Primary Solid Tumor,HNSC,head & neck squamous cell carcinoma
TCGA-CN-A497-01,TCGA-CN-A497,1,Primary Solid Tumor,HNSC,head & neck squamous cell carcinoma
TCGA-CN-A498-01,TCGA-CN-A498,1,Primary Solid Tumor,HNSC,head & neck squamous cell carcinoma
TCGA-CN-A499-01,TCGA-CN-A499,1,Primary Solid Tumor,HNSC,head & neck squamous cell carcinoma
TCGA-CN-A49A-01,TCGA-CN-A49A,1,Primary Solid Tumor,HNSC,head & neck squamous cell carcinoma
TCGA-CN-A49B-01,TCGA-CN-A49B,1,Primary Solid Tumor,HNSC,head & neck squamous cell carcinoma
TCGA-CN-A49C-01,TCGA-CN-A49C,1,Primary Solid Tumor,HNSC,head & neck squamous cell carcinoma
TCGA-CN-A63T-01,TCGA-CN-A63T,1,Primary Solid Tumor,HNSC,head & neck squamous cell carcinoma
TCGA-CN-A63U-01,TCGA-CN-A63U,1,Primary Solid Tumor,HNSC,head & neck squamous cell carcinoma
TCGA-CN-A63V-01,TCGA-CN-A63V,1,Primary Solid Tumor,HNSC,head & neck squamous cell carcinoma
TCGA-CN-A63W-01,TCGA-CN-A63W,1,Primary Solid Tumor,HNSC,head & neck squamous cell carcinoma
TCGA-CN-A641-01,TCGA-CN-A641,1,Primary Solid Tumor,HNSC,head & neck squamous cell carcinoma
TCGA-CN-A642-01,TCGA-CN-A642,1,Primary Solid Tumor,HNSC,head & neck squamous cell carcinoma
TCGA-CN-A6UY-01,TCGA-CN-A6UY,1,Primary Solid Tumor,HNSC,head & neck squamous cell carcinoma
TCGA-CN-A6V1-01,TCGA-CN-A6V1,1,Primary Solid Tumor,HNSC,head & neck squamous cell carcinoma
TCGA-CN-A6V3-01,TCGA-CN-A6V3,1,Primary Solid Tumor,HNSC,head & neck squamous cell carcinoma
TCGA-CN-A6V6-01,TCGA-CN-A6V6,1,Primary Solid Tumor,HNSC,head & neck squamous cell carcinoma
TCGA-CN-A6V7-01,TCGA-CN-A6V7,1,Primary Solid Tumor,HNSC,head & neck squamous cell carcinoma
TCGA-CQ-5323-01,TCGA-CQ-5323,1,Primary Solid Tumor,HNSC,head & neck squamous cell carcinoma
TCGA-CQ-5324-01,TCGA-CQ-5324,1,Primary Solid Tumor,HNSC,head & neck squamous cell carcinoma
TCGA-CQ-5325-01,TCGA-CQ-5325,1,Primary Solid Tumor,HNSC,head & neck squamous cell carcinoma
TCGA-CQ-5326-01,TCGA-CQ-5326,1,Primary Solid Tumor,HNSC,head & neck squamous cell carcinoma
TCGA-CQ-5327-01,TCGA-CQ-5327,1,Primary Solid Tumor,HNSC,head & neck squamous cell carcinoma
TCGA-CQ-5329-01,TCGA-CQ-5329,1,Primary Solid Tumor,HNSC,head & neck squamous cell carcinoma
TCGA-CQ-5330-01,TCGA-CQ-5330,1,Primary Solid Tumor,HNSC,head & neck squamous cell carcinoma
TCGA-CQ-5331-01,TCGA-CQ-5331,1,Primary Solid Tumor,HNSC,head & neck squamous cell carcinoma
TCGA-CQ-5332-01,TCGA-CQ-5332,1,Primary Solid Tumor,HNSC,head & neck squamous cell carcinoma
TCGA-CQ-5333-01,TCGA-CQ-5333,1,Primary Solid Tumor,HNSC,head & neck squamous cell carcinoma
TCGA-CQ-5334-01,TCGA-CQ-5334,1,Primary Solid Tumor,HNSC,head & neck squamous cell carcinoma
TCGA-CQ-6218-01,TCGA-CQ-6218,1,Primary Solid Tumor,HNSC,head & neck squamous cell carcinoma
TCGA-CQ-6219-01,TCGA-CQ-6219,1,Primary Solid Tumor,HNSC,head & neck squamous cell carcinoma
TCGA-CQ-6220-01,TCGA-CQ-6220,1,Primary Solid Tumor,HNSC,head & neck squamous cell carcinoma
TCGA-CQ-6221-01,TCGA-CQ-6221,1,Primary Solid Tumor,HNSC,head & neck squamous cell carcinoma
TCGA-CQ-6222-01,TCGA-CQ-6222,1,Primary Solid Tumor,HNSC,head & neck squamous cell carcinoma
TCGA-CQ-6223-01,TCGA-CQ-6223,1,Primary Solid Tumor,HNSC,head & neck squamous cell carcinoma
TCGA-CQ-6224-01,TCGA-CQ-6224,1,Primary Solid Tumor,HNSC,head & neck squamous cell carcinoma
TCGA-CQ-6225-01,TCGA-CQ-6225,1,Primary Solid Tumor,HNSC,head & neck squamous cell carcinoma
TCGA-CQ-6227-01,TCGA-CQ-6227,1,Primary Solid Tumor,HNSC,head & neck squamous cell carcinoma
TCGA-CQ-6228-01,TCGA-CQ-6228,1,Primary Solid Tumor,HNSC,head & neck squamous cell carcinoma
TCGA-CQ-6229-01,TCGA-CQ-6229,1,Primary Solid Tumor,HNSC,head & neck squamous cell carcinoma
TCGA-CQ-7063-01,TCGA-CQ-7063,1,Primary Solid Tumor,HNSC,head & neck squamous cell carcinoma
TCGA-CQ-7065-01,TCGA-CQ-7065,1,Primary Solid Tumor,HNSC,head & neck squamous cell carcinoma
TCGA-CQ-7067-01,TCGA-CQ-7067,1,Primary Solid Tumor,HNSC,head & neck squamous cell carcinoma
TCGA-CQ-7068-01,TCGA-CQ-7068,1,Primary Solid Tumor,HNSC,head & neck squamous cell carcinoma
TCGA-CQ-7069-01,TCGA-CQ-7069,1,Primary Solid Tumor,HNSC,head & neck squamous cell carcinoma
TCGA-CQ-7071-01,TCGA-CQ-7071,1,Primary Solid Tumor,HNSC,head & neck squamous cell carcinoma
TCGA-CQ-7072-01,TCGA-CQ-7072,1,Primary Solid Tumor,HNSC,head & neck squamous cell carcinoma
TCGA-CQ-A4C6-01,TCGA-CQ-A4C6,1,Primary Solid Tumor,HNSC,head & neck squamous cell carcinoma
TCGA-CQ-A4C7-01,TCGA-CQ-A4C7,1,Primary Solid Tumor,HNSC,head & neck squamous cell carcinoma
TCGA-CQ-A4C9-01,TCGA-CQ-A4C9,1,Primary Solid Tumor,HNSC,head & neck squamous cell carcinoma
TCGA-CQ-A4CA-01,TCGA-CQ-A4CA,1,Primary Solid Tumor,HNSC,head & neck squamous cell carcinoma
TCGA-CQ-A4CB-01,TCGA-CQ-A4CB,1,Primary Solid Tumor,HNSC,head & neck squamous cell carcinoma
TCGA-CQ-A4CD-01,TCGA-CQ-A4CD,1,Primary Solid Tumor,HNSC,head & neck squamous cell carcinoma
TCGA-CQ-A4CE-01,TCGA-CQ-A4CE,1,Primary Solid Tumor,HNSC,head & neck squamous cell carcinoma
TCGA-CQ-A4CG-01,TCGA-CQ-A4CG,1,Primary Solid Tumor,HNSC,head & neck squamous cell carcinoma
TCGA-CQ-A4CH-01,TCGA-CQ-A4CH,1,Primary Solid Tumor,HNSC,head & neck squamous cell carcinoma
TCGA-CQ-A4CI-01,TCGA-CQ-A4CI,1,Primary Solid Tumor,HNSC,head & neck squamous cell carcinoma
TCGA-CR-5243-01,TCGA-CR-5243,1,Primary Solid Tumor,HNSC,head & neck squamous cell carcinoma
TCGA-CR-5247-01,TCGA-CR-5247,1,Primary Solid Tumor,HNSC,head & neck squamous cell carcinoma
TCGA-CR-5248-01,TCGA-CR-5248,1,Primary Solid Tumor,HNSC,head & neck squamous cell carcinoma
TCGA-CR-5249-01,TCGA-CR-5249,1,Primary Solid Tumor,HNSC,head & neck squamous cell carcinoma
TCGA-CR-5250-01,TCGA-CR-5250,1,Primary Solid Tumor,HNSC,head & neck squamous cell carcinoma
TCGA-CR-6467-01,TCGA-CR-6467,1,Primary Solid Tumor,HNSC,head & neck squamous cell carcinoma
TCGA-CR-6470-01,TCGA-CR-6470,1,Primary Solid Tumor,HNSC,head & neck squamous cell carcinoma
TCGA-CR-6471-01,TCGA-CR-6471,1,Primary Solid Tumor,HNSC,head & neck squamous cell carcinoma
TCGA-CR-6472-01,TCGA-CR-6472,1,Primary Solid Tumor,HNSC,head & neck squamous cell carcinoma
TCGA-CR-6473-01,TCGA-CR-6473,1,Primary Solid Tumor,HNSC,head & neck squamous cell carcinoma
TCGA-CR-6474-01,TCGA-CR-6474,1,Primary Solid Tumor,HNSC,head & neck squamous cell carcinoma
TCGA-CR-6477-01,TCGA-CR-6477,1,Primary Solid Tumor,HNSC,head & neck squamous cell carcinoma
TCGA-CR-6478-01,TCGA-CR-6478,1,Primary Solid Tumor,HNSC,head & neck squamous cell carcinoma
TCGA-CR-6480-01,TCGA-CR-6480,1,Primary Solid Tumor,HNSC,head & neck squamous cell carcinoma
TCGA-CR-6481-01,TCGA-CR-6481,1,Primary Solid Tumor,HNSC,head & neck squamous cell carcinoma
TCGA-CR-6482-01,TCGA-CR-6482,1,Primary Solid Tumor,HNSC,head & neck squamous cell carcinoma
TCGA-CR-6484-01,TCGA-CR-6484,1,Primary Solid Tumor,HNSC,head & neck squamous cell carcinoma
TCGA-CR-6487-01,TCGA-CR-6487,1,Primary Solid Tumor,HNSC,head & neck squamous cell carcinoma
TCGA-CR-6488-01,TCGA-CR-6488,1,Primary Solid Tumor,HNSC,head & neck squamous cell carcinoma
TCGA-CR-6491-01,TCGA-CR-6491,1,Primary Solid Tumor,HNSC,head & neck squamous cell carcinoma
TCGA-CR-6492-01,TCGA-CR-6492,1,Primary Solid Tumor,HNSC,head & neck squamous cell carcinoma
TCGA-CR-6493-01,TCGA-CR-6493,1,Primary Solid Tumor,HNSC,head & neck squamous cell carcinoma
TCGA-CR-7364-01,TCGA-CR-7364,1,Primary Solid Tumor,HNSC,head & neck squamous cell carcinoma
TCGA-CR-7365-01,TCGA-CR-7365,1,Primary Solid Tumor,HNSC,head & neck squamous cell carcinoma
TCGA-CR-7367-01,TCGA-CR-7367,1,Primary Solid Tumor,HNSC,head & neck squamous cell carcinoma
TCGA-CR-7368-01,TCGA-CR-7368,1,Primary Solid Tumor,HNSC,head & neck squamous cell carcinoma
TCGA-CR-7369-01,TCGA-CR-7369,1,Primary Solid Tumor,HNSC,head & neck squamous cell carcinoma
TCGA-CR-7370-01,TCGA-CR-7370,1,Primary Solid Tumor,HNSC,head & neck squamous cell carcinoma
TCGA-CR-7371-01,TCGA-CR-7371,1,Primary Solid Tumor,HNSC,head & neck squamous cell carcinoma
TCGA-CR-7372-01,TCGA-CR-7372,1,Primary Solid Tumor,HNSC,head & neck squamous cell carcinoma
TCGA-CR-7373-01,TCGA-CR-7373,1,Primary Solid Tumor,HNSC,head & neck squamous cell carcinoma
TCGA-CR-7374-01,TCGA-CR-7374,1,Primary Solid Tumor,HNSC,head & neck squamous cell carcinoma
TCGA-CR-7376-01,TCGA-CR-7376,1,Primary Solid Tumor,HNSC,head & neck squamous cell carcinoma
TCGA-CR-7377-01,TCGA-CR-7377,1,Primary Solid Tumor,HNSC,head & neck squamous cell carcinoma
TCGA-CR-7379-01,TCGA-CR-7379,1,Primary Solid Tumor,HNSC,head & neck squamous cell carcinoma
TCGA-CR-7380-01,TCGA-CR-7380,1,Primary Solid Tumor,HNSC,head & neck squamous cell carcinoma
TCGA-CR-7382-01,TCGA-CR-7382,1,Primary Solid Tumor,HNSC,head & neck squamous cell carcinoma
TCGA-CR-7383-01,TCGA-CR-7383,1,Primary Solid Tumor,HNSC,head & neck squamous cell carcinoma
TCGA-CR-7385-01,TCGA-CR-7385,1,Primary Solid Tumor,HNSC,head & neck squamous cell carcinoma
TCGA-CR-7386-01,TCGA-CR-7386,1,Primary Solid Tumor,HNSC,head & neck squamous cell carcinoma
TCGA-CR-7388-01,TCGA-CR-7388,1,Primary Solid Tumor,HNSC,head & neck squamous cell carcinoma
TCGA-CR-7389-01,TCGA-CR-7389,1,Primary Solid Tumor,HNSC,head & neck squamous cell carcinoma
TCGA-CR-7390-01,TCGA-CR-7390,1,Primary Solid Tumor,HNSC,head & neck squamous cell carcinoma
TCGA-CR-7391-01,TCGA-CR-7391,1,Primary Solid Tumor,HNSC,head & neck squamous cell carcinoma
TCGA-CR-7392-01,TCGA-CR-7392,1,Primary Solid Tumor,HNSC,head & neck squamous cell carcinoma
TCGA-CR-7393-01,TCGA-CR-7393,1,Primary Solid Tumor,HNSC,head & neck squamous cell carcinoma
TCGA-CR-7394-01,TCGA-CR-7394,1,Primary Solid Tumor,HNSC,head & neck squamous cell carcinoma
TCGA-CR-7395-01,TCGA-CR-7395,1,Primary Solid Tumor,HNSC,head & neck squamous cell carcinoma
TCGA-CR-7397-01,TCGA-CR-7397,1,Primary Solid Tumor,HNSC,head & neck squamous cell carcinoma
TCGA-CR-7398-01,TCGA-CR-7398,1,Primary Solid Tumor,HNSC,head & neck squamous cell carcinoma
TCGA-CR-7399-01,TCGA-CR-7399,1,Primary Solid Tumor,HNSC,head & neck squamous cell carcinoma
TCGA-CR-7401-01,TCGA-CR-7401,1,Primary Solid Tumor,HNSC,head & neck squamous cell carcinoma
TCGA-CR-7402-01,TCGA-CR-7402,1,Primary Solid Tumor,HNSC,head & neck squamous cell carcinoma
TCGA-CR-7404-01,TCGA-CR-7404,1,Primary Solid Tumor,HNSC,head & neck squamous cell carcinoma
TCGA-CV-5430-01,TCGA-CV-5430,1,Primary Solid Tumor,HNSC,head & neck squamous cell carcinoma
TCGA-CV-5431-01,TCGA-CV-5431,1,Primary Solid Tumor,HNSC,head & neck squamous cell carcinoma
TCGA-CV-5432-01,TCGA-CV-5432,1,Primary Solid Tumor,HNSC,head & neck squamous cell carcinoma
TCGA-CV-5434-01,TCGA-CV-5434,1,Primary Solid Tumor,HNSC,head & neck squamous cell carcinoma
TCGA-CV-5435-01,TCGA-CV-5435,1,Primary Solid Tumor,HNSC,head & neck squamous cell carcinoma
TCGA-CV-5436-01,TCGA-CV-5436,1,Primary Solid Tumor,HNSC,head & neck squamous cell carcinoma
TCGA-CV-5439-01,TCGA-CV-5439,1,Primary Solid Tumor,HNSC,head & neck squamous cell carcinoma
TCGA-CV-5440-01,TCGA-CV-5440,1,Primary Solid Tumor,HNSC,head & neck squamous cell carcinoma
TCGA-CV-5441-01,TCGA-CV-5441,1,Primary Solid Tumor,HNSC,head & neck squamous cell carcinoma
TCGA-CV-5442-01,TCGA-CV-5442,1,Primary Solid Tumor,HNSC,head & neck squamous cell carcinoma
TCGA-CV-5443-01,TCGA-CV-5443,1,Primary Solid Tumor,HNSC,head & neck squamous cell carcinoma
TCGA-CV-5444-01,TCGA-CV-5444,1,Primary Solid Tumor,HNSC,head & neck squamous cell carcinoma
TCGA-CV-5966-01,TCGA-CV-5966,1,Primary Solid Tumor,HNSC,head & neck squamous cell carcinoma
TCGA-CV-5970-01,TCGA-CV-5970,1,Primary Solid Tumor,HNSC,head & neck squamous cell carcinoma
TCGA-CV-5971-01,TCGA-CV-5971,1,Primary Solid Tumor,HNSC,head & neck squamous cell carcinoma
TCGA-CV-5973-01,TCGA-CV-5973,1,Primary Solid Tumor,HNSC,head & neck squamous cell carcinoma
TCGA-CV-5976-01,TCGA-CV-5976,1,Primary Solid Tumor,HNSC,head & neck squamous cell carcinoma
TCGA-CV-5977-01,TCGA-CV-5977,1,Primary Solid Tumor,HNSC,head & neck squamous cell carcinoma
TCGA-CV-5978-01,TCGA-CV-5978,1,Primary Solid Tumor,HNSC,head & neck squamous cell carcinoma
TCGA-CV-5979-01,TCGA-CV-5979,1,Primary Solid Tumor,HNSC,head & neck squamous cell carcinoma
TCGA-CV-6003-01,TCGA-CV-6003,1,Primary Solid Tumor,HNSC,head & neck squamous cell carcinoma
TCGA-CV-6433-01,TCGA-CV-6433,1,Primary Solid Tumor,HNSC,head & neck squamous cell carcinoma
TCGA-CV-6436-01,TCGA-CV-6436,1,Primary Solid Tumor,HNSC,head & neck squamous cell carcinoma
TCGA-CV-6441-01,TCGA-CV-6441,1,Primary Solid Tumor,HNSC,head & neck squamous cell carcinoma
TCGA-CV-6933-01,TCGA-CV-6933,1,Primary Solid Tumor,HNSC,head & neck squamous cell carcinoma
TCGA-CV-6934-01,TCGA-CV-6934,1,Primary Solid Tumor,HNSC,head & neck squamous cell carcinoma
TCGA-CV-6935-01,TCGA-CV-6935,1,Primary Solid Tumor,HNSC,head & neck squamous cell carcinoma
TCGA-CV-6936-01,TCGA-CV-6936,1,Primary Solid Tumor,HNSC,head & neck squamous cell carcinoma
TCGA-CV-6937-01,TCGA-CV-6937,1,Primary Solid Tumor,HNSC,head & neck squamous cell carcinoma
TCGA-CV-6938-01,TCGA-CV-6938,1,Primary Solid Tumor,HNSC,head & neck squamous cell carcinoma
TCGA-CV-6939-01,TCGA-CV-6939,1,Primary Solid Tumor,HNSC,head & neck squamous cell carcinoma
TCGA-CV-6940-01,TCGA-CV-6940,1,Primary Solid Tumor,HNSC,head & neck squamous cell carcinoma
TCGA-CV-6941-01,TCGA-CV-6941,1,Primary Solid Tumor,HNSC,head & neck squamous cell carcinoma
TCGA-CV-6942-01,TCGA-CV-6942,1,Primary Solid Tumor,HNSC,head & neck squamous cell carcinoma
TCGA-CV-6943-01,TCGA-CV-6943,1,Primary Solid Tumor,HNSC,head & neck squamous cell carcinoma
TCGA-CV-6945-01,TCGA-CV-6945,1,Primary Solid Tumor,HNSC,head & neck squamous cell carcinoma
TCGA-CV-6948-01,TCGA-CV-6948,1,Primary Solid Tumor,HNSC,head & neck squamous cell carcinoma
TCGA-CV-6950-01,TCGA-CV-6950,1,Primary Solid Tumor,HNSC,head & neck squamous cell carcinoma
TCGA-CV-6951-01,TCGA-CV-6951,1,Primary Solid Tumor,HNSC,head & neck squamous cell carcinoma
TCGA-CV-6952-01,TCGA-CV-6952,1,Primary Solid Tumor,HNSC,head & neck squamous cell carcinoma
TCGA-CV-6953-01,TCGA-CV-6953,1,Primary Solid Tumor,HNSC,head & neck squamous cell carcinoma
TCGA-CV-6954-01,TCGA-CV-6954,1,Primary Solid Tumor,HNSC,head & neck squamous cell carcinoma
TCGA-CV-6955-01,TCGA-CV-6955,1,Primary Solid Tumor,HNSC,head & neck squamous cell carcinoma
TCGA-CV-6956-01,TCGA-CV-6956,1,Primary Solid Tumor,HNSC,head & neck squamous cell carcinoma
TCGA-CV-6959-01,TCGA-CV-6959,1,Primary Solid Tumor,HNSC,head & neck squamous cell carcinoma
TCGA-CV-6960-01,TCGA-CV-6960,1,Primary Solid Tumor,HNSC,head & neck squamous cell carcinoma
TCGA-CV-6961-01,TCGA-CV-6961,1,Primary Solid Tumor,HNSC,head & neck squamous cell carcinoma
TCGA-CV-6962-01,TCGA-CV-6962,1,Primary Solid Tumor,HNSC,head & neck squamous cell carcinoma
TCGA-CV-7089-01,TCGA-CV-7089,1,Primary Solid Tumor,HNSC,head & neck squamous cell carcinoma
TCGA-CV-7090-01,TCGA-CV-7090,1,Primary Solid Tumor,HNSC,head & neck squamous cell carcinoma
TCGA-CV-7091-01,TCGA-CV-7091,1,Primary Solid Tumor,HNSC,head & neck squamous cell carcinoma
TCGA-CV-7095-01,TCGA-CV-7095,1,Primary Solid Tumor,HNSC,head & neck squamous cell carcinoma
TCGA-CV-7097-01,TCGA-CV-7097,1,Primary Solid Tumor,HNSC,head & neck squamous cell carcinoma
TCGA-CV-7099-01,TCGA-CV-7099,1,Primary Solid Tumor,HNSC,head & neck squamous cell carcinoma
TCGA-CV-7100-01,TCGA-CV-7100,1,Primary Solid Tumor,HNSC,head & neck squamous cell carcinoma
TCGA-CV-7101-01,TCGA-CV-7101,1,Primary Solid Tumor,HNSC,head & neck squamous cell carcinoma
TCGA-CV-7102-01,TCGA-CV-7102,1,Primary Solid Tumor,HNSC,head & neck squamous cell carcinoma
TCGA-CV-7103-01,TCGA-CV-7103,1,Primary Solid Tumor,HNSC,head & neck squamous cell carcinoma
TCGA-CV-7104-01,TCGA-CV-7104,1,Primary Solid Tumor,HNSC,head & neck squamous cell carcinoma
TCGA-CV-7177-01,TCGA-CV-7177,1,Primary Solid Tumor,HNSC,head & neck squamous cell carcinoma
TCGA-CV-7178-01,TCGA-CV-7178,1,Primary Solid Tumor,HNSC,head & neck squamous cell carcinoma
TCGA-CV-7180-01,TCGA-CV-7180,1,Primary Solid Tumor,HNSC,head & neck squamous cell carcinoma
TCGA-CV-7183-01,TCGA-CV-7183,1,Primary Solid Tumor,HNSC,head & neck squamous cell carcinoma
TCGA-CV-7235-01,TCGA-CV-7235,1,Primary Solid Tumor,HNSC,head & neck squamous cell carcinoma
TCGA-CV-7236-01,TCGA-CV-7236,1,Primary Solid Tumor,HNSC,head & neck squamous cell carcinoma
TCGA-CV-7238-01,TCGA-CV-7238,1,Primary Solid Tumor,HNSC,head & neck squamous cell carcinoma
TCGA-CV-7242-01,TCGA-CV-7242,1,Primary Solid Tumor,HNSC,head & neck squamous cell carcinoma
TCGA-CV-7243-01,TCGA-CV-7243,1,Primary Solid Tumor,HNSC,head & neck squamous cell carcinoma
TCGA-CV-7245-01,TCGA-CV-7245,1,Primary Solid Tumor,HNSC,head & neck squamous cell carcinoma
TCGA-CV-7247-01,TCGA-CV-7247,1,Primary Solid Tumor,HNSC,head & neck squamous cell carcinoma
TCGA-CV-7248-01,TCGA-CV-7248,1,Primary Solid Tumor,HNSC,head & neck squamous cell carcinoma
TCGA-CV-7250-01,TCGA-CV-7250,1,Primary Solid Tumor,HNSC,head & neck squamous cell carcinoma
TCGA-CV-7252-01,TCGA-CV-7252,1,Primary Solid Tumor,HNSC,head & neck squamous cell carcinoma
TCGA-CV-7253-01,TCGA-CV-7253,1,Primary Solid Tumor,HNSC,head & neck squamous cell carcinoma
TCGA-CV-7254-01,TCGA-CV-7254,1,Primary Solid Tumor,HNSC,head & neck squamous cell carcinoma
TCGA-CV-7255-01,TCGA-CV-7255,1,Primary Solid Tumor,HNSC,head & neck squamous cell carcinoma
TCGA-CV-7261-01,TCGA-CV-7261,1,Primary Solid Tumor,HNSC,head & neck squamous cell carcinoma
TCGA-CV-7263-01,TCGA-CV-7263,1,Primary Solid Tumor,HNSC,head & neck squamous cell carcinoma
TCGA-CV-7406-01,TCGA-CV-7406,1,Primary Solid Tumor,HNSC,head & neck squamous cell carcinoma
TCGA-CV-7407-01,TCGA-CV-7407,1,Primary Solid Tumor,HNSC,head & neck squamous cell carcinoma
TCGA-CV-7409-01,TCGA-CV-7409,1,Primary Solid Tumor,HNSC,head & neck squamous cell carcinoma
TCGA-CV-7410-01,TCGA-CV-7410,1,Primary Solid Tumor,HNSC,head & neck squamous cell carcinoma
TCGA-CV-7411-01,TCGA-CV-7411,1,Primary Solid Tumor,HNSC,head & neck squamous cell carcinoma
TCGA-CV-7413-01,TCGA-CV-7413,1,Primary Solid Tumor,HNSC,head & neck squamous cell carcinoma
TCGA-CV-7414-01,TCGA-CV-7414,1,Primary Solid Tumor,HNSC,head & neck squamous cell carcinoma
TCGA-CV-7415-01,TCGA-CV-7415,1,Primary Solid Tumor,HNSC,head & neck squamous cell carcinoma
TCGA-CV-7416-01,TCGA-CV-7416,1,Primary Solid Tumor,HNSC,head & neck squamous cell carcinoma
TCGA-CV-7418-01,TCGA-CV-7418,1,Primary Solid Tumor,HNSC,head & neck squamous cell carcinoma
TCGA-CV-7421-01,TCGA-CV-7421,1,Primary Solid Tumor,HNSC,head & neck squamous cell carcinoma
TCGA-CV-7422-01,TCGA-CV-7422,1,Primary Solid Tumor,HNSC,head & neck squamous cell carcinoma
TCGA-CV-7423-01,TCGA-CV-7423,1,Primary Solid Tumor,HNSC,head & neck squamous cell carcinoma
TCGA-CV-7424-01,TCGA-CV-7424,1,Primary Solid Tumor,HNSC,head & neck squamous cell carcinoma
TCGA-CV-7425-01,TCGA-CV-7425,1,Primary Solid Tumor,HNSC,head & neck squamous cell carcinoma
TCGA-CV-7427-01,TCGA-CV-7427,1,Primary Solid Tumor,HNSC,head & neck squamous cell carcinoma
TCGA-CV-7428-01,TCGA-CV-7428,1,Primary Solid Tumor,HNSC,head & neck squamous cell carcinoma
TCGA-CV-7429-01,TCGA-CV-7429,1,Primary Solid Tumor,HNSC,head & neck squamous cell carcinoma
TCGA-CV-7430-01,TCGA-CV-7430,1,Primary Solid Tumor,HNSC,head & neck squamous cell carcinoma
TCGA-CV-7432-01,TCGA-CV-7432,1,Primary Solid Tumor,HNSC,head & neck squamous cell carcinoma
TCGA-CV-7433-01,TCGA-CV-7433,1,Primary Solid Tumor,HNSC,head & neck squamous cell carcinoma
TCGA-CV-7434-01,TCGA-CV-7434,1,Primary Solid Tumor,HNSC,head & neck squamous cell carcinoma
TCGA-CV-7435-01,TCGA-CV-7435,1,Primary Solid Tumor,HNSC,head & neck squamous cell carcinoma
TCGA-CV-7437-01,TCGA-CV-7437,1,Primary Solid Tumor,HNSC,head & neck squamous cell carcinoma
TCGA-CV-7438-01,TCGA-CV-7438,1,Primary Solid Tumor,HNSC,head & neck squamous cell carcinoma
TCGA-CV-7440-01,TCGA-CV-7440,1,Primary Solid Tumor,HNSC,head & neck squamous cell carcinoma
TCGA-CV-7446-01,TCGA-CV-7446,1,Primary Solid Tumor,HNSC,head & neck squamous cell carcinoma
TCGA-CV-7568-01,TCGA-CV-7568,1,Primary Solid Tumor,HNSC,head & neck squamous cell carcinoma
TCGA-CV-A45O-01,TCGA-CV-A45O,1,Primary Solid Tumor,HNSC,head & neck squamous cell carcinoma
TCGA-CV-A45P-01,TCGA-CV-A45P,1,Primary Solid Tumor,HNSC,head & neck squamous cell carcinoma
TCGA-CV-A45Q-01,TCGA-CV-A45Q,1,Primary Solid Tumor,HNSC,head & neck squamous cell carcinoma
TCGA-CV-A45R-01,TCGA-CV-A45R,1,Primary Solid Tumor,HNSC,head & neck squamous cell carcinoma
TCGA-CV-A45T-01,TCGA-CV-A45T,1,Primary Solid Tumor,HNSC,head & neck squamous cell carcinoma
TCGA-CV-A45U-01,TCGA-CV-A45U,1,Primary Solid Tumor,HNSC,head & neck squamous cell carcinoma
TCGA-CV-A45V-01,TCGA-CV-A45V,1,Primary Solid Tumor,HNSC,head & neck squamous cell carcinoma
TCGA-CV-A45W-01,TCGA-CV-A45W,1,Primary Solid Tumor,HNSC,head & neck squamous cell carcinoma
TCGA-CV-A45X-01,TCGA-CV-A45X,1,Primary Solid Tumor,HNSC,head & neck squamous cell carcinoma
TCGA-CV-A45Y-01,TCGA-CV-A45Y,1,Primary Solid Tumor,HNSC,head & neck squamous cell carcinoma
TCGA-CV-A45Z-01,TCGA-CV-A45Z,1,Primary Solid Tumor,HNSC,head & neck squamous cell carcinoma
TCGA-CV-A460-01,TCGA-CV-A460,1,Primary Solid Tumor,HNSC,head & neck squamous cell carcinoma
TCGA-CV-A461-01,TCGA-CV-A461,1,Primary Solid Tumor,HNSC,head & neck squamous cell carcinoma
TCGA-CV-A463-01,TCGA-CV-A463,1,Primary Solid Tumor,HNSC,head & neck squamous cell carcinoma
TCGA-CV-A464-01,TCGA-CV-A464,1,Primary Solid Tumor,HNSC,head & neck squamous cell carcinoma
TCGA-CV-A465-01,TCGA-CV-A465,1,Primary Solid Tumor,HNSC,head & neck squamous cell carcinoma
TCGA-CV-A468-01,TCGA-CV-A468,1,Primary Solid Tumor,HNSC,head & neck squamous cell carcinoma
TCGA-CV-A6JD-01,TCGA-CV-A6JD,1,Primary Solid Tumor,HNSC,head & neck squamous cell carcinoma
TCGA-CV-A6JE-01,TCGA-CV-A6JE,1,Primary Solid Tumor,HNSC,head & neck squamous cell carcinoma
TCGA-CV-A6JM-01,TCGA-CV-A6JM,1,Primary Solid Tumor,HNSC,head & neck squamous cell carcinoma
TCGA-CV-A6JN-01,TCGA-CV-A6JN,1,Primary Solid Tumor,HNSC,head & neck squamous cell carcinoma
TCGA-CV-A6JO-01,TCGA-CV-A6JO,1,Primary Solid Tumor,HNSC,head & neck squamous cell carcinoma
TCGA-CV-A6JT-01,TCGA-CV-A6JT,1,Primary Solid Tumor,HNSC,head & neck squamous cell carcinoma
TCGA-CV-A6JU-01,TCGA-CV-A6JU,1,Primary Solid Tumor,HNSC,head & neck squamous cell carcinoma
TCGA-CV-A6JY-01,TCGA-CV-A6JY,1,Primary Solid Tumor,HNSC,head & neck squamous cell carcinoma
TCGA-CV-A6JZ-01,TCGA-CV-A6JZ,1,Primary Solid Tumor,HNSC,head & neck squamous cell carcinoma
TCGA-CV-A6K0-01,TCGA-CV-A6K0,1,Primary Solid Tumor,HNSC,head & neck squamous cell carcinoma
TCGA-CV-A6K1-01,TCGA-CV-A6K1,1,Primary Solid Tumor,HNSC,head & neck squamous cell carcinoma
TCGA-CV-A6K2-01,TCGA-CV-A6K2,1,Primary Solid Tumor,HNSC,head & neck squamous cell carcinoma
TCGA-CW-5580-01,TCGA-CW-5580,1,Primary Solid Tumor,KIRC,kidney clear cell carcinoma
TCGA-CW-5581-01,TCGA-CW-5581,1,Primary Solid Tumor,KIRC,kidney clear cell carcinoma
TCGA-CW-5583-01,TCGA-CW-5583,1,Primary Solid Tumor,KIRC,kidney clear cell carcinoma
TCGA-CW-5584-01,TCGA-CW-5584,1,Primary Solid Tumor,KIRC,kidney clear cell carcinoma
TCGA-CW-5585-01,TCGA-CW-5585,1,Primary Solid Tumor,KIRC,kidney clear cell carcinoma
TCGA-CW-5587-01,TCGA-CW-5587,1,Primary Solid Tumor,KIRC,kidney clear cell carcinoma
TCGA-CW-5588-01,TCGA-CW-5588,1,Primary Solid Tumor,KIRC,kidney clear cell carcinoma
TCGA-CW-5589-01,TCGA-CW-5589,1,Primary Solid Tumor,KIRC,kidney clear cell carcinoma
TCGA-CW-5590-01,TCGA-CW-5590,1,Primary Solid Tumor,KIRC,kidney clear cell carcinoma
TCGA-CW-5591-01,TCGA-CW-5591,1,Primary Solid Tumor,KIRC,kidney clear cell carcinoma
TCGA-CW-6087-01,TCGA-CW-6087,1,Primary Solid Tumor,KIRC,kidney clear cell carcinoma
TCGA-CW-6088-01,TCGA-CW-6088,1,Primary Solid Tumor,KIRC,kidney clear cell carcinoma
TCGA-CW-6090-01,TCGA-CW-6090,1,Primary Solid Tumor,KIRC,kidney clear cell carcinoma
TCGA-CW-6093-01,TCGA-CW-6093,1,Primary Solid Tumor,KIRC,kidney clear cell carcinoma
TCGA-CW-6097-01,TCGA-CW-6097,1,Primary Solid Tumor,KIRC,kidney clear cell carcinoma
TCGA-CX-7082-01,TCGA-CX-7082,1,Primary Solid Tumor,HNSC,head & neck squamous cell carcinoma
TCGA-CX-7085-01,TCGA-CX-7085,1,Primary Solid Tumor,HNSC,head & neck squamous cell carcinoma
TCGA-CX-7086-01,TCGA-CX-7086,1,Primary Solid Tumor,HNSC,head & neck squamous cell carcinoma
TCGA-CX-7219-01,TCGA-CX-7219,1,Primary Solid Tumor,HNSC,head & neck squamous cell carcinoma
TCGA-CX-A4AQ-01,TCGA-CX-A4AQ,1,Primary Solid Tumor,HNSC,head & neck squamous cell carcinoma
TCGA-CZ-4853-01,TCGA-CZ-4853,1,Primary Solid Tumor,KIRC,kidney clear cell carcinoma
TCGA-CZ-4854-01,TCGA-CZ-4854,1,Primary Solid Tumor,KIRC,kidney clear cell carcinoma
TCGA-CZ-4856-01,TCGA-CZ-4856,1,Primary Solid Tumor,KIRC,kidney clear cell carcinoma
TCGA-CZ-4857-01,TCGA-CZ-4857,1,Primary Solid Tumor,KIRC,kidney clear cell carcinoma
TCGA-CZ-4858-01,TCGA-CZ-4858,1,Primary Solid Tumor,KIRC,kidney clear cell carcinoma
TCGA-CZ-4859-01,TCGA-CZ-4859,1,Primary Solid Tumor,KIRC,kidney clear cell carcinoma
TCGA-CZ-4860-01,TCGA-CZ-4860,1,Primary Solid Tumor,KIRC,kidney clear cell carcinoma
TCGA-CZ-4861-01,TCGA-CZ-4861,1,Primary Solid Tumor,KIRC,kidney clear cell carcinoma
TCGA-CZ-4862-01,TCGA-CZ-4862,1,Primary Solid Tumor,KIRC,kidney clear cell carcinoma
TCGA-CZ-4863-01,TCGA-CZ-4863,1,Primary Solid Tumor,KIRC,kidney clear cell carcinoma
TCGA-CZ-4864-01,TCGA-CZ-4864,1,Primary Solid Tumor,KIRC,kidney clear cell carcinoma
TCGA-CZ-4865-01,TCGA-CZ-4865,1,Primary Solid Tumor,KIRC,kidney clear cell carcinoma
TCGA-CZ-4866-01,TCGA-CZ-4866,1,Primary Solid Tumor,KIRC,kidney clear cell carcinoma
TCGA-CZ-5451-01,TCGA-CZ-5451,1,Primary Solid Tumor,KIRC,kidney clear cell carcinoma
TCGA-CZ-5452-01,TCGA-CZ-5452,1,Primary Solid Tumor,KIRC,kidney clear cell carcinoma
TCGA-CZ-5453-01,TCGA-CZ-5453,1,Primary Solid Tumor,KIRC,kidney clear cell carcinoma
TCGA-CZ-5454-01,TCGA-CZ-5454,1,Primary Solid Tumor,KIRC,kidney clear cell carcinoma
TCGA-CZ-5455-01,TCGA-CZ-5455,1,Primary Solid Tumor,KIRC,kidney clear cell carcinoma
TCGA-CZ-5456-01,TCGA-CZ-5456,1,Primary Solid Tumor,KIRC,kidney clear cell carcinoma
TCGA-CZ-5457-01,TCGA-CZ-5457,1,Primary Solid Tumor,KIRC,kidney clear cell carcinoma
TCGA-CZ-5458-01,TCGA-CZ-5458,1,Primary Solid Tumor,KIRC,kidney clear cell carcinoma
TCGA-CZ-5459-01,TCGA-CZ-5459,1,Primary Solid Tumor,KIRC,kidney clear cell carcinoma
TCGA-CZ-5460-01,TCGA-CZ-5460,1,Primary Solid Tumor,KIRC,kidney clear cell carcinoma
TCGA-CZ-5461-01,TCGA-CZ-5461,1,Primary Solid Tumor,KIRC,kidney clear cell carcinoma
TCGA-CZ-5462-01,TCGA-CZ-5462,1,Primary Solid Tumor,KIRC,kidney clear cell carcinoma
TCGA-CZ-5463-01,TCGA-CZ-5463,1,Primary Solid Tumor,KIRC,kidney clear cell carcinoma
TCGA-CZ-5464-01,TCGA-CZ-5464,1,Primary Solid Tumor,KIRC,kidney clear cell carcinoma
TCGA-CZ-5465-01,TCGA-CZ-5465,1,Primary Solid Tumor,KIRC,kidney clear cell carcinoma
TCGA-CZ-5466-01,TCGA-CZ-5466,1,Primary Solid Tumor,KIRC,kidney clear cell carcinoma
TCGA-CZ-5467-01,TCGA-CZ-5467,1,Primary Solid Tumor,KIRC,kidney clear cell carcinoma
TCGA-CZ-5468-01,TCGA-CZ-5468,1,Primary Solid Tumor,KIRC,kidney clear cell carcinoma
TCGA-CZ-5469-01,TCGA-CZ-5469,1,Primary Solid Tumor,KIRC,kidney clear cell carcinoma
TCGA-CZ-5470-01,TCGA-CZ-5470,1,Primary Solid Tumor,KIRC,kidney clear cell carcinoma
TCGA-CZ-5982-01,TCGA-CZ-5982,1,Primary Solid Tumor,KIRC,kidney clear cell carcinoma
TCGA-CZ-5984-01,TCGA-CZ-5984,1,Primary Solid Tumor,KIRC,kidney clear cell carcinoma
TCGA-CZ-5985-01,TCGA-CZ-5985,1,Primary Solid Tumor,KIRC,kidney clear cell carcinoma
TCGA-CZ-5986-01,TCGA-CZ-5986,1,Primary Solid Tumor,KIRC,kidney clear cell carcinoma
TCGA-CZ-5987-01,TCGA-CZ-5987,1,Primary Solid Tumor,KIRC,kidney clear cell carcinoma
TCGA-CZ-5988-01,TCGA-CZ-5988,1,Primary Solid Tumor,KIRC,kidney clear cell carcinoma
TCGA-CZ-5989-01,TCGA-CZ-5989,1,Primary Solid Tumor,KIRC,kidney clear cell carcinoma
TCGA-D1-A0ZN-01,TCGA-D1-A0ZN,1,Primary Solid Tumor,UCEC,uterine corpus endometrioid carcinoma
TCGA-D1-A0ZO-01,TCGA-D1-A0ZO,1,Primary Solid Tumor,UCEC,uterine corpus endometrioid carcinoma
TCGA-D1-A0ZP-01,TCGA-D1-A0ZP,1,Primary Solid Tumor,UCEC,uterine corpus endometrioid carcinoma
TCGA-D1-A0ZQ-01,TCGA-D1-A0ZQ,1,Primary Solid Tumor,UCEC,uterine corpus endometrioid carcinoma
TCGA-D1-A0ZR-01,TCGA-D1-A0ZR,1,Primary Solid Tumor,UCEC,uterine corpus endometrioid carcinoma
TCGA-D1-A0ZS-01,TCGA-D1-A0ZS,1,Primary Solid Tumor,UCEC,uterine corpus endometrioid carcinoma
TCGA-D1-A0ZU-01,TCGA-D1-A0ZU,1,Primary Solid Tumor,UCEC,uterine corpus endometrioid carcinoma
TCGA-D1-A0ZV-01,TCGA-D1-A0ZV,1,Primary Solid Tumor,UCEC,uterine corpus endometrioid carcinoma
TCGA-D1-A0ZZ-01,TCGA-D1-A0ZZ,1,Primary Solid Tumor,UCEC,uterine corpus endometrioid carcinoma
TCGA-D1-A101-01,TCGA-D1-A101,1,Primary Solid Tumor,UCEC,uterine corpus endometrioid carcinoma
TCGA-D1-A102-01,TCGA-D1-A102,1,Primary Solid Tumor,UCEC,uterine corpus endometrioid carcinoma
TCGA-D1-A103-01,TCGA-D1-A103,1,Primary Solid Tumor,UCEC,uterine corpus endometrioid carcinoma
TCGA-D1-A15V-01,TCGA-D1-A15V,1,Primary Solid Tumor,UCEC,uterine corpus endometrioid carcinoma
TCGA-D1-A15W-01,TCGA-D1-A15W,1,Primary Solid Tumor,UCEC,uterine corpus endometrioid carcinoma
TCGA-D1-A15X-01,TCGA-D1-A15X,1,Primary Solid Tumor,UCEC,uterine corpus endometrioid carcinoma
TCGA-D1-A15Z-01,TCGA-D1-A15Z,1,Primary Solid Tumor,UCEC,uterine corpus endometrioid carcinoma
TCGA-D1-A160-01,TCGA-D1-A160,1,Primary Solid Tumor,UCEC,uterine corpus endometrioid carcinoma
TCGA-D1-A161-01,TCGA-D1-A161,1,Primary Solid Tumor,UCEC,uterine corpus endometrioid carcinoma
TCGA-D1-A162-01,TCGA-D1-A162,1,Primary Solid Tumor,UCEC,uterine corpus endometrioid carcinoma
TCGA-D1-A163-01,TCGA-D1-A163,1,Primary Solid Tumor,UCEC,uterine corpus endometrioid carcinoma
TCGA-D1-A165-01,TCGA-D1-A165,1,Primary Solid Tumor,UCEC,uterine corpus endometrioid carcinoma
TCGA-D1-A167-01,TCGA-D1-A167,1,Primary Solid Tumor,UCEC,uterine corpus endometrioid carcinoma
TCGA-D1-A168-01,TCGA-D1-A168,1,Primary Solid Tumor,UCEC,uterine corpus endometrioid carcinoma
TCGA-D1-A169-01,TCGA-D1-A169,1,Primary Solid Tumor,UCEC,uterine corpus endometrioid carcinoma
TCGA-D1-A16B-01,TCGA-D1-A16B,1,Primary Solid Tumor,UCEC,uterine corpus endometrioid carcinoma
TCGA-D1-A16D-01,TCGA-D1-A16D,1,Primary Solid Tumor,UCEC,uterine corpus endometrioid carcinoma
TCGA-D1-A16E-01,TCGA-D1-A16E,1,Primary Solid Tumor,UCEC,uterine corpus endometrioid carcinoma
TCGA-D1-A16F-01,TCGA-D1-A16F,1,Primary Solid Tumor,UCEC,uterine corpus endometrioid carcinoma
TCGA-D1-A16G-01,TCGA-D1-A16G,1,Primary Solid Tumor,UCEC,uterine corpus endometrioid carcinoma
TCGA-D1-A16I-01,TCGA-D1-A16I,1,Primary Solid Tumor,UCEC,uterine corpus endometrioid carcinoma
TCGA-D1-A16J-01,TCGA-D1-A16J,1,Primary Solid Tumor,UCEC,uterine corpus endometrioid carcinoma
TCGA-D1-A16N-01,TCGA-D1-A16N,1,Primary Solid Tumor,UCEC,uterine corpus endometrioid carcinoma
TCGA-D1-A16O-01,TCGA-D1-A16O,1,Primary Solid Tumor,UCEC,uterine corpus endometrioid carcinoma
TCGA-D1-A16Q-01,TCGA-D1-A16Q,1,Primary Solid Tumor,UCEC,uterine corpus endometrioid carcinoma
TCGA-D1-A16R-01,TCGA-D1-A16R,1,Primary Solid Tumor,UCEC,uterine corpus endometrioid carcinoma
TCGA-D1-A16S-01,TCGA-D1-A16S,1,Primary Solid Tumor,UCEC,uterine corpus endometrioid carcinoma
TCGA-D1-A16V-01,TCGA-D1-A16V,1,Primary Solid Tumor,UCEC,uterine corpus endometrioid carcinoma
TCGA-D1-A16X-01,TCGA-D1-A16X,1,Primary Solid Tumor,UCEC,uterine corpus endometrioid carcinoma
TCGA-D1-A16Y-01,TCGA-D1-A16Y,1,Primary Solid Tumor,UCEC,uterine corpus endometrioid carcinoma
TCGA-D1-A174-01,TCGA-D1-A174,1,Primary Solid Tumor,UCEC,uterine corpus endometrioid carcinoma
TCGA-D1-A175-01,TCGA-D1-A175,1,Primary Solid Tumor,UCEC,uterine corpus endometrioid carcinoma
TCGA-D1-A176-01,TCGA-D1-A176,1,Primary Solid Tumor,UCEC,uterine corpus endometrioid carcinoma
TCGA-D1-A177-01,TCGA-D1-A177,1,Primary Solid Tumor,UCEC,uterine corpus endometrioid carcinoma
TCGA-D1-A179-01,TCGA-D1-A179,1,Primary Solid Tumor,UCEC,uterine corpus endometrioid carcinoma
TCGA-D1-A17A-01,TCGA-D1-A17A,1,Primary Solid Tumor,UCEC,uterine corpus endometrioid carcinoma
TCGA-D1-A17B-01,TCGA-D1-A17B,1,Primary Solid Tumor,UCEC,uterine corpus endometrioid carcinoma
TCGA-D1-A17C-01,TCGA-D1-A17C,1,Primary Solid Tumor,UCEC,uterine corpus endometrioid carcinoma
TCGA-D1-A17D-01,TCGA-D1-A17D,1,Primary Solid Tumor,UCEC,uterine corpus endometrioid carcinoma
TCGA-D1-A17F-01,TCGA-D1-A17F,1,Primary Solid Tumor,UCEC,uterine corpus endometrioid carcinoma
TCGA-D1-A17H-01,TCGA-D1-A17H,1,Primary Solid Tumor,UCEC,uterine corpus endometrioid carcinoma
TCGA-D1-A17K-01,TCGA-D1-A17K,1,Primary Solid Tumor,UCEC,uterine corpus endometrioid carcinoma
TCGA-D1-A17L-01,TCGA-D1-A17L,1,Primary Solid Tumor,UCEC,uterine corpus endometrioid carcinoma
TCGA-D1-A17M-01,TCGA-D1-A17M,1,Primary Solid Tumor,UCEC,uterine corpus endometrioid carcinoma
TCGA-D1-A17N-01,TCGA-D1-A17N,1,Primary Solid Tumor,UCEC,uterine corpus endometrioid carcinoma
TCGA-D1-A17Q-01,TCGA-D1-A17Q,1,Primary Solid Tumor,UCEC,uterine corpus endometrioid carcinoma
TCGA-D1-A17R-01,TCGA-D1-A17R,1,Primary Solid Tumor,UCEC,uterine corpus endometrioid carcinoma
TCGA-D1-A17S-01,TCGA-D1-A17S,1,Primary Solid Tumor,UCEC,uterine corpus endometrioid carcinoma
TCGA-D1-A17T-01,TCGA-D1-A17T,1,Primary Solid Tumor,UCEC,uterine corpus endometrioid carcinoma
TCGA-D1-A17U-01,TCGA-D1-A17U,1,Primary Solid Tumor,UCEC,uterine corpus endometrioid carcinoma
TCGA-D1-A1NS-01,TCGA-D1-A1NS,1,Primary Solid Tumor,UCEC,uterine corpus endometrioid carcinoma
TCGA-D1-A1NU-01,TCGA-D1-A1NU,1,Primary Solid Tumor,UCEC,uterine corpus endometrioid carcinoma
TCGA-D1-A1NW-01,TCGA-D1-A1NW,1,Primary Solid Tumor,UCEC,uterine corpus endometrioid carcinoma
TCGA-D1-A1NX-01,TCGA-D1-A1NX,1,Primary Solid Tumor,UCEC,uterine corpus endometrioid carcinoma
TCGA-D1-A1NY-01,TCGA-D1-A1NY,1,Primary Solid Tumor,UCEC,uterine corpus endometrioid carcinoma
TCGA-D1-A1NZ-01,TCGA-D1-A1NZ,1,Primary Solid Tumor,UCEC,uterine corpus endometrioid carcinoma
TCGA-D1-A1O0-01,TCGA-D1-A1O0,1,Primary Solid Tumor,UCEC,uterine corpus endometrioid carcinoma
TCGA-D1-A1O5-01,TCGA-D1-A1O5,1,Primary Solid Tumor,UCEC,uterine corpus endometrioid carcinoma
TCGA-D1-A1O7-01,TCGA-D1-A1O7,1,Primary Solid Tumor,UCEC,uterine corpus endometrioid carcinoma
TCGA-D1-A1O8-01,TCGA-D1-A1O8,1,Primary Solid Tumor,UCEC,uterine corpus endometrioid carcinoma
TCGA-D1-A2G0-01,TCGA-D1-A2G0,1,Primary Solid Tumor,UCEC,uterine corpus endometrioid carcinoma
TCGA-D1-A2G5-01,TCGA-D1-A2G5,1,Primary Solid Tumor,UCEC,uterine corpus endometrioid carcinoma
TCGA-D1-A2G6-01,TCGA-D1-A2G6,1,Primary Solid Tumor,UCEC,uterine corpus endometrioid carcinoma
TCGA-D1-A2G7-01,TCGA-D1-A2G7,1,Primary Solid Tumor,UCEC,uterine corpus endometrioid carcinoma
TCGA-D1-A3DA-01,TCGA-D1-A3DA,1,Primary Solid Tumor,UCEC,uterine corpus endometrioid carcinoma
TCGA-D1-A3DG-01,TCGA-D1-A3DG,1,Primary Solid Tumor,UCEC,uterine corpus endometrioid carcinoma
TCGA-D1-A3DH-01,TCGA-D1-A3DH,1,Primary Solid Tumor,UCEC,uterine corpus endometrioid carcinoma
TCGA-D1-A3JP-01,TCGA-D1-A3JP,1,Primary Solid Tumor,UCEC,uterine corpus endometrioid carcinoma
TCGA-D1-A3JQ-01,TCGA-D1-A3JQ,1,Primary Solid Tumor,UCEC,uterine corpus endometrioid carcinoma
TCGA-D5-5537-01,TCGA-D5-5537,1,Primary Solid Tumor,COAD,colon adenocarcinoma
TCGA-D5-5538-01,TCGA-D5-5538,1,Primary Solid Tumor,COAD,colon adenocarcinoma
TCGA-D5-5539-01,TCGA-D5-5539,1,Primary Solid Tumor,COAD,colon adenocarcinoma
TCGA-D5-5540-01,TCGA-D5-5540,1,Primary Solid Tumor,COAD,colon adenocarcinoma
TCGA-D5-5541-01,TCGA-D5-5541,1,Primary Solid Tumor,COAD,colon adenocarcinoma
TCGA-D5-6529-01,TCGA-D5-6529,1,Primary Solid Tumor,COAD,colon adenocarcinoma
TCGA-D5-6530-01,TCGA-D5-6530,1,Primary Solid Tumor,COAD,colon adenocarcinoma
TCGA-D5-6531-01,TCGA-D5-6531,1,Primary Solid Tumor,COAD,colon adenocarcinoma
TCGA-D5-6532-01,TCGA-D5-6532,1,Primary Solid Tumor,COAD,colon adenocarcinoma
TCGA-D5-6533-01,TCGA-D5-6533,1,Primary Solid Tumor,COAD,colon adenocarcinoma
TCGA-D5-6534-01,TCGA-D5-6534,1,Primary Solid Tumor,COAD,colon adenocarcinoma
TCGA-D5-6535-01,TCGA-D5-6535,1,Primary Solid Tumor,COAD,colon adenocarcinoma
TCGA-D5-6536-01,TCGA-D5-6536,1,Primary Solid Tumor,COAD,colon adenocarcinoma
TCGA-D5-6537-01,TCGA-D5-6537,1,Primary Solid Tumor,COAD,colon adenocarcinoma
TCGA-D5-6538-01,TCGA-D5-6538,1,Primary Solid Tumor,COAD,colon adenocarcinoma
TCGA-D5-6539-01,TCGA-D5-6539,1,Primary Solid Tumor,COAD,colon adenocarcinoma
TCGA-D5-6540-01,TCGA-D5-6540,1,Primary Solid Tumor,COAD,colon adenocarcinoma
TCGA-D5-6541-01,TCGA-D5-6541,1,Primary Solid Tumor,COAD,colon adenocarcinoma
TCGA-D5-6898-01,TCGA-D5-6898,1,Primary Solid Tumor,COAD,colon adenocarcinoma
TCGA-D5-6920-01,TCGA-D5-6920,1,Primary Solid Tumor,COAD,colon adenocarcinoma
TCGA-D5-6922-01,TCGA-D5-6922,1,Primary Solid Tumor,COAD,colon adenocarcinoma
TCGA-D5-6923-01,TCGA-D5-6923,1,Primary Solid Tumor,COAD,colon adenocarcinoma
TCGA-D5-6924-01,TCGA-D5-6924,1,Primary Solid Tumor,COAD,colon adenocarcinoma
TCGA-D5-6926-01,TCGA-D5-6926,1,Primary Solid Tumor,COAD,colon adenocarcinoma
TCGA-D5-6927-01,TCGA-D5-6927,1,Primary Solid Tumor,COAD,colon adenocarcinoma
TCGA-D5-6928-01,TCGA-D5-6928,1,Primary Solid Tumor,COAD,colon adenocarcinoma
TCGA-D5-6929-01,TCGA-D5-6929,1,Primary Solid Tumor,COAD,colon adenocarcinoma
TCGA-D5-6930-01,TCGA-D5-6930,1,Primary Solid Tumor,COAD,colon adenocarcinoma
TCGA-D5-6931-01,TCGA-D5-6931,1,Primary Solid Tumor,COAD,colon adenocarcinoma
TCGA-D5-6932-01,TCGA-D5-6932,1,Primary Solid Tumor,COAD,colon adenocarcinoma
TCGA-D5-7000-01,TCGA-D5-7000,1,Primary Solid Tumor,COAD,colon adenocarcinoma
TCGA-D6-6515-01,TCGA-D6-6515,1,Primary Solid Tumor,HNSC,head & neck squamous cell carcinoma
TCGA-D6-6516-01,TCGA-D6-6516,1,Primary Solid Tumor,HNSC,head & neck squamous cell carcinoma
TCGA-D6-6517-01,TCGA-D6-6517,1,Primary Solid Tumor,HNSC,head & neck squamous cell carcinoma
TCGA-D6-6823-01,TCGA-D6-6823,1,Primary Solid Tumor,HNSC,head & neck squamous cell carcinoma
TCGA-D6-6824-01,TCGA-D6-6824,1,Primary Solid Tumor,HNSC,head & neck squamous cell carcinoma
TCGA-D6-6825-01,TCGA-D6-6825,1,Primary Solid Tumor,HNSC,head & neck squamous cell carcinoma
TCGA-D6-6826-01,TCGA-D6-6826,1,Primary Solid Tumor,HNSC,head & neck squamous cell carcinoma
TCGA-D6-6827-01,TCGA-D6-6827,1,Primary Solid Tumor,HNSC,head & neck squamous cell carcinoma
TCGA-D6-8568-01,TCGA-D6-8568,1,Primary Solid Tumor,HNSC,head & neck squamous cell carcinoma
TCGA-D6-8569-01,TCGA-D6-8569,1,Primary Solid Tumor,HNSC,head & neck squamous cell carcinoma
TCGA-D6-A4Z9-01,TCGA-D6-A4Z9,1,Primary Solid Tumor,HNSC,head & neck squamous cell carcinoma
TCGA-D6-A4ZB-01,TCGA-D6-A4ZB,1,Primary Solid Tumor,HNSC,head & neck squamous cell carcinoma
TCGA-D6-A6EK-01,TCGA-D6-A6EK,1,Primary Solid Tumor,HNSC,head & neck squamous cell carcinoma
TCGA-D6-A6EM-01,TCGA-D6-A6EM,1,Primary Solid Tumor,HNSC,head & neck squamous cell carcinoma
TCGA-D6-A6EN-01,TCGA-D6-A6EN,1,Primary Solid Tumor,HNSC,head & neck squamous cell carcinoma
TCGA-D6-A6EO-01,TCGA-D6-A6EO,1,Primary Solid Tumor,HNSC,head & neck squamous cell carcinoma
TCGA-D6-A6EP-01,TCGA-D6-A6EP,1,Primary Solid Tumor,HNSC,head & neck squamous cell carcinoma
TCGA-D6-A6EQ-01,TCGA-D6-A6EQ,1,Primary Solid Tumor,HNSC,head & neck squamous cell carcinoma
TCGA-D6-A6ES-01,TCGA-D6-A6ES,1,Primary Solid Tumor,HNSC,head & neck squamous cell carcinoma
TCGA-D6-A74Q-01,TCGA-D6-A74Q,1,Primary Solid Tumor,HNSC,head & neck squamous cell carcinoma
TCGA-D8-A13Y-01,TCGA-D8-A13Y,1,Primary Solid Tumor,BRCA,breast invasive carcinoma
TCGA-D8-A13Z-01,TCGA-D8-A13Z,1,Primary Solid Tumor,BRCA,breast invasive carcinoma
TCGA-D8-A140-01,TCGA-D8-A140,1,Primary Solid Tumor,BRCA,breast invasive carcinoma
TCGA-D8-A141-01,TCGA-D8-A141,1,Primary Solid Tumor,BRCA,breast invasive carcinoma
TCGA-D8-A142-01,TCGA-D8-A142,1,Primary Solid Tumor,BRCA,breast invasive carcinoma
TCGA-D8-A143-01,TCGA-D8-A143,1,Primary Solid Tumor,BRCA,breast invasive carcinoma
TCGA-D8-A145-01,TCGA-D8-A145,1,Primary Solid Tumor,BRCA,breast invasive carcinoma
TCGA-D8-A146-01,TCGA-D8-A146,1,Primary Solid Tumor,BRCA,breast invasive carcinoma
TCGA-D8-A147-01,TCGA-D8-A147,1,Primary Solid Tumor,BRCA,breast invasive carcinoma
TCGA-D8-A1J8-01,TCGA-D8-A1J8,1,Primary Solid Tumor,BRCA,breast invasive carcinoma
TCGA-D8-A1J9-01,TCGA-D8-A1J9,1,Primary Solid Tumor,BRCA,breast invasive carcinoma
TCGA-D8-A1JA-01,TCGA-D8-A1JA,1,Primary Solid Tumor,BRCA,breast invasive carcinoma
TCGA-D8-A1JB-01,TCGA-D8-A1JB,1,Primary Solid Tumor,BRCA,breast invasive carcinoma
TCGA-D8-A1JC-01,TCGA-D8-A1JC,1,Primary Solid Tumor,BRCA,breast invasive carcinoma
TCGA-D8-A1JD-01,TCGA-D8-A1JD,1,Primary Solid Tumor,BRCA,breast invasive carcinoma
TCGA-D8-A1JE-01,TCGA-D8-A1JE,1,Primary Solid Tumor,BRCA,breast invasive carcinoma
TCGA-D8-A1JF-01,TCGA-D8-A1JF,1,Primary Solid Tumor,BRCA,breast invasive carcinoma
TCGA-D8-A1JG-01,TCGA-D8-A1JG,1,Primary Solid Tumor,BRCA,breast invasive carcinoma
TCGA-D8-A1JH-01,TCGA-D8-A1JH,1,Primary Solid Tumor,BRCA,breast invasive carcinoma
TCGA-D8-A1JI-01,TCGA-D8-A1JI,1,Primary Solid Tumor,BRCA,breast invasive carcinoma
TCGA-D8-A1JJ-01,TCGA-D8-A1JJ,1,Primary Solid Tumor,BRCA,breast invasive carcinoma
TCGA-D8-A1JK-01,TCGA-D8-A1JK,1,Primary Solid Tumor,BRCA,breast invasive carcinoma
TCGA-D8-A1JL-01,TCGA-D8-A1JL,1,Primary Solid Tumor,BRCA,breast invasive carcinoma
TCGA-D8-A1JM-01,TCGA-D8-A1JM,1,Primary Solid Tumor,BRCA,breast invasive carcinoma
TCGA-D8-A1JN-01,TCGA-D8-A1JN,1,Primary Solid Tumor,BRCA,breast invasive carcinoma
TCGA-D8-A1JP-01,TCGA-D8-A1JP,1,Primary Solid Tumor,BRCA,breast invasive carcinoma
TCGA-D8-A1JS-01,TCGA-D8-A1JS,1,Primary Solid Tumor,BRCA,breast invasive carcinoma
TCGA-D8-A1JT-01,TCGA-D8-A1JT,1,Primary Solid Tumor,BRCA,breast invasive carcinoma
TCGA-D8-A1JU-01,TCGA-D8-A1JU,1,Primary Solid Tumor,BRCA,breast invasive carcinoma
TCGA-D8-A1X5-01,TCGA-D8-A1X5,1,Primary Solid Tumor,BRCA,breast invasive carcinoma
TCGA-D8-A1X6-01,TCGA-D8-A1X6,1,Primary Solid Tumor,BRCA,breast invasive carcinoma
TCGA-D8-A1X7-01,TCGA-D8-A1X7,1,Primary Solid Tumor,BRCA,breast invasive carcinoma
TCGA-D8-A1X8-01,TCGA-D8-A1X8,1,Primary Solid Tumor,BRCA,breast invasive carcinoma
TCGA-D8-A1X9-01,TCGA-D8-A1X9,1,Primary Solid Tumor,BRCA,breast invasive carcinoma
TCGA-D8-A1XA-01,TCGA-D8-A1XA,1,Primary Solid Tumor,BRCA,breast invasive carcinoma
TCGA-D8-A1XB-01,TCGA-D8-A1XB,1,Primary Solid Tumor,BRCA,breast invasive carcinoma
TCGA-D8-A1XC-01,TCGA-D8-A1XC,1,Primary Solid Tumor,BRCA,breast invasive carcinoma
TCGA-D8-A1XD-01,TCGA-D8-A1XD,1,Primary Solid Tumor,BRCA,breast invasive carcinoma
TCGA-D8-A1XF-01,TCGA-D8-A1XF,1,Primary Solid Tumor,BRCA,breast invasive carcinoma
TCGA-D8-A1XG-01,TCGA-D8-A1XG,1,Primary Solid Tumor,BRCA,breast invasive carcinoma
TCGA-D8-A1XJ-01,TCGA-D8-A1XJ,1,Primary Solid Tumor,BRCA,breast invasive carcinoma
TCGA-D8-A1XK-01,TCGA-D8-A1XK,1,Primary Solid Tumor,BRCA,breast invasive carcinoma
TCGA-D8-A1XL-01,TCGA-D8-A1XL,1,Primary Solid Tumor,BRCA,breast invasive carcinoma
TCGA-D8-A1XM-01,TCGA-D8-A1XM,1,Primary Solid Tumor,BRCA,breast invasive carcinoma
TCGA-D8-A1XO-01,TCGA-D8-A1XO,1,Primary Solid Tumor,BRCA,breast invasive carcinoma
TCGA-D8-A1XQ-01,TCGA-D8-A1XQ,1,Primary Solid Tumor,BRCA,breast invasive carcinoma
TCGA-D8-A1XR-01,TCGA-D8-A1XR,1,Primary Solid Tumor,BRCA,breast invasive carcinoma
TCGA-D8-A1XS-01,TCGA-D8-A1XS,1,Primary Solid Tumor,BRCA,breast invasive carcinoma
TCGA-D8-A1XT-01,TCGA-D8-A1XT,1,Primary Solid Tumor,BRCA,breast invasive carcinoma
TCGA-D8-A1XU-01,TCGA-D8-A1XU,1,Primary Solid Tumor,BRCA,breast invasive carcinoma
TCGA-D8-A1XV-01,TCGA-D8-A1XV,1,Primary Solid Tumor,BRCA,breast invasive carcinoma
TCGA-D8-A1XW-01,TCGA-D8-A1XW,1,Primary Solid Tumor,BRCA,breast invasive carcinoma
TCGA-D8-A1XY-01,TCGA-D8-A1XY,1,Primary Solid Tumor,BRCA,breast invasive carcinoma
TCGA-D8-A1XZ-01,TCGA-D8-A1XZ,1,Primary Solid Tumor,BRCA,breast invasive carcinoma
TCGA-D8-A1Y0-01,TCGA-D8-A1Y0,1,Primary Solid Tumor,BRCA,breast invasive carcinoma
TCGA-D8-A1Y1-01,TCGA-D8-A1Y1,1,Primary Solid Tumor,BRCA,breast invasive carcinoma
TCGA-D8-A1Y2-01,TCGA-D8-A1Y2,1,Primary Solid Tumor,BRCA,breast invasive carcinoma
TCGA-D8-A1Y3-01,TCGA-D8-A1Y3,1,Primary Solid Tumor,BRCA,breast invasive carcinoma
TCGA-D8-A27E-01,TCGA-D8-A27E,1,Primary Solid Tumor,BRCA,breast invasive carcinoma
TCGA-D8-A27F-01,TCGA-D8-A27F,1,Primary Solid Tumor,BRCA,breast invasive carcinoma
TCGA-D8-A27G-01,TCGA-D8-A27G,1,Primary Solid Tumor,BRCA,breast invasive carcinoma
TCGA-D8-A27H-01,TCGA-D8-A27H,1,Primary Solid Tumor,BRCA,breast invasive carcinoma
TCGA-D8-A27I-01,TCGA-D8-A27I,1,Primary Solid Tumor,BRCA,breast invasive carcinoma
TCGA-D8-A27K-01,TCGA-D8-A27K,1,Primary Solid Tumor,BRCA,breast invasive carcinoma
TCGA-D8-A27L-01,TCGA-D8-A27L,1,Primary Solid Tumor,BRCA,breast invasive carcinoma
TCGA-D8-A27M-01,TCGA-D8-A27M,1,Primary Solid Tumor,BRCA,breast invasive carcinoma
TCGA-D8-A27N-01,TCGA-D8-A27N,1,Primary Solid Tumor,BRCA,breast invasive carcinoma
TCGA-D8-A27P-01,TCGA-D8-A27P,1,Primary Solid Tumor,BRCA,breast invasive carcinoma
TCGA-D8-A27R-01,TCGA-D8-A27R,1,Primary Solid Tumor,BRCA,breast invasive carcinoma
TCGA-D8-A27T-01,TCGA-D8-A27T,1,Primary Solid Tumor,BRCA,breast invasive carcinoma
TCGA-D8-A27V-01,TCGA-D8-A27V,1,Primary Solid Tumor,BRCA,breast invasive carcinoma
TCGA-D8-A27W-01,TCGA-D8-A27W,1,Primary Solid Tumor,BRCA,breast invasive carcinoma
TCGA-D8-A3Z5-01,TCGA-D8-A3Z5,1,Primary Solid Tumor,BRCA,breast invasive carcinoma
TCGA-D8-A3Z6-01,TCGA-D8-A3Z6,1,Primary Solid Tumor,BRCA,breast invasive carcinoma
TCGA-D8-A4Z1-01,TCGA-D8-A4Z1,1,Primary Solid Tumor,BRCA,breast invasive carcinoma
TCGA-D8-A73U-01,TCGA-D8-A73U,1,Primary Solid Tumor,BRCA,breast invasive carcinoma
TCGA-D8-A73W-01,TCGA-D8-A73W,1,Primary Solid Tumor,BRCA,breast invasive carcinoma
TCGA-D8-A73X-01,TCGA-D8-A73X,1,Primary Solid Tumor,BRCA,breast invasive carcinoma
TCGA-DF-A2KN-01,TCGA-DF-A2KN,1,Primary Solid Tumor,UCEC,uterine corpus endometrioid carcinoma
TCGA-DF-A2KR-01,TCGA-DF-A2KR,1,Primary Solid Tumor,UCEC,uterine corpus endometrioid carcinoma
TCGA-DF-A2KS-01,TCGA-DF-A2KS,1,Primary Solid Tumor,UCEC,uterine corpus endometrioid carcinoma
TCGA-DF-A2KU-01,TCGA-DF-A2KU,1,Primary Solid Tumor,UCEC,uterine corpus endometrioid carcinoma
TCGA-DF-A2KV-01,TCGA-DF-A2KV,1,Primary Solid Tumor,UCEC,uterine corpus endometrioid carcinoma
TCGA-DF-A2KY-01,TCGA-DF-A2KY,1,Primary Solid Tumor,UCEC,uterine corpus endometrioid carcinoma
TCGA-DF-A2KZ-01,TCGA-DF-A2KZ,1,Primary Solid Tumor,UCEC,uterine corpus endometrioid carcinoma
TCGA-DF-A2L0-01,TCGA-DF-A2L0,1,Primary Solid Tumor,UCEC,uterine corpus endometrioid carcinoma
TCGA-DI-A0WH-01,TCGA-DI-A0WH,1,Primary Solid Tumor,UCEC,uterine corpus endometrioid carcinoma
TCGA-DI-A1BU-01,TCGA-DI-A1BU,1,Primary Solid Tumor,UCEC,uterine corpus endometrioid carcinoma
TCGA-DI-A1BY-01,TCGA-DI-A1BY,1,Primary Solid Tumor,UCEC,uterine corpus endometrioid carcinoma
TCGA-DI-A1C3-01,TCGA-DI-A1C3,1,Primary Solid Tumor,UCEC,uterine corpus endometrioid carcinoma
TCGA-DI-A1NN-01,TCGA-DI-A1NN,1,Primary Solid Tumor,UCEC,uterine corpus endometrioid carcinoma
TCGA-DI-A1NO-01,TCGA-DI-A1NO,1,Primary Solid Tumor,UCEC,uterine corpus endometrioid carcinoma
TCGA-DI-A2QT-01,TCGA-DI-A2QT,1,Primary Solid Tumor,UCEC,uterine corpus endometrioid carcinoma
TCGA-DI-A2QU-01,TCGA-DI-A2QU,1,Primary Solid Tumor,UCEC,uterine corpus endometrioid carcinoma
TCGA-DI-A2QY-01,TCGA-DI-A2QY,1,Primary Solid Tumor,UCEC,uterine corpus endometrioid carcinoma
TCGA-DM-A0X9-01,TCGA-DM-A0X9,1,Primary Solid Tumor,COAD,colon adenocarcinoma
TCGA-DM-A0XD-01,TCGA-DM-A0XD,1,Primary Solid Tumor,COAD,colon adenocarcinoma
TCGA-DM-A0XF-01,TCGA-DM-A0XF,1,Primary Solid Tumor,COAD,colon adenocarcinoma
TCGA-DM-A1D0-01,TCGA-DM-A1D0,1,Primary Solid Tumor,COAD,colon adenocarcinoma
TCGA-DM-A1D4-01,TCGA-DM-A1D4,1,Primary Solid Tumor,COAD,colon adenocarcinoma
TCGA-DM-A1D6-01,TCGA-DM-A1D6,1,Primary Solid Tumor,COAD,colon adenocarcinoma
TCGA-DM-A1D7-01,TCGA-DM-A1D7,1,Primary Solid Tumor,COAD,colon adenocarcinoma
TCGA-DM-A1D8-01,TCGA-DM-A1D8,1,Primary Solid Tumor,COAD,colon adenocarcinoma
TCGA-DM-A1D9-01,TCGA-DM-A1D9,1,Primary Solid Tumor,COAD,colon adenocarcinoma
TCGA-DM-A1DA-01,TCGA-DM-A1DA,1,Primary Solid Tumor,COAD,colon adenocarcinoma
TCGA-DM-A1DB-01,TCGA-DM-A1DB,1,Primary Solid Tumor,COAD,colon adenocarcinoma
TCGA-DM-A1HA-01,TCGA-DM-A1HA,1,Primary Solid Tumor,COAD,colon adenocarcinoma
TCGA-DM-A1HB-01,TCGA-DM-A1HB,1,Primary Solid Tumor,COAD,colon adenocarcinoma
TCGA-DM-A280-01,TCGA-DM-A280,1,Primary Solid Tumor,COAD,colon adenocarcinoma
TCGA-DM-A282-01,TCGA-DM-A282,1,Primary Solid Tumor,COAD,colon adenocarcinoma
TCGA-DM-A285-01,TCGA-DM-A285,1,Primary Solid Tumor,COAD,colon adenocarcinoma
TCGA-DM-A288-01,TCGA-DM-A288,1,Primary Solid Tumor,COAD,colon adenocarcinoma
TCGA-DM-A28A-01,TCGA-DM-A28A,1,Primary Solid Tumor,COAD,colon adenocarcinoma
TCGA-DM-A28C-01,TCGA-DM-A28C,1,Primary Solid Tumor,COAD,colon adenocarcinoma
TCGA-DM-A28E-01,TCGA-DM-A28E,1,Primary Solid Tumor,COAD,colon adenocarcinoma
TCGA-DM-A28F-01,TCGA-DM-A28F,1,Primary Solid Tumor,COAD,colon adenocarcinoma
TCGA-DM-A28G-01,TCGA-DM-A28G,1,Primary Solid Tumor,COAD,colon adenocarcinoma
TCGA-DM-A28H-01,TCGA-DM-A28H,1,Primary Solid Tumor,COAD,colon adenocarcinoma
TCGA-DM-A28K-01,TCGA-DM-A28K,1,Primary Solid Tumor,COAD,colon adenocarcinoma
TCGA-DM-A28M-01,TCGA-DM-A28M,1,Primary Solid Tumor,COAD,colon adenocarcinoma
TCGA-DQ-5624-01,TCGA-DQ-5624,1,Primary Solid Tumor,HNSC,head & neck squamous cell carcinoma
TCGA-DQ-5625-01,TCGA-DQ-5625,1,Primary Solid Tumor,HNSC,head & neck squamous cell carcinoma
TCGA-DQ-5629-01,TCGA-DQ-5629,1,Primary Solid Tumor,HNSC,head & neck squamous cell carcinoma
TCGA-DQ-5630-01,TCGA-DQ-5630,1,Primary Solid Tumor,HNSC,head & neck squamous cell carcinoma
TCGA-DQ-5631-01,TCGA-DQ-5631,1,Primary Solid Tumor,HNSC,head & neck squamous cell carcinoma
TCGA-DQ-7588-01,TCGA-DQ-7588,1,Primary Solid Tumor,HNSC,head & neck squamous cell carcinoma
TCGA-DQ-7589-01,TCGA-DQ-7589,1,Primary Solid Tumor,HNSC,head & neck squamous cell carcinoma
TCGA-DQ-7590-01,TCGA-DQ-7590,1,Primary Solid Tumor,HNSC,head & neck squamous cell carcinoma
TCGA-DQ-7591-01,TCGA-DQ-7591,1,Primary Solid Tumor,HNSC,head & neck squamous cell carcinoma
TCGA-DQ-7592-01,TCGA-DQ-7592,1,Primary Solid Tumor,HNSC,head & neck squamous cell carcinoma
TCGA-DQ-7593-01,TCGA-DQ-7593,1,Primary Solid Tumor,HNSC,head & neck squamous cell carcinoma
TCGA-DQ-7594-01,TCGA-DQ-7594,1,Primary Solid Tumor,HNSC,head & neck squamous cell carcinoma
TCGA-DQ-7595-01,TCGA-DQ-7595,1,Primary Solid Tumor,HNSC,head & neck squamous cell carcinoma
TCGA-DQ-7596-01,TCGA-DQ-7596,1,Primary Solid Tumor,HNSC,head & neck squamous cell carcinoma
TCGA-DV-5565-01,TCGA-DV-5565,1,Primary Solid Tumor,KIRC,kidney clear cell carcinoma
TCGA-DV-5566-01,TCGA-DV-5566,1,Primary Solid Tumor,KIRC,kidney clear cell carcinoma
TCGA-DV-5567-01,TCGA-DV-5567,1,Primary Solid Tumor,KIRC,kidney clear cell carcinoma
TCGA-DV-5568-01,TCGA-DV-5568,1,Primary Solid Tumor,KIRC,kidney clear cell carcinoma
TCGA-DV-5569-01,TCGA-DV-5569,1,Primary Solid Tumor,KIRC,kidney clear cell carcinoma
TCGA-DV-5573-01,TCGA-DV-5573,1,Primary Solid Tumor,KIRC,kidney clear cell carcinoma
TCGA-DV-5574-01,TCGA-DV-5574,1,Primary Solid Tumor,KIRC,kidney clear cell carcinoma
TCGA-DV-5575-01,TCGA-DV-5575,1,Primary Solid Tumor,KIRC,kidney clear cell carcinoma
TCGA-DV-5576-01,TCGA-DV-5576,1,Primary Solid Tumor,KIRC,kidney clear cell carcinoma
TCGA-DV-A4VX-01,TCGA-DV-A4VX,1,Primary Solid Tumor,KIRC,kidney clear cell carcinoma
TCGA-DV-A4VZ-01,TCGA-DV-A4VZ,1,Primary Solid Tumor,KIRC,kidney clear cell carcinoma
TCGA-DV-A4W0-01,TCGA-DV-A4W0,1,Primary Solid Tumor,KIRC,kidney clear cell carcinoma
TCGA-E2-A105-01,TCGA-E2-A105,1,Primary Solid Tumor,BRCA,breast invasive carcinoma
TCGA-E2-A106-01,TCGA-E2-A106,1,Primary Solid Tumor,BRCA,breast invasive carcinoma
TCGA-E2-A107-01,TCGA-E2-A107,1,Primary Solid Tumor,BRCA,breast invasive carcinoma
TCGA-E2-A108-01,TCGA-E2-A108,1,Primary Solid Tumor,BRCA,breast invasive carcinoma
TCGA-E2-A109-01,TCGA-E2-A109,1,Primary Solid Tumor,BRCA,breast invasive carcinoma
TCGA-E2-A10A-01,TCGA-E2-A10A,1,Primary Solid Tumor,BRCA,breast invasive carcinoma
TCGA-E2-A10B-01,TCGA-E2-A10B,1,Primary Solid Tumor,BRCA,breast invasive carcinoma
TCGA-E2-A10C-01,TCGA-E2-A10C,1,Primary Solid Tumor,BRCA,breast invasive carcinoma
TCGA-E2-A10E-01,TCGA-E2-A10E,1,Primary Solid Tumor,BRCA,breast invasive carcinoma
TCGA-E2-A10F-01,TCGA-E2-A10F,1,Primary Solid Tumor,BRCA,breast invasive carcinoma
TCGA-E2-A14N-01,TCGA-E2-A14N,1,Primary Solid Tumor,BRCA,breast invasive carcinoma
TCGA-E2-A14O-01,TCGA-E2-A14O,1,Primary Solid Tumor,BRCA,breast invasive carcinoma
TCGA-E2-A14P-01,TCGA-E2-A14P,1,Primary Solid Tumor,BRCA,breast invasive carcinoma
TCGA-E2-A14Q-01,TCGA-E2-A14Q,1,Primary Solid Tumor,BRCA,breast invasive carcinoma
TCGA-E2-A14R-01,TCGA-E2-A14R,1,Primary Solid Tumor,BRCA,breast invasive carcinoma
TCGA-E2-A14S-01,TCGA-E2-A14S,1,Primary Solid Tumor,BRCA,breast invasive carcinoma
TCGA-E2-A14T-01,TCGA-E2-A14T,1,Primary Solid Tumor,BRCA,breast invasive carcinoma
TCGA-E2-A14U-01,TCGA-E2-A14U,1,Primary Solid Tumor,BRCA,breast invasive carcinoma
TCGA-E2-A14V-01,TCGA-E2-A14V,1,Primary Solid Tumor,BRCA,breast invasive carcinoma
TCGA-E2-A14W-01,TCGA-E2-A14W,1,Primary Solid Tumor,BRCA,breast invasive carcinoma
TCGA-E2-A14X-01,TCGA-E2-A14X,1,Primary Solid Tumor,BRCA,breast invasive carcinoma
TCGA-E2-A14Y-01,TCGA-E2-A14Y,1,Primary Solid Tumor,BRCA,breast invasive carcinoma
TCGA-E2-A14Z-01,TCGA-E2-A14Z,1,Primary Solid Tumor,BRCA,breast invasive carcinoma
TCGA-E2-A150-01,TCGA-E2-A150,1,Primary Solid Tumor,BRCA,breast invasive carcinoma
TCGA-E2-A152-01,TCGA-E2-A152,1,Primary Solid Tumor,BRCA,breast invasive carcinoma
TCGA-E2-A153-01,TCGA-E2-A153,1,Primary Solid Tumor,BRCA,breast invasive carcinoma
TCGA-E2-A154-01,TCGA-E2-A154,1,Primary Solid Tumor,BRCA,breast invasive carcinoma
TCGA-E2-A155-01,TCGA-E2-A155,1,Primary Solid Tumor,BRCA,breast invasive carcinoma
TCGA-E2-A156-01,TCGA-E2-A156,1,Primary Solid Tumor,BRCA,breast invasive carcinoma
TCGA-E2-A158-01,TCGA-E2-A158,1,Primary Solid Tumor,BRCA,breast invasive carcinoma
TCGA-E2-A159-01,TCGA-E2-A159,1,Primary Solid Tumor,BRCA,breast invasive carcinoma
TCGA-E2-A15A-01,TCGA-E2-A15A,1,Primary Solid Tumor,BRCA,breast invasive carcinoma
TCGA-E2-A15C-01,TCGA-E2-A15C,1,Primary Solid Tumor,BRCA,breast invasive carcinoma
TCGA-E2-A15D-01,TCGA-E2-A15D,1,Primary Solid Tumor,BRCA,breast invasive carcinoma
TCGA-E2-A15E-01,TCGA-E2-A15E,1,Primary Solid Tumor,BRCA,breast invasive carcinoma
TCGA-E2-A15F-01,TCGA-E2-A15F,1,Primary Solid Tumor,BRCA,breast invasive carcinoma
TCGA-E2-A15G-01,TCGA-E2-A15G,1,Primary Solid Tumor,BRCA,breast invasive carcinoma
TCGA-E2-A15H-01,TCGA-E2-A15H,1,Primary Solid Tumor,BRCA,breast invasive carcinoma
TCGA-E2-A15I-01,TCGA-E2-A15I,1,Primary Solid Tumor,BRCA,breast invasive carcinoma
TCGA-E2-A15J-01,TCGA-E2-A15J,1,Primary Solid Tumor,BRCA,breast invasive carcinoma
TCGA-E2-A15K-01,TCGA-E2-A15K,1,Primary Solid Tumor,BRCA,breast invasive carcinoma
TCGA-E2-A15L-01,TCGA-E2-A15L,1,Primary Solid Tumor,BRCA,breast invasive carcinoma
TCGA-E2-A15M-01,TCGA-E2-A15M,1,Primary Solid Tumor,BRCA,breast invasive carcinoma
TCGA-E2-A15O-01,TCGA-E2-A15O,1,Primary Solid Tumor,BRCA,breast invasive carcinoma
TCGA-E2-A15P-01,TCGA-E2-A15P,1,Primary Solid Tumor,BRCA,breast invasive carcinoma
TCGA-E2-A15R-01,TCGA-E2-A15R,1,Primary Solid Tumor,BRCA,breast invasive carcinoma
TCGA-E2-A15S-01,TCGA-E2-A15S,1,Primary Solid Tumor,BRCA,breast invasive carcinoma
TCGA-E2-A15T-01,TCGA-E2-A15T,1,Primary Solid Tumor,BRCA,breast invasive carcinoma
TCGA-E2-A1AZ-01,TCGA-E2-A1AZ,1,Primary Solid Tumor,BRCA,breast invasive carcinoma
TCGA-E2-A1B0-01,TCGA-E2-A1B0,1,Primary Solid Tumor,BRCA,breast invasive carcinoma
TCGA-E2-A1B1-01,TCGA-E2-A1B1,1,Primary Solid Tumor,BRCA,breast invasive carcinoma
TCGA-E2-A1B4-01,TCGA-E2-A1B4,1,Primary Solid Tumor,BRCA,breast invasive carcinoma
TCGA-E2-A1B5-01,TCGA-E2-A1B5,1,Primary Solid Tumor,BRCA,breast invasive carcinoma
TCGA-E2-A1B6-01,TCGA-E2-A1B6,1,Primary Solid Tumor,BRCA,breast invasive carcinoma
TCGA-E2-A1BC-01,TCGA-E2-A1BC,1,Primary Solid Tumor,BRCA,breast invasive carcinoma
TCGA-E2-A1BD-01,TCGA-E2-A1BD,1,Primary Solid Tumor,BRCA,breast invasive carcinoma
TCGA-E2-A1IE-01,TCGA-E2-A1IE,1,Primary Solid Tumor,BRCA,breast invasive carcinoma
TCGA-E2-A1IF-01,TCGA-E2-A1IF,1,Primary Solid Tumor,BRCA,breast invasive carcinoma
TCGA-E2-A1IG-01,TCGA-E2-A1IG,1,Primary Solid Tumor,BRCA,breast invasive carcinoma
TCGA-E2-A1IH-01,TCGA-E2-A1IH,1,Primary Solid Tumor,BRCA,breast invasive carcinoma
TCGA-E2-A1II-01,TCGA-E2-A1II,1,Primary Solid Tumor,BRCA,breast invasive carcinoma
TCGA-E2-A1IJ-01,TCGA-E2-A1IJ,1,Primary Solid Tumor,BRCA,breast invasive carcinoma
TCGA-E2-A1IK-01,TCGA-E2-A1IK,1,Primary Solid Tumor,BRCA,breast invasive carcinoma
TCGA-E2-A1IL-01,TCGA-E2-A1IL,1,Primary Solid Tumor,BRCA,breast invasive carcinoma
TCGA-E2-A1IN-01,TCGA-E2-A1IN,1,Primary Solid Tumor,BRCA,breast invasive carcinoma
TCGA-E2-A1IO-01,TCGA-E2-A1IO,1,Primary Solid Tumor,BRCA,breast invasive carcinoma
TCGA-E2-A1IU-01,TCGA-E2-A1IU,1,Primary Solid Tumor,BRCA,breast invasive carcinoma
TCGA-E2-A1L6-01,TCGA-E2-A1L6,1,Primary Solid Tumor,BRCA,breast invasive carcinoma
TCGA-E2-A1L7-01,TCGA-E2-A1L7,1,Primary Solid Tumor,BRCA,breast invasive carcinoma
TCGA-E2-A1L8-01,TCGA-E2-A1L8,1,Primary Solid Tumor,BRCA,breast invasive carcinoma
TCGA-E2-A1L9-01,TCGA-E2-A1L9,1,Primary Solid Tumor,BRCA,breast invasive carcinoma
TCGA-E2-A1LA-01,TCGA-E2-A1LA,1,Primary Solid Tumor,BRCA,breast invasive carcinoma
TCGA-E2-A1LB-01,TCGA-E2-A1LB,1,Primary Solid Tumor,BRCA,breast invasive carcinoma
TCGA-E2-A1LE-01,TCGA-E2-A1LE,1,Primary Solid Tumor,BRCA,breast invasive carcinoma
TCGA-E2-A1LG-01,TCGA-E2-A1LG,1,Primary Solid Tumor,BRCA,breast invasive carcinoma
TCGA-E2-A1LH-01,TCGA-E2-A1LH,1,Primary Solid Tumor,BRCA,breast invasive carcinoma
TCGA-E2-A1LI-01,TCGA-E2-A1LI,1,Primary Solid Tumor,BRCA,breast invasive carcinoma
TCGA-E2-A1LK-01,TCGA-E2-A1LK,1,Primary Solid Tumor,BRCA,breast invasive carcinoma
TCGA-E2-A1LL-01,TCGA-E2-A1LL,1,Primary Solid Tumor,BRCA,breast invasive carcinoma
TCGA-E2-A1LS-01,TCGA-E2-A1LS,1,Primary Solid Tumor,BRCA,breast invasive carcinoma
TCGA-E2-A2P5-01,TCGA-E2-A2P5,1,Primary Solid Tumor,BRCA,breast invasive carcinoma
TCGA-E2-A2P6-01,TCGA-E2-A2P6,1,Primary Solid Tumor,BRCA,breast invasive carcinoma
TCGA-E2-A3DX-01,TCGA-E2-A3DX,1,Primary Solid Tumor,BRCA,breast invasive carcinoma
TCGA-E2-A56Z-01,TCGA-E2-A56Z,1,Primary Solid Tumor,BRCA,breast invasive carcinoma
TCGA-E2-A570-01,TCGA-E2-A570,1,Primary Solid Tumor,BRCA,breast invasive carcinoma
TCGA-E2-A572-01,TCGA-E2-A572,1,Primary Solid Tumor,BRCA,breast invasive carcinoma
TCGA-E2-A573-01,TCGA-E2-A573,1,Primary Solid Tumor,BRCA,breast invasive carcinoma
TCGA-E2-A574-01,TCGA-E2-A574,1,Primary Solid Tumor,BRCA,breast invasive carcinoma
TCGA-E2-A576-01,TCGA-E2-A576,1,Primary Solid Tumor,BRCA,breast invasive carcinoma
TCGA-E2-A9RU-01,TCGA-E2-A9RU,1,Primary Solid Tumor,BRCA,breast invasive carcinoma
TCGA-E6-A1LX-01,TCGA-E6-A1LX,1,Primary Solid Tumor,UCEC,uterine corpus endometrioid carcinoma
TCGA-E6-A1LZ-01,TCGA-E6-A1LZ,1,Primary Solid Tumor,UCEC,uterine corpus endometrioid carcinoma
TCGA-E6-A1M0-01,TCGA-E6-A1M0,1,Primary Solid Tumor,UCEC,uterine corpus endometrioid carcinoma
TCGA-E6-A2P8-01,TCGA-E6-A2P8,1,Primary Solid Tumor,UCEC,uterine corpus endometrioid carcinoma
TCGA-E6-A2P9-01,TCGA-E6-A2P9,1,Primary Solid Tumor,UCEC,uterine corpus endometrioid carcinoma
TCGA-E6-A8L9-01,TCGA-E6-A8L9,1,Primary Solid Tumor,UCEC,uterine corpus endometrioid carcinoma
TCGA-E9-A1N3-01,TCGA-E9-A1N3,1,Primary Solid Tumor,BRCA,breast invasive carcinoma
TCGA-E9-A1N4-01,TCGA-E9-A1N4,1,Primary Solid Tumor,BRCA,breast invasive carcinoma
TCGA-E9-A1N5-01,TCGA-E9-A1N5,1,Primary Solid Tumor,BRCA,breast invasive carcinoma
TCGA-E9-A1N6-01,TCGA-E9-A1N6,1,Primary Solid Tumor,BRCA,breast invasive carcinoma
TCGA-E9-A1N8-01,TCGA-E9-A1N8,1,Primary Solid Tumor,BRCA,breast invasive carcinoma
TCGA-E9-A1N9-01,TCGA-E9-A1N9,1,Primary Solid Tumor,BRCA,breast invasive carcinoma
TCGA-E9-A1NA-01,TCGA-E9-A1NA,1,Primary Solid Tumor,BRCA,breast invasive carcinoma
TCGA-E9-A1NC-01,TCGA-E9-A1NC,1,Primary Solid Tumor,BRCA,breast invasive carcinoma
TCGA-E9-A1ND-01,TCGA-E9-A1ND,1,Primary Solid Tumor,BRCA,breast invasive carcinoma
TCGA-E9-A1NE-01,TCGA-E9-A1NE,1,Primary Solid Tumor,BRCA,breast invasive carcinoma
TCGA-E9-A1NF-01,TCGA-E9-A1NF,1,Primary Solid Tumor,BRCA,breast invasive carcinoma
TCGA-E9-A1NG-01,TCGA-E9-A1NG,1,Primary Solid Tumor,BRCA,breast invasive carcinoma
TCGA-E9-A1NH-01,TCGA-E9-A1NH,1,Primary Solid Tumor,BRCA,breast invasive carcinoma
TCGA-E9-A1NI-01,TCGA-E9-A1NI,1,Primary Solid Tumor,BRCA,breast invasive carcinoma
TCGA-E9-A1QZ-01,TCGA-E9-A1QZ,1,Primary Solid Tumor,BRCA,breast invasive carcinoma
TCGA-E9-A1R0-01,TCGA-E9-A1R0,1,Primary Solid Tumor,BRCA,breast invasive carcinoma
TCGA-E9-A1R2-01,TCGA-E9-A1R2,1,Primary Solid Tumor,BRCA,breast invasive carcinoma
TCGA-E9-A1R3-01,TCGA-E9-A1R3,1,Primary Solid Tumor,BRCA,breast invasive carcinoma
TCGA-E9-A1R4-01,TCGA-E9-A1R4,1,Primary Solid Tumor,BRCA,breast invasive carcinoma
TCGA-E9-A1R5-01,TCGA-E9-A1R5,1,Primary Solid Tumor,BRCA,breast invasive carcinoma
TCGA-E9-A1R6-01,TCGA-E9-A1R6,1,Primary Solid Tumor,BRCA,breast invasive carcinoma
TCGA-E9-A1R7-01,TCGA-E9-A1R7,1,Primary Solid Tumor,BRCA,breast invasive carcinoma
TCGA-E9-A1RA-01,TCGA-E9-A1RA,1,Primary Solid Tumor,BRCA,breast invasive carcinoma
TCGA-E9-A1RB-01,TCGA-E9-A1RB,1,Primary Solid Tumor,BRCA,breast invasive carcinoma
TCGA-E9-A1RC-01,TCGA-E9-A1RC,1,Primary Solid Tumor,BRCA,breast invasive carcinoma
TCGA-E9-A1RD-01,TCGA-E9-A1RD,1,Primary Solid Tumor,BRCA,breast invasive carcinoma
TCGA-E9-A1RE-01,TCGA-E9-A1RE,1,Primary Solid Tumor,BRCA,breast invasive carcinoma
TCGA-E9-A1RF-01,TCGA-E9-A1RF,1,Primary Solid Tumor,BRCA,breast invasive carcinoma
TCGA-E9-A1RG-01,TCGA-E9-A1RG,1,Primary Solid Tumor,BRCA,breast invasive carcinoma
TCGA-E9-A1RH-01,TCGA-E9-A1RH,1,Primary Solid Tumor,BRCA,breast invasive carcinoma
TCGA-E9-A1RI-01,TCGA-E9-A1RI,1,Primary Solid Tumor,BRCA,breast invasive carcinoma
TCGA-E9-A226-01,TCGA-E9-A226,1,Primary Solid Tumor,BRCA,breast invasive carcinoma
TCGA-E9-A227-01,TCGA-E9-A227,1,Primary Solid Tumor,BRCA,breast invasive carcinoma
TCGA-E9-A228-01,TCGA-E9-A228,1,Primary Solid Tumor,BRCA,breast invasive carcinoma
TCGA-E9-A229-01,TCGA-E9-A229,1,Primary Solid Tumor,BRCA,breast invasive carcinoma
TCGA-E9-A22A-01,TCGA-E9-A22A,1,Primary Solid Tumor,BRCA,breast invasive carcinoma
TCGA-E9-A22B-01,TCGA-E9-A22B,1,Primary Solid Tumor,BRCA,breast invasive carcinoma
TCGA-E9-A22D-01,TCGA-E9-A22D,1,Primary Solid Tumor,BRCA,breast invasive carcinoma
TCGA-E9-A22E-01,TCGA-E9-A22E,1,Primary Solid Tumor,BRCA,breast invasive carcinoma
TCGA-E9-A22G-01,TCGA-E9-A22G,1,Primary Solid Tumor,BRCA,breast invasive carcinoma
TCGA-E9-A22H-01,TCGA-E9-A22H,1,Primary Solid Tumor,BRCA,breast invasive carcinoma
TCGA-E9-A243-01,TCGA-E9-A243,1,Primary Solid Tumor,BRCA,breast invasive carcinoma
TCGA-E9-A244-01,TCGA-E9-A244,1,Primary Solid Tumor,BRCA,breast invasive carcinoma
TCGA-E9-A245-01,TCGA-E9-A245,1,Primary Solid Tumor,BRCA,breast invasive carcinoma
TCGA-E9-A247-01,TCGA-E9-A247,1,Primary Solid Tumor,BRCA,breast invasive carcinoma
TCGA-E9-A248-01,TCGA-E9-A248,1,Primary Solid Tumor,BRCA,breast invasive carcinoma
TCGA-E9-A249-01,TCGA-E9-A249,1,Primary Solid Tumor,BRCA,breast invasive carcinoma
TCGA-E9-A24A-01,TCGA-E9-A24A,1,Primary Solid Tumor,BRCA,breast invasive carcinoma
TCGA-E9-A295-01,TCGA-E9-A295,1,Primary Solid Tumor,BRCA,breast invasive carcinoma
TCGA-E9-A2JS-01,TCGA-E9-A2JS,1,Primary Solid Tumor,BRCA,breast invasive carcinoma
TCGA-E9-A2JT-01,TCGA-E9-A2JT,1,Primary Solid Tumor,BRCA,breast invasive carcinoma
TCGA-E9-A3HO-01,TCGA-E9-A3HO,1,Primary Solid Tumor,BRCA,breast invasive carcinoma
TCGA-E9-A3Q9-01,TCGA-E9-A3Q9,1,Primary Solid Tumor,BRCA,breast invasive carcinoma
TCGA-E9-A3QA-01,TCGA-E9-A3QA,1,Primary Solid Tumor,BRCA,breast invasive carcinoma
TCGA-E9-A3X8-01,TCGA-E9-A3X8,1,Primary Solid Tumor,BRCA,breast invasive carcinoma
TCGA-E9-A54X-01,TCGA-E9-A54X,1,Primary Solid Tumor,BRCA,breast invasive carcinoma
TCGA-E9-A54Y-01,TCGA-E9-A54Y,1,Primary Solid Tumor,BRCA,breast invasive carcinoma
TCGA-E9-A5FK-01,TCGA-E9-A5FK,1,Primary Solid Tumor,BRCA,breast invasive carcinoma
TCGA-E9-A5FL-01,TCGA-E9-A5FL,1,Primary Solid Tumor,BRCA,breast invasive carcinoma
TCGA-E9-A5UO-01,TCGA-E9-A5UO,1,Primary Solid Tumor,BRCA,breast invasive carcinoma
TCGA-E9-A5UP-01,TCGA-E9-A5UP,1,Primary Solid Tumor,BRCA,breast invasive carcinoma
TCGA-E9-A6HE-01,TCGA-E9-A6HE,1,Primary Solid Tumor,BRCA,breast invasive carcinoma
TCGA-EC-A1NJ-01,TCGA-EC-A1NJ,1,Primary Solid Tumor,UCEC,uterine corpus endometrioid carcinoma
TCGA-EC-A1QX-01,TCGA-EC-A1QX,1,Primary Solid Tumor,UCEC,uterine corpus endometrioid carcinoma
TCGA-EC-A24G-01,TCGA-EC-A24G,1,Primary Solid Tumor,UCEC,uterine corpus endometrioid carcinoma
TCGA-EO-A1Y5-01,TCGA-EO-A1Y5,1,Primary Solid Tumor,UCEC,uterine corpus endometrioid carcinoma
TCGA-EO-A1Y7-01,TCGA-EO-A1Y7,1,Primary Solid Tumor,UCEC,uterine corpus endometrioid carcinoma
TCGA-EO-A1Y8-01,TCGA-EO-A1Y8,1,Primary Solid Tumor,UCEC,uterine corpus endometrioid carcinoma
TCGA-EO-A22R-01,TCGA-EO-A22R,1,Primary Solid Tumor,UCEC,uterine corpus endometrioid carcinoma
TCGA-EO-A22S-01,TCGA-EO-A22S,1,Primary Solid Tumor,UCEC,uterine corpus endometrioid carcinoma
TCGA-EO-A22T-01,TCGA-EO-A22T,1,Primary Solid Tumor,UCEC,uterine corpus endometrioid carcinoma
TCGA-EO-A22U-01,TCGA-EO-A22U,1,Primary Solid Tumor,UCEC,uterine corpus endometrioid carcinoma
TCGA-EO-A22X-01,TCGA-EO-A22X,1,Primary Solid Tumor,UCEC,uterine corpus endometrioid carcinoma
TCGA-EO-A22Y-01,TCGA-EO-A22Y,1,Primary Solid Tumor,UCEC,uterine corpus endometrioid carcinoma
TCGA-EO-A2CG-01,TCGA-EO-A2CG,1,Primary Solid Tumor,UCEC,uterine corpus endometrioid carcinoma
TCGA-EO-A2CH-01,TCGA-EO-A2CH,1,Primary Solid Tumor,UCEC,uterine corpus endometrioid carcinoma
TCGA-EO-A3AS-01,TCGA-EO-A3AS,1,Primary Solid Tumor,UCEC,uterine corpus endometrioid carcinoma
TCGA-EO-A3AU-01,TCGA-EO-A3AU,1,Primary Solid Tumor,UCEC,uterine corpus endometrioid carcinoma
TCGA-EO-A3AV-01,TCGA-EO-A3AV,1,Primary Solid Tumor,UCEC,uterine corpus endometrioid carcinoma
TCGA-EO-A3AY-01,TCGA-EO-A3AY,1,Primary Solid Tumor,UCEC,uterine corpus endometrioid carcinoma
TCGA-EO-A3AZ-01,TCGA-EO-A3AZ,1,Primary Solid Tumor,UCEC,uterine corpus endometrioid carcinoma
TCGA-EO-A3B0-01,TCGA-EO-A3B0,1,Primary Solid Tumor,UCEC,uterine corpus endometrioid carcinoma
TCGA-EO-A3B1-01,TCGA-EO-A3B1,1,Primary Solid Tumor,UCEC,uterine corpus endometrioid carcinoma
TCGA-EO-A3KU-01,TCGA-EO-A3KU,1,Primary Solid Tumor,UCEC,uterine corpus endometrioid carcinoma
TCGA-EO-A3KW-01,TCGA-EO-A3KW,1,Primary Solid Tumor,UCEC,uterine corpus endometrioid carcinoma
TCGA-EO-A3KX-01,TCGA-EO-A3KX,1,Primary Solid Tumor,UCEC,uterine corpus endometrioid carcinoma
TCGA-EO-A3L0-01,TCGA-EO-A3L0,1,Primary Solid Tumor,UCEC,uterine corpus endometrioid carcinoma
TCGA-EU-5904-01,TCGA-EU-5904,1,Primary Solid Tumor,KIRC,kidney clear cell carcinoma
TCGA-EU-5905-01,TCGA-EU-5905,1,Primary Solid Tumor,KIRC,kidney clear cell carcinoma
TCGA-EU-5906-01,TCGA-EU-5906,1,Primary Solid Tumor,KIRC,kidney clear cell carcinoma
TCGA-EU-5907-01,TCGA-EU-5907,1,Primary Solid Tumor,KIRC,kidney clear cell carcinoma
TCGA-EW-A1IW-01,TCGA-EW-A1IW,1,Primary Solid Tumor,BRCA,breast invasive carcinoma
TCGA-EW-A1IX-01,TCGA-EW-A1IX,1,Primary Solid Tumor,BRCA,breast invasive carcinoma
TCGA-EW-A1IY-01,TCGA-EW-A1IY,1,Primary Solid Tumor,BRCA,breast invasive carcinoma
TCGA-EW-A1IZ-01,TCGA-EW-A1IZ,1,Primary Solid Tumor,BRCA,breast invasive carcinoma
TCGA-EW-A1J1-01,TCGA-EW-A1J1,1,Primary Solid Tumor,BRCA,breast invasive carcinoma
TCGA-EW-A1J2-01,TCGA-EW-A1J2,1,Primary Solid Tumor,BRCA,breast invasive carcinoma
TCGA-EW-A1J3-01,TCGA-EW-A1J3,1,Primary Solid Tumor,BRCA,breast invasive carcinoma
TCGA-EW-A1J5-01,TCGA-EW-A1J5,1,Primary Solid Tumor,BRCA,breast invasive carcinoma
TCGA-EW-A1J6-01,TCGA-EW-A1J6,1,Primary Solid Tumor,BRCA,breast invasive carcinoma
TCGA-EW-A1OV-01,TCGA-EW-A1OV,1,Primary Solid Tumor,BRCA,breast invasive carcinoma
TCGA-EW-A1OW-01,TCGA-EW-A1OW,1,Primary Solid Tumor,BRCA,breast invasive carcinoma
TCGA-EW-A1OX-01,TCGA-EW-A1OX,1,Primary Solid Tumor,BRCA,breast invasive carcinoma
TCGA-EW-A1OY-01,TCGA-EW-A1OY,1,Primary Solid Tumor,BRCA,breast invasive carcinoma
TCGA-EW-A1OZ-01,TCGA-EW-A1OZ,1,Primary Solid Tumor,BRCA,breast invasive carcinoma
TCGA-EW-A1P0-01,TCGA-EW-A1P0,1,Primary Solid Tumor,BRCA,breast invasive carcinoma
TCGA-EW-A1P1-01,TCGA-EW-A1P1,1,Primary Solid Tumor,BRCA,breast invasive carcinoma
TCGA-EW-A1P3-01,TCGA-EW-A1P3,1,Primary Solid Tumor,BRCA,breast invasive carcinoma
TCGA-EW-A1P4-01,TCGA-EW-A1P4,1,Primary Solid Tumor,BRCA,breast invasive carcinoma
TCGA-EW-A1P5-01,TCGA-EW-A1P5,1,Primary Solid Tumor,BRCA,breast invasive carcinoma
TCGA-EW-A1P6-01,TCGA-EW-A1P6,1,Primary Solid Tumor,BRCA,breast invasive carcinoma
TCGA-EW-A1P7-01,TCGA-EW-A1P7,1,Primary Solid Tumor,BRCA,breast invasive carcinoma
TCGA-EW-A1P8-01,TCGA-EW-A1P8,1,Primary Solid Tumor,BRCA,breast invasive carcinoma
TCGA-EW-A1PA-01,TCGA-EW-A1PA,1,Primary Solid Tumor,BRCA,breast invasive carcinoma
TCGA-EW-A1PB-01,TCGA-EW-A1PB,1,Primary Solid Tumor,BRCA,breast invasive carcinoma
TCGA-EW-A1PC-01,TCGA-EW-A1PC,1,Primary Solid Tumor,BRCA,breast invasive carcinoma
TCGA-EW-A1PD-01,TCGA-EW-A1PD,1,Primary Solid Tumor,BRCA,breast invasive carcinoma
TCGA-EW-A1PE-01,TCGA-EW-A1PE,1,Primary Solid Tumor,BRCA,breast invasive carcinoma
TCGA-EW-A1PF-01,TCGA-EW-A1PF,1,Primary Solid Tumor,BRCA,breast invasive carcinoma
TCGA-EW-A1PG-01,TCGA-EW-A1PG,1,Primary Solid Tumor,BRCA,breast invasive carcinoma
TCGA-EW-A1PH-01,TCGA-EW-A1PH,1,Primary Solid Tumor,BRCA,breast invasive carcinoma
TCGA-EW-A2FR-01,TCGA-EW-A2FR,1,Primary Solid Tumor,BRCA,breast invasive carcinoma
TCGA-EW-A2FS-01,TCGA-EW-A2FS,1,Primary Solid Tumor,BRCA,breast invasive carcinoma
TCGA-EW-A2FV-01,TCGA-EW-A2FV,1,Primary Solid Tumor,BRCA,breast invasive carcinoma
TCGA-EW-A2FW-01,TCGA-EW-A2FW,1,Primary Solid Tumor,BRCA,breast invasive carcinoma
TCGA-EW-A3E8-01,TCGA-EW-A3E8,1,Primary Solid Tumor,BRCA,breast invasive carcinoma
TCGA-EW-A3U0-01,TCGA-EW-A3U0,1,Primary Solid Tumor,BRCA,breast invasive carcinoma
TCGA-EW-A423-01,TCGA-EW-A423,1,Primary Solid Tumor,BRCA,breast invasive carcinoma
TCGA-EW-A424-01,TCGA-EW-A424,1,Primary Solid Tumor,BRCA,breast invasive carcinoma
TCGA-EW-A6S9-01,TCGA-EW-A6S9,1,Primary Solid Tumor,BRCA,breast invasive carcinoma
TCGA-EW-A6SA-01,TCGA-EW-A6SA,1,Primary Solid Tumor,BRCA,breast invasive carcinoma
TCGA-EW-A6SB-01,TCGA-EW-A6SB,1,Primary Solid Tumor,BRCA,breast invasive carcinoma
TCGA-EW-A6SC-01,TCGA-EW-A6SC,1,Primary Solid Tumor,BRCA,breast invasive carcinoma
TCGA-EW-A6SD-01,TCGA-EW-A6SD,1,Primary Solid Tumor,BRCA,breast invasive carcinoma
TCGA-EY-A1GC-01,TCGA-EY-A1GC,1,Primary Solid Tumor,UCEC,uterine corpus endometrioid carcinoma
TCGA-EY-A1GD-01,TCGA-EY-A1GD,1,Primary Solid Tumor,UCEC,uterine corpus endometrioid carcinoma
TCGA-EY-A1GE-01,TCGA-EY-A1GE,1,Primary Solid Tumor,UCEC,uterine corpus endometrioid carcinoma
TCGA-EY-A1GF-01,TCGA-EY-A1GF,1,Primary Solid Tumor,UCEC,uterine corpus endometrioid carcinoma
TCGA-EY-A1GH-01,TCGA-EY-A1GH,1,Primary Solid Tumor,UCEC,uterine corpus endometrioid carcinoma
TCGA-EY-A1GI-01,TCGA-EY-A1GI,1,Primary Solid Tumor,UCEC,uterine corpus endometrioid carcinoma
TCGA-EY-A1GK-01,TCGA-EY-A1GK,1,Primary Solid Tumor,UCEC,uterine corpus endometrioid carcinoma
TCGA-EY-A1GL-01,TCGA-EY-A1GL,1,Primary Solid Tumor,UCEC,uterine corpus endometrioid carcinoma
TCGA-EY-A1GM-01,TCGA-EY-A1GM,1,Primary Solid Tumor,UCEC,uterine corpus endometrioid carcinoma
TCGA-EY-A1GO-01,TCGA-EY-A1GO,1,Primary Solid Tumor,UCEC,uterine corpus endometrioid carcinoma
TCGA-EY-A1GP-01,TCGA-EY-A1GP,1,Primary Solid Tumor,UCEC,uterine corpus endometrioid carcinoma
TCGA-EY-A1GQ-01,TCGA-EY-A1GQ,1,Primary Solid Tumor,UCEC,uterine corpus endometrioid carcinoma
TCGA-EY-A1GR-01,TCGA-EY-A1GR,1,Primary Solid Tumor,UCEC,uterine corpus endometrioid carcinoma
TCGA-EY-A1GS-01,TCGA-EY-A1GS,1,Primary Solid Tumor,UCEC,uterine corpus endometrioid carcinoma
TCGA-EY-A1GT-01,TCGA-EY-A1GT,1,Primary Solid Tumor,UCEC,uterine corpus endometrioid carcinoma
TCGA-EY-A1GU-01,TCGA-EY-A1GU,1,Primary Solid Tumor,UCEC,uterine corpus endometrioid carcinoma
TCGA-EY-A1GV-01,TCGA-EY-A1GV,1,Primary Solid Tumor,UCEC,uterine corpus endometrioid carcinoma
TCGA-EY-A1GW-01,TCGA-EY-A1GW,1,Primary Solid Tumor,UCEC,uterine corpus endometrioid carcinoma
TCGA-EY-A1GX-01,TCGA-EY-A1GX,1,Primary Solid Tumor,UCEC,uterine corpus endometrioid carcinoma
TCGA-EY-A1H0-01,TCGA-EY-A1H0,1,Primary Solid Tumor,UCEC,uterine corpus endometrioid carcinoma
TCGA-EY-A210-01,TCGA-EY-A210,1,Primary Solid Tumor,UCEC,uterine corpus endometrioid carcinoma
TCGA-EY-A212-01,TCGA-EY-A212,1,Primary Solid Tumor,UCEC,uterine corpus endometrioid carcinoma
TCGA-EY-A214-01,TCGA-EY-A214,1,Primary Solid Tumor,UCEC,uterine corpus endometrioid carcinoma
TCGA-EY-A215-01,TCGA-EY-A215,1,Primary Solid Tumor,UCEC,uterine corpus endometrioid carcinoma
TCGA-EY-A2OM-01,TCGA-EY-A2OM,1,Primary Solid Tumor,UCEC,uterine corpus endometrioid carcinoma
TCGA-EY-A2ON-01,TCGA-EY-A2ON,1,Primary Solid Tumor,UCEC,uterine corpus endometrioid carcinoma
TCGA-EY-A2OO-01,TCGA-EY-A2OO,1,Primary Solid Tumor,UCEC,uterine corpus endometrioid carcinoma
TCGA-EY-A2OP-01,TCGA-EY-A2OP,1,Primary Solid Tumor,UCEC,uterine corpus endometrioid carcinoma
TCGA-EY-A2OQ-01,TCGA-EY-A2OQ,1,Primary Solid Tumor,UCEC,uterine corpus endometrioid carcinoma
TCGA-EY-A3L3-01,TCGA-EY-A3L3,1,Primary Solid Tumor,UCEC,uterine corpus endometrioid carcinoma
TCGA-EY-A3QX-01,TCGA-EY-A3QX,1,Primary Solid Tumor,UCEC,uterine corpus endometrioid carcinoma
TCGA-EY-A4KR-01,TCGA-EY-A4KR,1,Primary Solid Tumor,UCEC,uterine corpus endometrioid carcinoma
TCGA-EY-A547-01,TCGA-EY-A547,1,Primary Solid Tumor,UCEC,uterine corpus endometrioid carcinoma
TCGA-EY-A548-01,TCGA-EY-A548,1,Primary Solid Tumor,UCEC,uterine corpus endometrioid carcinoma
TCGA-EY-A549-01,TCGA-EY-A549,1,Primary Solid Tumor,UCEC,uterine corpus endometrioid carcinoma
TCGA-EY-A54A-01,TCGA-EY-A54A,1,Primary Solid Tumor,UCEC,uterine corpus endometrioid carcinoma
TCGA-EY-A5W2-01,TCGA-EY-A5W2,1,Primary Solid Tumor,UCEC,uterine corpus endometrioid carcinoma
TCGA-EY-A72D-01,TCGA-EY-A72D,1,Primary Solid Tumor,UCEC,uterine corpus endometrioid carcinoma
TCGA-F2-6879-01,TCGA-F2-6879,1,Primary Solid Tumor,PAAD,pancreatic adenocarcinoma
TCGA-F2-6880-01,TCGA-F2-6880,1,Primary Solid Tumor,PAAD,pancreatic adenocarcinoma
TCGA-F2-7273-01,TCGA-F2-7273,1,Primary Solid Tumor,PAAD,pancreatic adenocarcinoma
TCGA-F2-7276-01,TCGA-F2-7276,1,Primary Solid Tumor,PAAD,pancreatic adenocarcinoma
TCGA-F2-A44G-01,TCGA-F2-A44G,1,Primary Solid Tumor,PAAD,pancreatic adenocarcinoma
TCGA-F2-A44H-01,TCGA-F2-A44H,1,Primary Solid Tumor,PAAD,pancreatic adenocarcinoma
TCGA-F2-A7TX-01,TCGA-F2-A7TX,1,Primary Solid Tumor,PAAD,pancreatic adenocarcinoma
TCGA-F2-A8YN-01,TCGA-F2-A8YN,1,Primary Solid Tumor,PAAD,pancreatic adenocarcinoma
TCGA-F4-6459-01,TCGA-F4-6459,1,Primary Solid Tumor,COAD,colon adenocarcinoma
TCGA-F4-6460-01,TCGA-F4-6460,1,Primary Solid Tumor,COAD,colon adenocarcinoma
TCGA-F4-6461-01,TCGA-F4-6461,1,Primary Solid Tumor,COAD,colon adenocarcinoma
TCGA-F4-6463-01,TCGA-F4-6463,1,Primary Solid Tumor,COAD,colon adenocarcinoma
TCGA-F4-6569-01,TCGA-F4-6569,1,Primary Solid Tumor,COAD,colon adenocarcinoma
TCGA-F4-6570-01,TCGA-F4-6570,1,Primary Solid Tumor,COAD,colon adenocarcinoma
TCGA-F4-6703-01,TCGA-F4-6703,1,Primary Solid Tumor,COAD,colon adenocarcinoma
TCGA-F4-6704-01,TCGA-F4-6704,1,Primary Solid Tumor,COAD,colon adenocarcinoma
TCGA-F4-6805-01,TCGA-F4-6805,1,Primary Solid Tumor,COAD,colon adenocarcinoma
TCGA-F4-6806-01,TCGA-F4-6806,1,Primary Solid Tumor,COAD,colon adenocarcinoma
TCGA-F4-6807-01,TCGA-F4-6807,1,Primary Solid Tumor,COAD,colon adenocarcinoma
TCGA-F4-6808-01,TCGA-F4-6808,1,Primary Solid Tumor,COAD,colon adenocarcinoma
TCGA-F4-6809-01,TCGA-F4-6809,1,Primary Solid Tumor,COAD,colon adenocarcinoma
TCGA-F4-6854-01,TCGA-F4-6854,1,Primary Solid Tumor,COAD,colon adenocarcinoma
TCGA-F4-6855-01,TCGA-F4-6855,1,Primary Solid Tumor,COAD,colon adenocarcinoma
TCGA-F4-6856-01,TCGA-F4-6856,1,Primary Solid Tumor,COAD,colon adenocarcinoma
TCGA-F7-7848-01,TCGA-F7-7848,1,Primary Solid Tumor,HNSC,head & neck squamous cell carcinoma
TCGA-F7-8298-01,TCGA-F7-8298,1,Primary Solid Tumor,HNSC,head & neck squamous cell carcinoma
TCGA-F7-8489-01,TCGA-F7-8489,1,Primary Solid Tumor,HNSC,head & neck squamous cell carcinoma
TCGA-F7-A50G-01,TCGA-F7-A50G,1,Primary Solid Tumor,HNSC,head & neck squamous cell carcinoma
TCGA-F7-A50I-01,TCGA-F7-A50I,1,Primary Solid Tumor,HNSC,head & neck squamous cell carcinoma
TCGA-F7-A50J-01,TCGA-F7-A50J,1,Primary Solid Tumor,HNSC,head & neck squamous cell carcinoma
TCGA-F7-A61S-01,TCGA-F7-A61S,1,Primary Solid Tumor,HNSC,head & neck squamous cell carcinoma
TCGA-F7-A61V-01,TCGA-F7-A61V,1,Primary Solid Tumor,HNSC,head & neck squamous cell carcinoma
TCGA-F7-A61W-01,TCGA-F7-A61W,1,Primary Solid Tumor,HNSC,head & neck squamous cell carcinoma
TCGA-F7-A620-01,TCGA-F7-A620,1,Primary Solid Tumor,HNSC,head & neck squamous cell carcinoma
TCGA-F7-A622-01,TCGA-F7-A622,1,Primary Solid Tumor,HNSC,head & neck squamous cell carcinoma
TCGA-F7-A623-01,TCGA-F7-A623,1,Primary Solid Tumor,HNSC,head & neck squamous cell carcinoma
TCGA-F7-A624-01,TCGA-F7-A624,1,Primary Solid Tumor,HNSC,head & neck squamous cell carcinoma
TCGA-FB-A4P5-01,TCGA-FB-A4P5,1,Primary Solid Tumor,PAAD,pancreatic adenocarcinoma
TCGA-FB-A4P6-01,TCGA-FB-A4P6,1,Primary Solid Tumor,PAAD,pancreatic adenocarcinoma
TCGA-FB-A545-01,TCGA-FB-A545,1,Primary Solid Tumor,PAAD,pancreatic adenocarcinoma
TCGA-FB-A5VM-01,TCGA-FB-A5VM,1,Primary Solid Tumor,PAAD,pancreatic adenocarcinoma
TCGA-FB-A78T-01,TCGA-FB-A78T,1,Primary Solid Tumor,PAAD,pancreatic adenocarcinoma
TCGA-FB-A7DR-01,TCGA-FB-A7DR,1,Primary Solid Tumor,PAAD,pancreatic adenocarcinoma
TCGA-FB-AAPP-01,TCGA-FB-AAPP,1,Primary Solid Tumor,PAAD,pancreatic adenocarcinoma
TCGA-FB-AAPQ-01,TCGA-FB-AAPQ,1,Primary Solid Tumor,PAAD,pancreatic adenocarcinoma
TCGA-FB-AAPS-01,TCGA-FB-AAPS,1,Primary Solid Tumor,PAAD,pancreatic adenocarcinoma
TCGA-FB-AAPU-01,TCGA-FB-AAPU,1,Primary Solid Tumor,PAAD,pancreatic adenocarcinoma
TCGA-FB-AAPY-01,TCGA-FB-AAPY,1,Primary Solid Tumor,PAAD,pancreatic adenocarcinoma
TCGA-FB-AAPZ-01,TCGA-FB-AAPZ,1,Primary Solid Tumor,PAAD,pancreatic adenocarcinoma
TCGA-FB-AAQ0-01,TCGA-FB-AAQ0,1,Primary Solid Tumor,PAAD,pancreatic adenocarcinoma
TCGA-FB-AAQ1-01,TCGA-FB-AAQ1,1,Primary Solid Tumor,PAAD,pancreatic adenocarcinoma
TCGA-FB-AAQ2-01,TCGA-FB-AAQ2,1,Primary Solid Tumor,PAAD,pancreatic adenocarcinoma
TCGA-FB-AAQ3-01,TCGA-FB-AAQ3,1,Primary Solid Tumor,PAAD,pancreatic adenocarcinoma
TCGA-FB-AAQ6-01,TCGA-FB-AAQ6,1,Primary Solid Tumor,PAAD,pancreatic adenocarcinoma
TCGA-FI-A2CX-01,TCGA-FI-A2CX,1,Primary Solid Tumor,UCEC,uterine corpus endometrioid carcinoma
TCGA-FI-A2CY-01,TCGA-FI-A2CY,1,Primary Solid Tumor,UCEC,uterine corpus endometrioid carcinoma
TCGA-FI-A2D0-01,TCGA-FI-A2D0,1,Primary Solid Tumor,UCEC,uterine corpus endometrioid carcinoma
TCGA-FI-A2D2-01,TCGA-FI-A2D2,1,Primary Solid Tumor,UCEC,uterine corpus endometrioid carcinoma
TCGA-FI-A2D4-01,TCGA-FI-A2D4,1,Primary Solid Tumor,UCEC,uterine corpus endometrioid carcinoma
TCGA-FI-A2D5-01,TCGA-FI-A2D5,1,Primary Solid Tumor,UCEC,uterine corpus endometrioid carcinoma
TCGA-FI-A2D6-01,TCGA-FI-A2D6,1,Primary Solid Tumor,UCEC,uterine corpus endometrioid carcinoma
TCGA-FI-A2EU-01,TCGA-FI-A2EU,1,Primary Solid Tumor,UCEC,uterine corpus endometrioid carcinoma
TCGA-FI-A2EW-01,TCGA-FI-A2EW,1,Primary Solid Tumor,UCEC,uterine corpus endometrioid carcinoma
TCGA-FI-A2EX-01,TCGA-FI-A2EX,1,Primary Solid Tumor,UCEC,uterine corpus endometrioid carcinoma
TCGA-FI-A2EY-01,TCGA-FI-A2EY,1,Primary Solid Tumor,UCEC,uterine corpus endometrioid carcinoma
TCGA-FI-A2F4-01,TCGA-FI-A2F4,1,Primary Solid Tumor,UCEC,uterine corpus endometrioid carcinoma
TCGA-FI-A2F8-01,TCGA-FI-A2F8,1,Primary Solid Tumor,UCEC,uterine corpus endometrioid carcinoma
TCGA-FI-A2F9-01,TCGA-FI-A2F9,1,Primary Solid Tumor,UCEC,uterine corpus endometrioid carcinoma
TCGA-FI-A3PV-01,TCGA-FI-A3PV,1,Primary Solid Tumor,UCEC,uterine corpus endometrioid carcinoma
TCGA-FI-A3PX-01,TCGA-FI-A3PX,1,Primary Solid Tumor,UCEC,uterine corpus endometrioid carcinoma
TCGA-G4-6293-01,TCGA-G4-6293,1,Primary Solid Tumor,COAD,colon adenocarcinoma
TCGA-G4-6294-01,TCGA-G4-6294,1,Primary Solid Tumor,COAD,colon adenocarcinoma
TCGA-G4-6295-01,TCGA-G4-6295,1,Primary Solid Tumor,COAD,colon adenocarcinoma
TCGA-G4-6297-01,TCGA-G4-6297,1,Primary Solid Tumor,COAD,colon adenocarcinoma
TCGA-G4-6298-01,TCGA-G4-6298,1,Primary Solid Tumor,COAD,colon adenocarcinoma
TCGA-G4-6299-01,TCGA-G4-6299,1,Primary Solid Tumor,COAD,colon adenocarcinoma
TCGA-G4-6302-01,TCGA-G4-6302,1,Primary Solid Tumor,COAD,colon adenocarcinoma
TCGA-G4-6303-01,TCGA-G4-6303,1,Primary Solid Tumor,COAD,colon adenocarcinoma
TCGA-G4-6304-01,TCGA-G4-6304,1,Primary Solid Tumor,COAD,colon adenocarcinoma
TCGA-G4-6306-01,TCGA-G4-6306,1,Primary Solid Tumor,COAD,colon adenocarcinoma
TCGA-G4-6307-01,TCGA-G4-6307,1,Primary Solid Tumor,COAD,colon adenocarcinoma
TCGA-G4-6309-01,TCGA-G4-6309,1,Primary Solid Tumor,COAD,colon adenocarcinoma
TCGA-G4-6310-01,TCGA-G4-6310,1,Primary Solid Tumor,COAD,colon adenocarcinoma
TCGA-G4-6311-01,TCGA-G4-6311,1,Primary Solid Tumor,COAD,colon adenocarcinoma
TCGA-G4-6314-01,TCGA-G4-6314,1,Primary Solid Tumor,COAD,colon adenocarcinoma
TCGA-G4-6315-01,TCGA-G4-6315,1,Primary Solid Tumor,COAD,colon adenocarcinoma
TCGA-G4-6317-01,TCGA-G4-6317,1,Primary Solid Tumor,COAD,colon adenocarcinoma
TCGA-G4-6320-01,TCGA-G4-6320,1,Primary Solid Tumor,COAD,colon adenocarcinoma
TCGA-G4-6321-01,TCGA-G4-6321,1,Primary Solid Tumor,COAD,colon adenocarcinoma
TCGA-G4-6322-01,TCGA-G4-6322,1,Primary Solid Tumor,COAD,colon adenocarcinoma
TCGA-G4-6323-01,TCGA-G4-6323,1,Primary Solid Tumor,COAD,colon adenocarcinoma
TCGA-G4-6586-01,TCGA-G4-6586,1,Primary Solid Tumor,COAD,colon adenocarcinoma
TCGA-G4-6588-01,TCGA-G4-6588,1,Primary Solid Tumor,COAD,colon adenocarcinoma
TCGA-G4-6625-01,TCGA-G4-6625,1,Primary Solid Tumor,COAD,colon adenocarcinoma
TCGA-G4-6626-01,TCGA-G4-6626,1,Primary Solid Tumor,COAD,colon adenocarcinoma
TCGA-G4-6627-01,TCGA-G4-6627,1,Primary Solid Tumor,COAD,colon adenocarcinoma
TCGA-G4-6628-01,TCGA-G4-6628,1,Primary Solid Tumor,COAD,colon adenocarcinoma
TCGA-G6-A5PC-01,TCGA-G6-A5PC,1,Primary Solid Tumor,KIRC,kidney clear cell carcinoma
TCGA-G6-A8L6-01,TCGA-G6-A8L6,1,Primary Solid Tumor,KIRC,kidney clear cell carcinoma
TCGA-G6-A8L7-01,TCGA-G6-A8L7,1,Primary Solid Tumor,KIRC,kidney clear cell carcinoma
TCGA-G6-A8L8-01,TCGA-G6-A8L8,1,Primary Solid Tumor,KIRC,kidney clear cell carcinoma
TCGA-GI-A2C8-01,TCGA-GI-A2C8,1,Primary Solid Tumor,BRCA,breast invasive carcinoma
TCGA-GI-A2C9-01,TCGA-GI-A2C9,1,Primary Solid Tumor,BRCA,breast invasive carcinoma
TCGA-GK-A6C7-01,TCGA-GK-A6C7,1,Primary Solid Tumor,KIRC,kidney clear cell carcinoma
TCGA-GM-A2D9-01,TCGA-GM-A2D9,1,Primary Solid Tumor,BRCA,breast invasive carcinoma
TCGA-GM-A2DA-01,TCGA-GM-A2DA,1,Primary Solid Tumor,BRCA,breast invasive carcinoma
TCGA-GM-A2DB-01,TCGA-GM-A2DB,1,Primary Solid Tumor,BRCA,breast invasive carcinoma
TCGA-GM-A2DC-01,TCGA-GM-A2DC,1,Primary Solid Tumor,BRCA,breast invasive carcinoma
TCGA-GM-A2DD-01,TCGA-GM-A2DD,1,Primary Solid Tumor,BRCA,breast invasive carcinoma
TCGA-GM-A2DF-01,TCGA-GM-A2DF,1,Primary Solid Tumor,BRCA,breast invasive carcinoma
TCGA-GM-A2DH-01,TCGA-GM-A2DH,1,Primary Solid Tumor,BRCA,breast invasive carcinoma
TCGA-GM-A2DI-01,TCGA-GM-A2DI,1,Primary Solid Tumor,BRCA,breast invasive carcinoma
TCGA-GM-A2DK-01,TCGA-GM-A2DK,1,Primary Solid Tumor,BRCA,breast invasive carcinoma
TCGA-GM-A2DL-01,TCGA-GM-A2DL,1,Primary Solid Tumor,BRCA,breast invasive carcinoma
TCGA-GM-A2DM-01,TCGA-GM-A2DM,1,Primary Solid Tumor,BRCA,breast invasive carcinoma
TCGA-GM-A2DN-01,TCGA-GM-A2DN,1,Primary Solid Tumor,BRCA,breast invasive carcinoma
TCGA-GM-A2DO-01,TCGA-GM-A2DO,1,Primary Solid Tumor,BRCA,breast invasive carcinoma
TCGA-GM-A3NW-01,TCGA-GM-A3NW,1,Primary Solid Tumor,BRCA,breast invasive carcinoma
TCGA-GM-A3NY-01,TCGA-GM-A3NY,1,Primary Solid Tumor,BRCA,breast invasive carcinoma
TCGA-GM-A3XG-01,TCGA-GM-A3XG,1,Primary Solid Tumor,BRCA,breast invasive carcinoma
TCGA-GM-A3XL-01,TCGA-GM-A3XL,1,Primary Solid Tumor,BRCA,breast invasive carcinoma
TCGA-GM-A3XN-01,TCGA-GM-A3XN,1,Primary Solid Tumor,BRCA,breast invasive carcinoma
TCGA-GM-A4E0-01,TCGA-GM-A4E0,1,Primary Solid Tumor,BRCA,breast invasive carcinoma
TCGA-GM-A5PV-01,TCGA-GM-A5PV,1,Primary Solid Tumor,BRCA,breast invasive carcinoma
TCGA-GM-A5PX-01,TCGA-GM-A5PX,1,Primary Solid Tumor,BRCA,breast invasive carcinoma
TCGA-H5-A2HR-01,TCGA-H5-A2HR,1,Primary Solid Tumor,UCEC,uterine corpus endometrioid carcinoma
TCGA-H6-8124-01,TCGA-H6-8124,1,Primary Solid Tumor,PAAD,pancreatic adenocarcinoma
TCGA-H6-A45N-01,TCGA-H6-A45N,1,Primary Solid Tumor,PAAD,pancreatic adenocarcinoma
TCGA-H7-7774-01,TCGA-H7-7774,1,Primary Solid Tumor,HNSC,head & neck squamous cell carcinoma
TCGA-H7-8501-01,TCGA-H7-8501,1,Primary Solid Tumor,HNSC,head & neck squamous cell carcinoma
TCGA-H7-8502-01,TCGA-H7-8502,1,Primary Solid Tumor,HNSC,head & neck squamous cell carcinoma
TCGA-H7-A6C4-01,TCGA-H7-A6C4,1,Primary Solid Tumor,HNSC,head & neck squamous cell carcinoma
TCGA-H7-A76A-01,TCGA-H7-A76A,1,Primary Solid Tumor,HNSC,head & neck squamous cell carcinoma
TCGA-H8-A6C1-01,TCGA-H8-A6C1,1,Primary Solid Tumor,PAAD,pancreatic adenocarcinoma
TCGA-HD-7229-01,TCGA-HD-7229,1,Primary Solid Tumor,HNSC,head & neck squamous cell carcinoma
TCGA-HD-7753-01,TCGA-HD-7753,1,Primary Solid Tumor,HNSC,head & neck squamous cell carcinoma
TCGA-HD-7754-01,TCGA-HD-7754,1,Primary Solid Tumor,HNSC,head & neck squamous cell carcinoma
TCGA-HD-7831-01,TCGA-HD-7831,1,Primary Solid Tumor,HNSC,head & neck squamous cell carcinoma
TCGA-HD-7832-01,TCGA-HD-7832,1,Primary Solid Tumor,HNSC,head & neck squamous cell carcinoma
TCGA-HD-7917-01,TCGA-HD-7917,1,Primary Solid Tumor,HNSC,head & neck squamous cell carcinoma
TCGA-HD-8224-01,TCGA-HD-8224,1,Primary Solid Tumor,HNSC,head & neck squamous cell carcinoma
TCGA-HD-8314-01,TCGA-HD-8314,1,Primary Solid Tumor,HNSC,head & neck squamous cell carcinoma
TCGA-HD-8634-01,TCGA-HD-8634,1,Primary Solid Tumor,HNSC,head & neck squamous cell carcinoma
TCGA-HD-8635-01,TCGA-HD-8635,1,Primary Solid Tumor,HNSC,head & neck squamous cell carcinoma
TCGA-HD-A4C1-01,TCGA-HD-A4C1,1,Primary Solid Tumor,HNSC,head & neck squamous cell carcinoma
TCGA-HD-A633-01,TCGA-HD-A633,1,Primary Solid Tumor,HNSC,head & neck squamous cell carcinoma
TCGA-HD-A634-01,TCGA-HD-A634,1,Primary Solid Tumor,HNSC,head & neck squamous cell carcinoma
TCGA-HD-A6HZ-01,TCGA-HD-A6HZ,1,Primary Solid Tumor,HNSC,head & neck squamous cell carcinoma
TCGA-HD-A6I0-01,TCGA-HD-A6I0,1,Primary Solid Tumor,HNSC,head & neck squamous cell carcinoma
TCGA-HL-7533-01,TCGA-HL-7533,1,Primary Solid Tumor,HNSC,head & neck squamous cell carcinoma
TCGA-HN-A2NL-01,TCGA-HN-A2NL,1,Primary Solid Tumor,BRCA,breast invasive carcinoma
TCGA-HN-A2OB-01,TCGA-HN-A2OB,1,Primary Solid Tumor,BRCA,breast invasive carcinoma
TCGA-HV-A5A3-01,TCGA-HV-A5A3,1,Primary Solid Tumor,PAAD,pancreatic adenocarcinoma
TCGA-HV-A5A4-01,TCGA-HV-A5A4,1,Primary Solid Tumor,PAAD,pancreatic adenocarcinoma
TCGA-HV-A5A5-01,TCGA-HV-A5A5,1,Primary Solid Tumor,PAAD,pancreatic adenocarcinoma
TCGA-HV-A5A6-01,TCGA-HV-A5A6,1,Primary Solid Tumor,PAAD,pancreatic adenocarcinoma
TCGA-HV-A7OL-01,TCGA-HV-A7OL,1,Primary Solid Tumor,PAAD,pancreatic adenocarcinoma
TCGA-HV-A7OP-01,TCGA-HV-A7OP,1,Primary Solid Tumor,PAAD,pancreatic adenocarcinoma
TCGA-HV-AA8V-01,TCGA-HV-AA8V,1,Primary Solid Tumor,PAAD,pancreatic adenocarcinoma
TCGA-HV-AA8X-01,TCGA-HV-AA8X,1,Primary Solid Tumor,PAAD,pancreatic adenocarcinoma
TCGA-HZ-7289-01,TCGA-HZ-7289,1,Primary Solid Tumor,PAAD,pancreatic adenocarcinoma
TCGA-HZ-7918-01,TCGA-HZ-7918,1,Primary Solid Tumor,PAAD,pancreatic adenocarcinoma
TCGA-HZ-7919-01,TCGA-HZ-7919,1,Primary Solid Tumor,PAAD,pancreatic adenocarcinoma
TCGA-HZ-7920-01,TCGA-HZ-7920,1,Primary Solid Tumor,PAAD,pancreatic adenocarcinoma
TCGA-HZ-7922-01,TCGA-HZ-7922,1,Primary Solid Tumor,PAAD,pancreatic adenocarcinoma
TCGA-HZ-7923-01,TCGA-HZ-7923,1,Primary Solid Tumor,PAAD,pancreatic adenocarcinoma
TCGA-HZ-7924-01,TCGA-HZ-7924,1,Primary Solid Tumor,PAAD,pancreatic adenocarcinoma
TCGA-HZ-7925-01,TCGA-HZ-7925,1,Primary Solid Tumor,PAAD,pancreatic adenocarcinoma
TCGA-HZ-7926-01,TCGA-HZ-7926,1,Primary Solid Tumor,PAAD,pancreatic adenocarcinoma
TCGA-HZ-8001-01,TCGA-HZ-8001,1,Primary Solid Tumor,PAAD,pancreatic adenocarcinoma
TCGA-HZ-8002-01,TCGA-HZ-8002,1,Primary Solid Tumor,PAAD,pancreatic adenocarcinoma
TCGA-HZ-8003-01,TCGA-HZ-8003,1,Primary Solid Tumor,PAAD,pancreatic adenocarcinoma
TCGA-HZ-8005-01,TCGA-HZ-8005,1,Primary Solid Tumor,PAAD,pancreatic adenocarcinoma
TCGA-HZ-8315-01,TCGA-HZ-8315,1,Primary Solid Tumor,PAAD,pancreatic adenocarcinoma
TCGA-HZ-8317-01,TCGA-HZ-8317,1,Primary Solid Tumor,PAAD,pancreatic adenocarcinoma
TCGA-HZ-8519-01,TCGA-HZ-8519,1,Primary Solid Tumor,PAAD,pancreatic adenocarcinoma
TCGA-HZ-8636-01,TCGA-HZ-8636,1,Primary Solid Tumor,PAAD,pancreatic adenocarcinoma
TCGA-HZ-8637-01,TCGA-HZ-8637,1,Primary Solid Tumor,PAAD,pancreatic adenocarcinoma
TCGA-HZ-8638-01,TCGA-HZ-8638,1,Primary Solid Tumor,PAAD,pancreatic adenocarcinoma
TCGA-HZ-A49G-01,TCGA-HZ-A49G,1,Primary Solid Tumor,PAAD,pancreatic adenocarcinoma
TCGA-HZ-A49H-01,TCGA-HZ-A49H,1,Primary Solid Tumor,PAAD,pancreatic adenocarcinoma
TCGA-HZ-A49I-01,TCGA-HZ-A49I,1,Primary Solid Tumor,PAAD,pancreatic adenocarcinoma
TCGA-HZ-A4BH-01,TCGA-HZ-A4BH,1,Primary Solid Tumor,PAAD,pancreatic adenocarcinoma
TCGA-HZ-A4BK-01,TCGA-HZ-A4BK,1,Primary Solid Tumor,PAAD,pancreatic adenocarcinoma
TCGA-HZ-A77O-01,TCGA-HZ-A77O,1,Primary Solid Tumor,PAAD,pancreatic adenocarcinoma
TCGA-HZ-A77P-01,TCGA-HZ-A77P,1,Primary Solid Tumor,PAAD,pancreatic adenocarcinoma
TCGA-HZ-A77Q-01,TCGA-HZ-A77Q,1,Primary Solid Tumor,PAAD,pancreatic adenocarcinoma
TCGA-HZ-A8P0-01,TCGA-HZ-A8P0,1,Primary Solid Tumor,PAAD,pancreatic adenocarcinoma
TCGA-HZ-A8P1-01,TCGA-HZ-A8P1,1,Primary Solid Tumor,PAAD,pancreatic adenocarcinoma
TCGA-HZ-A9TJ-01,TCGA-HZ-A9TJ,1,Primary Solid Tumor,PAAD,pancreatic adenocarcinoma
TCGA-IB-7644-01,TCGA-IB-7644,1,Primary Solid Tumor,PAAD,pancreatic adenocarcinoma
TCGA-IB-7645-01,TCGA-IB-7645,1,Primary Solid Tumor,PAAD,pancreatic adenocarcinoma
TCGA-IB-7646-01,TCGA-IB-7646,1,Primary Solid Tumor,PAAD,pancreatic adenocarcinoma
TCGA-IB-7647-01,TCGA-IB-7647,1,Primary Solid Tumor,PAAD,pancreatic adenocarcinoma
TCGA-IB-7649-01,TCGA-IB-7649,1,Primary Solid Tumor,PAAD,pancreatic adenocarcinoma
TCGA-IB-7651-01,TCGA-IB-7651,1,Primary Solid Tumor,PAAD,pancreatic adenocarcinoma
TCGA-IB-7652-01,TCGA-IB-7652,1,Primary Solid Tumor,PAAD,pancreatic adenocarcinoma
TCGA-IB-7654-01,TCGA-IB-7654,1,Primary Solid Tumor,PAAD,pancreatic adenocarcinoma
TCGA-IB-7885-01,TCGA-IB-7885,1,Primary Solid Tumor,PAAD,pancreatic adenocarcinoma
TCGA-IB-7886-01,TCGA-IB-7886,1,Primary Solid Tumor,PAAD,pancreatic adenocarcinoma
TCGA-IB-7887-01,TCGA-IB-7887,1,Primary Solid Tumor,PAAD,pancreatic adenocarcinoma
TCGA-IB-7888-01,TCGA-IB-7888,1,Primary Solid Tumor,PAAD,pancreatic adenocarcinoma
TCGA-IB-7889-01,TCGA-IB-7889,1,Primary Solid Tumor,PAAD,pancreatic adenocarcinoma
TCGA-IB-7890-01,TCGA-IB-7890,1,Primary Solid Tumor,PAAD,pancreatic adenocarcinoma
TCGA-IB-7891-01,TCGA-IB-7891,1,Primary Solid Tumor,PAAD,pancreatic adenocarcinoma
TCGA-IB-7893-01,TCGA-IB-7893,1,Primary Solid Tumor,PAAD,pancreatic adenocarcinoma
TCGA-IB-7897-01,TCGA-IB-7897,1,Primary Solid Tumor,PAAD,pancreatic adenocarcinoma
TCGA-IB-8126-01,TCGA-IB-8126,1,Primary Solid Tumor,PAAD,pancreatic adenocarcinoma
TCGA-IB-8127-01,TCGA-IB-8127,1,Primary Solid Tumor,PAAD,pancreatic adenocarcinoma
TCGA-IB-A5SO-01,TCGA-IB-A5SO,1,Primary Solid Tumor,PAAD,pancreatic adenocarcinoma
TCGA-IB-A5SP-01,TCGA-IB-A5SP,1,Primary Solid Tumor,PAAD,pancreatic adenocarcinoma
TCGA-IB-A5SQ-01,TCGA-IB-A5SQ,1,Primary Solid Tumor,PAAD,pancreatic adenocarcinoma
TCGA-IB-A5SS-01,TCGA-IB-A5SS,1,Primary Solid Tumor,PAAD,pancreatic adenocarcinoma
TCGA-IB-A5ST-01,TCGA-IB-A5ST,1,Primary Solid Tumor,PAAD,pancreatic adenocarcinoma
TCGA-IB-A6UF-01,TCGA-IB-A6UF,1,Primary Solid Tumor,PAAD,pancreatic adenocarcinoma
TCGA-IB-A6UG-01,TCGA-IB-A6UG,1,Primary Solid Tumor,PAAD,pancreatic adenocarcinoma
TCGA-IB-A7LX-01,TCGA-IB-A7LX,1,Primary Solid Tumor,PAAD,pancreatic adenocarcinoma
TCGA-IB-A7M4-01,TCGA-IB-A7M4,1,Primary Solid Tumor,PAAD,pancreatic adenocarcinoma
TCGA-IB-AAUM-01,TCGA-IB-AAUM,1,Primary Solid Tumor,PAAD,pancreatic adenocarcinoma
TCGA-IB-AAUN-01,TCGA-IB-AAUN,1,Primary Solid Tumor,PAAD,pancreatic adenocarcinoma
TCGA-IB-AAUO-01,TCGA-IB-AAUO,1,Primary Solid Tumor,PAAD,pancreatic adenocarcinoma
TCGA-IB-AAUP-01,TCGA-IB-AAUP,1,Primary Solid Tumor,PAAD,pancreatic adenocarcinoma
TCGA-IB-AAUQ-01,TCGA-IB-AAUQ,1,Primary Solid Tumor,PAAD,pancreatic adenocarcinoma
TCGA-IB-AAUR-01,TCGA-IB-AAUR,1,Primary Solid Tumor,PAAD,pancreatic adenocarcinoma
TCGA-IB-AAUS-01,TCGA-IB-AAUS,1,Primary Solid Tumor,PAAD,pancreatic adenocarcinoma
TCGA-IB-AAUT-01,TCGA-IB-AAUT,1,Primary Solid Tumor,PAAD,pancreatic adenocarcinoma
TCGA-IB-AAUU-01,TCGA-IB-AAUU,1,Primary Solid Tumor,PAAD,pancreatic adenocarcinoma
TCGA-IB-AAUV-01,TCGA-IB-AAUV,1,Primary Solid Tumor,PAAD,pancreatic adenocarcinoma
TCGA-IB-AAUW-01,TCGA-IB-AAUW,1,Primary Solid Tumor,PAAD,pancreatic adenocarcinoma
TCGA-IQ-7630-01,TCGA-IQ-7630,1,Primary Solid Tumor,HNSC,head & neck squamous cell carcinoma
TCGA-IQ-7631-01,TCGA-IQ-7631,1,Primary Solid Tumor,HNSC,head & neck squamous cell carcinoma
TCGA-IQ-7632-01,TCGA-IQ-7632,1,Primary Solid Tumor,HNSC,head & neck squamous cell carcinoma
TCGA-IQ-A61E-01,TCGA-IQ-A61E,1,Primary Solid Tumor,HNSC,head & neck squamous cell carcinoma
TCGA-IQ-A61G-01,TCGA-IQ-A61G,1,Primary Solid Tumor,HNSC,head & neck squamous cell carcinoma
TCGA-IQ-A61H-01,TCGA-IQ-A61H,1,Primary Solid Tumor,HNSC,head & neck squamous cell carcinoma
TCGA-IQ-A61I-01,TCGA-IQ-A61I,1,Primary Solid Tumor,HNSC,head & neck squamous cell carcinoma
TCGA-IQ-A61J-01,TCGA-IQ-A61J,1,Primary Solid Tumor,HNSC,head & neck squamous cell carcinoma
TCGA-IQ-A61O-01,TCGA-IQ-A61O,1,Primary Solid Tumor,HNSC,head & neck squamous cell carcinoma
TCGA-IQ-A6SG-01,TCGA-IQ-A6SG,1,Primary Solid Tumor,HNSC,head & neck squamous cell carcinoma
TCGA-IQ-A6SH-01,TCGA-IQ-A6SH,1,Primary Solid Tumor,HNSC,head & neck squamous cell carcinoma
TCGA-J1-A4AH-01,TCGA-J1-A4AH,1,Primary Solid Tumor,LUSC,lung squamous cell carcinoma
TCGA-J2-8192-01,TCGA-J2-8192,1,Primary Solid Tumor,LUAD,lung adenocarcinoma
TCGA-J2-8194-01,TCGA-J2-8194,1,Primary Solid Tumor,LUAD,lung adenocarcinoma
TCGA-J2-A4AD-01,TCGA-J2-A4AD,1,Primary Solid Tumor,LUAD,lung adenocarcinoma
TCGA-J2-A4AE-01,TCGA-J2-A4AE,1,Primary Solid Tumor,LUAD,lung adenocarcinoma
TCGA-J2-A4AG-01,TCGA-J2-A4AG,1,Primary Solid Tumor,LUAD,lung adenocarcinoma
TCGA-JL-A3YW-01,TCGA-JL-A3YW,1,Primary Solid Tumor,BRCA,breast invasive carcinoma
TCGA-JL-A3YX-01,TCGA-JL-A3YX,1,Primary Solid Tumor,BRCA,breast invasive carcinoma
TCGA-JU-AAVI-01,TCGA-JU-AAVI,1,Primary Solid Tumor,UCEC,uterine corpus endometrioid carcinoma
TCGA-K6-A3WQ-01,TCGA-K6-A3WQ,1,Primary Solid Tumor,UCEC,uterine corpus endometrioid carcinoma
TCGA-KJ-A3U4-01,TCGA-KJ-A3U4,1,Primary Solid Tumor,UCEC,uterine corpus endometrioid carcinoma
TCGA-KP-A3VZ-01,TCGA-KP-A3VZ,1,Primary Solid Tumor,UCEC,uterine corpus endometrioid carcinoma
TCGA-KP-A3W0-01,TCGA-KP-A3W0,1,Primary Solid Tumor,UCEC,uterine corpus endometrioid carcinoma
TCGA-KP-A3W1-01,TCGA-KP-A3W1,1,Primary Solid Tumor,UCEC,uterine corpus endometrioid carcinoma
TCGA-KP-A3W3-01,TCGA-KP-A3W3,1,Primary Solid Tumor,UCEC,uterine corpus endometrioid carcinoma
TCGA-KP-A3W4-01,TCGA-KP-A3W4,1,Primary Solid Tumor,UCEC,uterine corpus endometrioid carcinoma
TCGA-KU-A66S-01,TCGA-KU-A66S,1,Primary Solid Tumor,HNSC,head & neck squamous cell carcinoma
TCGA-KU-A66T-01,TCGA-KU-A66T,1,Primary Solid Tumor,HNSC,head & neck squamous cell carcinoma
TCGA-KU-A6H7-01,TCGA-KU-A6H7,1,Primary Solid Tumor,HNSC,head & neck squamous cell carcinoma
TCGA-KU-A6H8-01,TCGA-KU-A6H8,1,Primary Solid Tumor,HNSC,head & neck squamous cell carcinoma
TCGA-L1-A7W4-01,TCGA-L1-A7W4,1,Primary Solid Tumor,PAAD,pancreatic adenocarcinoma
TCGA-L3-A4E7-01,TCGA-L3-A4E7,1,Primary Solid Tumor,LUSC,lung squamous cell carcinoma
TCGA-L3-A524-01,TCGA-L3-A524,1,Primary Solid Tumor,LUSC,lung squamous cell carcinoma
TCGA-L4-A4E5-01,TCGA-L4-A4E5,1,Primary Solid Tumor,LUAD,lung adenocarcinoma
TCGA-L4-A4E6-01,TCGA-L4-A4E6,1,Primary Solid Tumor,LUAD,lung adenocarcinoma
TCGA-L9-A443-01,TCGA-L9-A443,1,Primary Solid Tumor,LUAD,lung adenocarcinoma
TCGA-L9-A444-01,TCGA-L9-A444,1,Primary Solid Tumor,LUAD,lung adenocarcinoma
TCGA-L9-A50W-01,TCGA-L9-A50W,1,Primary Solid Tumor,LUAD,lung adenocarcinoma
TCGA-L9-A5IP-01,TCGA-L9-A5IP,1,Primary Solid Tumor,LUAD,lung adenocarcinoma
TCGA-L9-A743-01,TCGA-L9-A743,1,Primary Solid Tumor,LUAD,lung adenocarcinoma
TCGA-L9-A7SV-01,TCGA-L9-A7SV,1,Primary Solid Tumor,LUAD,lung adenocarcinoma
TCGA-L9-A8F4-01,TCGA-L9-A8F4,1,Primary Solid Tumor,LUAD,lung adenocarcinoma
TCGA-LA-A446-01,TCGA-LA-A446,1,Primary Solid Tumor,LUSC,lung squamous cell carcinoma
TCGA-LA-A7SW-01,TCGA-LA-A7SW,1,Primary Solid Tumor,LUSC,lung squamous cell carcinoma
TCGA-LB-A7SX-01,TCGA-LB-A7SX,1,Primary Solid Tumor,PAAD,pancreatic adenocarcinoma
TCGA-LB-A8F3-01,TCGA-LB-A8F3,1,Primary Solid Tumor,PAAD,pancreatic adenocarcinoma
TCGA-LB-A9Q5-01,TCGA-LB-A9Q5,1,Primary Solid Tumor,PAAD,pancreatic adenocarcinoma
TCGA-LD-A66U-01,TCGA-LD-A66U,1,Primary Solid Tumor,BRCA,breast invasive carcinoma
TCGA-LD-A74U-01,TCGA-LD-A74U,1,Primary Solid Tumor,BRCA,breast invasive carcinoma
TCGA-LD-A7W5-01,TCGA-LD-A7W5,1,Primary Solid Tumor,BRCA,breast invasive carcinoma
TCGA-LD-A7W6-01,TCGA-LD-A7W6,1,Primary Solid Tumor,BRCA,breast invasive carcinoma
TCGA-LD-A9QF-01,TCGA-LD-A9QF,1,Primary Solid Tumor,BRCA,breast invasive carcinoma
TCGA-LL-A440-01,TCGA-LL-A440,1,Primary Solid Tumor,BRCA,breast invasive carcinoma
TCGA-LL-A441-01,TCGA-LL-A441,1,Primary Solid Tumor,BRCA,breast invasive carcinoma
TCGA-LL-A442-01,TCGA-LL-A442,1,Primary Solid Tumor,BRCA,breast invasive carcinoma
TCGA-LL-A50Y-01,TCGA-LL-A50Y,1,Primary Solid Tumor,BRCA,breast invasive carcinoma
TCGA-LL-A5YL-01,TCGA-LL-A5YL,1,Primary Solid Tumor,BRCA,breast invasive carcinoma
TCGA-LL-A5YM-01,TCGA-LL-A5YM,1,Primary Solid Tumor,BRCA,breast invasive carcinoma
TCGA-LL-A5YN-01,TCGA-LL-A5YN,1,Primary Solid Tumor,BRCA,breast invasive carcinoma
TCGA-LL-A5YO-01,TCGA-LL-A5YO,1,Primary Solid Tumor,BRCA,breast invasive carcinoma
TCGA-LL-A5YP-01,TCGA-LL-A5YP,1,Primary Solid Tumor,BRCA,breast invasive carcinoma
TCGA-LL-A6FP-01,TCGA-LL-A6FP,1,Primary Solid Tumor,BRCA,breast invasive carcinoma
TCGA-LL-A6FQ-01,TCGA-LL-A6FQ,1,Primary Solid Tumor,BRCA,breast invasive carcinoma
TCGA-LL-A6FR-01,TCGA-LL-A6FR,1,Primary Solid Tumor,BRCA,breast invasive carcinoma
TCGA-LL-A73Y-01,TCGA-LL-A73Y,1,Primary Solid Tumor,BRCA,breast invasive carcinoma
TCGA-LL-A73Z-01,TCGA-LL-A73Z,1,Primary Solid Tumor,BRCA,breast invasive carcinoma
TCGA-LL-A740-01,TCGA-LL-A740,1,Primary Solid Tumor,BRCA,breast invasive carcinoma
TCGA-LL-A7SZ-01,TCGA-LL-A7SZ,1,Primary Solid Tumor,BRCA,breast invasive carcinoma
TCGA-LL-A7T0-01,TCGA-LL-A7T0,1,Primary Solid Tumor,BRCA,breast invasive carcinoma
TCGA-LL-A8F5-01,TCGA-LL-A8F5,1,Primary Solid Tumor,BRCA,breast invasive carcinoma
TCGA-LL-A9Q3-01,TCGA-LL-A9Q3,1,Primary Solid Tumor,BRCA,breast invasive carcinoma
TCGA-LQ-A4E4-01,TCGA-LQ-A4E4,1,Primary Solid Tumor,BRCA,breast invasive carcinoma
TCGA-M8-A5N4-01,TCGA-M8-A5N4,1,Primary Solid Tumor,PAAD,pancreatic adenocarcinoma
TCGA-MF-A522-01,TCGA-MF-A522,1,Primary Solid Tumor,LUSC,lung squamous cell carcinoma
TCGA-MM-A563-01,TCGA-MM-A563,1,Primary Solid Tumor,KIRC,kidney clear cell carcinoma
TCGA-MM-A564-01,TCGA-MM-A564,1,Primary Solid Tumor,KIRC,kidney clear cell carcinoma
TCGA-MM-A84U-01,TCGA-MM-A84U,1,Primary Solid Tumor,KIRC,kidney clear cell carcinoma
TCGA-MN-A4N1-01,TCGA-MN-A4N1,1,Primary Solid Tumor,LUAD,lung adenocarcinoma
TCGA-MN-A4N4-01,TCGA-MN-A4N4,1,Primary Solid Tumor,LUAD,lung adenocarcinoma
TCGA-MN-A4N5-01,TCGA-MN-A4N5,1,Primary Solid Tumor,LUAD,lung adenocarcinoma
TCGA-MP-A4SV-01,TCGA-MP-A4SV,1,Primary Solid Tumor,LUAD,lung adenocarcinoma
TCGA-MP-A4SW-01,TCGA-MP-A4SW,1,Primary Solid Tumor,LUAD,lung adenocarcinoma
TCGA-MP-A4SY-01,TCGA-MP-A4SY,1,Primary Solid Tumor,LUAD,lung adenocarcinoma
TCGA-MP-A4T4-01,TCGA-MP-A4T4,1,Primary Solid Tumor,LUAD,lung adenocarcinoma
TCGA-MP-A4T6-01,TCGA-MP-A4T6,1,Primary Solid Tumor,LUAD,lung adenocarcinoma
TCGA-MP-A4T7-01,TCGA-MP-A4T7,1,Primary Solid Tumor,LUAD,lung adenocarcinoma
TCGA-MP-A4T8-01,TCGA-MP-A4T8,1,Primary Solid Tumor,LUAD,lung adenocarcinoma
TCGA-MP-A4T9-01,TCGA-MP-A4T9,1,Primary Solid Tumor,LUAD,lung adenocarcinoma
TCGA-MP-A4TA-01,TCGA-MP-A4TA,1,Primary Solid Tumor,LUAD,lung adenocarcinoma
TCGA-MP-A4TC-01,TCGA-MP-A4TC,1,Primary Solid Tumor,LUAD,lung adenocarcinoma
TCGA-MP-A4TD-01,TCGA-MP-A4TD,1,Primary Solid Tumor,LUAD,lung adenocarcinoma
TCGA-MP-A4TE-01,TCGA-MP-A4TE,1,Primary Solid Tumor,LUAD,lung adenocarcinoma
TCGA-MP-A4TF-01,TCGA-MP-A4TF,1,Primary Solid Tumor,LUAD,lung adenocarcinoma
TCGA-MP-A4TH-01,TCGA-MP-A4TH,1,Primary Solid Tumor,LUAD,lung adenocarcinoma
TCGA-MP-A4TI-01,TCGA-MP-A4TI,1,Primary Solid Tumor,LUAD,lung adenocarcinoma
TCGA-MP-A4TJ-01,TCGA-MP-A4TJ,1,Primary Solid Tumor,LUAD,lung adenocarcinoma
TCGA-MP-A4TK-01,TCGA-MP-A4TK,1,Primary Solid Tumor,LUAD,lung adenocarcinoma
TCGA-MP-A5C7-01,TCGA-MP-A5C7,1,Primary Solid Tumor,LUAD,lung adenocarcinoma
TCGA-MS-A51U-01,TCGA-MS-A51U,1,Primary Solid Tumor,BRCA,breast invasive carcinoma
TCGA-MT-A51W-01,TCGA-MT-A51W,1,Primary Solid Tumor,HNSC,head & neck squamous cell carcinoma
TCGA-MT-A51X-01,TCGA-MT-A51X,1,Primary Solid Tumor,HNSC,head & neck squamous cell carcinoma
TCGA-MT-A67A-01,TCGA-MT-A67A,1,Primary Solid Tumor,HNSC,head & neck squamous cell carcinoma
TCGA-MT-A67D-01,TCGA-MT-A67D,1,Primary Solid Tumor,HNSC,head & neck squamous cell carcinoma
TCGA-MT-A67F-01,TCGA-MT-A67F,1,Primary Solid Tumor,HNSC,head & neck squamous cell carcinoma
TCGA-MT-A7BN-01,TCGA-MT-A7BN,1,Primary Solid Tumor,HNSC,head & neck squamous cell carcinoma
TCGA-MW-A4EC-01,TCGA-MW-A4EC,1,Primary Solid Tumor,KIRC,kidney clear cell carcinoma
TCGA-MZ-A5BI-01,TCGA-MZ-A5BI,1,Primary Solid Tumor,HNSC,head & neck squamous cell carcinoma
TCGA-MZ-A6I9-01,TCGA-MZ-A6I9,1,Primary Solid Tumor,HNSC,head & neck squamous cell carcinoma
TCGA-MZ-A7D7-01,TCGA-MZ-A7D7,1,Primary Solid Tumor,HNSC,head & neck squamous cell carcinoma
TCGA-NC-A5HD-01,TCGA-NC-A5HD,1,Primary Solid Tumor,LUSC,lung squamous cell carcinoma
TCGA-NC-A5HE-01,TCGA-NC-A5HE,1,Primary Solid Tumor,LUSC,lung squamous cell carcinoma
TCGA-NC-A5HF-01,TCGA-NC-A5HF,1,Primary Solid Tumor,LUSC,lung squamous cell carcinoma
TCGA-NC-A5HG-01,TCGA-NC-A5HG,1,Primary Solid Tumor,LUSC,lung squamous cell carcinoma
TCGA-NC-A5HH-01,TCGA-NC-A5HH,1,Primary Solid Tumor,LUSC,lung squamous cell carcinoma
TCGA-NC-A5HI-01,TCGA-NC-A5HI,1,Primary Solid Tumor,LUSC,lung squamous cell carcinoma
TCGA-NC-A5HJ-01,TCGA-NC-A5HJ,1,Primary Solid Tumor,LUSC,lung squamous cell carcinoma
TCGA-NC-A5HK-01,TCGA-NC-A5HK,1,Primary Solid Tumor,LUSC,lung squamous cell carcinoma
TCGA-NC-A5HL-01,TCGA-NC-A5HL,1,Primary Solid Tumor,LUSC,lung squamous cell carcinoma
TCGA-NC-A5HM-01,TCGA-NC-A5HM,1,Primary Solid Tumor,LUSC,lung squamous cell carcinoma
TCGA-NC-A5HN-01,TCGA-NC-A5HN,1,Primary Solid Tumor,LUSC,lung squamous cell carcinoma
TCGA-NC-A5HO-01,TCGA-NC-A5HO,1,Primary Solid Tumor,LUSC,lung squamous cell carcinoma
TCGA-NC-A5HP-01,TCGA-NC-A5HP,1,Primary Solid Tumor,LUSC,lung squamous cell carcinoma
TCGA-NC-A5HQ-01,TCGA-NC-A5HQ,1,Primary Solid Tumor,LUSC,lung squamous cell carcinoma
TCGA-NC-A5HR-01,TCGA-NC-A5HR,1,Primary Solid Tumor,LUSC,lung squamous cell carcinoma
TCGA-NC-A5HT-01,TCGA-NC-A5HT,1,Primary Solid Tumor,LUSC,lung squamous cell carcinoma
TCGA-NH-A50T-01,TCGA-NH-A50T,1,Primary Solid Tumor,COAD,colon adenocarcinoma
TCGA-NH-A50U-01,TCGA-NH-A50U,1,Primary Solid Tumor,COAD,colon adenocarcinoma
TCGA-NH-A50V-01,TCGA-NH-A50V,1,Primary Solid Tumor,COAD,colon adenocarcinoma
TCGA-NH-A5IV-01,TCGA-NH-A5IV,1,Primary Solid Tumor,COAD,colon adenocarcinoma
TCGA-NH-A6GA-01,TCGA-NH-A6GA,1,Primary Solid Tumor,COAD,colon adenocarcinoma
TCGA-NH-A6GB-01,TCGA-NH-A6GB,1,Primary Solid Tumor,COAD,colon adenocarcinoma
TCGA-NH-A6GC-01,TCGA-NH-A6GC,1,Primary Solid Tumor,COAD,colon adenocarcinoma
TCGA-NH-A8F7-01,TCGA-NH-A8F7,1,Primary Solid Tumor,COAD,colon adenocarcinoma
TCGA-NH-A8F8-01,TCGA-NH-A8F8,1,Primary Solid Tumor,COAD,colon adenocarcinoma
TCGA-NJ-A4YF-01,TCGA-NJ-A4YF,1,Primary Solid Tumor,LUAD,lung adenocarcinoma
TCGA-NJ-A4YG-01,TCGA-NJ-A4YG,1,Primary Solid Tumor,LUAD,lung adenocarcinoma
TCGA-NJ-A4YI-01,TCGA-NJ-A4YI,1,Primary Solid Tumor,LUAD,lung adenocarcinoma
TCGA-NJ-A4YP-01,TCGA-NJ-A4YP,1,Primary Solid Tumor,LUAD,lung adenocarcinoma
TCGA-NJ-A4YQ-01,TCGA-NJ-A4YQ,1,Primary Solid Tumor,LUAD,lung adenocarcinoma
TCGA-NJ-A55A-01,TCGA-NJ-A55A,1,Primary Solid Tumor,LUAD,lung adenocarcinoma
TCGA-NJ-A55O-01,TCGA-NJ-A55O,1,Primary Solid Tumor,LUAD,lung adenocarcinoma
TCGA-NJ-A55R-01,TCGA-NJ-A55R,1,Primary Solid Tumor,LUAD,lung adenocarcinoma
TCGA-NJ-A7XG-01,TCGA-NJ-A7XG,1,Primary Solid Tumor,LUAD,lung adenocarcinoma
TCGA-NK-A5CR-01,TCGA-NK-A5CR,1,Primary Solid Tumor,LUSC,lung squamous cell carcinoma
TCGA-NK-A5CT-01,TCGA-NK-A5CT,1,Primary Solid Tumor,LUSC,lung squamous cell carcinoma
TCGA-NK-A5CX-01,TCGA-NK-A5CX,1,Primary Solid Tumor,LUSC,lung squamous cell carcinoma
TCGA-NK-A5D1-01,TCGA-NK-A5D1,1,Primary Solid Tumor,LUSC,lung squamous cell carcinoma
TCGA-NK-A7XE-01,TCGA-NK-A7XE,1,Primary Solid Tumor,LUSC,lung squamous cell carcinoma
TCGA-O1-A52J-01,TCGA-O1-A52J,1,Primary Solid Tumor,LUAD,lung adenocarcinoma
TCGA-O2-A52N-01,TCGA-O2-A52N,1,Primary Solid Tumor,LUSC,lung squamous cell carcinoma
TCGA-O2-A52Q-01,TCGA-O2-A52Q,1,Primary Solid Tumor,LUSC,lung squamous cell carcinoma
TCGA-O2-A52S-01,TCGA-O2-A52S,1,Primary Solid Tumor,LUSC,lung squamous cell carcinoma
TCGA-O2-A52V-01,TCGA-O2-A52V,1,Primary Solid Tumor,LUSC,lung squamous cell carcinoma
TCGA-O2-A52W-01,TCGA-O2-A52W,1,Primary Solid Tumor,LUSC,lung squamous cell carcinoma
TCGA-O2-A5IB-01,TCGA-O2-A5IB,1,Primary Solid Tumor,LUSC,lung squamous cell carcinoma
TCGA-OE-A75W-01,TCGA-OE-A75W,1,Primary Solid Tumor,PAAD,pancreatic adenocarcinoma
TCGA-OK-A5Q2-01,TCGA-OK-A5Q2,1,Primary Solid Tumor,BRCA,breast invasive carcinoma
TCGA-OL-A5D6-01,TCGA-OL-A5D6,1,Primary Solid Tumor,BRCA,breast invasive carcinoma
TCGA-OL-A5D7-01,TCGA-OL-A5D7,1,Primary Solid Tumor,BRCA,breast invasive carcinoma
TCGA-OL-A5D8-01,TCGA-OL-A5D8,1,Primary Solid Tumor,BRCA,breast invasive carcinoma
TCGA-OL-A5DA-01,TCGA-OL-A5DA,1,Primary Solid Tumor,BRCA,breast invasive carcinoma
TCGA-OL-A5RU-01,TCGA-OL-A5RU,1,Primary Solid Tumor,BRCA,breast invasive carcinoma
TCGA-OL-A5RV-01,TCGA-OL-A5RV,1,Primary Solid Tumor,BRCA,breast invasive carcinoma
TCGA-OL-A5RW-01,TCGA-OL-A5RW,1,Primary Solid Tumor,BRCA,breast invasive carcinoma
TCGA-OL-A5RX-01,TCGA-OL-A5RX,1,Primary Solid Tumor,BRCA,breast invasive carcinoma
TCGA-OL-A5RY-01,TCGA-OL-A5RY,1,Primary Solid Tumor,BRCA,breast invasive carcinoma
TCGA-OL-A5RZ-01,TCGA-OL-A5RZ,1,Primary Solid Tumor,BRCA,breast invasive carcinoma
TCGA-OL-A5S0-01,TCGA-OL-A5S0,1,Primary Solid Tumor,BRCA,breast invasive carcinoma
TCGA-OL-A66H-01,TCGA-OL-A66H,1,Primary Solid Tumor,BRCA,breast invasive carcinoma
TCGA-OL-A66I-01,TCGA-OL-A66I,1,Primary Solid Tumor,BRCA,breast invasive carcinoma
TCGA-OL-A66J-01,TCGA-OL-A66J,1,Primary Solid Tumor,BRCA,breast invasive carcinoma
TCGA-OL-A66K-01,TCGA-OL-A66K,1,Primary Solid Tumor,BRCA,breast invasive carcinoma
TCGA-OL-A66L-01,TCGA-OL-A66L,1,Primary Solid Tumor,BRCA,breast invasive carcinoma
TCGA-OL-A66N-01,TCGA-OL-A66N,1,Primary Solid Tumor,BRCA,breast invasive carcinoma
TCGA-OL-A66O-01,TCGA-OL-A66O,1,Primary Solid Tumor,BRCA,breast invasive carcinoma
TCGA-OL-A66P-01,TCGA-OL-A66P,1,Primary Solid Tumor,BRCA,breast invasive carcinoma
TCGA-OL-A6VO-01,TCGA-OL-A6VO,1,Primary Solid Tumor,BRCA,breast invasive carcinoma
TCGA-OL-A6VQ-01,TCGA-OL-A6VQ,1,Primary Solid Tumor,BRCA,breast invasive carcinoma
TCGA-OL-A6VR-01,TCGA-OL-A6VR,1,Primary Solid Tumor,BRCA,breast invasive carcinoma
TCGA-OL-A97C-01,TCGA-OL-A97C,1,Primary Solid Tumor,BRCA,breast invasive carcinoma
TCGA-OY-A56P-01,TCGA-OY-A56P,1,Primary Solid Tumor,OV,ovarian serous cystadenocarcinoma
TCGA-OY-A56Q-01,TCGA-OY-A56Q,1,Primary Solid Tumor,OV,ovarian serous cystadenocarcinoma
TCGA-P3-A5Q5-01,TCGA-P3-A5Q5,1,Primary Solid Tumor,HNSC,head & neck squamous cell carcinoma
TCGA-P3-A5Q6-01,TCGA-P3-A5Q6,1,Primary Solid Tumor,HNSC,head & neck squamous cell carcinoma
TCGA-P3-A5QA-01,TCGA-P3-A5QA,1,Primary Solid Tumor,HNSC,head & neck squamous cell carcinoma
TCGA-P3-A5QE-01,TCGA-P3-A5QE,1,Primary Solid Tumor,HNSC,head & neck squamous cell carcinoma
TCGA-P3-A5QF-01,TCGA-P3-A5QF,1,Primary Solid Tumor,HNSC,head & neck squamous cell carcinoma
TCGA-P3-A6SW-01,TCGA-P3-A6SW,1,Primary Solid Tumor,HNSC,head & neck squamous cell carcinoma
TCGA-P3-A6SX-01,TCGA-P3-A6SX,1,Primary Solid Tumor,HNSC,head & neck squamous cell carcinoma
TCGA-P3-A6T0-01,TCGA-P3-A6T0,1,Primary Solid Tumor,HNSC,head & neck squamous cell carcinoma
TCGA-P3-A6T2-01,TCGA-P3-A6T2,1,Primary Solid Tumor,HNSC,head & neck squamous cell carcinoma
TCGA-P3-A6T3-01,TCGA-P3-A6T3,1,Primary Solid Tumor,HNSC,head & neck squamous cell carcinoma
TCGA-P3-A6T4-01,TCGA-P3-A6T4,1,Primary Solid Tumor,HNSC,head & neck squamous cell carcinoma
TCGA-P3-A6T5-01,TCGA-P3-A6T5,1,Primary Solid Tumor,HNSC,head & neck squamous cell carcinoma
TCGA-P3-A6T6-01,TCGA-P3-A6T6,1,Primary Solid Tumor,HNSC,head & neck squamous cell carcinoma
TCGA-P3-A6T7-01,TCGA-P3-A6T7,1,Primary Solid Tumor,HNSC,head & neck squamous cell carcinoma
TCGA-P3-A6T8-01,TCGA-P3-A6T8,1,Primary Solid Tumor,HNSC,head & neck squamous cell carcinoma
TCGA-PE-A5DC-01,TCGA-PE-A5DC,1,Primary Solid Tumor,BRCA,breast invasive carcinoma
TCGA-PE-A5DD-01,TCGA-PE-A5DD,1,Primary Solid Tumor,BRCA,breast invasive carcinoma
TCGA-PE-A5DE-01,TCGA-PE-A5DE,1,Primary Solid Tumor,BRCA,breast invasive carcinoma
TCGA-PG-A5BC-01,TCGA-PG-A5BC,1,Primary Solid Tumor,UCEC,uterine corpus endometrioid carcinoma
TCGA-PG-A6IB-01,TCGA-PG-A6IB,1,Primary Solid Tumor,UCEC,uterine corpus endometrioid carcinoma
TCGA-PG-A7D5-01,TCGA-PG-A7D5,1,Primary Solid Tumor,UCEC,uterine corpus endometrioid carcinoma
TCGA-PG-A914-01,TCGA-PG-A914,1,Primary Solid Tumor,UCEC,uterine corpus endometrioid carcinoma
TCGA-PG-A915-01,TCGA-PG-A915,1,Primary Solid Tumor,UCEC,uterine corpus endometrioid carcinoma
TCGA-PG-A916-01,TCGA-PG-A916,1,Primary Solid Tumor,UCEC,uterine corpus endometrioid carcinoma
TCGA-PG-A917-01,TCGA-PG-A917,1,Primary Solid Tumor,UCEC,uterine corpus endometrioid carcinoma
TCGA-PL-A8LV-01,TCGA-PL-A8LV,1,Primary Solid Tumor,BRCA,breast invasive carcinoma
TCGA-PL-A8LX-01,TCGA-PL-A8LX,1,Primary Solid Tumor,BRCA,breast invasive carcinoma
TCGA-PL-A8LY-01,TCGA-PL-A8LY,1,Primary Solid Tumor,BRCA,breast invasive carcinoma
TCGA-PL-A8LZ-01,TCGA-PL-A8LZ,1,Primary Solid Tumor,BRCA,breast invasive carcinoma
TCGA-PZ-A5RE-01,TCGA-PZ-A5RE,1,Primary Solid Tumor,PAAD,pancreatic adenocarcinoma
TCGA-Q3-A5QY-01,TCGA-Q3-A5QY,1,Primary Solid Tumor,PAAD,pancreatic adenocarcinoma
TCGA-Q3-AA2A-01,TCGA-Q3-AA2A,1,Primary Solid Tumor,PAAD,pancreatic adenocarcinoma
TCGA-QF-A5YS-01,TCGA-QF-A5YS,1,Primary Solid Tumor,UCEC,uterine corpus endometrioid carcinoma
TCGA-QF-A5YT-01,TCGA-QF-A5YT,1,Primary Solid Tumor,UCEC,uterine corpus endometrioid carcinoma
TCGA-QG-A5YV-01,TCGA-QG-A5YV,1,Primary Solid Tumor,COAD,colon adenocarcinoma
TCGA-QG-A5YW-01,TCGA-QG-A5YW,1,Primary Solid Tumor,COAD,colon adenocarcinoma
TCGA-QG-A5YX-01,TCGA-QG-A5YX,1,Primary Solid Tumor,COAD,colon adenocarcinoma
TCGA-QG-A5Z1-01,TCGA-QG-A5Z1,1,Primary Solid Tumor,COAD,colon adenocarcinoma
TCGA-QG-A5Z2-01,TCGA-QG-A5Z2,1,Primary Solid Tumor,COAD,colon adenocarcinoma
TCGA-QK-A64Z-01,TCGA-QK-A64Z,1,Primary Solid Tumor,HNSC,head & neck squamous cell carcinoma
TCGA-QK-A652-01,TCGA-QK-A652,1,Primary Solid Tumor,HNSC,head & neck squamous cell carcinoma
TCGA-QK-A6IF-01,TCGA-QK-A6IF,1,Primary Solid Tumor,HNSC,head & neck squamous cell carcinoma
TCGA-QK-A6IG-01,TCGA-QK-A6IG,1,Primary Solid Tumor,HNSC,head & neck squamous cell carcinoma
TCGA-QK-A6IH-01,TCGA-QK-A6IH,1,Primary Solid Tumor,HNSC,head & neck squamous cell carcinoma
TCGA-QK-A6II-01,TCGA-QK-A6II,1,Primary Solid Tumor,HNSC,head & neck squamous cell carcinoma
TCGA-QK-A6IJ-01,TCGA-QK-A6IJ,1,Primary Solid Tumor,HNSC,head & neck squamous cell carcinoma
TCGA-QK-A6V9-01,TCGA-QK-A6V9,1,Primary Solid Tumor,HNSC,head & neck squamous cell carcinoma
TCGA-QK-A6VB-01,TCGA-QK-A6VB,1,Primary Solid Tumor,HNSC,head & neck squamous cell carcinoma
TCGA-QK-A6VC-01,TCGA-QK-A6VC,1,Primary Solid Tumor,HNSC,head & neck squamous cell carcinoma
TCGA-QK-A8Z7-01,TCGA-QK-A8Z7,1,Primary Solid Tumor,HNSC,head & neck squamous cell carcinoma
TCGA-QK-A8Z8-01,TCGA-QK-A8Z8,1,Primary Solid Tumor,HNSC,head & neck squamous cell carcinoma
TCGA-QK-A8Z9-01,TCGA-QK-A8Z9,1,Primary Solid Tumor,HNSC,head & neck squamous cell carcinoma
TCGA-QK-A8ZA-01,TCGA-QK-A8ZA,1,Primary Solid Tumor,HNSC,head & neck squamous cell carcinoma
TCGA-QK-A8ZB-01,TCGA-QK-A8ZB,1,Primary Solid Tumor,HNSC,head & neck squamous cell carcinoma
TCGA-QK-AA3J-01,TCGA-QK-AA3J,1,Primary Solid Tumor,HNSC,head & neck squamous cell carcinoma
TCGA-QK-AA3K-01,TCGA-QK-AA3K,1,Primary Solid Tumor,HNSC,head & neck squamous cell carcinoma
TCGA-QL-A97D-01,TCGA-QL-A97D,1,Primary Solid Tumor,COAD,colon adenocarcinoma
TCGA-QS-A5YQ-01,TCGA-QS-A5YQ,1,Primary Solid Tumor,UCEC,uterine corpus endometrioid carcinoma
TCGA-QS-A5YR-01,TCGA-QS-A5YR,1,Primary Solid Tumor,UCEC,uterine corpus endometrioid carcinoma
TCGA-QS-A744-01,TCGA-QS-A744,1,Primary Solid Tumor,UCEC,uterine corpus endometrioid carcinoma
TCGA-QS-A8F1-01,TCGA-QS-A8F1,1,Primary Solid Tumor,UCEC,uterine corpus endometrioid carcinoma
TCGA-RB-A7B8-01,TCGA-RB-A7B8,1,Primary Solid Tumor,PAAD,pancreatic adenocarcinoma
TCGA-RB-AA9M-01,TCGA-RB-AA9M,1,Primary Solid Tumor,PAAD,pancreatic adenocarcinoma
TCGA-RL-AAAS-01,TCGA-RL-AAAS,1,Primary Solid Tumor,PAAD,pancreatic adenocarcinoma
TCGA-RS-A6TO-01,TCGA-RS-A6TO,1,Primary Solid Tumor,HNSC,head & neck squamous cell carcinoma
TCGA-RS-A6TP-01,TCGA-RS-A6TP,1,Primary Solid Tumor,HNSC,head & neck squamous cell carcinoma
TCGA-RU-A8FL-01,TCGA-RU-A8FL,1,Primary Solid Tumor,COAD,colon adenocarcinoma
TCGA-S2-AA1A-01,TCGA-S2-AA1A,1,Primary Solid Tumor,LUAD,lung adenocarcinoma
TCGA-S3-A6ZF-01,TCGA-S3-A6ZF,1,Primary Solid Tumor,BRCA,breast invasive carcinoma
TCGA-S3-A6ZG-01,TCGA-S3-A6ZG,1,Primary Solid Tumor,BRCA,breast invasive carcinoma
TCGA-S3-A6ZH-01,TCGA-S3-A6ZH,1,Primary Solid Tumor,BRCA,breast invasive carcinoma
TCGA-S3-AA0Z-01,TCGA-S3-AA0Z,1,Primary Solid Tumor,BRCA,breast invasive carcinoma
TCGA-S3-AA10-01,TCGA-S3-AA10,1,Primary Solid Tumor,BRCA,breast invasive carcinoma
TCGA-S3-AA11-01,TCGA-S3-AA11,1,Primary Solid Tumor,BRCA,breast invasive carcinoma
TCGA-S3-AA12-01,TCGA-S3-AA12,1,Primary Solid Tumor,BRCA,breast invasive carcinoma
TCGA-S3-AA14-01,TCGA-S3-AA14,1,Primary Solid Tumor,BRCA,breast invasive carcinoma
TCGA-S3-AA15-01,TCGA-S3-AA15,1,Primary Solid Tumor,BRCA,breast invasive carcinoma
TCGA-S3-AA17-01,TCGA-S3-AA17,1,Primary Solid Tumor,BRCA,breast invasive carcinoma
TCGA-S4-A8RM-01,TCGA-S4-A8RM,1,Primary Solid Tumor,PAAD,pancreatic adenocarcinoma
TCGA-S4-A8RO-01,TCGA-S4-A8RO,1,Primary Solid Tumor,PAAD,pancreatic adenocarcinoma
TCGA-S4-A8RP-01,TCGA-S4-A8RP,1,Primary Solid Tumor,PAAD,pancreatic adenocarcinoma
TCGA-SJ-A6ZI-01,TCGA-SJ-A6ZI,1,Primary Solid Tumor,UCEC,uterine corpus endometrioid carcinoma
TCGA-SJ-A6ZJ-01,TCGA-SJ-A6ZJ,1,Primary Solid Tumor,UCEC,uterine corpus endometrioid carcinoma
TCGA-SL-A6J9-01,TCGA-SL-A6J9,1,Primary Solid Tumor,UCEC,uterine corpus endometrioid carcinoma
TCGA-SL-A6JA-01,TCGA-SL-A6JA,1,Primary Solid Tumor,UCEC,uterine corpus endometrioid carcinoma
TCGA-SS-A7HO-01,TCGA-SS-A7HO,1,Primary Solid Tumor,COAD,colon adenocarcinoma
TCGA-T2-A6WX-01,TCGA-T2-A6WX,1,Primary Solid Tumor,HNSC,head & neck squamous cell carcinoma
TCGA-T2-A6WZ-01,TCGA-T2-A6WZ,1,Primary Solid Tumor,HNSC,head & neck squamous cell carcinoma
TCGA-T2-A6X0-01,TCGA-T2-A6X0,1,Primary Solid Tumor,HNSC,head & neck squamous cell carcinoma
TCGA-T2-A6X2-01,TCGA-T2-A6X2,1,Primary Solid Tumor,HNSC,head & neck squamous cell carcinoma
TCGA-T3-A92M-01,TCGA-T3-A92M,1,Primary Solid Tumor,HNSC,head & neck squamous cell carcinoma
TCGA-T3-A92N-01,TCGA-T3-A92N,1,Primary Solid Tumor,HNSC,head & neck squamous cell carcinoma
TCGA-T7-A92I-01,TCGA-T7-A92I,1,Primary Solid Tumor,KIRC,kidney clear cell carcinoma
TCGA-T9-A92H-01,TCGA-T9-A92H,1,Primary Solid Tumor,COAD,colon adenocarcinoma
TCGA-TN-A7HI-01,TCGA-TN-A7HI,1,Primary Solid Tumor,HNSC,head & neck squamous cell carcinoma
TCGA-TN-A7HJ-01,TCGA-TN-A7HJ,1,Primary Solid Tumor,HNSC,head & neck squamous cell carcinoma
TCGA-TN-A7HL-01,TCGA-TN-A7HL,1,Primary Solid Tumor,HNSC,head & neck squamous cell carcinoma
TCGA-UF-A718-01,TCGA-UF-A718,1,Primary Solid Tumor,HNSC,head & neck squamous cell carcinoma
TCGA-UF-A719-01,TCGA-UF-A719,1,Primary Solid Tumor,HNSC,head & neck squamous cell carcinoma
TCGA-UF-A71A-01,TCGA-UF-A71A,1,Primary Solid Tumor,HNSC,head & neck squamous cell carcinoma
TCGA-UF-A71B-01,TCGA-UF-A71B,1,Primary Solid Tumor,HNSC,head & neck squamous cell carcinoma
TCGA-UF-A71D-01,TCGA-UF-A71D,1,Primary Solid Tumor,HNSC,head & neck squamous cell carcinoma
TCGA-UF-A71E-01,TCGA-UF-A71E,1,Primary Solid Tumor,HNSC,head & neck squamous cell carcinoma
TCGA-UF-A7J9-01,TCGA-UF-A7J9,1,Primary Solid Tumor,HNSC,head & neck squamous cell carcinoma
TCGA-UF-A7JA-01,TCGA-UF-A7JA,1,Primary Solid Tumor,HNSC,head & neck squamous cell carcinoma
TCGA-UF-A7JC-01,TCGA-UF-A7JC,1,Primary Solid Tumor,HNSC,head & neck squamous cell carcinoma
TCGA-UF-A7JD-01,TCGA-UF-A7JD,1,Primary Solid Tumor,HNSC,head & neck squamous cell carcinoma
TCGA-UF-A7JF-01,TCGA-UF-A7JF,1,Primary Solid Tumor,HNSC,head & neck squamous cell carcinoma
TCGA-UF-A7JH-01,TCGA-UF-A7JH,1,Primary Solid Tumor,HNSC,head & neck squamous cell carcinoma
TCGA-UF-A7JJ-01,TCGA-UF-A7JJ,1,Primary Solid Tumor,HNSC,head & neck squamous cell carcinoma
TCGA-UF-A7JK-01,TCGA-UF-A7JK,1,Primary Solid Tumor,HNSC,head & neck squamous cell carcinoma
TCGA-UF-A7JO-01,TCGA-UF-A7JO,1,Primary Solid Tumor,HNSC,head & neck squamous cell carcinoma
TCGA-UF-A7JS-01,TCGA-UF-A7JS,1,Primary Solid Tumor,HNSC,head & neck squamous cell carcinoma
TCGA-UF-A7JT-01,TCGA-UF-A7JT,1,Primary Solid Tumor,HNSC,head & neck squamous cell carcinoma
TCGA-UF-A7JV-01,TCGA-UF-A7JV,1,Primary Solid Tumor,HNSC,head & neck squamous cell carcinoma
TCGA-UL-AAZ6-01,TCGA-UL-AAZ6,1,Primary Solid Tumor,BRCA,breast invasive carcinoma
TCGA-UP-A6WW-01,TCGA-UP-A6WW,1,Primary Solid Tumor,HNSC,head & neck squamous cell carcinoma
TCGA-US-A774-01,TCGA-US-A774,1,Primary Solid Tumor,PAAD,pancreatic adenocarcinoma
TCGA-US-A776-01,TCGA-US-A776,1,Primary Solid Tumor,PAAD,pancreatic adenocarcinoma
TCGA-US-A779-01,TCGA-US-A779,1,Primary Solid Tumor,PAAD,pancreatic adenocarcinoma
TCGA-US-A77E-01,TCGA-US-A77E,1,Primary Solid Tumor,PAAD,pancreatic adenocarcinoma
TCGA-US-A77G-01,TCGA-US-A77G,1,Primary Solid Tumor,PAAD,pancreatic adenocarcinoma
TCGA-US-A77J-01,TCGA-US-A77J,1,Primary Solid Tumor,PAAD,pancreatic adenocarcinoma
TCGA-UU-A93S-01,TCGA-UU-A93S,1,Primary Solid Tumor,BRCA,breast invasive carcinoma
TCGA-V7-A7HQ-01,TCGA-V7-A7HQ,1,Primary Solid Tumor,BRCA,breast invasive carcinoma
TCGA-VG-A8LO-01,TCGA-VG-A8LO,1,Primary Solid Tumor,OV,ovarian serous cystadenocarcinoma
TCGA-W8-A86G-01,TCGA-W8-A86G,1,Primary Solid Tumor,BRCA,breast invasive carcinoma
TCGA-WA-A7GZ-01,TCGA-WA-A7GZ,1,Primary Solid Tumor,HNSC,head & neck squamous cell carcinoma
TCGA-WA-A7H4-01,TCGA-WA-A7H4,1,Primary Solid Tumor,HNSC,head & neck squamous cell carcinoma
TCGA-WR-A838-01,TCGA-WR-A838,1,Primary Solid Tumor,OV,ovarian serous cystadenocarcinoma
TCGA-WS-AB45-01,TCGA-WS-AB45,1,Primary Solid Tumor,COAD,colon adenocarcinoma
TCGA-WT-AB41-01,TCGA-WT-AB41,1,Primary Solid Tumor,BRCA,breast invasive carcinoma
TCGA-WT-AB44-01,TCGA-WT-AB44,1,Primary Solid Tumor,BRCA,breast invasive carcinoma
TCGA-XC-AA0X-01,TCGA-XC-AA0X,1,Primary Solid Tumor,LUSC,lung squamous cell carcinoma
TCGA-XD-AAUG-01,TCGA-XD-AAUG,1,Primary Solid Tumor,PAAD,pancreatic adenocarcinoma
TCGA-XD-AAUH-01,TCGA-XD-AAUH,1,Primary Solid Tumor,PAAD,pancreatic adenocarcinoma
TCGA-XD-AAUI-01,TCGA-XD-AAUI,1,Primary Solid Tumor,PAAD,pancreatic adenocarcinoma
TCGA-XD-AAUL-01,TCGA-XD-AAUL,1,Primary Solid Tumor,PAAD,pancreatic adenocarcinoma
TCGA-XN-A8T3-01,TCGA-XN-A8T3,1,Primary Solid Tumor,PAAD,pancreatic adenocarcinoma
TCGA-XN-A8T5-01,TCGA-XN-A8T5,1,Primary Solid Tumor,PAAD,pancreatic adenocarcinoma
TCGA-XX-A899-01,TCGA-XX-A899,1,Primary Solid Tumor,BRCA,breast invasive carcinoma
TCGA-XX-A89A-01,TCGA-XX-A89A,1,Primary Solid Tumor,BRCA,breast invasive carcinoma
TCGA-YB-A89D-01,TCGA-YB-A89D,1,Primary Solid Tumor,PAAD,pancreatic adenocarcinoma
TCGA-YH-A8SY-01,TCGA-YH-A8SY,1,Primary Solid Tumor,PAAD,pancreatic adenocarcinoma
TCGA-YY-A8LH-01,TCGA-YY-A8LH,1,Primary Solid Tumor,PAAD,pancreatic adenocarcinoma
TCGA-Z5-AAPL-01,TCGA-Z5-AAPL,1,Primary Solid Tumor,PAAD,pancreatic adenocarcinoma
TCGA-Z7-A8R5-01,TCGA-Z7-A8R5,1,Primary Solid Tumor,BRCA,breast invasive carcinoma
TCGA-Z7-A8R6-01,TCGA-Z7-A8R6,1,Primary Solid Tumor,BRCA,breast invasive carcinoma
